user_id,active_user_id,job_post_user_id,search_user_id,chat_user_id,resume_view_user_id,event_date,stat_date,publish_date,product_type,is_equity,job_salary,city_tier_level,org_type_name,company_scale_type,jobtitle1
USR_000000,USR_000000,,,,,2026-01-21,2026-01-21,2026-01-21,权益礼包,权益,8.1,三线城市,SME,100-499人,产品
USR_000000,,,,USR_000000,,2026-01-11,2026-01-11,2026-01-11,在线沟通,非权益,21.5,三线城市,SME,100-499人,产品
USR_000000,USR_000000,,,,,2026-01-03,2026-01-03,2026-01-03,企业认证,非权益,68.1,三线城市,SME,100-499人,产品
USR_000000,USR_000000,,,,USR_000000,2026-01-30,2026-01-30,2026-01-30,简历查看,非权益,8.6,三线城市,SME,100-499人,产品
USR_000000,USR_000000,,,,,2026-02-02,2026-02-02,2026-02-02,权益礼包,权益,18.4,三线城市,SME,100-499人,产品
USR_000000,USR_000000,,,,USR_000000,2026-01-25,2026-01-25,2026-01-25,简历查看,非权益,22.0,三线城市,SME,100-499人,产品
USR_000000,,,USR_000000,,,2026-01-28,2026-01-28,2026-01-28,简历搜索,非权益,9.8,三线城市,SME,100-499人,产品
USR_000001,USR_000001,,,,,2026-02-26,2026-02-26,2026-02-26,企业认证,非权益,21.8,五线城市,KA,5000-10000人,市场
USR_000001,USR_000001,,,,,2026-01-09,2026-01-09,2026-01-09,权益礼包,权益,58.5,五线城市,KA,5000-10000人,市场
USR_000001,,,,,USR_000001,2026-01-14,2026-01-14,2026-01-14,简历查看,非权益,11.5,五线城市,KA,5000-10000人,市场
USR_000001,USR_000001,,,,,2026-01-02,2026-01-02,2026-01-02,权益礼包,权益,15.4,五线城市,KA,5000-10000人,市场
USR_000001,USR_000001,,,,,2026-02-13,2026-02-13,2026-02-13,置顶刷新,权益,5.6,五线城市,KA,5000-10000人,市场
USR_000001,USR_000001,,,,,2026-01-17,2026-01-17,2026-01-17,急聘推广,权益,24.6,五线城市,KA,5000-10000人,市场
USR_000001,USR_000001,,USR_000001,,,2026-01-06,2026-01-06,2026-01-06,简历搜索,非权益,20.1,五线城市,KA,5000-10000人,市场
USR_000001,,,,,,2026-01-18,2026-01-18,2026-01-18,权益礼包,权益,55.5,五线城市,KA,5000-10000人,市场
USR_000001,USR_000001,,,,,2026-02-05,2026-02-05,2026-02-05,急聘推广,权益,50.9,五线城市,KA,5000-10000人,市场
USR_000001,USR_000001,,,,,2026-01-14,2026-01-14,2026-01-14,企业认证,非权益,5.8,五线城市,KA,5000-10000人,市场
USR_000001,USR_000001,,,,,2026-01-21,2026-01-21,2026-01-21,企业认证,非权益,10.7,五线城市,KA,5000-10000人,市场
USR_000001,USR_000001,,,,,2026-01-24,2026-01-24,2026-01-24,权益礼包,权益,10.9,五线城市,KA,5000-10000人,市场
USR_000001,USR_000001,,,,USR_000001,2026-02-14,2026-02-14,2026-02-14,简历查看,非权益,34.2,五线城市,KA,5000-10000人,市场
USR_000001,,USR_000001,,,,2026-01-25,2026-01-25,2026-01-25,职位发布,非权益,31.6,五线城市,KA,5000-10000人,市场
USR_000001,USR_000001,,,,USR_000001,2026-01-08,2026-01-08,2026-01-08,简历查看,非权益,35.4,五线城市,KA,5000-10000人,市场
USR_000002,USR_000002,,USR_000002,,,2026-02-08,2026-02-08,2026-02-08,简历搜索,非权益,49.4,二线城市,SME,100-499人,客服
USR_000002,USR_000002,USR_000002,,,,2026-01-08,2026-01-08,2026-01-08,职位发布,非权益,6.8,二线城市,SME,100-499人,客服
USR_000002,USR_000002,,,,,2026-01-23,2026-01-23,2026-01-23,置顶刷新,权益,24.7,二线城市,SME,100-499人,客服
USR_000002,USR_000002,,,,USR_000002,2026-02-09,2026-02-09,2026-02-09,简历查看,非权益,19.8,二线城市,SME,100-499人,客服
USR_000002,,,,USR_000002,,2026-02-06,2026-02-06,2026-02-06,在线沟通,非权益,39.0,二线城市,SME,100-499人,客服
USR_000002,USR_000002,,,,,2026-01-26,2026-01-26,2026-01-26,权益礼包,权益,10.3,二线城市,SME,100-499人,客服
USR_000002,,,,USR_000002,,2026-01-09,2026-01-09,2026-01-09,在线沟通,非权益,7.1,二线城市,SME,100-499人,客服
USR_000002,USR_000002,,,,USR_000002,2026-01-13,2026-01-13,2026-01-13,简历查看,非权益,45.7,二线城市,SME,100-499人,客服
USR_000002,USR_000002,USR_000002,,,,2026-02-21,2026-02-21,2026-02-21,职位发布,非权益,26.4,二线城市,SME,100-499人,客服
USR_000002,USR_000002,,,,,2026-01-23,2026-01-23,2026-01-23,权益礼包,权益,19.0,二线城市,SME,100-499人,客服
USR_000002,,,,,,2026-02-05,2026-02-05,2026-02-05,权益礼包,权益,21.4,二线城市,SME,100-499人,客服
USR_000002,,,,USR_000002,,2026-01-22,2026-01-22,2026-01-22,在线沟通,非权益,22.6,二线城市,SME,100-499人,客服
USR_000002,USR_000002,,,,,2026-02-26,2026-02-26,2026-02-26,急聘推广,权益,16.0,二线城市,SME,100-499人,客服
USR_000002,USR_000002,,,,USR_000002,2026-02-13,2026-02-13,2026-02-13,简历查看,非权益,43.7,二线城市,SME,100-499人,客服
USR_000002,USR_000002,,,,,2026-02-27,2026-02-27,2026-02-27,企业认证,非权益,12.9,二线城市,SME,100-499人,客服
USR_000002,USR_000002,,,,,2026-02-02,2026-02-02,2026-02-02,急聘推广,权益,23.8,二线城市,SME,100-499人,客服
USR_000002,USR_000002,USR_000002,,,,2026-02-21,2026-02-21,2026-02-21,职位发布,非权益,11.5,二线城市,SME,100-499人,客服
USR_000003,USR_000003,,,USR_000003,,2026-02-11,2026-02-11,2026-02-11,在线沟通,非权益,56.5,二线城市,SME,1000-2000人,销售
USR_000003,USR_000003,,,,,2026-02-01,2026-02-01,2026-02-01,急聘推广,权益,26.9,二线城市,SME,1000-2000人,销售
USR_000003,USR_000003,USR_000003,,,,2026-02-18,2026-02-18,2026-02-18,职位发布,非权益,10.1,二线城市,SME,1000-2000人,销售
USR_000003,,,,,,2026-01-02,2026-01-02,2026-01-02,置顶刷新,权益,7.9,二线城市,SME,1000-2000人,销售
USR_000003,USR_000003,,,,,2026-01-17,2026-01-17,2026-01-17,企业认证,非权益,72.6,二线城市,SME,1000-2000人,销售
USR_000003,USR_000003,,,,USR_000003,2026-02-23,2026-02-23,2026-02-23,简历查看,非权益,12.6,二线城市,SME,1000-2000人,销售
USR_000004,USR_000004,,USR_000004,,,2026-02-01,2026-02-01,2026-02-01,简历搜索,非权益,21.2,二线城市,SME,1000-2000人,市场
USR_000005,USR_000005,,,,,2026-01-24,2026-01-24,2026-01-24,急聘推广,权益,78.8,二线城市,SME,1-49人,财务
USR_000005,,,,,,2026-01-11,2026-01-11,2026-01-11,急聘推广,权益,33.8,二线城市,SME,1-49人,财务
USR_000005,USR_000005,USR_000005,,,,2026-03-01,2026-03-01,2026-03-01,职位发布,非权益,26.4,二线城市,SME,1-49人,财务
USR_000005,USR_000005,,,USR_000005,,2026-01-20,2026-01-20,2026-01-20,在线沟通,非权益,9.5,二线城市,SME,1-49人,财务
USR_000005,,,USR_000005,,,2026-01-03,2026-01-03,2026-01-03,简历搜索,非权益,12.7,二线城市,SME,1-49人,财务
USR_000005,,,,,,2026-02-21,2026-02-21,2026-02-21,置顶刷新,权益,14.1,二线城市,SME,1-49人,财务
USR_000005,,,,,,2026-01-18,2026-01-18,2026-01-18,置顶刷新,权益,25.3,二线城市,SME,1-49人,财务
USR_000005,USR_000005,USR_000005,,,,2026-01-25,2026-01-25,2026-01-25,职位发布,非权益,19.0,二线城市,SME,1-49人,财务
USR_000005,USR_000005,,USR_000005,,,2026-02-04,2026-02-04,2026-02-04,简历搜索,非权益,8.5,二线城市,SME,1-49人,财务
USR_000005,USR_000005,,,,,2026-02-26,2026-02-26,2026-02-26,企业认证,非权益,10.4,二线城市,SME,1-49人,财务
USR_000005,,USR_000005,,,,2026-02-17,2026-02-17,2026-02-17,职位发布,非权益,19.7,二线城市,SME,1-49人,财务
USR_000005,USR_000005,,,,,2026-02-28,2026-02-28,2026-02-28,企业认证,非权益,10.9,二线城市,SME,1-49人,财务
USR_000005,,,,USR_000005,,2026-02-17,2026-02-17,2026-02-17,在线沟通,非权益,39.9,二线城市,SME,1-49人,财务
USR_000005,,,,,,2026-02-25,2026-02-25,2026-02-25,急聘推广,权益,39.3,二线城市,SME,1-49人,财务
USR_000005,,USR_000005,,,,2026-01-08,2026-01-08,2026-01-08,职位发布,非权益,24.9,二线城市,SME,1-49人,财务
USR_000005,USR_000005,,,,,2026-02-04,2026-02-04,2026-02-04,急聘推广,权益,55.7,二线城市,SME,1-49人,财务
USR_000005,USR_000005,USR_000005,,,,2026-01-29,2026-01-29,2026-01-29,职位发布,非权益,11.6,二线城市,SME,1-49人,财务
USR_000005,USR_000005,,USR_000005,,,2026-02-23,2026-02-23,2026-02-23,简历搜索,非权益,98.5,二线城市,SME,1-49人,财务
USR_000005,USR_000005,,,,USR_000005,2026-02-02,2026-02-02,2026-02-02,简历查看,非权益,17.3,二线城市,SME,1-49人,财务
USR_000005,USR_000005,,,,,2026-01-20,2026-01-20,2026-01-20,企业认证,非权益,29.5,二线城市,SME,1-49人,财务
USR_000005,USR_000005,,,USR_000005,,2026-01-17,2026-01-17,2026-01-17,在线沟通,非权益,19.1,二线城市,SME,1-49人,财务
USR_000005,USR_000005,,,USR_000005,,2026-02-20,2026-02-20,2026-02-20,在线沟通,非权益,10.2,二线城市,SME,1-49人,财务
USR_000005,,,,,,2026-02-07,2026-02-07,2026-02-07,急聘推广,权益,17.0,二线城市,SME,1-49人,财务
USR_000006,USR_000006,USR_000006,,,,2026-01-28,2026-01-28,2026-01-28,职位发布,非权益,40.9,二线城市,SME,1000-2000人,行政
USR_000006,USR_000006,,,,USR_000006,2026-02-17,2026-02-17,2026-02-17,简历查看,非权益,5.4,二线城市,SME,1000-2000人,行政
USR_000006,,USR_000006,,,,2026-01-17,2026-01-17,2026-01-17,职位发布,非权益,16.4,二线城市,SME,1000-2000人,行政
USR_000006,,,,,,2026-02-22,2026-02-22,2026-02-22,急聘推广,权益,29.8,二线城市,SME,1000-2000人,行政
USR_000006,USR_000006,,,,,2026-01-24,2026-01-24,2026-01-24,权益礼包,权益,19.5,二线城市,SME,1000-2000人,行政
USR_000006,,,,,,2026-02-04,2026-02-04,2026-02-04,置顶刷新,权益,6.4,二线城市,SME,1000-2000人,行政
USR_000006,USR_000006,,,,,2026-01-21,2026-01-21,2026-01-21,权益礼包,权益,10.6,二线城市,SME,1000-2000人,行政
USR_000006,USR_000006,,,USR_000006,,2026-01-18,2026-01-18,2026-01-18,在线沟通,非权益,54.5,二线城市,SME,1000-2000人,行政
USR_000007,USR_000007,,,,,2026-01-23,2026-01-23,2026-01-23,急聘推广,权益,18.1,五线城市,KA,10000人以上,财务
USR_000007,,,USR_000007,,,2026-01-26,2026-01-26,2026-01-26,简历搜索,非权益,26.5,五线城市,KA,10000人以上,财务
USR_000007,USR_000007,,,USR_000007,,2026-02-23,2026-02-23,2026-02-23,在线沟通,非权益,11.3,五线城市,KA,10000人以上,财务
USR_000008,USR_000008,,,,,2026-03-01,2026-03-01,2026-03-01,权益礼包,权益,17.5,新一线城市,SME,1-49人,产品
USR_000008,USR_000008,,,,,2026-01-20,2026-01-20,2026-01-20,权益礼包,权益,26.8,新一线城市,SME,1-49人,产品
USR_000008,,,,,,2026-01-14,2026-01-14,2026-01-14,企业认证,非权益,12.4,新一线城市,SME,1-49人,产品
USR_000008,USR_000008,,,,USR_000008,2026-02-03,2026-02-03,2026-02-03,简历查看,非权益,20.5,新一线城市,SME,1-49人,产品
USR_000008,USR_000008,,,,,2026-02-20,2026-02-20,2026-02-20,急聘推广,权益,19.1,新一线城市,SME,1-49人,产品
USR_000008,USR_000008,,,,,2026-01-22,2026-01-22,2026-01-22,权益礼包,权益,5.6,新一线城市,SME,1-49人,产品
USR_000008,,,,,USR_000008,2026-02-11,2026-02-11,2026-02-11,简历查看,非权益,13.0,新一线城市,SME,1-49人,产品
USR_000008,USR_000008,,,,USR_000008,2026-02-06,2026-02-06,2026-02-06,简历查看,非权益,31.5,新一线城市,SME,1-49人,产品
USR_000008,USR_000008,,,,USR_000008,2026-02-13,2026-02-13,2026-02-13,简历查看,非权益,6.6,新一线城市,SME,1-49人,产品
USR_000008,USR_000008,,,,,2026-02-01,2026-02-01,2026-02-01,权益礼包,权益,19.0,新一线城市,SME,1-49人,产品
USR_000008,,,,,,2026-02-09,2026-02-09,2026-02-09,置顶刷新,权益,72.0,新一线城市,SME,1-49人,产品
USR_000008,USR_000008,,,,USR_000008,2026-02-11,2026-02-11,2026-02-11,简历查看,非权益,33.5,新一线城市,SME,1-49人,产品
USR_000008,USR_000008,,,,,2026-01-19,2026-01-19,2026-01-19,置顶刷新,权益,6.5,新一线城市,SME,1-49人,产品
USR_000008,,,,,,2026-01-26,2026-01-26,2026-01-26,权益礼包,权益,37.5,新一线城市,SME,1-49人,产品
USR_000008,USR_000008,USR_000008,,,,2026-01-12,2026-01-12,2026-01-12,职位发布,非权益,8.4,新一线城市,SME,1-49人,产品
USR_000008,USR_000008,USR_000008,,,,2026-02-16,2026-02-16,2026-02-16,职位发布,非权益,19.3,新一线城市,SME,1-49人,产品
USR_000008,USR_000008,,,,,2026-01-25,2026-01-25,2026-01-25,企业认证,非权益,10.9,新一线城市,SME,1-49人,产品
USR_000008,USR_000008,,,,,2026-02-08,2026-02-08,2026-02-08,企业认证,非权益,15.3,新一线城市,SME,1-49人,产品
USR_000008,USR_000008,,,,,2026-02-24,2026-02-24,2026-02-24,权益礼包,权益,20.0,新一线城市,SME,1-49人,产品
USR_000008,USR_000008,,,USR_000008,,2026-02-06,2026-02-06,2026-02-06,在线沟通,非权益,12.5,新一线城市,SME,1-49人,产品
USR_000008,USR_000008,,,,USR_000008,2026-01-05,2026-01-05,2026-01-05,简历查看,非权益,11.7,新一线城市,SME,1-49人,产品
USR_000008,USR_000008,,,,,2026-02-21,2026-02-21,2026-02-21,急聘推广,权益,5.3,新一线城市,SME,1-49人,产品
USR_000008,,,USR_000008,,,2026-02-17,2026-02-17,2026-02-17,简历搜索,非权益,12.7,新一线城市,SME,1-49人,产品
USR_000009,USR_000009,,USR_000009,,,2026-02-21,2026-02-21,2026-02-21,简历搜索,非权益,22.7,新一线城市,SME,1000-2000人,市场
USR_000009,,,USR_000009,,,2026-02-01,2026-02-01,2026-02-01,简历搜索,非权益,24.3,新一线城市,SME,1000-2000人,市场
USR_000009,USR_000009,,,,USR_000009,2026-01-16,2026-01-16,2026-01-16,简历查看,非权益,23.5,新一线城市,SME,1000-2000人,市场
USR_000009,USR_000009,USR_000009,,,,2026-01-28,2026-01-28,2026-01-28,职位发布,非权益,55.7,新一线城市,SME,1000-2000人,市场
USR_000009,USR_000009,,,,,2026-01-12,2026-01-12,2026-01-12,企业认证,非权益,23.6,新一线城市,SME,1000-2000人,市场
USR_000010,,,,USR_000010,,2026-01-01,2026-01-01,2026-01-01,在线沟通,非权益,47.4,四线城市,SME,1000-2000人,市场
USR_000011,USR_000011,,USR_000011,,,2026-02-20,2026-02-20,2026-02-20,简历搜索,非权益,12.4,四线城市,KA,5000-10000人,行政
USR_000011,USR_000011,,USR_000011,,,2026-01-08,2026-01-08,2026-01-08,简历搜索,非权益,25.6,四线城市,KA,5000-10000人,行政
USR_000011,USR_000011,,,,,2026-02-03,2026-02-03,2026-02-03,急聘推广,权益,17.3,四线城市,KA,5000-10000人,行政
USR_000011,USR_000011,,USR_000011,,,2026-02-22,2026-02-22,2026-02-22,简历搜索,非权益,54.7,四线城市,KA,5000-10000人,行政
USR_000011,USR_000011,,,,,2026-02-05,2026-02-05,2026-02-05,企业认证,非权益,66.7,四线城市,KA,5000-10000人,行政
USR_000011,USR_000011,,,,USR_000011,2026-01-10,2026-01-10,2026-01-10,简历查看,非权益,20.1,四线城市,KA,5000-10000人,行政
USR_000011,,,,USR_000011,,2026-02-18,2026-02-18,2026-02-18,在线沟通,非权益,7.5,四线城市,KA,5000-10000人,行政
USR_000011,USR_000011,USR_000011,,,,2026-02-08,2026-02-08,2026-02-08,职位发布,非权益,41.3,四线城市,KA,5000-10000人,行政
USR_000011,USR_000011,,,,,2026-02-06,2026-02-06,2026-02-06,企业认证,非权益,25.5,四线城市,KA,5000-10000人,行政
USR_000011,USR_000011,,,,,2026-01-25,2026-01-25,2026-01-25,置顶刷新,权益,13.5,四线城市,KA,5000-10000人,行政
USR_000011,,USR_000011,,,,2026-01-20,2026-01-20,2026-01-20,职位发布,非权益,11.9,四线城市,KA,5000-10000人,行政
USR_000011,USR_000011,,,USR_000011,,2026-01-19,2026-01-19,2026-01-19,在线沟通,非权益,5.2,四线城市,KA,5000-10000人,行政
USR_000012,,,,,,2026-01-31,2026-01-31,2026-01-31,急聘推广,权益,20.3,二线城市,KA,5000-10000人,市场
USR_000012,USR_000012,,,,,2026-01-16,2026-01-16,2026-01-16,置顶刷新,权益,11.2,二线城市,KA,5000-10000人,市场
USR_000012,USR_000012,USR_000012,,,,2026-02-21,2026-02-21,2026-02-21,职位发布,非权益,30.1,二线城市,KA,5000-10000人,市场
USR_000012,,,,,,2026-01-16,2026-01-16,2026-01-16,置顶刷新,权益,6.7,二线城市,KA,5000-10000人,市场
USR_000012,USR_000012,,USR_000012,,,2026-02-27,2026-02-27,2026-02-27,简历搜索,非权益,19.4,二线城市,KA,5000-10000人,市场
USR_000012,,,,,,2026-02-04,2026-02-04,2026-02-04,权益礼包,权益,12.8,二线城市,KA,5000-10000人,市场
USR_000012,USR_000012,,USR_000012,,,2026-02-16,2026-02-16,2026-02-16,简历搜索,非权益,30.8,二线城市,KA,5000-10000人,市场
USR_000012,USR_000012,,,,USR_000012,2026-01-17,2026-01-17,2026-01-17,简历查看,非权益,6.6,二线城市,KA,5000-10000人,市场
USR_000012,USR_000012,,,,,2026-02-09,2026-02-09,2026-02-09,权益礼包,权益,36.1,二线城市,KA,5000-10000人,市场
USR_000013,,,,,,2026-02-17,2026-02-17,2026-02-17,企业认证,非权益,43.2,四线城市,SME,2000-5000人,运营
USR_000013,,USR_000013,,,,2026-01-07,2026-01-07,2026-01-07,职位发布,非权益,30.2,四线城市,SME,2000-5000人,运营
USR_000014,USR_000014,,,,,2026-02-08,2026-02-08,2026-02-08,急聘推广,权益,47.6,三线城市,KA,1000-2000人,市场
USR_000014,USR_000014,,,,,2026-01-03,2026-01-03,2026-01-03,置顶刷新,权益,14.4,三线城市,KA,1000-2000人,市场
USR_000014,,,,,,2026-02-27,2026-02-27,2026-02-27,急聘推广,权益,31.2,三线城市,KA,1000-2000人,市场
USR_000014,,,,,,2026-02-10,2026-02-10,2026-02-10,置顶刷新,权益,25.6,三线城市,KA,1000-2000人,市场
USR_000014,USR_000014,,,,USR_000014,2026-02-26,2026-02-26,2026-02-26,简历查看,非权益,11.1,三线城市,KA,1000-2000人,市场
USR_000014,USR_000014,,,,,2026-02-02,2026-02-02,2026-02-02,企业认证,非权益,64.5,三线城市,KA,1000-2000人,市场
USR_000015,USR_000015,,,,,2026-01-16,2026-01-16,2026-01-16,权益礼包,权益,94.2,四线城市,SME,1000-2000人,财务
USR_000015,USR_000015,,,,,2026-02-05,2026-02-05,2026-02-05,权益礼包,权益,67.7,四线城市,SME,1000-2000人,财务
USR_000015,USR_000015,,USR_000015,,,2026-02-16,2026-02-16,2026-02-16,简历搜索,非权益,26.4,四线城市,SME,1000-2000人,财务
USR_000015,USR_000015,,,,,2026-01-01,2026-01-01,2026-01-01,置顶刷新,权益,20.8,四线城市,SME,1000-2000人,财务
USR_000015,USR_000015,,,,,2026-01-23,2026-01-23,2026-01-23,企业认证,非权益,10.9,四线城市,SME,1000-2000人,财务
USR_000015,,,,,,2026-01-16,2026-01-16,2026-01-16,企业认证,非权益,15.9,四线城市,SME,1000-2000人,财务
USR_000015,USR_000015,,,,USR_000015,2026-02-22,2026-02-22,2026-02-22,简历查看,非权益,8.8,四线城市,SME,1000-2000人,财务
USR_000015,USR_000015,,USR_000015,,,2026-01-08,2026-01-08,2026-01-08,简历搜索,非权益,20.8,四线城市,SME,1000-2000人,财务
USR_000015,,,,,USR_000015,2026-02-06,2026-02-06,2026-02-06,简历查看,非权益,82.1,四线城市,SME,1000-2000人,财务
USR_000015,USR_000015,,,,,2026-01-17,2026-01-17,2026-01-17,急聘推广,权益,14.5,四线城市,SME,1000-2000人,财务
USR_000015,USR_000015,,,,,2026-01-28,2026-01-28,2026-01-28,权益礼包,权益,7.6,四线城市,SME,1000-2000人,财务
USR_000015,,,,USR_000015,,2026-01-06,2026-01-06,2026-01-06,在线沟通,非权益,28.3,四线城市,SME,1000-2000人,财务
USR_000016,USR_000016,,USR_000016,,,2026-02-28,2026-02-28,2026-02-28,简历搜索,非权益,5.5,一线城市,SME,10000人以上,行政
USR_000016,,USR_000016,,,,2026-02-23,2026-02-23,2026-02-23,职位发布,非权益,83.6,一线城市,SME,10000人以上,行政
USR_000016,USR_000016,USR_000016,,,,2026-01-11,2026-01-11,2026-01-11,职位发布,非权益,13.6,一线城市,SME,10000人以上,行政
USR_000016,,,,,,2026-02-28,2026-02-28,2026-02-28,急聘推广,权益,37.8,一线城市,SME,10000人以上,行政
USR_000016,USR_000016,,USR_000016,,,2026-02-10,2026-02-10,2026-02-10,简历搜索,非权益,10.7,一线城市,SME,10000人以上,行政
USR_000016,,,,,,2026-02-24,2026-02-24,2026-02-24,企业认证,非权益,35.2,一线城市,SME,10000人以上,行政
USR_000016,,,,,,2026-01-05,2026-01-05,2026-01-05,置顶刷新,权益,19.6,一线城市,SME,10000人以上,行政
USR_000016,,,,,,2026-02-22,2026-02-22,2026-02-22,权益礼包,权益,39.1,一线城市,SME,10000人以上,行政
USR_000016,USR_000016,USR_000016,,,,2026-01-21,2026-01-21,2026-01-21,职位发布,非权益,7.5,一线城市,SME,10000人以上,行政
USR_000016,USR_000016,,,USR_000016,,2026-02-14,2026-02-14,2026-02-14,在线沟通,非权益,9.7,一线城市,SME,10000人以上,行政
USR_000016,USR_000016,USR_000016,,,,2026-02-09,2026-02-09,2026-02-09,职位发布,非权益,13.0,一线城市,SME,10000人以上,行政
USR_000016,USR_000016,,,,,2026-02-08,2026-02-08,2026-02-08,企业认证,非权益,18.2,一线城市,SME,10000人以上,行政
USR_000016,USR_000016,,,,,2026-01-03,2026-01-03,2026-01-03,急聘推广,权益,39.4,一线城市,SME,10000人以上,行政
USR_000016,USR_000016,,,,,2026-02-13,2026-02-13,2026-02-13,急聘推广,权益,42.7,一线城市,SME,10000人以上,行政
USR_000016,USR_000016,USR_000016,,,,2026-01-17,2026-01-17,2026-01-17,职位发布,非权益,5.5,一线城市,SME,10000人以上,行政
USR_000017,USR_000017,,,USR_000017,,2026-02-08,2026-02-08,2026-02-08,在线沟通,非权益,5.3,四线城市,SME,50-99人,运营
USR_000017,USR_000017,,,,,2026-02-19,2026-02-19,2026-02-19,急聘推广,权益,14.0,四线城市,SME,50-99人,运营
USR_000017,,,,USR_000017,,2026-02-20,2026-02-20,2026-02-20,在线沟通,非权益,12.7,四线城市,SME,50-99人,运营
USR_000017,,,,,,2026-02-02,2026-02-02,2026-02-02,急聘推广,权益,14.1,四线城市,SME,50-99人,运营
USR_000017,,,,,,2026-02-11,2026-02-11,2026-02-11,置顶刷新,权益,58.8,四线城市,SME,50-99人,运营
USR_000017,,,,,USR_000017,2026-01-10,2026-01-10,2026-01-10,简历查看,非权益,17.2,四线城市,SME,50-99人,运营
USR_000017,USR_000017,,,,USR_000017,2026-01-20,2026-01-20,2026-01-20,简历查看,非权益,75.4,四线城市,SME,50-99人,运营
USR_000017,USR_000017,,,,,2026-01-02,2026-01-02,2026-01-02,权益礼包,权益,23.1,四线城市,SME,50-99人,运营
USR_000017,USR_000017,,,,,2026-01-11,2026-01-11,2026-01-11,企业认证,非权益,7.5,四线城市,SME,50-99人,运营
USR_000017,USR_000017,,,,,2026-01-16,2026-01-16,2026-01-16,置顶刷新,权益,7.7,四线城市,SME,50-99人,运营
USR_000017,USR_000017,,,,,2026-01-04,2026-01-04,2026-01-04,企业认证,非权益,12.6,四线城市,SME,50-99人,运营
USR_000017,USR_000017,,,USR_000017,,2026-02-01,2026-02-01,2026-02-01,在线沟通,非权益,24.8,四线城市,SME,50-99人,运营
USR_000017,USR_000017,,USR_000017,,,2026-02-27,2026-02-27,2026-02-27,简历搜索,非权益,36.0,四线城市,SME,50-99人,运营
USR_000017,USR_000017,,USR_000017,,,2026-01-28,2026-01-28,2026-01-28,简历搜索,非权益,5.6,四线城市,SME,50-99人,运营
USR_000017,USR_000017,,,,,2026-01-01,2026-01-01,2026-01-01,急聘推广,权益,12.9,四线城市,SME,50-99人,运营
USR_000018,USR_000018,,,USR_000018,,2026-01-09,2026-01-09,2026-01-09,在线沟通,非权益,16.8,新一线城市,KA,50-99人,客服
USR_000018,USR_000018,,,,,2026-02-16,2026-02-16,2026-02-16,急聘推广,权益,8.1,新一线城市,KA,50-99人,客服
USR_000018,USR_000018,,,,,2026-01-17,2026-01-17,2026-01-17,企业认证,非权益,34.5,新一线城市,KA,50-99人,客服
USR_000018,USR_000018,USR_000018,,,,2026-02-04,2026-02-04,2026-02-04,职位发布,非权益,9.2,新一线城市,KA,50-99人,客服
USR_000018,USR_000018,,,,,2026-02-25,2026-02-25,2026-02-25,置顶刷新,权益,22.3,新一线城市,KA,50-99人,客服
USR_000018,USR_000018,,,,,2026-01-14,2026-01-14,2026-01-14,置顶刷新,权益,29.8,新一线城市,KA,50-99人,客服
USR_000018,USR_000018,,,,,2026-02-28,2026-02-28,2026-02-28,急聘推广,权益,27.5,新一线城市,KA,50-99人,客服
USR_000018,USR_000018,,,,,2026-01-23,2026-01-23,2026-01-23,置顶刷新,权益,18.7,新一线城市,KA,50-99人,客服
USR_000018,USR_000018,,,,,2026-01-18,2026-01-18,2026-01-18,权益礼包,权益,18.7,新一线城市,KA,50-99人,客服
USR_000018,,,,,,2026-01-25,2026-01-25,2026-01-25,置顶刷新,权益,8.6,新一线城市,KA,50-99人,客服
USR_000018,,,,,,2026-02-26,2026-02-26,2026-02-26,置顶刷新,权益,6.7,新一线城市,KA,50-99人,客服
USR_000018,USR_000018,,,,,2026-02-13,2026-02-13,2026-02-13,急聘推广,权益,12.6,新一线城市,KA,50-99人,客服
USR_000018,USR_000018,USR_000018,,,,2026-01-04,2026-01-04,2026-01-04,职位发布,非权益,23.8,新一线城市,KA,50-99人,客服
USR_000018,USR_000018,,USR_000018,,,2026-02-16,2026-02-16,2026-02-16,简历搜索,非权益,29.0,新一线城市,KA,50-99人,客服
USR_000019,,,,,,2026-01-06,2026-01-06,2026-01-06,权益礼包,权益,21.8,一线城市,SME,50-99人,销售
USR_000019,USR_000019,,,USR_000019,,2026-02-25,2026-02-25,2026-02-25,在线沟通,非权益,12.2,一线城市,SME,50-99人,销售
USR_000019,USR_000019,USR_000019,,,,2026-02-02,2026-02-02,2026-02-02,职位发布,非权益,9.6,一线城市,SME,50-99人,销售
USR_000019,USR_000019,,,,,2026-02-24,2026-02-24,2026-02-24,急聘推广,权益,39.2,一线城市,SME,50-99人,销售
USR_000019,USR_000019,,,,,2026-01-30,2026-01-30,2026-01-30,急聘推广,权益,45.9,一线城市,SME,50-99人,销售
USR_000019,USR_000019,,,,,2026-01-03,2026-01-03,2026-01-03,置顶刷新,权益,14.5,一线城市,SME,50-99人,销售
USR_000019,USR_000019,,,,USR_000019,2026-01-24,2026-01-24,2026-01-24,简历查看,非权益,14.1,一线城市,SME,50-99人,销售
USR_000019,,,,,USR_000019,2026-01-11,2026-01-11,2026-01-11,简历查看,非权益,35.6,一线城市,SME,50-99人,销售
USR_000019,USR_000019,USR_000019,,,,2026-01-30,2026-01-30,2026-01-30,职位发布,非权益,24.9,一线城市,SME,50-99人,销售
USR_000019,USR_000019,USR_000019,,,,2026-01-02,2026-01-02,2026-01-02,职位发布,非权益,20.3,一线城市,SME,50-99人,销售
USR_000019,,,,USR_000019,,2026-02-14,2026-02-14,2026-02-14,在线沟通,非权益,8.7,一线城市,SME,50-99人,销售
USR_000019,USR_000019,,,,,2026-01-04,2026-01-04,2026-01-04,急聘推广,权益,17.8,一线城市,SME,50-99人,销售
USR_000019,USR_000019,USR_000019,,,,2026-01-12,2026-01-12,2026-01-12,职位发布,非权益,22.0,一线城市,SME,50-99人,销售
USR_000019,USR_000019,,,,,2026-02-07,2026-02-07,2026-02-07,企业认证,非权益,8.0,一线城市,SME,50-99人,销售
USR_000019,USR_000019,,,,USR_000019,2026-01-13,2026-01-13,2026-01-13,简历查看,非权益,6.0,一线城市,SME,50-99人,销售
USR_000020,USR_000020,,USR_000020,,,2026-01-13,2026-01-13,2026-01-13,简历搜索,非权益,6.7,新一线城市,SME,50-99人,市场
USR_000020,USR_000020,,,,,2026-02-06,2026-02-06,2026-02-06,置顶刷新,权益,7.2,新一线城市,SME,50-99人,市场
USR_000020,USR_000020,,,,,2026-01-24,2026-01-24,2026-01-24,置顶刷新,权益,33.5,新一线城市,SME,50-99人,市场
USR_000020,,,,,,2026-02-18,2026-02-18,2026-02-18,置顶刷新,权益,29.7,新一线城市,SME,50-99人,市场
USR_000020,,,USR_000020,,,2026-01-14,2026-01-14,2026-01-14,简历搜索,非权益,89.6,新一线城市,SME,50-99人,市场
USR_000020,USR_000020,,USR_000020,,,2026-01-12,2026-01-12,2026-01-12,简历搜索,非权益,52.0,新一线城市,SME,50-99人,市场
USR_000020,USR_000020,,,,,2026-01-22,2026-01-22,2026-01-22,企业认证,非权益,32.4,新一线城市,SME,50-99人,市场
USR_000020,,,,USR_000020,,2026-02-10,2026-02-10,2026-02-10,在线沟通,非权益,33.9,新一线城市,SME,50-99人,市场
USR_000020,USR_000020,,,USR_000020,,2026-01-21,2026-01-21,2026-01-21,在线沟通,非权益,9.8,新一线城市,SME,50-99人,市场
USR_000020,,,,,,2026-01-26,2026-01-26,2026-01-26,急聘推广,权益,11.8,新一线城市,SME,50-99人,市场
USR_000020,USR_000020,,USR_000020,,,2026-01-25,2026-01-25,2026-01-25,简历搜索,非权益,15.8,新一线城市,SME,50-99人,市场
USR_000020,,,,,,2026-01-14,2026-01-14,2026-01-14,企业认证,非权益,22.6,新一线城市,SME,50-99人,市场
USR_000020,USR_000020,USR_000020,,,,2026-01-23,2026-01-23,2026-01-23,职位发布,非权益,20.5,新一线城市,SME,50-99人,市场
USR_000020,USR_000020,USR_000020,,,,2026-02-02,2026-02-02,2026-02-02,职位发布,非权益,18.7,新一线城市,SME,50-99人,市场
USR_000020,USR_000020,,,,,2026-02-09,2026-02-09,2026-02-09,权益礼包,权益,19.1,新一线城市,SME,50-99人,市场
USR_000020,USR_000020,,,,,2026-01-06,2026-01-06,2026-01-06,急聘推广,权益,28.6,新一线城市,SME,50-99人,市场
USR_000020,,,USR_000020,,,2026-02-21,2026-02-21,2026-02-21,简历搜索,非权益,22.4,新一线城市,SME,50-99人,市场
USR_000020,,,,,USR_000020,2026-01-30,2026-01-30,2026-01-30,简历查看,非权益,33.0,新一线城市,SME,50-99人,市场
USR_000021,USR_000021,,,,,2026-02-02,2026-02-02,2026-02-02,置顶刷新,权益,20.2,一线城市,SME,1000-2000人,运营
USR_000021,,,USR_000021,,,2026-01-05,2026-01-05,2026-01-05,简历搜索,非权益,12.5,一线城市,SME,1000-2000人,运营
USR_000021,USR_000021,,,,,2026-01-13,2026-01-13,2026-01-13,急聘推广,权益,38.7,一线城市,SME,1000-2000人,运营
USR_000021,USR_000021,,,,,2026-02-21,2026-02-21,2026-02-21,企业认证,非权益,33.7,一线城市,SME,1000-2000人,运营
USR_000021,USR_000021,,,,,2026-01-29,2026-01-29,2026-01-29,权益礼包,权益,28.1,一线城市,SME,1000-2000人,运营
USR_000021,USR_000021,,USR_000021,,,2026-01-27,2026-01-27,2026-01-27,简历搜索,非权益,26.3,一线城市,SME,1000-2000人,运营
USR_000022,USR_000022,,,USR_000022,,2026-01-10,2026-01-10,2026-01-10,在线沟通,非权益,9.6,新一线城市,SME,1000-2000人,市场
USR_000022,USR_000022,,,,,2026-02-16,2026-02-16,2026-02-16,置顶刷新,权益,22.2,新一线城市,SME,1000-2000人,市场
USR_000022,USR_000022,,USR_000022,,,2026-01-13,2026-01-13,2026-01-13,简历搜索,非权益,6.9,新一线城市,SME,1000-2000人,市场
USR_000022,,USR_000022,,,,2026-02-16,2026-02-16,2026-02-16,职位发布,非权益,21.2,新一线城市,SME,1000-2000人,市场
USR_000023,USR_000023,,,,,2026-01-08,2026-01-08,2026-01-08,权益礼包,权益,31.6,三线城市,SME,1000-2000人,产品
USR_000023,USR_000023,,,,,2026-02-27,2026-02-27,2026-02-27,置顶刷新,权益,6.4,三线城市,SME,1000-2000人,产品
USR_000023,,,,,,2026-02-09,2026-02-09,2026-02-09,急聘推广,权益,48.5,三线城市,SME,1000-2000人,产品
USR_000023,USR_000023,USR_000023,,,,2026-02-15,2026-02-15,2026-02-15,职位发布,非权益,8.3,三线城市,SME,1000-2000人,产品
USR_000023,,,,,USR_000023,2026-02-23,2026-02-23,2026-02-23,简历查看,非权益,12.3,三线城市,SME,1000-2000人,产品
USR_000023,USR_000023,,,,,2026-02-24,2026-02-24,2026-02-24,急聘推广,权益,21.9,三线城市,SME,1000-2000人,产品
USR_000023,,,,,,2026-01-09,2026-01-09,2026-01-09,置顶刷新,权益,9.1,三线城市,SME,1000-2000人,产品
USR_000023,USR_000023,USR_000023,,,,2026-02-22,2026-02-22,2026-02-22,职位发布,非权益,7.2,三线城市,SME,1000-2000人,产品
USR_000023,,,,,USR_000023,2026-01-25,2026-01-25,2026-01-25,简历查看,非权益,51.1,三线城市,SME,1000-2000人,产品
USR_000023,USR_000023,,,,,2026-01-18,2026-01-18,2026-01-18,置顶刷新,权益,50.1,三线城市,SME,1000-2000人,产品
USR_000023,USR_000023,,,,,2026-02-12,2026-02-12,2026-02-12,企业认证,非权益,48.9,三线城市,SME,1000-2000人,产品
USR_000023,USR_000023,,,,,2026-01-24,2026-01-24,2026-01-24,急聘推广,权益,8.3,三线城市,SME,1000-2000人,产品
USR_000024,USR_000024,,,,,2026-01-26,2026-01-26,2026-01-26,急聘推广,权益,24.6,一线城市,SME,5000-10000人,运营
USR_000024,,,,,,2026-01-17,2026-01-17,2026-01-17,置顶刷新,权益,7.9,一线城市,SME,5000-10000人,运营
USR_000024,USR_000024,,,,,2026-01-22,2026-01-22,2026-01-22,急聘推广,权益,108.8,一线城市,SME,5000-10000人,运营
USR_000024,USR_000024,USR_000024,,,,2026-01-07,2026-01-07,2026-01-07,职位发布,非权益,6.2,一线城市,SME,5000-10000人,运营
USR_000024,USR_000024,,,,,2026-02-20,2026-02-20,2026-02-20,置顶刷新,权益,46.1,一线城市,SME,5000-10000人,运营
USR_000024,USR_000024,,,,,2026-01-30,2026-01-30,2026-01-30,企业认证,非权益,5.7,一线城市,SME,5000-10000人,运营
USR_000024,USR_000024,,,,,2026-01-16,2026-01-16,2026-01-16,急聘推广,权益,6.2,一线城市,SME,5000-10000人,运营
USR_000024,USR_000024,,,,,2026-02-20,2026-02-20,2026-02-20,急聘推广,权益,18.4,一线城市,SME,5000-10000人,运营
USR_000024,USR_000024,,,,USR_000024,2026-02-18,2026-02-18,2026-02-18,简历查看,非权益,19.8,一线城市,SME,5000-10000人,运营
USR_000024,USR_000024,,,,,2026-01-04,2026-01-04,2026-01-04,置顶刷新,权益,40.6,一线城市,SME,5000-10000人,运营
USR_000024,USR_000024,,,,,2026-01-03,2026-01-03,2026-01-03,置顶刷新,权益,10.7,一线城市,SME,5000-10000人,运营
USR_000024,USR_000024,,,,,2026-02-03,2026-02-03,2026-02-03,急聘推广,权益,5.5,一线城市,SME,5000-10000人,运营
USR_000024,,,,,USR_000024,2026-02-01,2026-02-01,2026-02-01,简历查看,非权益,24.4,一线城市,SME,5000-10000人,运营
USR_000024,USR_000024,USR_000024,,,,2026-02-26,2026-02-26,2026-02-26,职位发布,非权益,9.7,一线城市,SME,5000-10000人,运营
USR_000024,USR_000024,,,USR_000024,,2026-01-08,2026-01-08,2026-01-08,在线沟通,非权益,34.0,一线城市,SME,5000-10000人,运营
USR_000024,USR_000024,,,USR_000024,,2026-02-20,2026-02-20,2026-02-20,在线沟通,非权益,9.9,一线城市,SME,5000-10000人,运营
USR_000024,USR_000024,,USR_000024,,,2026-02-04,2026-02-04,2026-02-04,简历搜索,非权益,28.1,一线城市,SME,5000-10000人,运营
USR_000024,,,,,,2026-02-15,2026-02-15,2026-02-15,企业认证,非权益,14.1,一线城市,SME,5000-10000人,运营
USR_000024,USR_000024,,,,,2026-02-23,2026-02-23,2026-02-23,权益礼包,权益,11.2,一线城市,SME,5000-10000人,运营
USR_000024,USR_000024,,,,,2026-01-18,2026-01-18,2026-01-18,企业认证,非权益,6.6,一线城市,SME,5000-10000人,运营
USR_000024,USR_000024,,,,,2026-01-21,2026-01-21,2026-01-21,置顶刷新,权益,8.6,一线城市,SME,5000-10000人,运营
USR_000025,USR_000025,,,,,2026-01-05,2026-01-05,2026-01-05,置顶刷新,权益,10.4,四线城市,SME,50-99人,销售
USR_000025,USR_000025,,USR_000025,,,2026-01-03,2026-01-03,2026-01-03,简历搜索,非权益,10.6,四线城市,SME,50-99人,销售
USR_000025,USR_000025,,,,,2026-02-06,2026-02-06,2026-02-06,权益礼包,权益,19.5,四线城市,SME,50-99人,销售
USR_000025,USR_000025,,USR_000025,,,2026-02-22,2026-02-22,2026-02-22,简历搜索,非权益,58.4,四线城市,SME,50-99人,销售
USR_000026,,,,,,2026-02-28,2026-02-28,2026-02-28,企业认证,非权益,34.0,三线城市,KA,50-99人,行政
USR_000026,USR_000026,USR_000026,,,,2026-02-19,2026-02-19,2026-02-19,职位发布,非权益,10.6,三线城市,KA,50-99人,行政
USR_000026,USR_000026,,,,,2026-01-02,2026-01-02,2026-01-02,企业认证,非权益,10.4,三线城市,KA,50-99人,行政
USR_000026,,,,,,2026-01-22,2026-01-22,2026-01-22,急聘推广,权益,79.9,三线城市,KA,50-99人,行政
USR_000026,USR_000026,,USR_000026,,,2026-01-29,2026-01-29,2026-01-29,简历搜索,非权益,10.7,三线城市,KA,50-99人,行政
USR_000026,,,,USR_000026,,2026-01-06,2026-01-06,2026-01-06,在线沟通,非权益,7.3,三线城市,KA,50-99人,行政
USR_000026,USR_000026,,,,USR_000026,2026-02-10,2026-02-10,2026-02-10,简历查看,非权益,19.5,三线城市,KA,50-99人,行政
USR_000026,,USR_000026,,,,2026-02-07,2026-02-07,2026-02-07,职位发布,非权益,9.2,三线城市,KA,50-99人,行政
USR_000026,USR_000026,,USR_000026,,,2026-01-22,2026-01-22,2026-01-22,简历搜索,非权益,46.4,三线城市,KA,50-99人,行政
USR_000026,USR_000026,,,,,2026-01-27,2026-01-27,2026-01-27,急聘推广,权益,21.5,三线城市,KA,50-99人,行政
USR_000026,USR_000026,USR_000026,,,,2026-02-22,2026-02-22,2026-02-22,职位发布,非权益,49.2,三线城市,KA,50-99人,行政
USR_000026,USR_000026,,USR_000026,,,2026-01-21,2026-01-21,2026-01-21,简历搜索,非权益,18.2,三线城市,KA,50-99人,行政
USR_000026,USR_000026,,,,,2026-01-02,2026-01-02,2026-01-02,企业认证,非权益,29.1,三线城市,KA,50-99人,行政
USR_000026,USR_000026,,,USR_000026,,2026-02-22,2026-02-22,2026-02-22,在线沟通,非权益,10.1,三线城市,KA,50-99人,行政
USR_000026,USR_000026,,,,,2026-01-11,2026-01-11,2026-01-11,权益礼包,权益,12.9,三线城市,KA,50-99人,行政
USR_000026,USR_000026,USR_000026,,,,2026-02-28,2026-02-28,2026-02-28,职位发布,非权益,20.0,三线城市,KA,50-99人,行政
USR_000026,USR_000026,,USR_000026,,,2026-02-24,2026-02-24,2026-02-24,简历搜索,非权益,54.7,三线城市,KA,50-99人,行政
USR_000026,USR_000026,,,,,2026-02-25,2026-02-25,2026-02-25,权益礼包,权益,5.6,三线城市,KA,50-99人,行政
USR_000026,USR_000026,,,,USR_000026,2026-01-19,2026-01-19,2026-01-19,简历查看,非权益,6.0,三线城市,KA,50-99人,行政
USR_000026,USR_000026,,,,,2026-02-28,2026-02-28,2026-02-28,急聘推广,权益,12.3,三线城市,KA,50-99人,行政
USR_000026,USR_000026,,USR_000026,,,2026-01-02,2026-01-02,2026-01-02,简历搜索,非权益,6.4,三线城市,KA,50-99人,行政
USR_000026,USR_000026,USR_000026,,,,2026-01-01,2026-01-01,2026-01-01,职位发布,非权益,26.0,三线城市,KA,50-99人,行政
USR_000027,USR_000027,,,,,2026-02-13,2026-02-13,2026-02-13,权益礼包,权益,10.7,一线城市,KA,100-499人,研发
USR_000027,USR_000027,,USR_000027,,,2026-01-12,2026-01-12,2026-01-12,简历搜索,非权益,6.7,一线城市,KA,100-499人,研发
USR_000027,USR_000027,,,USR_000027,,2026-02-18,2026-02-18,2026-02-18,在线沟通,非权益,59.0,一线城市,KA,100-499人,研发
USR_000027,USR_000027,,,,,2026-02-18,2026-02-18,2026-02-18,置顶刷新,权益,19.1,一线城市,KA,100-499人,研发
USR_000027,,,,,,2026-01-19,2026-01-19,2026-01-19,企业认证,非权益,34.6,一线城市,KA,100-499人,研发
USR_000027,USR_000027,,,,,2026-02-06,2026-02-06,2026-02-06,置顶刷新,权益,39.1,一线城市,KA,100-499人,研发
USR_000027,USR_000027,USR_000027,,,,2026-01-18,2026-01-18,2026-01-18,职位发布,非权益,9.5,一线城市,KA,100-499人,研发
USR_000027,,,USR_000027,,,2026-02-10,2026-02-10,2026-02-10,简历搜索,非权益,5.7,一线城市,KA,100-499人,研发
USR_000027,,,USR_000027,,,2026-01-16,2026-01-16,2026-01-16,简历搜索,非权益,8.6,一线城市,KA,100-499人,研发
USR_000027,,,,,,2026-01-22,2026-01-22,2026-01-22,权益礼包,权益,5.6,一线城市,KA,100-499人,研发
USR_000028,,,,USR_000028,,2026-01-23,2026-01-23,2026-01-23,在线沟通,非权益,29.6,一线城市,KA,10000人以上,研发
USR_000028,USR_000028,,,,USR_000028,2026-02-08,2026-02-08,2026-02-08,简历查看,非权益,18.3,一线城市,KA,10000人以上,研发
USR_000028,USR_000028,,,,,2026-01-17,2026-01-17,2026-01-17,置顶刷新,权益,13.2,一线城市,KA,10000人以上,研发
USR_000028,USR_000028,,,,USR_000028,2026-03-01,2026-03-01,2026-03-01,简历查看,非权益,43.9,一线城市,KA,10000人以上,研发
USR_000028,USR_000028,,,USR_000028,,2026-02-09,2026-02-09,2026-02-09,在线沟通,非权益,14.3,一线城市,KA,10000人以上,研发
USR_000028,,,,,,2026-01-15,2026-01-15,2026-01-15,置顶刷新,权益,18.9,一线城市,KA,10000人以上,研发
USR_000028,,,,,,2026-01-25,2026-01-25,2026-01-25,急聘推广,权益,18.2,一线城市,KA,10000人以上,研发
USR_000028,,,,,,2026-02-11,2026-02-11,2026-02-11,权益礼包,权益,14.7,一线城市,KA,10000人以上,研发
USR_000028,,,,USR_000028,,2026-02-11,2026-02-11,2026-02-11,在线沟通,非权益,5.0,一线城市,KA,10000人以上,研发
USR_000028,USR_000028,,,,,2026-01-13,2026-01-13,2026-01-13,权益礼包,权益,53.5,一线城市,KA,10000人以上,研发
USR_000028,USR_000028,,,USR_000028,,2026-02-08,2026-02-08,2026-02-08,在线沟通,非权益,6.0,一线城市,KA,10000人以上,研发
USR_000028,USR_000028,USR_000028,,,,2026-01-29,2026-01-29,2026-01-29,职位发布,非权益,16.8,一线城市,KA,10000人以上,研发
USR_000028,USR_000028,,,,,2026-02-25,2026-02-25,2026-02-25,企业认证,非权益,14.1,一线城市,KA,10000人以上,研发
USR_000028,USR_000028,,,,,2026-01-25,2026-01-25,2026-01-25,急聘推广,权益,18.3,一线城市,KA,10000人以上,研发
USR_000028,USR_000028,USR_000028,,,,2026-01-30,2026-01-30,2026-01-30,职位发布,非权益,16.3,一线城市,KA,10000人以上,研发
USR_000028,,,,,,2026-01-30,2026-01-30,2026-01-30,企业认证,非权益,27.6,一线城市,KA,10000人以上,研发
USR_000028,USR_000028,,,,,2026-01-25,2026-01-25,2026-01-25,权益礼包,权益,48.4,一线城市,KA,10000人以上,研发
USR_000028,USR_000028,,,,,2026-01-09,2026-01-09,2026-01-09,置顶刷新,权益,13.9,一线城市,KA,10000人以上,研发
USR_000028,,,,,USR_000028,2026-01-12,2026-01-12,2026-01-12,简历查看,非权益,33.8,一线城市,KA,10000人以上,研发
USR_000028,USR_000028,,,,,2026-02-12,2026-02-12,2026-02-12,权益礼包,权益,77.6,一线城市,KA,10000人以上,研发
USR_000028,USR_000028,,,,,2026-02-15,2026-02-15,2026-02-15,置顶刷新,权益,47.1,一线城市,KA,10000人以上,研发
USR_000029,,,,,,2026-01-20,2026-01-20,2026-01-20,企业认证,非权益,9.7,一线城市,SME,500-999人,运营
USR_000029,USR_000029,,,USR_000029,,2026-02-14,2026-02-14,2026-02-14,在线沟通,非权益,5.9,一线城市,SME,500-999人,运营
USR_000030,USR_000030,,,,,2026-01-05,2026-01-05,2026-01-05,权益礼包,权益,9.4,一线城市,SME,10000人以上,行政
USR_000030,USR_000030,USR_000030,,,,2026-02-04,2026-02-04,2026-02-04,职位发布,非权益,18.4,一线城市,SME,10000人以上,行政
USR_000030,USR_000030,,,USR_000030,,2026-02-11,2026-02-11,2026-02-11,在线沟通,非权益,17.2,一线城市,SME,10000人以上,行政
USR_000030,,USR_000030,,,,2026-01-24,2026-01-24,2026-01-24,职位发布,非权益,16.2,一线城市,SME,10000人以上,行政
USR_000030,,,,,,2026-02-25,2026-02-25,2026-02-25,权益礼包,权益,5.6,一线城市,SME,10000人以上,行政
USR_000030,,,,,USR_000030,2026-01-14,2026-01-14,2026-01-14,简历查看,非权益,16.0,一线城市,SME,10000人以上,行政
USR_000030,USR_000030,,,,,2026-01-03,2026-01-03,2026-01-03,企业认证,非权益,16.7,一线城市,SME,10000人以上,行政
USR_000030,,,,USR_000030,,2026-01-25,2026-01-25,2026-01-25,在线沟通,非权益,5.6,一线城市,SME,10000人以上,行政
USR_000030,,,,,,2026-02-09,2026-02-09,2026-02-09,置顶刷新,权益,28.9,一线城市,SME,10000人以上,行政
USR_000031,USR_000031,,,,,2026-02-17,2026-02-17,2026-02-17,权益礼包,权益,6.5,三线城市,SME,10000人以上,运营
USR_000031,USR_000031,,,,USR_000031,2026-02-17,2026-02-17,2026-02-17,简历查看,非权益,6.4,三线城市,SME,10000人以上,运营
USR_000032,,,,,,2026-02-20,2026-02-20,2026-02-20,权益礼包,权益,12.7,新一线城市,SME,10000人以上,行政
USR_000032,USR_000032,,USR_000032,,,2026-02-09,2026-02-09,2026-02-09,简历搜索,非权益,10.6,新一线城市,SME,10000人以上,行政
USR_000032,,,,,,2026-01-24,2026-01-24,2026-01-24,急聘推广,权益,24.3,新一线城市,SME,10000人以上,行政
USR_000032,,USR_000032,,,,2026-02-28,2026-02-28,2026-02-28,职位发布,非权益,27.2,新一线城市,SME,10000人以上,行政
USR_000032,USR_000032,,,USR_000032,,2026-02-14,2026-02-14,2026-02-14,在线沟通,非权益,25.5,新一线城市,SME,10000人以上,行政
USR_000032,,,,,,2026-01-27,2026-01-27,2026-01-27,置顶刷新,权益,8.1,新一线城市,SME,10000人以上,行政
USR_000032,,,,USR_000032,,2026-02-14,2026-02-14,2026-02-14,在线沟通,非权益,5.5,新一线城市,SME,10000人以上,行政
USR_000032,USR_000032,,,,,2026-02-11,2026-02-11,2026-02-11,置顶刷新,权益,12.3,新一线城市,SME,10000人以上,行政
USR_000032,USR_000032,,,,,2026-02-08,2026-02-08,2026-02-08,急聘推广,权益,35.7,新一线城市,SME,10000人以上,行政
USR_000032,USR_000032,,,,,2026-01-13,2026-01-13,2026-01-13,急聘推广,权益,5.1,新一线城市,SME,10000人以上,行政
USR_000032,USR_000032,,,,,2026-01-13,2026-01-13,2026-01-13,企业认证,非权益,76.5,新一线城市,SME,10000人以上,行政
USR_000032,USR_000032,USR_000032,,,,2026-02-09,2026-02-09,2026-02-09,职位发布,非权益,23.1,新一线城市,SME,10000人以上,行政
USR_000032,,,,,,2026-02-14,2026-02-14,2026-02-14,企业认证,非权益,7.0,新一线城市,SME,10000人以上,行政
USR_000032,USR_000032,,,,,2026-01-07,2026-01-07,2026-01-07,急聘推广,权益,64.3,新一线城市,SME,10000人以上,行政
USR_000032,USR_000032,,,,,2026-01-28,2026-01-28,2026-01-28,置顶刷新,权益,53.4,新一线城市,SME,10000人以上,行政
USR_000032,,,,,,2026-01-22,2026-01-22,2026-01-22,权益礼包,权益,26.0,新一线城市,SME,10000人以上,行政
USR_000032,USR_000032,,USR_000032,,,2026-01-04,2026-01-04,2026-01-04,简历搜索,非权益,27.2,新一线城市,SME,10000人以上,行政
USR_000033,USR_000033,,USR_000033,,,2026-02-25,2026-02-25,2026-02-25,简历搜索,非权益,41.9,一线城市,SME,1-49人,行政
USR_000033,,,,,,2026-02-16,2026-02-16,2026-02-16,企业认证,非权益,29.9,一线城市,SME,1-49人,行政
USR_000033,,,,USR_000033,,2026-02-21,2026-02-21,2026-02-21,在线沟通,非权益,5.4,一线城市,SME,1-49人,行政
USR_000033,USR_000033,,,USR_000033,,2026-02-02,2026-02-02,2026-02-02,在线沟通,非权益,17.1,一线城市,SME,1-49人,行政
USR_000033,USR_000033,,,USR_000033,,2026-01-11,2026-01-11,2026-01-11,在线沟通,非权益,15.6,一线城市,SME,1-49人,行政
USR_000033,,,,,,2026-02-03,2026-02-03,2026-02-03,急聘推广,权益,15.0,一线城市,SME,1-49人,行政
USR_000033,USR_000033,,,,,2026-02-10,2026-02-10,2026-02-10,权益礼包,权益,33.5,一线城市,SME,1-49人,行政
USR_000033,USR_000033,,,,,2026-01-11,2026-01-11,2026-01-11,权益礼包,权益,6.5,一线城市,SME,1-49人,行政
USR_000033,USR_000033,,,,,2026-01-20,2026-01-20,2026-01-20,急聘推广,权益,10.7,一线城市,SME,1-49人,行政
USR_000033,USR_000033,USR_000033,,,,2026-02-13,2026-02-13,2026-02-13,职位发布,非权益,28.7,一线城市,SME,1-49人,行政
USR_000033,,,,,,2026-01-16,2026-01-16,2026-01-16,置顶刷新,权益,65.1,一线城市,SME,1-49人,行政
USR_000033,USR_000033,,,USR_000033,,2026-02-26,2026-02-26,2026-02-26,在线沟通,非权益,11.7,一线城市,SME,1-49人,行政
USR_000033,,,USR_000033,,,2026-03-01,2026-03-01,2026-03-01,简历搜索,非权益,29.7,一线城市,SME,1-49人,行政
USR_000033,USR_000033,,,USR_000033,,2026-02-18,2026-02-18,2026-02-18,在线沟通,非权益,13.3,一线城市,SME,1-49人,行政
USR_000033,USR_000033,,,,,2026-02-13,2026-02-13,2026-02-13,置顶刷新,权益,67.1,一线城市,SME,1-49人,行政
USR_000033,,,,,,2026-01-25,2026-01-25,2026-01-25,急聘推广,权益,32.0,一线城市,SME,1-49人,行政
USR_000033,,,,,,2026-01-27,2026-01-27,2026-01-27,置顶刷新,权益,30.8,一线城市,SME,1-49人,行政
USR_000033,USR_000033,,,USR_000033,,2026-01-29,2026-01-29,2026-01-29,在线沟通,非权益,5.6,一线城市,SME,1-49人,行政
USR_000033,USR_000033,,,,USR_000033,2026-02-27,2026-02-27,2026-02-27,简历查看,非权益,33.7,一线城市,SME,1-49人,行政
USR_000033,USR_000033,USR_000033,,,,2026-01-30,2026-01-30,2026-01-30,职位发布,非权益,7.4,一线城市,SME,1-49人,行政
USR_000033,USR_000033,,,,USR_000033,2026-01-20,2026-01-20,2026-01-20,简历查看,非权益,9.0,一线城市,SME,1-49人,行政
USR_000033,USR_000033,USR_000033,,,,2026-03-01,2026-03-01,2026-03-01,职位发布,非权益,20.7,一线城市,SME,1-49人,行政
USR_000034,USR_000034,,,,,2026-01-17,2026-01-17,2026-01-17,权益礼包,权益,6.4,新一线城市,SME,100-499人,产品
USR_000034,USR_000034,,,,,2026-01-18,2026-01-18,2026-01-18,企业认证,非权益,21.5,新一线城市,SME,100-499人,产品
USR_000034,USR_000034,,,,,2026-01-11,2026-01-11,2026-01-11,企业认证,非权益,40.4,新一线城市,SME,100-499人,产品
USR_000034,USR_000034,,,,,2026-02-10,2026-02-10,2026-02-10,急聘推广,权益,16.8,新一线城市,SME,100-499人,产品
USR_000034,USR_000034,,,,,2026-02-10,2026-02-10,2026-02-10,企业认证,非权益,82.7,新一线城市,SME,100-499人,产品
USR_000034,USR_000034,,,,,2026-01-15,2026-01-15,2026-01-15,企业认证,非权益,22.3,新一线城市,SME,100-499人,产品
USR_000034,USR_000034,,,,USR_000034,2026-02-02,2026-02-02,2026-02-02,简历查看,非权益,5.2,新一线城市,SME,100-499人,产品
USR_000034,USR_000034,,,,USR_000034,2026-02-02,2026-02-02,2026-02-02,简历查看,非权益,6.7,新一线城市,SME,100-499人,产品
USR_000034,USR_000034,,,,,2026-01-30,2026-01-30,2026-01-30,权益礼包,权益,6.5,新一线城市,SME,100-499人,产品
USR_000034,USR_000034,,,,,2026-02-08,2026-02-08,2026-02-08,急聘推广,权益,20.1,新一线城市,SME,100-499人,产品
USR_000034,,,,,,2026-02-27,2026-02-27,2026-02-27,急聘推广,权益,9.0,新一线城市,SME,100-499人,产品
USR_000034,USR_000034,,,,,2026-02-13,2026-02-13,2026-02-13,置顶刷新,权益,23.2,新一线城市,SME,100-499人,产品
USR_000034,USR_000034,,,USR_000034,,2026-02-28,2026-02-28,2026-02-28,在线沟通,非权益,54.5,新一线城市,SME,100-499人,产品
USR_000034,USR_000034,,,,,2026-01-31,2026-01-31,2026-01-31,置顶刷新,权益,27.2,新一线城市,SME,100-499人,产品
USR_000034,,,,,,2026-01-08,2026-01-08,2026-01-08,企业认证,非权益,34.1,新一线城市,SME,100-499人,产品
USR_000034,,,,,,2026-02-16,2026-02-16,2026-02-16,急聘推广,权益,6.5,新一线城市,SME,100-499人,产品
USR_000034,USR_000034,,,,USR_000034,2026-01-16,2026-01-16,2026-01-16,简历查看,非权益,35.6,新一线城市,SME,100-499人,产品
USR_000034,USR_000034,,USR_000034,,,2026-01-03,2026-01-03,2026-01-03,简历搜索,非权益,8.2,新一线城市,SME,100-499人,产品
USR_000034,,,,,,2026-01-11,2026-01-11,2026-01-11,急聘推广,权益,21.2,新一线城市,SME,100-499人,产品
USR_000034,USR_000034,,,,USR_000034,2026-01-13,2026-01-13,2026-01-13,简历查看,非权益,22.2,新一线城市,SME,100-499人,产品
USR_000034,USR_000034,,,USR_000034,,2026-02-24,2026-02-24,2026-02-24,在线沟通,非权益,29.5,新一线城市,SME,100-499人,产品
USR_000035,,,USR_000035,,,2026-01-06,2026-01-06,2026-01-06,简历搜索,非权益,9.7,四线城市,SME,100-499人,市场
USR_000035,,,,,,2026-02-25,2026-02-25,2026-02-25,企业认证,非权益,23.9,四线城市,SME,100-499人,市场
USR_000035,USR_000035,,USR_000035,,,2026-02-20,2026-02-20,2026-02-20,简历搜索,非权益,6.3,四线城市,SME,100-499人,市场
USR_000035,USR_000035,,,,,2026-01-15,2026-01-15,2026-01-15,置顶刷新,权益,16.2,四线城市,SME,100-499人,市场
USR_000035,,,,,,2026-01-21,2026-01-21,2026-01-21,急聘推广,权益,29.4,四线城市,SME,100-499人,市场
USR_000035,USR_000035,,,,USR_000035,2026-02-06,2026-02-06,2026-02-06,简历查看,非权益,13.3,四线城市,SME,100-499人,市场
USR_000035,USR_000035,,,,USR_000035,2026-03-01,2026-03-01,2026-03-01,简历查看,非权益,41.3,四线城市,SME,100-499人,市场
USR_000035,USR_000035,,,,,2026-02-10,2026-02-10,2026-02-10,企业认证,非权益,28.3,四线城市,SME,100-499人,市场
USR_000035,,,,,,2026-02-05,2026-02-05,2026-02-05,企业认证,非权益,46.6,四线城市,SME,100-499人,市场
USR_000035,USR_000035,,,,,2026-02-08,2026-02-08,2026-02-08,急聘推广,权益,21.2,四线城市,SME,100-499人,市场
USR_000035,USR_000035,,,,,2026-01-12,2026-01-12,2026-01-12,急聘推广,权益,16.3,四线城市,SME,100-499人,市场
USR_000035,USR_000035,,,,,2026-01-15,2026-01-15,2026-01-15,权益礼包,权益,31.9,四线城市,SME,100-499人,市场
USR_000035,USR_000035,,,,USR_000035,2026-02-17,2026-02-17,2026-02-17,简历查看,非权益,23.0,四线城市,SME,100-499人,市场
USR_000035,USR_000035,,,,,2026-01-14,2026-01-14,2026-01-14,急聘推广,权益,14.6,四线城市,SME,100-499人,市场
USR_000035,USR_000035,,,,,2026-02-14,2026-02-14,2026-02-14,急聘推广,权益,6.8,四线城市,SME,100-499人,市场
USR_000035,USR_000035,,,,,2026-02-16,2026-02-16,2026-02-16,权益礼包,权益,20.6,四线城市,SME,100-499人,市场
USR_000035,USR_000035,,,,USR_000035,2026-01-02,2026-01-02,2026-01-02,简历查看,非权益,24.0,四线城市,SME,100-499人,市场
USR_000035,USR_000035,USR_000035,,,,2026-02-26,2026-02-26,2026-02-26,职位发布,非权益,40.1,四线城市,SME,100-499人,市场
USR_000035,,,,,,2026-01-01,2026-01-01,2026-01-01,权益礼包,权益,7.5,四线城市,SME,100-499人,市场
USR_000035,USR_000035,,,,,2026-01-23,2026-01-23,2026-01-23,权益礼包,权益,9.8,四线城市,SME,100-499人,市场
USR_000035,USR_000035,,,USR_000035,,2026-02-23,2026-02-23,2026-02-23,在线沟通,非权益,18.2,四线城市,SME,100-499人,市场
USR_000035,,,USR_000035,,,2026-01-12,2026-01-12,2026-01-12,简历搜索,非权益,15.1,四线城市,SME,100-499人,市场
USR_000035,USR_000035,,,,USR_000035,2026-01-08,2026-01-08,2026-01-08,简历查看,非权益,27.1,四线城市,SME,100-499人,市场
USR_000036,USR_000036,,,,,2026-02-06,2026-02-06,2026-02-06,置顶刷新,权益,32.4,三线城市,SME,100-499人,客服
USR_000036,USR_000036,,,,,2026-02-13,2026-02-13,2026-02-13,企业认证,非权益,40.9,三线城市,SME,100-499人,客服
USR_000036,USR_000036,,,,,2026-02-13,2026-02-13,2026-02-13,急聘推广,权益,5.6,三线城市,SME,100-499人,客服
USR_000036,USR_000036,,,,,2026-01-02,2026-01-02,2026-01-02,急聘推广,权益,9.7,三线城市,SME,100-499人,客服
USR_000036,USR_000036,,USR_000036,,,2026-01-29,2026-01-29,2026-01-29,简历搜索,非权益,9.6,三线城市,SME,100-499人,客服
USR_000036,USR_000036,,,,,2026-02-22,2026-02-22,2026-02-22,权益礼包,权益,7.0,三线城市,SME,100-499人,客服
USR_000036,USR_000036,,,USR_000036,,2026-01-14,2026-01-14,2026-01-14,在线沟通,非权益,14.1,三线城市,SME,100-499人,客服
USR_000036,USR_000036,,USR_000036,,,2026-01-24,2026-01-24,2026-01-24,简历搜索,非权益,5.3,三线城市,SME,100-499人,客服
USR_000036,,USR_000036,,,,2026-02-19,2026-02-19,2026-02-19,职位发布,非权益,20.6,三线城市,SME,100-499人,客服
USR_000036,USR_000036,,,,,2026-02-16,2026-02-16,2026-02-16,企业认证,非权益,12.6,三线城市,SME,100-499人,客服
USR_000036,USR_000036,,,,,2026-01-20,2026-01-20,2026-01-20,急聘推广,权益,7.6,三线城市,SME,100-499人,客服
USR_000036,,,,,USR_000036,2026-01-16,2026-01-16,2026-01-16,简历查看,非权益,28.8,三线城市,SME,100-499人,客服
USR_000036,USR_000036,,,,,2026-02-19,2026-02-19,2026-02-19,企业认证,非权益,28.6,三线城市,SME,100-499人,客服
USR_000036,USR_000036,,,,,2026-02-01,2026-02-01,2026-02-01,权益礼包,权益,64.5,三线城市,SME,100-499人,客服
USR_000036,USR_000036,,,,,2026-02-03,2026-02-03,2026-02-03,置顶刷新,权益,74.2,三线城市,SME,100-499人,客服
USR_000036,USR_000036,,,USR_000036,,2026-01-10,2026-01-10,2026-01-10,在线沟通,非权益,10.0,三线城市,SME,100-499人,客服
USR_000036,,,USR_000036,,,2026-01-08,2026-01-08,2026-01-08,简历搜索,非权益,31.3,三线城市,SME,100-499人,客服
USR_000036,,,,USR_000036,,2026-01-08,2026-01-08,2026-01-08,在线沟通,非权益,50.2,三线城市,SME,100-499人,客服
USR_000036,,USR_000036,,,,2026-01-19,2026-01-19,2026-01-19,职位发布,非权益,36.6,三线城市,SME,100-499人,客服
USR_000036,USR_000036,,,,,2026-01-05,2026-01-05,2026-01-05,企业认证,非权益,12.7,三线城市,SME,100-499人,客服
USR_000036,USR_000036,,USR_000036,,,2026-02-19,2026-02-19,2026-02-19,简历搜索,非权益,11.9,三线城市,SME,100-499人,客服
USR_000036,,USR_000036,,,,2026-02-10,2026-02-10,2026-02-10,职位发布,非权益,30.1,三线城市,SME,100-499人,客服
USR_000037,USR_000037,,USR_000037,,,2026-02-07,2026-02-07,2026-02-07,简历搜索,非权益,24.8,四线城市,SME,100-499人,市场
USR_000037,,,,,,2026-02-03,2026-02-03,2026-02-03,急聘推广,权益,33.8,四线城市,SME,100-499人,市场
USR_000037,,,,USR_000037,,2026-02-14,2026-02-14,2026-02-14,在线沟通,非权益,7.3,四线城市,SME,100-499人,市场
USR_000037,USR_000037,,,,,2026-01-07,2026-01-07,2026-01-07,急聘推广,权益,12.1,四线城市,SME,100-499人,市场
USR_000037,USR_000037,,,,USR_000037,2026-02-27,2026-02-27,2026-02-27,简历查看,非权益,26.4,四线城市,SME,100-499人,市场
USR_000037,USR_000037,,,,USR_000037,2026-01-29,2026-01-29,2026-01-29,简历查看,非权益,9.9,四线城市,SME,100-499人,市场
USR_000037,USR_000037,USR_000037,,,,2026-02-04,2026-02-04,2026-02-04,职位发布,非权益,6.4,四线城市,SME,100-499人,市场
USR_000037,USR_000037,,,USR_000037,,2026-01-08,2026-01-08,2026-01-08,在线沟通,非权益,22.4,四线城市,SME,100-499人,市场
USR_000037,USR_000037,,,,,2026-01-09,2026-01-09,2026-01-09,急聘推广,权益,40.8,四线城市,SME,100-499人,市场
USR_000037,USR_000037,,,,,2026-01-02,2026-01-02,2026-01-02,企业认证,非权益,5.5,四线城市,SME,100-499人,市场
USR_000037,USR_000037,,USR_000037,,,2026-01-25,2026-01-25,2026-01-25,简历搜索,非权益,14.2,四线城市,SME,100-499人,市场
USR_000037,USR_000037,,,,,2026-01-15,2026-01-15,2026-01-15,权益礼包,权益,21.9,四线城市,SME,100-499人,市场
USR_000037,,,,,,2026-01-23,2026-01-23,2026-01-23,企业认证,非权益,27.8,四线城市,SME,100-499人,市场
USR_000037,USR_000037,,,USR_000037,,2026-02-12,2026-02-12,2026-02-12,在线沟通,非权益,8.9,四线城市,SME,100-499人,市场
USR_000037,USR_000037,,,,,2026-01-16,2026-01-16,2026-01-16,置顶刷新,权益,46.1,四线城市,SME,100-499人,市场
USR_000037,,USR_000037,,,,2026-02-05,2026-02-05,2026-02-05,职位发布,非权益,6.1,四线城市,SME,100-499人,市场
USR_000037,USR_000037,,,,,2026-01-13,2026-01-13,2026-01-13,权益礼包,权益,6.9,四线城市,SME,100-499人,市场
USR_000037,USR_000037,,,,,2026-01-04,2026-01-04,2026-01-04,权益礼包,权益,11.0,四线城市,SME,100-499人,市场
USR_000037,,,,USR_000037,,2026-01-29,2026-01-29,2026-01-29,在线沟通,非权益,18.9,四线城市,SME,100-499人,市场
USR_000037,USR_000037,,,,,2026-02-11,2026-02-11,2026-02-11,企业认证,非权益,27.7,四线城市,SME,100-499人,市场
USR_000037,USR_000037,USR_000037,,,,2026-01-13,2026-01-13,2026-01-13,职位发布,非权益,7.3,四线城市,SME,100-499人,市场
USR_000038,,,,,,2026-02-25,2026-02-25,2026-02-25,置顶刷新,权益,8.7,三线城市,KA,1000-2000人,财务
USR_000038,USR_000038,,,,,2026-02-05,2026-02-05,2026-02-05,企业认证,非权益,6.6,三线城市,KA,1000-2000人,财务
USR_000038,USR_000038,,,,,2026-01-01,2026-01-01,2026-01-01,急聘推广,权益,18.5,三线城市,KA,1000-2000人,财务
USR_000038,USR_000038,,,,,2026-02-28,2026-02-28,2026-02-28,置顶刷新,权益,23.3,三线城市,KA,1000-2000人,财务
USR_000038,USR_000038,,,,,2026-01-22,2026-01-22,2026-01-22,权益礼包,权益,33.4,三线城市,KA,1000-2000人,财务
USR_000038,USR_000038,,,,,2026-01-10,2026-01-10,2026-01-10,置顶刷新,权益,13.1,三线城市,KA,1000-2000人,财务
USR_000038,,,USR_000038,,,2026-01-08,2026-01-08,2026-01-08,简历搜索,非权益,19.6,三线城市,KA,1000-2000人,财务
USR_000038,USR_000038,,,USR_000038,,2026-02-06,2026-02-06,2026-02-06,在线沟通,非权益,28.7,三线城市,KA,1000-2000人,财务
USR_000038,USR_000038,,,,USR_000038,2026-03-01,2026-03-01,2026-03-01,简历查看,非权益,34.8,三线城市,KA,1000-2000人,财务
USR_000038,USR_000038,,,USR_000038,,2026-02-05,2026-02-05,2026-02-05,在线沟通,非权益,14.9,三线城市,KA,1000-2000人,财务
USR_000038,USR_000038,,,,,2026-02-16,2026-02-16,2026-02-16,权益礼包,权益,41.6,三线城市,KA,1000-2000人,财务
USR_000039,USR_000039,,,,,2026-02-04,2026-02-04,2026-02-04,置顶刷新,权益,19.2,四线城市,KA,10000人以上,客服
USR_000040,,,,,,2026-01-25,2026-01-25,2026-01-25,急聘推广,权益,7.6,一线城市,SME,1000-2000人,销售
USR_000040,USR_000040,,,,,2026-01-18,2026-01-18,2026-01-18,权益礼包,权益,15.1,一线城市,SME,1000-2000人,销售
USR_000040,USR_000040,,,,,2026-02-10,2026-02-10,2026-02-10,置顶刷新,权益,90.3,一线城市,SME,1000-2000人,销售
USR_000040,USR_000040,,,,USR_000040,2026-02-15,2026-02-15,2026-02-15,简历查看,非权益,28.2,一线城市,SME,1000-2000人,销售
USR_000040,USR_000040,,USR_000040,,,2026-02-01,2026-02-01,2026-02-01,简历搜索,非权益,6.5,一线城市,SME,1000-2000人,销售
USR_000040,,,,,,2026-02-06,2026-02-06,2026-02-06,企业认证,非权益,8.8,一线城市,SME,1000-2000人,销售
USR_000040,USR_000040,,,,,2026-02-02,2026-02-02,2026-02-02,企业认证,非权益,12.9,一线城市,SME,1000-2000人,销售
USR_000040,USR_000040,,,,USR_000040,2026-01-13,2026-01-13,2026-01-13,简历查看,非权益,6.3,一线城市,SME,1000-2000人,销售
USR_000040,USR_000040,,,,,2026-02-13,2026-02-13,2026-02-13,权益礼包,权益,19.0,一线城市,SME,1000-2000人,销售
USR_000040,USR_000040,,,,,2026-01-08,2026-01-08,2026-01-08,急聘推广,权益,18.7,一线城市,SME,1000-2000人,销售
USR_000041,USR_000041,,USR_000041,,,2026-02-07,2026-02-07,2026-02-07,简历搜索,非权益,28.6,五线城市,SME,5000-10000人,市场
USR_000041,USR_000041,,,,,2026-02-21,2026-02-21,2026-02-21,急聘推广,权益,19.9,五线城市,SME,5000-10000人,市场
USR_000041,USR_000041,,,,USR_000041,2026-01-05,2026-01-05,2026-01-05,简历查看,非权益,26.1,五线城市,SME,5000-10000人,市场
USR_000042,USR_000042,,,,,2026-01-12,2026-01-12,2026-01-12,企业认证,非权益,24.7,新一线城市,KA,1-49人,财务
USR_000042,,,,,USR_000042,2026-01-03,2026-01-03,2026-01-03,简历查看,非权益,9.8,新一线城市,KA,1-49人,财务
USR_000042,USR_000042,,,,USR_000042,2026-02-20,2026-02-20,2026-02-20,简历查看,非权益,93.0,新一线城市,KA,1-49人,财务
USR_000042,USR_000042,,,,,2026-02-25,2026-02-25,2026-02-25,企业认证,非权益,38.2,新一线城市,KA,1-49人,财务
USR_000042,USR_000042,,,,,2026-01-20,2026-01-20,2026-01-20,权益礼包,权益,6.7,新一线城市,KA,1-49人,财务
USR_000042,USR_000042,,,,,2026-02-01,2026-02-01,2026-02-01,置顶刷新,权益,36.5,新一线城市,KA,1-49人,财务
USR_000042,,,,,,2026-02-21,2026-02-21,2026-02-21,急聘推广,权益,5.7,新一线城市,KA,1-49人,财务
USR_000042,USR_000042,USR_000042,,,,2026-01-23,2026-01-23,2026-01-23,职位发布,非权益,13.0,新一线城市,KA,1-49人,财务
USR_000042,,,,,,2026-01-02,2026-01-02,2026-01-02,权益礼包,权益,19.5,新一线城市,KA,1-49人,财务
USR_000042,USR_000042,,,USR_000042,,2026-01-03,2026-01-03,2026-01-03,在线沟通,非权益,15.7,新一线城市,KA,1-49人,财务
USR_000042,USR_000042,,,,USR_000042,2026-01-18,2026-01-18,2026-01-18,简历查看,非权益,50.3,新一线城市,KA,1-49人,财务
USR_000042,,,,USR_000042,,2026-01-15,2026-01-15,2026-01-15,在线沟通,非权益,39.3,新一线城市,KA,1-49人,财务
USR_000042,,,USR_000042,,,2026-01-12,2026-01-12,2026-01-12,简历搜索,非权益,7.2,新一线城市,KA,1-49人,财务
USR_000042,USR_000042,,USR_000042,,,2026-02-14,2026-02-14,2026-02-14,简历搜索,非权益,42.9,新一线城市,KA,1-49人,财务
USR_000042,,,,,,2026-01-14,2026-01-14,2026-01-14,急聘推广,权益,33.1,新一线城市,KA,1-49人,财务
USR_000042,USR_000042,,,,USR_000042,2026-01-14,2026-01-14,2026-01-14,简历查看,非权益,14.3,新一线城市,KA,1-49人,财务
USR_000042,USR_000042,,USR_000042,,,2026-01-27,2026-01-27,2026-01-27,简历搜索,非权益,12.6,新一线城市,KA,1-49人,财务
USR_000042,USR_000042,,,,USR_000042,2026-01-18,2026-01-18,2026-01-18,简历查看,非权益,36.1,新一线城市,KA,1-49人,财务
USR_000042,USR_000042,USR_000042,,,,2026-02-23,2026-02-23,2026-02-23,职位发布,非权益,21.8,新一线城市,KA,1-49人,财务
USR_000042,,USR_000042,,,,2026-02-15,2026-02-15,2026-02-15,职位发布,非权益,36.8,新一线城市,KA,1-49人,财务
USR_000042,,,,,USR_000042,2026-01-03,2026-01-03,2026-01-03,简历查看,非权益,36.4,新一线城市,KA,1-49人,财务
USR_000042,USR_000042,,,,,2026-02-22,2026-02-22,2026-02-22,权益礼包,权益,16.7,新一线城市,KA,1-49人,财务
USR_000042,USR_000042,,,,USR_000042,2026-01-25,2026-01-25,2026-01-25,简历查看,非权益,6.5,新一线城市,KA,1-49人,财务
USR_000043,USR_000043,,USR_000043,,,2026-01-29,2026-01-29,2026-01-29,简历搜索,非权益,23.4,三线城市,SME,2000-5000人,市场
USR_000043,USR_000043,,,,,2026-02-12,2026-02-12,2026-02-12,权益礼包,权益,23.9,三线城市,SME,2000-5000人,市场
USR_000043,USR_000043,,,USR_000043,,2026-01-31,2026-01-31,2026-01-31,在线沟通,非权益,32.3,三线城市,SME,2000-5000人,市场
USR_000043,USR_000043,,USR_000043,,,2026-01-25,2026-01-25,2026-01-25,简历搜索,非权益,99.9,三线城市,SME,2000-5000人,市场
USR_000043,USR_000043,,,,,2026-01-31,2026-01-31,2026-01-31,权益礼包,权益,79.1,三线城市,SME,2000-5000人,市场
USR_000043,USR_000043,,,USR_000043,,2026-01-09,2026-01-09,2026-01-09,在线沟通,非权益,7.3,三线城市,SME,2000-5000人,市场
USR_000043,USR_000043,,,,,2026-02-15,2026-02-15,2026-02-15,急聘推广,权益,26.2,三线城市,SME,2000-5000人,市场
USR_000043,USR_000043,,,,USR_000043,2026-02-02,2026-02-02,2026-02-02,简历查看,非权益,107.8,三线城市,SME,2000-5000人,市场
USR_000043,USR_000043,USR_000043,,,,2026-02-06,2026-02-06,2026-02-06,职位发布,非权益,11.6,三线城市,SME,2000-5000人,市场
USR_000043,USR_000043,,,,USR_000043,2026-02-05,2026-02-05,2026-02-05,简历查看,非权益,15.0,三线城市,SME,2000-5000人,市场
USR_000043,,,,,,2026-02-06,2026-02-06,2026-02-06,置顶刷新,权益,15.8,三线城市,SME,2000-5000人,市场
USR_000043,USR_000043,,,,,2026-02-04,2026-02-04,2026-02-04,权益礼包,权益,14.6,三线城市,SME,2000-5000人,市场
USR_000044,USR_000044,,,,,2026-01-02,2026-01-02,2026-01-02,置顶刷新,权益,14.8,四线城市,SME,1000-2000人,行政
USR_000044,USR_000044,,,,,2026-01-15,2026-01-15,2026-01-15,急聘推广,权益,25.6,四线城市,SME,1000-2000人,行政
USR_000044,USR_000044,,,,,2026-02-08,2026-02-08,2026-02-08,企业认证,非权益,12.0,四线城市,SME,1000-2000人,行政
USR_000044,USR_000044,,USR_000044,,,2026-02-19,2026-02-19,2026-02-19,简历搜索,非权益,9.0,四线城市,SME,1000-2000人,行政
USR_000044,USR_000044,,,,,2026-02-14,2026-02-14,2026-02-14,权益礼包,权益,13.4,四线城市,SME,1000-2000人,行政
USR_000044,USR_000044,USR_000044,,,,2026-03-01,2026-03-01,2026-03-01,职位发布,非权益,17.5,四线城市,SME,1000-2000人,行政
USR_000044,USR_000044,,,,,2026-02-24,2026-02-24,2026-02-24,企业认证,非权益,7.4,四线城市,SME,1000-2000人,行政
USR_000044,USR_000044,,USR_000044,,,2026-02-21,2026-02-21,2026-02-21,简历搜索,非权益,24.0,四线城市,SME,1000-2000人,行政
USR_000044,USR_000044,,,USR_000044,,2026-02-10,2026-02-10,2026-02-10,在线沟通,非权益,40.3,四线城市,SME,1000-2000人,行政
USR_000044,,,USR_000044,,,2026-01-21,2026-01-21,2026-01-21,简历搜索,非权益,7.6,四线城市,SME,1000-2000人,行政
USR_000044,USR_000044,,,,,2026-01-17,2026-01-17,2026-01-17,企业认证,非权益,56.5,四线城市,SME,1000-2000人,行政
USR_000044,USR_000044,,USR_000044,,,2026-03-01,2026-03-01,2026-03-01,简历搜索,非权益,10.9,四线城市,SME,1000-2000人,行政
USR_000044,USR_000044,,USR_000044,,,2026-02-27,2026-02-27,2026-02-27,简历搜索,非权益,32.4,四线城市,SME,1000-2000人,行政
USR_000044,USR_000044,,,,USR_000044,2026-01-11,2026-01-11,2026-01-11,简历查看,非权益,13.8,四线城市,SME,1000-2000人,行政
USR_000045,USR_000045,,,,,2026-02-14,2026-02-14,2026-02-14,企业认证,非权益,29.1,一线城市,SME,500-999人,财务
USR_000045,USR_000045,USR_000045,,,,2026-01-23,2026-01-23,2026-01-23,职位发布,非权益,5.8,一线城市,SME,500-999人,财务
USR_000045,,USR_000045,,,,2026-01-23,2026-01-23,2026-01-23,职位发布,非权益,6.3,一线城市,SME,500-999人,财务
USR_000045,USR_000045,,,,,2026-02-04,2026-02-04,2026-02-04,企业认证,非权益,61.4,一线城市,SME,500-999人,财务
USR_000045,USR_000045,,,,,2026-02-09,2026-02-09,2026-02-09,权益礼包,权益,11.3,一线城市,SME,500-999人,财务
USR_000045,,,,USR_000045,,2026-02-21,2026-02-21,2026-02-21,在线沟通,非权益,24.5,一线城市,SME,500-999人,财务
USR_000045,USR_000045,,,,USR_000045,2026-02-20,2026-02-20,2026-02-20,简历查看,非权益,6.9,一线城市,SME,500-999人,财务
USR_000045,,,,,,2026-02-23,2026-02-23,2026-02-23,急聘推广,权益,10.5,一线城市,SME,500-999人,财务
USR_000045,USR_000045,,,,,2026-02-16,2026-02-16,2026-02-16,急聘推广,权益,66.9,一线城市,SME,500-999人,财务
USR_000045,,,,,,2026-01-08,2026-01-08,2026-01-08,置顶刷新,权益,22.6,一线城市,SME,500-999人,财务
USR_000045,USR_000045,,USR_000045,,,2026-01-15,2026-01-15,2026-01-15,简历搜索,非权益,7.3,一线城市,SME,500-999人,财务
USR_000045,,,,,,2026-01-04,2026-01-04,2026-01-04,急聘推广,权益,23.6,一线城市,SME,500-999人,财务
USR_000045,USR_000045,,USR_000045,,,2026-02-24,2026-02-24,2026-02-24,简历搜索,非权益,67.2,一线城市,SME,500-999人,财务
USR_000045,USR_000045,,,,,2026-02-05,2026-02-05,2026-02-05,权益礼包,权益,75.4,一线城市,SME,500-999人,财务
USR_000045,USR_000045,,,,,2026-01-13,2026-01-13,2026-01-13,急聘推广,权益,29.8,一线城市,SME,500-999人,财务
USR_000045,USR_000045,,,,,2026-02-01,2026-02-01,2026-02-01,企业认证,非权益,7.5,一线城市,SME,500-999人,财务
USR_000045,,,,,,2026-01-17,2026-01-17,2026-01-17,置顶刷新,权益,9.6,一线城市,SME,500-999人,财务
USR_000045,USR_000045,USR_000045,,,,2026-02-09,2026-02-09,2026-02-09,职位发布,非权益,15.4,一线城市,SME,500-999人,财务
USR_000045,,USR_000045,,,,2026-02-19,2026-02-19,2026-02-19,职位发布,非权益,10.0,一线城市,SME,500-999人,财务
USR_000045,USR_000045,,,,,2026-02-13,2026-02-13,2026-02-13,权益礼包,权益,44.2,一线城市,SME,500-999人,财务
USR_000045,USR_000045,,,,,2026-01-21,2026-01-21,2026-01-21,企业认证,非权益,35.5,一线城市,SME,500-999人,财务
USR_000045,,,,,,2026-02-08,2026-02-08,2026-02-08,置顶刷新,权益,50.2,一线城市,SME,500-999人,财务
USR_000046,,,,,,2026-02-15,2026-02-15,2026-02-15,企业认证,非权益,32.0,四线城市,SME,1000-2000人,行政
USR_000046,USR_000046,,,,USR_000046,2026-02-01,2026-02-01,2026-02-01,简历查看,非权益,19.2,四线城市,SME,1000-2000人,行政
USR_000046,,,,USR_000046,,2026-01-25,2026-01-25,2026-01-25,在线沟通,非权益,5.8,四线城市,SME,1000-2000人,行政
USR_000046,USR_000046,,USR_000046,,,2026-01-02,2026-01-02,2026-01-02,简历搜索,非权益,28.3,四线城市,SME,1000-2000人,行政
USR_000046,USR_000046,,,USR_000046,,2026-02-19,2026-02-19,2026-02-19,在线沟通,非权益,17.7,四线城市,SME,1000-2000人,行政
USR_000046,,,,,,2026-02-13,2026-02-13,2026-02-13,企业认证,非权益,19.1,四线城市,SME,1000-2000人,行政
USR_000046,USR_000046,,,,,2026-02-02,2026-02-02,2026-02-02,权益礼包,权益,11.4,四线城市,SME,1000-2000人,行政
USR_000046,USR_000046,,,USR_000046,,2026-01-23,2026-01-23,2026-01-23,在线沟通,非权益,42.2,四线城市,SME,1000-2000人,行政
USR_000046,,,,,,2026-01-25,2026-01-25,2026-01-25,置顶刷新,权益,8.1,四线城市,SME,1000-2000人,行政
USR_000046,USR_000046,,USR_000046,,,2026-02-27,2026-02-27,2026-02-27,简历搜索,非权益,10.1,四线城市,SME,1000-2000人,行政
USR_000046,,,,,,2026-01-03,2026-01-03,2026-01-03,权益礼包,权益,6.9,四线城市,SME,1000-2000人,行政
USR_000046,USR_000046,,,,,2026-02-11,2026-02-11,2026-02-11,企业认证,非权益,11.7,四线城市,SME,1000-2000人,行政
USR_000046,USR_000046,,,,,2026-02-15,2026-02-15,2026-02-15,权益礼包,权益,8.7,四线城市,SME,1000-2000人,行政
USR_000046,,USR_000046,,,,2026-02-17,2026-02-17,2026-02-17,职位发布,非权益,19.5,四线城市,SME,1000-2000人,行政
USR_000046,,,,,,2026-02-11,2026-02-11,2026-02-11,急聘推广,权益,5.6,四线城市,SME,1000-2000人,行政
USR_000046,USR_000046,USR_000046,,,,2026-01-14,2026-01-14,2026-01-14,职位发布,非权益,62.1,四线城市,SME,1000-2000人,行政
USR_000046,USR_000046,USR_000046,,,,2026-01-20,2026-01-20,2026-01-20,职位发布,非权益,7.9,四线城市,SME,1000-2000人,行政
USR_000046,,,,,,2026-01-06,2026-01-06,2026-01-06,置顶刷新,权益,106.0,四线城市,SME,1000-2000人,行政
USR_000047,USR_000047,,,,,2026-02-04,2026-02-04,2026-02-04,急聘推广,权益,24.6,四线城市,SME,50-99人,产品
USR_000047,USR_000047,,,,,2026-02-09,2026-02-09,2026-02-09,急聘推广,权益,5.5,四线城市,SME,50-99人,产品
USR_000047,USR_000047,,,,,2026-01-04,2026-01-04,2026-01-04,急聘推广,权益,13.8,四线城市,SME,50-99人,产品
USR_000047,,USR_000047,,,,2026-02-24,2026-02-24,2026-02-24,职位发布,非权益,17.8,四线城市,SME,50-99人,产品
USR_000048,USR_000048,,,,USR_000048,2026-02-25,2026-02-25,2026-02-25,简历查看,非权益,25.3,四线城市,SME,5000-10000人,市场
USR_000048,USR_000048,,USR_000048,,,2026-01-19,2026-01-19,2026-01-19,简历搜索,非权益,36.4,四线城市,SME,5000-10000人,市场
USR_000048,USR_000048,USR_000048,,,,2026-02-15,2026-02-15,2026-02-15,职位发布,非权益,26.4,四线城市,SME,5000-10000人,市场
USR_000049,USR_000049,,,,USR_000049,2026-01-19,2026-01-19,2026-01-19,简历查看,非权益,7.9,五线城市,SME,1000-2000人,财务
USR_000049,USR_000049,,,,,2026-02-18,2026-02-18,2026-02-18,置顶刷新,权益,6.7,五线城市,SME,1000-2000人,财务
USR_000049,USR_000049,,,,USR_000049,2026-02-18,2026-02-18,2026-02-18,简历查看,非权益,28.9,五线城市,SME,1000-2000人,财务
USR_000049,,,,USR_000049,,2026-02-26,2026-02-26,2026-02-26,在线沟通,非权益,23.5,五线城市,SME,1000-2000人,财务
USR_000049,USR_000049,USR_000049,,,,2026-01-06,2026-01-06,2026-01-06,职位发布,非权益,32.7,五线城市,SME,1000-2000人,财务
USR_000049,USR_000049,,,USR_000049,,2026-01-15,2026-01-15,2026-01-15,在线沟通,非权益,38.0,五线城市,SME,1000-2000人,财务
USR_000049,USR_000049,,,USR_000049,,2026-02-08,2026-02-08,2026-02-08,在线沟通,非权益,21.0,五线城市,SME,1000-2000人,财务
USR_000049,USR_000049,USR_000049,,,,2026-02-21,2026-02-21,2026-02-21,职位发布,非权益,12.3,五线城市,SME,1000-2000人,财务
USR_000049,USR_000049,,,,,2026-02-12,2026-02-12,2026-02-12,权益礼包,权益,37.1,五线城市,SME,1000-2000人,财务
USR_000049,USR_000049,,,,,2026-01-06,2026-01-06,2026-01-06,权益礼包,权益,11.4,五线城市,SME,1000-2000人,财务
USR_000049,USR_000049,,,,,2026-01-19,2026-01-19,2026-01-19,权益礼包,权益,15.1,五线城市,SME,1000-2000人,财务
USR_000049,,,,USR_000049,,2026-01-05,2026-01-05,2026-01-05,在线沟通,非权益,8.7,五线城市,SME,1000-2000人,财务
USR_000050,USR_000050,,,,,2026-01-26,2026-01-26,2026-01-26,急聘推广,权益,28.4,四线城市,SME,1000-2000人,市场
USR_000050,USR_000050,,USR_000050,,,2026-02-04,2026-02-04,2026-02-04,简历搜索,非权益,28.5,四线城市,SME,1000-2000人,市场
USR_000050,USR_000050,,,,,2026-02-10,2026-02-10,2026-02-10,急聘推广,权益,22.0,四线城市,SME,1000-2000人,市场
USR_000050,,,,,USR_000050,2026-02-26,2026-02-26,2026-02-26,简历查看,非权益,24.3,四线城市,SME,1000-2000人,市场
USR_000050,USR_000050,,,,USR_000050,2026-01-21,2026-01-21,2026-01-21,简历查看,非权益,6.1,四线城市,SME,1000-2000人,市场
USR_000050,USR_000050,,,,,2026-01-22,2026-01-22,2026-01-22,急聘推广,权益,10.1,四线城市,SME,1000-2000人,市场
USR_000050,USR_000050,,,,USR_000050,2026-01-14,2026-01-14,2026-01-14,简历查看,非权益,10.7,四线城市,SME,1000-2000人,市场
USR_000050,USR_000050,,,,,2026-01-31,2026-01-31,2026-01-31,急聘推广,权益,32.0,四线城市,SME,1000-2000人,市场
USR_000050,USR_000050,,,,USR_000050,2026-01-09,2026-01-09,2026-01-09,简历查看,非权益,5.6,四线城市,SME,1000-2000人,市场
USR_000050,,,,,USR_000050,2026-01-18,2026-01-18,2026-01-18,简历查看,非权益,7.7,四线城市,SME,1000-2000人,市场
USR_000050,USR_000050,,,,USR_000050,2026-02-19,2026-02-19,2026-02-19,简历查看,非权益,12.7,四线城市,SME,1000-2000人,市场
USR_000050,USR_000050,,,,,2026-01-15,2026-01-15,2026-01-15,置顶刷新,权益,24.6,四线城市,SME,1000-2000人,市场
USR_000050,USR_000050,,,,USR_000050,2026-01-24,2026-01-24,2026-01-24,简历查看,非权益,54.7,四线城市,SME,1000-2000人,市场
USR_000050,USR_000050,,USR_000050,,,2026-01-26,2026-01-26,2026-01-26,简历搜索,非权益,10.4,四线城市,SME,1000-2000人,市场
USR_000050,,USR_000050,,,,2026-02-06,2026-02-06,2026-02-06,职位发布,非权益,10.3,四线城市,SME,1000-2000人,市场
USR_000050,USR_000050,,,USR_000050,,2026-01-23,2026-01-23,2026-01-23,在线沟通,非权益,20.0,四线城市,SME,1000-2000人,市场
USR_000050,,,,USR_000050,,2026-02-20,2026-02-20,2026-02-20,在线沟通,非权益,21.9,四线城市,SME,1000-2000人,市场
USR_000051,,,USR_000051,,,2026-02-26,2026-02-26,2026-02-26,简历搜索,非权益,19.8,一线城市,KA,500-999人,财务
USR_000051,USR_000051,USR_000051,,,,2026-01-24,2026-01-24,2026-01-24,职位发布,非权益,40.4,一线城市,KA,500-999人,财务
USR_000051,USR_000051,,USR_000051,,,2026-02-12,2026-02-12,2026-02-12,简历搜索,非权益,27.1,一线城市,KA,500-999人,财务
USR_000051,USR_000051,USR_000051,,,,2026-02-03,2026-02-03,2026-02-03,职位发布,非权益,16.0,一线城市,KA,500-999人,财务
USR_000051,USR_000051,USR_000051,,,,2026-01-10,2026-01-10,2026-01-10,职位发布,非权益,57.4,一线城市,KA,500-999人,财务
USR_000051,USR_000051,,,,,2026-02-26,2026-02-26,2026-02-26,企业认证,非权益,16.2,一线城市,KA,500-999人,财务
USR_000051,USR_000051,,,,,2026-02-20,2026-02-20,2026-02-20,企业认证,非权益,19.2,一线城市,KA,500-999人,财务
USR_000051,USR_000051,,,,,2026-02-16,2026-02-16,2026-02-16,企业认证,非权益,34.6,一线城市,KA,500-999人,财务
USR_000051,USR_000051,,USR_000051,,,2026-02-04,2026-02-04,2026-02-04,简历搜索,非权益,32.8,一线城市,KA,500-999人,财务
USR_000052,USR_000052,,,,,2026-02-21,2026-02-21,2026-02-21,急聘推广,权益,9.1,四线城市,KA,5000-10000人,市场
USR_000052,,,,,,2026-01-15,2026-01-15,2026-01-15,权益礼包,权益,41.8,四线城市,KA,5000-10000人,市场
USR_000052,USR_000052,,,USR_000052,,2026-02-10,2026-02-10,2026-02-10,在线沟通,非权益,30.0,四线城市,KA,5000-10000人,市场
USR_000052,USR_000052,USR_000052,,,,2026-01-02,2026-01-02,2026-01-02,职位发布,非权益,16.2,四线城市,KA,5000-10000人,市场
USR_000052,USR_000052,,,,,2026-02-13,2026-02-13,2026-02-13,企业认证,非权益,17.4,四线城市,KA,5000-10000人,市场
USR_000052,USR_000052,,,,,2026-02-08,2026-02-08,2026-02-08,急聘推广,权益,36.1,四线城市,KA,5000-10000人,市场
USR_000052,,,USR_000052,,,2026-02-12,2026-02-12,2026-02-12,简历搜索,非权益,65.1,四线城市,KA,5000-10000人,市场
USR_000053,USR_000053,,,,USR_000053,2026-02-10,2026-02-10,2026-02-10,简历查看,非权益,23.1,三线城市,SME,10000人以上,市场
USR_000053,USR_000053,,,,,2026-01-09,2026-01-09,2026-01-09,置顶刷新,权益,49.4,三线城市,SME,10000人以上,市场
USR_000053,USR_000053,,,,,2026-01-18,2026-01-18,2026-01-18,企业认证,非权益,26.4,三线城市,SME,10000人以上,市场
USR_000053,USR_000053,,,,USR_000053,2026-01-02,2026-01-02,2026-01-02,简历查看,非权益,40.0,三线城市,SME,10000人以上,市场
USR_000053,USR_000053,,,USR_000053,,2026-01-27,2026-01-27,2026-01-27,在线沟通,非权益,78.9,三线城市,SME,10000人以上,市场
USR_000053,USR_000053,USR_000053,,,,2026-01-28,2026-01-28,2026-01-28,职位发布,非权益,8.7,三线城市,SME,10000人以上,市场
USR_000053,USR_000053,,,,,2026-02-01,2026-02-01,2026-02-01,权益礼包,权益,8.0,三线城市,SME,10000人以上,市场
USR_000053,USR_000053,,,,USR_000053,2026-01-30,2026-01-30,2026-01-30,简历查看,非权益,6.6,三线城市,SME,10000人以上,市场
USR_000053,,,,,,2026-01-09,2026-01-09,2026-01-09,企业认证,非权益,17.7,三线城市,SME,10000人以上,市场
USR_000053,USR_000053,,,,,2026-01-01,2026-01-01,2026-01-01,企业认证,非权益,79.6,三线城市,SME,10000人以上,市场
USR_000053,USR_000053,,,,,2026-01-30,2026-01-30,2026-01-30,权益礼包,权益,8.3,三线城市,SME,10000人以上,市场
USR_000053,USR_000053,,,,,2026-02-27,2026-02-27,2026-02-27,急聘推广,权益,8.2,三线城市,SME,10000人以上,市场
USR_000053,USR_000053,,,USR_000053,,2026-01-05,2026-01-05,2026-01-05,在线沟通,非权益,18.5,三线城市,SME,10000人以上,市场
USR_000053,,USR_000053,,,,2026-01-20,2026-01-20,2026-01-20,职位发布,非权益,6.5,三线城市,SME,10000人以上,市场
USR_000053,USR_000053,,,,,2026-02-04,2026-02-04,2026-02-04,权益礼包,权益,40.2,三线城市,SME,10000人以上,市场
USR_000053,USR_000053,,,,USR_000053,2026-02-07,2026-02-07,2026-02-07,简历查看,非权益,27.3,三线城市,SME,10000人以上,市场
USR_000053,USR_000053,,,,USR_000053,2026-02-26,2026-02-26,2026-02-26,简历查看,非权益,36.0,三线城市,SME,10000人以上,市场
USR_000053,USR_000053,,,,USR_000053,2026-01-09,2026-01-09,2026-01-09,简历查看,非权益,17.3,三线城市,SME,10000人以上,市场
USR_000053,USR_000053,,,USR_000053,,2026-01-12,2026-01-12,2026-01-12,在线沟通,非权益,8.4,三线城市,SME,10000人以上,市场
USR_000053,,,,,,2026-01-28,2026-01-28,2026-01-28,权益礼包,权益,6.9,三线城市,SME,10000人以上,市场
USR_000053,USR_000053,,,,,2026-02-04,2026-02-04,2026-02-04,权益礼包,权益,12.7,三线城市,SME,10000人以上,市场
USR_000053,,,,,,2026-01-18,2026-01-18,2026-01-18,置顶刷新,权益,24.0,三线城市,SME,10000人以上,市场
USR_000053,,,,,,2026-01-22,2026-01-22,2026-01-22,企业认证,非权益,34.5,三线城市,SME,10000人以上,市场
USR_000053,USR_000053,,,,,2026-01-15,2026-01-15,2026-01-15,急聘推广,权益,5.6,三线城市,SME,10000人以上,市场
USR_000054,USR_000054,,,,USR_000054,2026-02-16,2026-02-16,2026-02-16,简历查看,非权益,39.9,新一线城市,SME,10000人以上,产品
USR_000054,,,,,USR_000054,2026-01-01,2026-01-01,2026-01-01,简历查看,非权益,10.9,新一线城市,SME,10000人以上,产品
USR_000054,USR_000054,,,,,2026-01-03,2026-01-03,2026-01-03,置顶刷新,权益,17.9,新一线城市,SME,10000人以上,产品
USR_000054,USR_000054,,,,,2026-01-15,2026-01-15,2026-01-15,急聘推广,权益,5.6,新一线城市,SME,10000人以上,产品
USR_000054,USR_000054,,,,,2026-02-22,2026-02-22,2026-02-22,权益礼包,权益,55.1,新一线城市,SME,10000人以上,产品
USR_000054,,,,,USR_000054,2026-01-17,2026-01-17,2026-01-17,简历查看,非权益,33.0,新一线城市,SME,10000人以上,产品
USR_000054,USR_000054,,,,,2026-01-15,2026-01-15,2026-01-15,权益礼包,权益,47.8,新一线城市,SME,10000人以上,产品
USR_000054,USR_000054,,,USR_000054,,2026-01-27,2026-01-27,2026-01-27,在线沟通,非权益,7.1,新一线城市,SME,10000人以上,产品
USR_000054,USR_000054,,,,,2026-02-15,2026-02-15,2026-02-15,企业认证,非权益,41.0,新一线城市,SME,10000人以上,产品
USR_000054,USR_000054,,,,,2026-02-04,2026-02-04,2026-02-04,企业认证,非权益,34.2,新一线城市,SME,10000人以上,产品
USR_000054,USR_000054,,,USR_000054,,2026-01-20,2026-01-20,2026-01-20,在线沟通,非权益,14.8,新一线城市,SME,10000人以上,产品
USR_000054,,,,,,2026-01-26,2026-01-26,2026-01-26,急聘推广,权益,7.5,新一线城市,SME,10000人以上,产品
USR_000054,,USR_000054,,,,2026-01-19,2026-01-19,2026-01-19,职位发布,非权益,36.5,新一线城市,SME,10000人以上,产品
USR_000054,,,,USR_000054,,2026-01-09,2026-01-09,2026-01-09,在线沟通,非权益,77.1,新一线城市,SME,10000人以上,产品
USR_000054,USR_000054,,,,,2026-01-09,2026-01-09,2026-01-09,急聘推广,权益,36.8,新一线城市,SME,10000人以上,产品
USR_000054,,,,,USR_000054,2026-01-19,2026-01-19,2026-01-19,简历查看,非权益,7.1,新一线城市,SME,10000人以上,产品
USR_000055,USR_000055,,,,,2026-01-09,2026-01-09,2026-01-09,急聘推广,权益,16.4,四线城市,SME,10000人以上,销售
USR_000055,USR_000055,USR_000055,,,,2026-01-14,2026-01-14,2026-01-14,职位发布,非权益,11.3,四线城市,SME,10000人以上,销售
USR_000055,,,,USR_000055,,2026-01-14,2026-01-14,2026-01-14,在线沟通,非权益,5.9,四线城市,SME,10000人以上,销售
USR_000055,,,,,USR_000055,2026-01-28,2026-01-28,2026-01-28,简历查看,非权益,24.8,四线城市,SME,10000人以上,销售
USR_000055,,,,,,2026-01-22,2026-01-22,2026-01-22,急聘推广,权益,8.7,四线城市,SME,10000人以上,销售
USR_000055,USR_000055,,,,,2026-01-16,2026-01-16,2026-01-16,置顶刷新,权益,33.5,四线城市,SME,10000人以上,销售
USR_000056,USR_000056,,,,,2026-01-21,2026-01-21,2026-01-21,权益礼包,权益,37.0,二线城市,SME,2000-5000人,研发
USR_000056,USR_000056,,,USR_000056,,2026-02-13,2026-02-13,2026-02-13,在线沟通,非权益,6.8,二线城市,SME,2000-5000人,研发
USR_000056,USR_000056,,,,,2026-01-09,2026-01-09,2026-01-09,权益礼包,权益,36.8,二线城市,SME,2000-5000人,研发
USR_000056,USR_000056,,,,,2026-02-01,2026-02-01,2026-02-01,企业认证,非权益,18.1,二线城市,SME,2000-5000人,研发
USR_000056,USR_000056,,,,,2026-02-09,2026-02-09,2026-02-09,置顶刷新,权益,15.3,二线城市,SME,2000-5000人,研发
USR_000056,USR_000056,,,,,2026-01-15,2026-01-15,2026-01-15,置顶刷新,权益,45.1,二线城市,SME,2000-5000人,研发
USR_000056,USR_000056,,,,,2026-01-22,2026-01-22,2026-01-22,权益礼包,权益,23.0,二线城市,SME,2000-5000人,研发
USR_000056,,,,,USR_000056,2026-02-26,2026-02-26,2026-02-26,简历查看,非权益,9.9,二线城市,SME,2000-5000人,研发
USR_000056,USR_000056,,,,,2026-01-28,2026-01-28,2026-01-28,置顶刷新,权益,13.7,二线城市,SME,2000-5000人,研发
USR_000056,USR_000056,,,,,2026-01-03,2026-01-03,2026-01-03,权益礼包,权益,59.1,二线城市,SME,2000-5000人,研发
USR_000056,,,USR_000056,,,2026-01-27,2026-01-27,2026-01-27,简历搜索,非权益,17.7,二线城市,SME,2000-5000人,研发
USR_000056,USR_000056,,,,,2026-02-07,2026-02-07,2026-02-07,置顶刷新,权益,10.3,二线城市,SME,2000-5000人,研发
USR_000057,USR_000057,,,,,2026-01-19,2026-01-19,2026-01-19,企业认证,非权益,69.1,四线城市,SME,50-99人,运营
USR_000057,USR_000057,,,,,2026-02-14,2026-02-14,2026-02-14,权益礼包,权益,8.9,四线城市,SME,50-99人,运营
USR_000057,USR_000057,,,USR_000057,,2026-02-17,2026-02-17,2026-02-17,在线沟通,非权益,9.2,四线城市,SME,50-99人,运营
USR_000057,,,,,,2026-02-07,2026-02-07,2026-02-07,权益礼包,权益,5.9,四线城市,SME,50-99人,运营
USR_000057,,,,,,2026-02-12,2026-02-12,2026-02-12,企业认证,非权益,11.0,四线城市,SME,50-99人,运营
USR_000057,USR_000057,,,,,2026-01-21,2026-01-21,2026-01-21,置顶刷新,权益,9.4,四线城市,SME,50-99人,运营
USR_000057,USR_000057,,USR_000057,,,2026-02-12,2026-02-12,2026-02-12,简历搜索,非权益,10.9,四线城市,SME,50-99人,运营
USR_000057,USR_000057,,,,,2026-02-06,2026-02-06,2026-02-06,企业认证,非权益,35.7,四线城市,SME,50-99人,运营
USR_000057,,,,,,2026-02-20,2026-02-20,2026-02-20,权益礼包,权益,20.4,四线城市,SME,50-99人,运营
USR_000057,USR_000057,,,,,2026-01-13,2026-01-13,2026-01-13,置顶刷新,权益,5.8,四线城市,SME,50-99人,运营
USR_000057,,,,USR_000057,,2026-01-13,2026-01-13,2026-01-13,在线沟通,非权益,8.3,四线城市,SME,50-99人,运营
USR_000057,,,,,,2026-02-13,2026-02-13,2026-02-13,企业认证,非权益,43.5,四线城市,SME,50-99人,运营
USR_000057,USR_000057,,,,,2026-02-22,2026-02-22,2026-02-22,权益礼包,权益,25.2,四线城市,SME,50-99人,运营
USR_000057,,USR_000057,,,,2026-02-14,2026-02-14,2026-02-14,职位发布,非权益,60.4,四线城市,SME,50-99人,运营
USR_000057,,,,,,2026-01-08,2026-01-08,2026-01-08,权益礼包,权益,5.0,四线城市,SME,50-99人,运营
USR_000057,,,,,,2026-02-14,2026-02-14,2026-02-14,急聘推广,权益,5.7,四线城市,SME,50-99人,运营
USR_000057,USR_000057,,,,USR_000057,2026-01-18,2026-01-18,2026-01-18,简历查看,非权益,24.7,四线城市,SME,50-99人,运营
USR_000058,,,,,USR_000058,2026-02-09,2026-02-09,2026-02-09,简历查看,非权益,6.3,三线城市,SME,100-499人,财务
USR_000059,USR_000059,USR_000059,,,,2026-01-10,2026-01-10,2026-01-10,职位发布,非权益,21.2,一线城市,SME,5000-10000人,客服
USR_000059,USR_000059,,USR_000059,,,2026-01-14,2026-01-14,2026-01-14,简历搜索,非权益,49.0,一线城市,SME,5000-10000人,客服
USR_000059,,USR_000059,,,,2026-02-08,2026-02-08,2026-02-08,职位发布,非权益,28.2,一线城市,SME,5000-10000人,客服
USR_000059,,,,USR_000059,,2026-02-22,2026-02-22,2026-02-22,在线沟通,非权益,6.2,一线城市,SME,5000-10000人,客服
USR_000059,USR_000059,,,,,2026-01-30,2026-01-30,2026-01-30,企业认证,非权益,5.2,一线城市,SME,5000-10000人,客服
USR_000059,USR_000059,,,,,2026-01-12,2026-01-12,2026-01-12,急聘推广,权益,17.0,一线城市,SME,5000-10000人,客服
USR_000059,USR_000059,,,,,2026-01-15,2026-01-15,2026-01-15,权益礼包,权益,7.4,一线城市,SME,5000-10000人,客服
USR_000059,USR_000059,USR_000059,,,,2026-01-31,2026-01-31,2026-01-31,职位发布,非权益,35.5,一线城市,SME,5000-10000人,客服
USR_000059,USR_000059,,,,,2026-01-28,2026-01-28,2026-01-28,急聘推广,权益,39.4,一线城市,SME,5000-10000人,客服
USR_000059,USR_000059,,,,USR_000059,2026-02-04,2026-02-04,2026-02-04,简历查看,非权益,19.1,一线城市,SME,5000-10000人,客服
USR_000059,USR_000059,,,,,2026-02-27,2026-02-27,2026-02-27,急聘推广,权益,9.6,一线城市,SME,5000-10000人,客服
USR_000059,USR_000059,,,,,2026-01-03,2026-01-03,2026-01-03,企业认证,非权益,20.6,一线城市,SME,5000-10000人,客服
USR_000059,USR_000059,USR_000059,,,,2026-01-23,2026-01-23,2026-01-23,职位发布,非权益,20.7,一线城市,SME,5000-10000人,客服
USR_000059,USR_000059,,USR_000059,,,2026-02-28,2026-02-28,2026-02-28,简历搜索,非权益,27.0,一线城市,SME,5000-10000人,客服
USR_000059,USR_000059,USR_000059,,,,2026-01-24,2026-01-24,2026-01-24,职位发布,非权益,8.3,一线城市,SME,5000-10000人,客服
USR_000059,USR_000059,,,,,2026-01-07,2026-01-07,2026-01-07,权益礼包,权益,44.7,一线城市,SME,5000-10000人,客服
USR_000059,USR_000059,USR_000059,,,,2026-02-16,2026-02-16,2026-02-16,职位发布,非权益,5.5,一线城市,SME,5000-10000人,客服
USR_000059,USR_000059,,,,USR_000059,2026-01-18,2026-01-18,2026-01-18,简历查看,非权益,12.5,一线城市,SME,5000-10000人,客服
USR_000059,USR_000059,,,,,2026-01-27,2026-01-27,2026-01-27,置顶刷新,权益,11.7,一线城市,SME,5000-10000人,客服
USR_000060,USR_000060,,,,,2026-01-12,2026-01-12,2026-01-12,企业认证,非权益,7.0,四线城市,SME,10000人以上,市场
USR_000060,,USR_000060,,,,2026-02-14,2026-02-14,2026-02-14,职位发布,非权益,9.7,四线城市,SME,10000人以上,市场
USR_000060,USR_000060,,,,,2026-02-28,2026-02-28,2026-02-28,企业认证,非权益,7.6,四线城市,SME,10000人以上,市场
USR_000060,USR_000060,,USR_000060,,,2026-01-27,2026-01-27,2026-01-27,简历搜索,非权益,51.8,四线城市,SME,10000人以上,市场
USR_000060,USR_000060,,,USR_000060,,2026-02-11,2026-02-11,2026-02-11,在线沟通,非权益,11.8,四线城市,SME,10000人以上,市场
USR_000060,USR_000060,,,,,2026-01-15,2026-01-15,2026-01-15,权益礼包,权益,7.5,四线城市,SME,10000人以上,市场
USR_000061,,,,,,2026-01-04,2026-01-04,2026-01-04,急聘推广,权益,19.2,新一线城市,SME,100-499人,财务
USR_000061,USR_000061,,,,,2026-01-13,2026-01-13,2026-01-13,权益礼包,权益,8.0,新一线城市,SME,100-499人,财务
USR_000061,,USR_000061,,,,2026-02-14,2026-02-14,2026-02-14,职位发布,非权益,31.7,新一线城市,SME,100-499人,财务
USR_000061,USR_000061,,,,,2026-02-06,2026-02-06,2026-02-06,权益礼包,权益,18.7,新一线城市,SME,100-499人,财务
USR_000061,USR_000061,,,,,2026-01-22,2026-01-22,2026-01-22,权益礼包,权益,37.8,新一线城市,SME,100-499人,财务
USR_000062,USR_000062,,USR_000062,,,2026-02-18,2026-02-18,2026-02-18,简历搜索,非权益,25.4,新一线城市,SME,1000-2000人,运营
USR_000062,,,,,,2026-02-13,2026-02-13,2026-02-13,权益礼包,权益,19.2,新一线城市,SME,1000-2000人,运营
USR_000062,USR_000062,USR_000062,,,,2026-01-28,2026-01-28,2026-01-28,职位发布,非权益,151.9,新一线城市,SME,1000-2000人,运营
USR_000063,,USR_000063,,,,2026-02-04,2026-02-04,2026-02-04,职位发布,非权益,22.6,新一线城市,SME,100-499人,客服
USR_000063,USR_000063,USR_000063,,,,2026-01-24,2026-01-24,2026-01-24,职位发布,非权益,9.0,新一线城市,SME,100-499人,客服
USR_000063,USR_000063,,,,,2026-01-08,2026-01-08,2026-01-08,权益礼包,权益,16.6,新一线城市,SME,100-499人,客服
USR_000063,USR_000063,,,,USR_000063,2026-02-23,2026-02-23,2026-02-23,简历查看,非权益,64.9,新一线城市,SME,100-499人,客服
USR_000063,,,,,,2026-02-03,2026-02-03,2026-02-03,权益礼包,权益,18.7,新一线城市,SME,100-499人,客服
USR_000063,USR_000063,,,,USR_000063,2026-02-23,2026-02-23,2026-02-23,简历查看,非权益,33.1,新一线城市,SME,100-499人,客服
USR_000063,,,,,USR_000063,2026-01-05,2026-01-05,2026-01-05,简历查看,非权益,10.8,新一线城市,SME,100-499人,客服
USR_000063,,,,,,2026-02-27,2026-02-27,2026-02-27,急聘推广,权益,7.9,新一线城市,SME,100-499人,客服
USR_000063,,,,USR_000063,,2026-01-26,2026-01-26,2026-01-26,在线沟通,非权益,16.9,新一线城市,SME,100-499人,客服
USR_000063,USR_000063,,,,,2026-01-06,2026-01-06,2026-01-06,企业认证,非权益,13.5,新一线城市,SME,100-499人,客服
USR_000063,USR_000063,,,,,2026-01-11,2026-01-11,2026-01-11,急聘推广,权益,30.8,新一线城市,SME,100-499人,客服
USR_000063,USR_000063,,,,,2026-01-27,2026-01-27,2026-01-27,置顶刷新,权益,17.2,新一线城市,SME,100-499人,客服
USR_000063,,,USR_000063,,,2026-01-17,2026-01-17,2026-01-17,简历搜索,非权益,76.1,新一线城市,SME,100-499人,客服
USR_000064,,,,,USR_000064,2026-01-07,2026-01-07,2026-01-07,简历查看,非权益,9.0,三线城市,SME,5000-10000人,财务
USR_000064,,USR_000064,,,,2026-01-08,2026-01-08,2026-01-08,职位发布,非权益,15.4,三线城市,SME,5000-10000人,财务
USR_000064,,USR_000064,,,,2026-02-02,2026-02-02,2026-02-02,职位发布,非权益,6.2,三线城市,SME,5000-10000人,财务
USR_000064,USR_000064,,,,,2026-01-03,2026-01-03,2026-01-03,急聘推广,权益,17.9,三线城市,SME,5000-10000人,财务
USR_000064,,,,,,2026-01-31,2026-01-31,2026-01-31,急聘推广,权益,30.9,三线城市,SME,5000-10000人,财务
USR_000064,USR_000064,,,,,2026-01-29,2026-01-29,2026-01-29,急聘推广,权益,42.0,三线城市,SME,5000-10000人,财务
USR_000064,USR_000064,,USR_000064,,,2026-02-11,2026-02-11,2026-02-11,简历搜索,非权益,23.6,三线城市,SME,5000-10000人,财务
USR_000064,USR_000064,,,,USR_000064,2026-01-02,2026-01-02,2026-01-02,简历查看,非权益,28.8,三线城市,SME,5000-10000人,财务
USR_000064,,,,,,2026-02-26,2026-02-26,2026-02-26,急聘推广,权益,88.9,三线城市,SME,5000-10000人,财务
USR_000064,,,USR_000064,,,2026-01-08,2026-01-08,2026-01-08,简历搜索,非权益,6.7,三线城市,SME,5000-10000人,财务
USR_000064,USR_000064,,,,,2026-01-07,2026-01-07,2026-01-07,急聘推广,权益,12.5,三线城市,SME,5000-10000人,财务
USR_000064,USR_000064,,,,,2026-01-01,2026-01-01,2026-01-01,权益礼包,权益,5.1,三线城市,SME,5000-10000人,财务
USR_000064,,,,,,2026-01-05,2026-01-05,2026-01-05,企业认证,非权益,34.8,三线城市,SME,5000-10000人,财务
USR_000064,,USR_000064,,,,2026-02-05,2026-02-05,2026-02-05,职位发布,非权益,7.0,三线城市,SME,5000-10000人,财务
USR_000064,,,,,,2026-01-09,2026-01-09,2026-01-09,置顶刷新,权益,10.9,三线城市,SME,5000-10000人,财务
USR_000064,USR_000064,,,,USR_000064,2026-01-30,2026-01-30,2026-01-30,简历查看,非权益,11.6,三线城市,SME,5000-10000人,财务
USR_000064,USR_000064,,,,,2026-01-03,2026-01-03,2026-01-03,企业认证,非权益,20.5,三线城市,SME,5000-10000人,财务
USR_000064,USR_000064,,,,,2026-02-03,2026-02-03,2026-02-03,企业认证,非权益,6.9,三线城市,SME,5000-10000人,财务
USR_000065,,,USR_000065,,,2026-03-01,2026-03-01,2026-03-01,简历搜索,非权益,5.9,新一线城市,KA,5000-10000人,研发
USR_000065,USR_000065,,USR_000065,,,2026-01-26,2026-01-26,2026-01-26,简历搜索,非权益,11.3,新一线城市,KA,5000-10000人,研发
USR_000065,USR_000065,,,,USR_000065,2026-02-03,2026-02-03,2026-02-03,简历查看,非权益,34.3,新一线城市,KA,5000-10000人,研发
USR_000065,USR_000065,,,,,2026-02-25,2026-02-25,2026-02-25,急聘推广,权益,47.6,新一线城市,KA,5000-10000人,研发
USR_000065,USR_000065,,,,,2026-02-08,2026-02-08,2026-02-08,权益礼包,权益,9.6,新一线城市,KA,5000-10000人,研发
USR_000065,,USR_000065,,,,2026-01-30,2026-01-30,2026-01-30,职位发布,非权益,21.7,新一线城市,KA,5000-10000人,研发
USR_000066,USR_000066,USR_000066,,,,2026-02-24,2026-02-24,2026-02-24,职位发布,非权益,15.7,二线城市,SME,2000-5000人,财务
USR_000066,USR_000066,,USR_000066,,,2026-02-05,2026-02-05,2026-02-05,简历搜索,非权益,6.3,二线城市,SME,2000-5000人,财务
USR_000066,USR_000066,,,,,2026-02-19,2026-02-19,2026-02-19,企业认证,非权益,27.5,二线城市,SME,2000-5000人,财务
USR_000066,,,,,USR_000066,2026-02-22,2026-02-22,2026-02-22,简历查看,非权益,19.5,二线城市,SME,2000-5000人,财务
USR_000066,USR_000066,,,,,2026-01-04,2026-01-04,2026-01-04,置顶刷新,权益,31.9,二线城市,SME,2000-5000人,财务
USR_000066,USR_000066,,USR_000066,,,2026-01-12,2026-01-12,2026-01-12,简历搜索,非权益,11.0,二线城市,SME,2000-5000人,财务
USR_000066,USR_000066,,USR_000066,,,2026-02-25,2026-02-25,2026-02-25,简历搜索,非权益,6.0,二线城市,SME,2000-5000人,财务
USR_000066,USR_000066,,,,USR_000066,2026-02-18,2026-02-18,2026-02-18,简历查看,非权益,5.0,二线城市,SME,2000-5000人,财务
USR_000066,USR_000066,,USR_000066,,,2026-01-29,2026-01-29,2026-01-29,简历搜索,非权益,10.8,二线城市,SME,2000-5000人,财务
USR_000066,USR_000066,,,,,2026-01-17,2026-01-17,2026-01-17,急聘推广,权益,37.9,二线城市,SME,2000-5000人,财务
USR_000066,USR_000066,USR_000066,,,,2026-01-06,2026-01-06,2026-01-06,职位发布,非权益,29.3,二线城市,SME,2000-5000人,财务
USR_000066,USR_000066,,,,,2026-01-28,2026-01-28,2026-01-28,权益礼包,权益,13.0,二线城市,SME,2000-5000人,财务
USR_000066,,,,USR_000066,,2026-01-09,2026-01-09,2026-01-09,在线沟通,非权益,11.8,二线城市,SME,2000-5000人,财务
USR_000066,,,,,USR_000066,2026-01-18,2026-01-18,2026-01-18,简历查看,非权益,15.2,二线城市,SME,2000-5000人,财务
USR_000066,USR_000066,USR_000066,,,,2026-01-06,2026-01-06,2026-01-06,职位发布,非权益,64.9,二线城市,SME,2000-5000人,财务
USR_000066,USR_000066,,,,,2026-01-17,2026-01-17,2026-01-17,权益礼包,权益,17.3,二线城市,SME,2000-5000人,财务
USR_000066,USR_000066,USR_000066,,,,2026-03-01,2026-03-01,2026-03-01,职位发布,非权益,26.9,二线城市,SME,2000-5000人,财务
USR_000066,USR_000066,,USR_000066,,,2026-02-16,2026-02-16,2026-02-16,简历搜索,非权益,27.5,二线城市,SME,2000-5000人,财务
USR_000066,,,,,,2026-02-06,2026-02-06,2026-02-06,权益礼包,权益,30.8,二线城市,SME,2000-5000人,财务
USR_000066,,USR_000066,,,,2026-01-04,2026-01-04,2026-01-04,职位发布,非权益,11.4,二线城市,SME,2000-5000人,财务
USR_000066,,,,,,2026-01-20,2026-01-20,2026-01-20,权益礼包,权益,23.6,二线城市,SME,2000-5000人,财务
USR_000067,USR_000067,,,,USR_000067,2026-02-10,2026-02-10,2026-02-10,简历查看,非权益,7.1,一线城市,SME,10000人以上,财务
USR_000067,,,,,,2026-01-14,2026-01-14,2026-01-14,企业认证,非权益,5.1,一线城市,SME,10000人以上,财务
USR_000067,USR_000067,,,,,2026-02-10,2026-02-10,2026-02-10,置顶刷新,权益,19.5,一线城市,SME,10000人以上,财务
USR_000067,,,,,USR_000067,2026-01-31,2026-01-31,2026-01-31,简历查看,非权益,13.3,一线城市,SME,10000人以上,财务
USR_000067,,,,,,2026-01-11,2026-01-11,2026-01-11,急聘推广,权益,23.8,一线城市,SME,10000人以上,财务
USR_000067,,,,,USR_000067,2026-02-14,2026-02-14,2026-02-14,简历查看,非权益,5.7,一线城市,SME,10000人以上,财务
USR_000067,,USR_000067,,,,2026-01-24,2026-01-24,2026-01-24,职位发布,非权益,7.4,一线城市,SME,10000人以上,财务
USR_000067,,,,USR_000067,,2026-01-28,2026-01-28,2026-01-28,在线沟通,非权益,6.0,一线城市,SME,10000人以上,财务
USR_000067,USR_000067,,,,USR_000067,2026-02-09,2026-02-09,2026-02-09,简历查看,非权益,20.6,一线城市,SME,10000人以上,财务
USR_000067,USR_000067,,,,,2026-03-01,2026-03-01,2026-03-01,权益礼包,权益,24.8,一线城市,SME,10000人以上,财务
USR_000068,USR_000068,,,,,2026-02-22,2026-02-22,2026-02-22,置顶刷新,权益,10.0,五线城市,SME,1000-2000人,市场
USR_000068,,,,,,2026-01-24,2026-01-24,2026-01-24,急聘推广,权益,27.2,五线城市,SME,1000-2000人,市场
USR_000068,USR_000068,,,,,2026-01-10,2026-01-10,2026-01-10,急聘推广,权益,29.0,五线城市,SME,1000-2000人,市场
USR_000068,,,,,,2026-01-17,2026-01-17,2026-01-17,急聘推广,权益,10.6,五线城市,SME,1000-2000人,市场
USR_000068,,,,,,2026-02-12,2026-02-12,2026-02-12,权益礼包,权益,5.8,五线城市,SME,1000-2000人,市场
USR_000068,,,USR_000068,,,2026-02-07,2026-02-07,2026-02-07,简历搜索,非权益,15.9,五线城市,SME,1000-2000人,市场
USR_000068,USR_000068,,,,,2026-02-16,2026-02-16,2026-02-16,企业认证,非权益,7.5,五线城市,SME,1000-2000人,市场
USR_000068,USR_000068,,,,USR_000068,2026-01-27,2026-01-27,2026-01-27,简历查看,非权益,6.4,五线城市,SME,1000-2000人,市场
USR_000068,USR_000068,,,,,2026-01-30,2026-01-30,2026-01-30,置顶刷新,权益,8.6,五线城市,SME,1000-2000人,市场
USR_000068,USR_000068,,,,,2026-02-01,2026-02-01,2026-02-01,置顶刷新,权益,12.5,五线城市,SME,1000-2000人,市场
USR_000068,USR_000068,,,,,2026-02-27,2026-02-27,2026-02-27,置顶刷新,权益,23.5,五线城市,SME,1000-2000人,市场
USR_000068,USR_000068,,,,USR_000068,2026-01-16,2026-01-16,2026-01-16,简历查看,非权益,24.6,五线城市,SME,1000-2000人,市场
USR_000068,,,,,,2026-01-07,2026-01-07,2026-01-07,权益礼包,权益,25.3,五线城市,SME,1000-2000人,市场
USR_000068,,,,,,2026-01-11,2026-01-11,2026-01-11,企业认证,非权益,21.8,五线城市,SME,1000-2000人,市场
USR_000068,USR_000068,,,,,2026-01-08,2026-01-08,2026-01-08,企业认证,非权益,8.0,五线城市,SME,1000-2000人,市场
USR_000068,,,,,,2026-01-03,2026-01-03,2026-01-03,企业认证,非权益,54.9,五线城市,SME,1000-2000人,市场
USR_000068,USR_000068,,USR_000068,,,2026-01-28,2026-01-28,2026-01-28,简历搜索,非权益,6.1,五线城市,SME,1000-2000人,市场
USR_000069,USR_000069,,,,,2026-01-05,2026-01-05,2026-01-05,置顶刷新,权益,23.9,新一线城市,SME,10000人以上,销售
USR_000069,USR_000069,,,USR_000069,,2026-01-15,2026-01-15,2026-01-15,在线沟通,非权益,32.0,新一线城市,SME,10000人以上,销售
USR_000069,,USR_000069,,,,2026-02-28,2026-02-28,2026-02-28,职位发布,非权益,22.4,新一线城市,SME,10000人以上,销售
USR_000069,,USR_000069,,,,2026-01-26,2026-01-26,2026-01-26,职位发布,非权益,11.8,新一线城市,SME,10000人以上,销售
USR_000069,,,,USR_000069,,2026-01-11,2026-01-11,2026-01-11,在线沟通,非权益,18.5,新一线城市,SME,10000人以上,销售
USR_000069,USR_000069,,,,USR_000069,2026-02-16,2026-02-16,2026-02-16,简历查看,非权益,23.5,新一线城市,SME,10000人以上,销售
USR_000069,,USR_000069,,,,2026-02-18,2026-02-18,2026-02-18,职位发布,非权益,12.4,新一线城市,SME,10000人以上,销售
USR_000069,USR_000069,,,,,2026-03-01,2026-03-01,2026-03-01,急聘推广,权益,6.1,新一线城市,SME,10000人以上,销售
USR_000069,USR_000069,,,,,2026-02-19,2026-02-19,2026-02-19,急聘推广,权益,53.0,新一线城市,SME,10000人以上,销售
USR_000069,USR_000069,,,,USR_000069,2026-02-21,2026-02-21,2026-02-21,简历查看,非权益,5.8,新一线城市,SME,10000人以上,销售
USR_000069,USR_000069,USR_000069,,,,2026-02-19,2026-02-19,2026-02-19,职位发布,非权益,30.8,新一线城市,SME,10000人以上,销售
USR_000069,USR_000069,,,,,2026-02-27,2026-02-27,2026-02-27,企业认证,非权益,6.4,新一线城市,SME,10000人以上,销售
USR_000070,USR_000070,,USR_000070,,,2026-02-15,2026-02-15,2026-02-15,简历搜索,非权益,5.8,五线城市,SME,50-99人,行政
USR_000070,USR_000070,,,,,2026-01-06,2026-01-06,2026-01-06,急聘推广,权益,9.2,五线城市,SME,50-99人,行政
USR_000070,,,,USR_000070,,2026-02-13,2026-02-13,2026-02-13,在线沟通,非权益,76.5,五线城市,SME,50-99人,行政
USR_000070,,,,,,2026-02-19,2026-02-19,2026-02-19,权益礼包,权益,10.0,五线城市,SME,50-99人,行政
USR_000070,USR_000070,,,,,2026-02-10,2026-02-10,2026-02-10,急聘推广,权益,59.4,五线城市,SME,50-99人,行政
USR_000070,,,,,,2026-02-25,2026-02-25,2026-02-25,企业认证,非权益,76.5,五线城市,SME,50-99人,行政
USR_000071,USR_000071,,,,,2026-02-24,2026-02-24,2026-02-24,置顶刷新,权益,5.2,二线城市,SME,50-99人,运营
USR_000071,,,,,,2026-01-04,2026-01-04,2026-01-04,急聘推广,权益,28.7,二线城市,SME,50-99人,运营
USR_000071,USR_000071,,,,,2026-02-03,2026-02-03,2026-02-03,权益礼包,权益,14.1,二线城市,SME,50-99人,运营
USR_000071,,,,,,2026-01-02,2026-01-02,2026-01-02,企业认证,非权益,14.0,二线城市,SME,50-99人,运营
USR_000071,,,USR_000071,,,2026-01-08,2026-01-08,2026-01-08,简历搜索,非权益,11.7,二线城市,SME,50-99人,运营
USR_000071,USR_000071,,,,,2026-01-01,2026-01-01,2026-01-01,急聘推广,权益,32.4,二线城市,SME,50-99人,运营
USR_000071,,,,,USR_000071,2026-01-24,2026-01-24,2026-01-24,简历查看,非权益,39.8,二线城市,SME,50-99人,运营
USR_000071,,,,,USR_000071,2026-01-09,2026-01-09,2026-01-09,简历查看,非权益,32.6,二线城市,SME,50-99人,运营
USR_000071,USR_000071,,,,USR_000071,2026-01-28,2026-01-28,2026-01-28,简历查看,非权益,23.1,二线城市,SME,50-99人,运营
USR_000071,USR_000071,,,,,2026-02-11,2026-02-11,2026-02-11,企业认证,非权益,38.9,二线城市,SME,50-99人,运营
USR_000071,USR_000071,,,,,2026-02-17,2026-02-17,2026-02-17,企业认证,非权益,15.1,二线城市,SME,50-99人,运营
USR_000071,USR_000071,USR_000071,,,,2026-01-29,2026-01-29,2026-01-29,职位发布,非权益,24.5,二线城市,SME,50-99人,运营
USR_000072,,,,USR_000072,,2026-02-03,2026-02-03,2026-02-03,在线沟通,非权益,5.8,三线城市,SME,10000人以上,财务
USR_000072,USR_000072,,,,,2026-01-07,2026-01-07,2026-01-07,权益礼包,权益,14.0,三线城市,SME,10000人以上,财务
USR_000072,,,,,,2026-01-30,2026-01-30,2026-01-30,权益礼包,权益,59.3,三线城市,SME,10000人以上,财务
USR_000072,USR_000072,,,USR_000072,,2026-01-26,2026-01-26,2026-01-26,在线沟通,非权益,32.9,三线城市,SME,10000人以上,财务
USR_000072,USR_000072,,,,USR_000072,2026-01-29,2026-01-29,2026-01-29,简历查看,非权益,13.0,三线城市,SME,10000人以上,财务
USR_000072,USR_000072,,,,USR_000072,2026-01-01,2026-01-01,2026-01-01,简历查看,非权益,8.8,三线城市,SME,10000人以上,财务
USR_000072,USR_000072,,,,,2026-01-20,2026-01-20,2026-01-20,权益礼包,权益,17.7,三线城市,SME,10000人以上,财务
USR_000072,USR_000072,,,USR_000072,,2026-02-10,2026-02-10,2026-02-10,在线沟通,非权益,5.7,三线城市,SME,10000人以上,财务
USR_000072,,USR_000072,,,,2026-01-22,2026-01-22,2026-01-22,职位发布,非权益,11.0,三线城市,SME,10000人以上,财务
USR_000072,USR_000072,,,,,2026-01-04,2026-01-04,2026-01-04,权益礼包,权益,15.3,三线城市,SME,10000人以上,财务
USR_000073,USR_000073,,,USR_000073,,2026-02-14,2026-02-14,2026-02-14,在线沟通,非权益,45.4,四线城市,SME,50-99人,运营
USR_000073,,,,,,2026-01-26,2026-01-26,2026-01-26,置顶刷新,权益,14.8,四线城市,SME,50-99人,运营
USR_000073,USR_000073,,,,USR_000073,2026-01-23,2026-01-23,2026-01-23,简历查看,非权益,17.4,四线城市,SME,50-99人,运营
USR_000073,USR_000073,,,,USR_000073,2026-02-14,2026-02-14,2026-02-14,简历查看,非权益,8.7,四线城市,SME,50-99人,运营
USR_000073,,,,USR_000073,,2026-02-17,2026-02-17,2026-02-17,在线沟通,非权益,9.2,四线城市,SME,50-99人,运营
USR_000073,USR_000073,USR_000073,,,,2026-01-27,2026-01-27,2026-01-27,职位发布,非权益,55.9,四线城市,SME,50-99人,运营
USR_000073,USR_000073,,,,,2026-01-01,2026-01-01,2026-01-01,权益礼包,权益,35.0,四线城市,SME,50-99人,运营
USR_000073,USR_000073,,,,,2026-02-05,2026-02-05,2026-02-05,企业认证,非权益,31.5,四线城市,SME,50-99人,运营
USR_000073,USR_000073,,USR_000073,,,2026-01-04,2026-01-04,2026-01-04,简历搜索,非权益,42.6,四线城市,SME,50-99人,运营
USR_000073,USR_000073,,,,,2026-02-22,2026-02-22,2026-02-22,置顶刷新,权益,15.0,四线城市,SME,50-99人,运营
USR_000073,USR_000073,,,,,2026-01-31,2026-01-31,2026-01-31,权益礼包,权益,31.1,四线城市,SME,50-99人,运营
USR_000073,USR_000073,USR_000073,,,,2026-02-26,2026-02-26,2026-02-26,职位发布,非权益,13.1,四线城市,SME,50-99人,运营
USR_000073,USR_000073,USR_000073,,,,2026-01-10,2026-01-10,2026-01-10,职位发布,非权益,9.1,四线城市,SME,50-99人,运营
USR_000073,USR_000073,,,,,2026-01-20,2026-01-20,2026-01-20,权益礼包,权益,5.0,四线城市,SME,50-99人,运营
USR_000073,,,,,,2026-01-04,2026-01-04,2026-01-04,置顶刷新,权益,9.6,四线城市,SME,50-99人,运营
USR_000073,,,,,,2026-02-05,2026-02-05,2026-02-05,置顶刷新,权益,39.0,四线城市,SME,50-99人,运营
USR_000073,USR_000073,,,,,2026-02-27,2026-02-27,2026-02-27,置顶刷新,权益,12.1,四线城市,SME,50-99人,运营
USR_000073,,USR_000073,,,,2026-02-17,2026-02-17,2026-02-17,职位发布,非权益,8.6,四线城市,SME,50-99人,运营
USR_000073,,,,,,2026-02-17,2026-02-17,2026-02-17,急聘推广,权益,34.6,四线城市,SME,50-99人,运营
USR_000074,USR_000074,USR_000074,,,,2026-01-16,2026-01-16,2026-01-16,职位发布,非权益,19.2,五线城市,SME,1000-2000人,产品
USR_000074,USR_000074,,USR_000074,,,2026-02-01,2026-02-01,2026-02-01,简历搜索,非权益,32.3,五线城市,SME,1000-2000人,产品
USR_000074,,USR_000074,,,,2026-01-17,2026-01-17,2026-01-17,职位发布,非权益,5.8,五线城市,SME,1000-2000人,产品
USR_000074,USR_000074,USR_000074,,,,2026-01-17,2026-01-17,2026-01-17,职位发布,非权益,11.3,五线城市,SME,1000-2000人,产品
USR_000074,,USR_000074,,,,2026-02-28,2026-02-28,2026-02-28,职位发布,非权益,6.9,五线城市,SME,1000-2000人,产品
USR_000074,USR_000074,USR_000074,,,,2026-01-25,2026-01-25,2026-01-25,职位发布,非权益,69.6,五线城市,SME,1000-2000人,产品
USR_000074,USR_000074,,,,,2026-01-24,2026-01-24,2026-01-24,置顶刷新,权益,8.6,五线城市,SME,1000-2000人,产品
USR_000075,,,USR_000075,,,2026-02-08,2026-02-08,2026-02-08,简历搜索,非权益,12.6,二线城市,SME,5000-10000人,财务
USR_000075,USR_000075,,USR_000075,,,2026-02-28,2026-02-28,2026-02-28,简历搜索,非权益,7.8,二线城市,SME,5000-10000人,财务
USR_000075,USR_000075,,,,,2026-01-06,2026-01-06,2026-01-06,急聘推广,权益,8.1,二线城市,SME,5000-10000人,财务
USR_000075,,USR_000075,,,,2026-02-18,2026-02-18,2026-02-18,职位发布,非权益,19.9,二线城市,SME,5000-10000人,财务
USR_000075,USR_000075,,,,,2026-01-01,2026-01-01,2026-01-01,置顶刷新,权益,16.9,二线城市,SME,5000-10000人,财务
USR_000075,USR_000075,,,,USR_000075,2026-02-01,2026-02-01,2026-02-01,简历查看,非权益,47.7,二线城市,SME,5000-10000人,财务
USR_000075,,USR_000075,,,,2026-01-19,2026-01-19,2026-01-19,职位发布,非权益,7.4,二线城市,SME,5000-10000人,财务
USR_000076,USR_000076,,,,,2026-01-04,2026-01-04,2026-01-04,置顶刷新,权益,17.5,新一线城市,SME,50-99人,客服
USR_000076,USR_000076,,,,,2026-02-26,2026-02-26,2026-02-26,急聘推广,权益,19.0,新一线城市,SME,50-99人,客服
USR_000076,USR_000076,,,,,2026-01-01,2026-01-01,2026-01-01,权益礼包,权益,16.8,新一线城市,SME,50-99人,客服
USR_000076,,,,,,2026-01-13,2026-01-13,2026-01-13,企业认证,非权益,27.6,新一线城市,SME,50-99人,客服
USR_000076,USR_000076,,,USR_000076,,2026-01-12,2026-01-12,2026-01-12,在线沟通,非权益,43.1,新一线城市,SME,50-99人,客服
USR_000076,USR_000076,USR_000076,,,,2026-01-20,2026-01-20,2026-01-20,职位发布,非权益,22.7,新一线城市,SME,50-99人,客服
USR_000076,,,USR_000076,,,2026-02-25,2026-02-25,2026-02-25,简历搜索,非权益,17.5,新一线城市,SME,50-99人,客服
USR_000076,USR_000076,,,,,2026-01-07,2026-01-07,2026-01-07,企业认证,非权益,54.3,新一线城市,SME,50-99人,客服
USR_000076,,,USR_000076,,,2026-01-16,2026-01-16,2026-01-16,简历搜索,非权益,22.8,新一线城市,SME,50-99人,客服
USR_000076,USR_000076,,,,USR_000076,2026-01-16,2026-01-16,2026-01-16,简历查看,非权益,8.7,新一线城市,SME,50-99人,客服
USR_000076,USR_000076,,,,USR_000076,2026-02-22,2026-02-22,2026-02-22,简历查看,非权益,12.8,新一线城市,SME,50-99人,客服
USR_000076,USR_000076,USR_000076,,,,2026-01-06,2026-01-06,2026-01-06,职位发布,非权益,28.7,新一线城市,SME,50-99人,客服
USR_000076,USR_000076,,,,,2026-01-05,2026-01-05,2026-01-05,急聘推广,权益,32.6,新一线城市,SME,50-99人,客服
USR_000076,USR_000076,,,,,2026-02-19,2026-02-19,2026-02-19,急聘推广,权益,25.8,新一线城市,SME,50-99人,客服
USR_000077,USR_000077,,,,USR_000077,2026-02-02,2026-02-02,2026-02-02,简历查看,非权益,25.0,二线城市,KA,5000-10000人,财务
USR_000077,USR_000077,,,,,2026-01-23,2026-01-23,2026-01-23,置顶刷新,权益,14.8,二线城市,KA,5000-10000人,财务
USR_000077,USR_000077,,,,,2026-01-29,2026-01-29,2026-01-29,急聘推广,权益,10.9,二线城市,KA,5000-10000人,财务
USR_000077,,,USR_000077,,,2026-01-10,2026-01-10,2026-01-10,简历搜索,非权益,5.2,二线城市,KA,5000-10000人,财务
USR_000077,,,,,,2026-01-29,2026-01-29,2026-01-29,急聘推广,权益,7.0,二线城市,KA,5000-10000人,财务
USR_000078,USR_000078,,USR_000078,,,2026-01-20,2026-01-20,2026-01-20,简历搜索,非权益,12.7,三线城市,SME,1000-2000人,研发
USR_000078,USR_000078,,,,USR_000078,2026-01-07,2026-01-07,2026-01-07,简历查看,非权益,9.1,三线城市,SME,1000-2000人,研发
USR_000078,USR_000078,USR_000078,,,,2026-02-04,2026-02-04,2026-02-04,职位发布,非权益,11.1,三线城市,SME,1000-2000人,研发
USR_000078,,,USR_000078,,,2026-02-07,2026-02-07,2026-02-07,简历搜索,非权益,21.7,三线城市,SME,1000-2000人,研发
USR_000078,USR_000078,,,,,2026-01-27,2026-01-27,2026-01-27,置顶刷新,权益,59.4,三线城市,SME,1000-2000人,研发
USR_000079,USR_000079,,,USR_000079,,2026-02-16,2026-02-16,2026-02-16,在线沟通,非权益,23.5,五线城市,SME,100-499人,市场
USR_000079,USR_000079,,,,,2026-01-03,2026-01-03,2026-01-03,急聘推广,权益,19.9,五线城市,SME,100-499人,市场
USR_000079,USR_000079,USR_000079,,,,2026-02-02,2026-02-02,2026-02-02,职位发布,非权益,20.8,五线城市,SME,100-499人,市场
USR_000079,USR_000079,,,USR_000079,,2026-02-05,2026-02-05,2026-02-05,在线沟通,非权益,5.0,五线城市,SME,100-499人,市场
USR_000079,USR_000079,,,,USR_000079,2026-01-01,2026-01-01,2026-01-01,简历查看,非权益,15.7,五线城市,SME,100-499人,市场
USR_000079,USR_000079,,,,,2026-01-15,2026-01-15,2026-01-15,权益礼包,权益,55.4,五线城市,SME,100-499人,市场
USR_000079,,,,,,2026-02-28,2026-02-28,2026-02-28,权益礼包,权益,22.7,五线城市,SME,100-499人,市场
USR_000079,USR_000079,,,,,2026-01-25,2026-01-25,2026-01-25,急聘推广,权益,22.8,五线城市,SME,100-499人,市场
USR_000079,,,,,,2026-01-04,2026-01-04,2026-01-04,权益礼包,权益,19.1,五线城市,SME,100-499人,市场
USR_000080,,,,,,2026-02-11,2026-02-11,2026-02-11,急聘推广,权益,9.3,一线城市,KA,1-49人,客服
USR_000080,USR_000080,,,,,2026-01-17,2026-01-17,2026-01-17,急聘推广,权益,29.4,一线城市,KA,1-49人,客服
USR_000080,,,USR_000080,,,2026-02-04,2026-02-04,2026-02-04,简历搜索,非权益,6.6,一线城市,KA,1-49人,客服
USR_000080,,USR_000080,,,,2026-01-28,2026-01-28,2026-01-28,职位发布,非权益,35.6,一线城市,KA,1-49人,客服
USR_000080,USR_000080,,,USR_000080,,2026-01-09,2026-01-09,2026-01-09,在线沟通,非权益,105.6,一线城市,KA,1-49人,客服
USR_000080,USR_000080,,,,USR_000080,2026-01-17,2026-01-17,2026-01-17,简历查看,非权益,25.0,一线城市,KA,1-49人,客服
USR_000080,USR_000080,,USR_000080,,,2026-01-20,2026-01-20,2026-01-20,简历搜索,非权益,24.1,一线城市,KA,1-49人,客服
USR_000080,USR_000080,,,,,2026-01-23,2026-01-23,2026-01-23,权益礼包,权益,48.6,一线城市,KA,1-49人,客服
USR_000080,USR_000080,,,,,2026-02-02,2026-02-02,2026-02-02,企业认证,非权益,10.7,一线城市,KA,1-49人,客服
USR_000080,USR_000080,,,,,2026-02-03,2026-02-03,2026-02-03,企业认证,非权益,16.1,一线城市,KA,1-49人,客服
USR_000080,USR_000080,,,USR_000080,,2026-02-27,2026-02-27,2026-02-27,在线沟通,非权益,21.3,一线城市,KA,1-49人,客服
USR_000080,USR_000080,,,,,2026-02-17,2026-02-17,2026-02-17,急聘推广,权益,43.9,一线城市,KA,1-49人,客服
USR_000080,USR_000080,,,,,2026-01-19,2026-01-19,2026-01-19,置顶刷新,权益,11.0,一线城市,KA,1-49人,客服
USR_000080,USR_000080,,,,,2026-02-15,2026-02-15,2026-02-15,企业认证,非权益,18.0,一线城市,KA,1-49人,客服
USR_000080,,,,,,2026-02-25,2026-02-25,2026-02-25,置顶刷新,权益,11.2,一线城市,KA,1-49人,客服
USR_000080,USR_000080,,,,,2026-02-11,2026-02-11,2026-02-11,急聘推广,权益,9.2,一线城市,KA,1-49人,客服
USR_000080,USR_000080,,,USR_000080,,2026-01-25,2026-01-25,2026-01-25,在线沟通,非权益,41.1,一线城市,KA,1-49人,客服
USR_000080,,USR_000080,,,,2026-02-23,2026-02-23,2026-02-23,职位发布,非权益,5.6,一线城市,KA,1-49人,客服
USR_000080,USR_000080,,,USR_000080,,2026-01-21,2026-01-21,2026-01-21,在线沟通,非权益,42.2,一线城市,KA,1-49人,客服
USR_000081,,,,USR_000081,,2026-02-06,2026-02-06,2026-02-06,在线沟通,非权益,14.8,新一线城市,SME,50-99人,市场
USR_000081,,,,,,2026-01-22,2026-01-22,2026-01-22,置顶刷新,权益,21.4,新一线城市,SME,50-99人,市场
USR_000081,USR_000081,,,,,2026-01-04,2026-01-04,2026-01-04,权益礼包,权益,14.4,新一线城市,SME,50-99人,市场
USR_000081,USR_000081,,,USR_000081,,2026-02-23,2026-02-23,2026-02-23,在线沟通,非权益,9.2,新一线城市,SME,50-99人,市场
USR_000081,,USR_000081,,,,2026-02-24,2026-02-24,2026-02-24,职位发布,非权益,5.2,新一线城市,SME,50-99人,市场
USR_000081,,USR_000081,,,,2026-01-01,2026-01-01,2026-01-01,职位发布,非权益,7.1,新一线城市,SME,50-99人,市场
USR_000082,,,,,,2026-01-03,2026-01-03,2026-01-03,置顶刷新,权益,25.8,一线城市,KA,1000-2000人,研发
USR_000082,USR_000082,,,USR_000082,,2026-01-04,2026-01-04,2026-01-04,在线沟通,非权益,11.7,一线城市,KA,1000-2000人,研发
USR_000082,USR_000082,,,,USR_000082,2026-01-27,2026-01-27,2026-01-27,简历查看,非权益,18.8,一线城市,KA,1000-2000人,研发
USR_000082,,,,,,2026-02-27,2026-02-27,2026-02-27,权益礼包,权益,33.0,一线城市,KA,1000-2000人,研发
USR_000082,,,,,,2026-02-15,2026-02-15,2026-02-15,置顶刷新,权益,60.0,一线城市,KA,1000-2000人,研发
USR_000083,,,,,,2026-01-16,2026-01-16,2026-01-16,置顶刷新,权益,6.9,五线城市,SME,50-99人,研发
USR_000083,USR_000083,USR_000083,,,,2026-01-06,2026-01-06,2026-01-06,职位发布,非权益,17.6,五线城市,SME,50-99人,研发
USR_000083,,,,,,2026-02-10,2026-02-10,2026-02-10,急聘推广,权益,25.3,五线城市,SME,50-99人,研发
USR_000083,,USR_000083,,,,2026-01-12,2026-01-12,2026-01-12,职位发布,非权益,29.8,五线城市,SME,50-99人,研发
USR_000084,USR_000084,,,,,2026-02-01,2026-02-01,2026-02-01,权益礼包,权益,9.7,一线城市,KA,1000-2000人,财务
USR_000084,USR_000084,,,,,2026-02-14,2026-02-14,2026-02-14,置顶刷新,权益,5.0,一线城市,KA,1000-2000人,财务
USR_000084,,,USR_000084,,,2026-02-06,2026-02-06,2026-02-06,简历搜索,非权益,18.0,一线城市,KA,1000-2000人,财务
USR_000084,USR_000084,,,,,2026-02-23,2026-02-23,2026-02-23,急聘推广,权益,5.3,一线城市,KA,1000-2000人,财务
USR_000084,,,,USR_000084,,2026-02-01,2026-02-01,2026-02-01,在线沟通,非权益,10.0,一线城市,KA,1000-2000人,财务
USR_000084,USR_000084,,USR_000084,,,2026-02-16,2026-02-16,2026-02-16,简历搜索,非权益,9.5,一线城市,KA,1000-2000人,财务
USR_000084,USR_000084,USR_000084,,,,2026-02-11,2026-02-11,2026-02-11,职位发布,非权益,10.1,一线城市,KA,1000-2000人,财务
USR_000084,USR_000084,,,,,2026-02-16,2026-02-16,2026-02-16,置顶刷新,权益,9.8,一线城市,KA,1000-2000人,财务
USR_000084,USR_000084,,,,,2026-01-28,2026-01-28,2026-01-28,置顶刷新,权益,82.2,一线城市,KA,1000-2000人,财务
USR_000084,,USR_000084,,,,2026-02-16,2026-02-16,2026-02-16,职位发布,非权益,41.9,一线城市,KA,1000-2000人,财务
USR_000084,USR_000084,,,USR_000084,,2026-01-10,2026-01-10,2026-01-10,在线沟通,非权益,30.2,一线城市,KA,1000-2000人,财务
USR_000084,USR_000084,,,,,2026-02-19,2026-02-19,2026-02-19,权益礼包,权益,19.2,一线城市,KA,1000-2000人,财务
USR_000084,USR_000084,USR_000084,,,,2026-02-03,2026-02-03,2026-02-03,职位发布,非权益,57.2,一线城市,KA,1000-2000人,财务
USR_000084,USR_000084,,,,,2026-02-18,2026-02-18,2026-02-18,企业认证,非权益,53.7,一线城市,KA,1000-2000人,财务
USR_000084,USR_000084,,,,,2026-01-24,2026-01-24,2026-01-24,置顶刷新,权益,9.2,一线城市,KA,1000-2000人,财务
USR_000084,,,,,,2026-01-26,2026-01-26,2026-01-26,权益礼包,权益,9.1,一线城市,KA,1000-2000人,财务
USR_000084,USR_000084,USR_000084,,,,2026-02-08,2026-02-08,2026-02-08,职位发布,非权益,5.3,一线城市,KA,1000-2000人,财务
USR_000084,USR_000084,USR_000084,,,,2026-02-12,2026-02-12,2026-02-12,职位发布,非权益,16.6,一线城市,KA,1000-2000人,财务
USR_000084,USR_000084,,,,,2026-01-29,2026-01-29,2026-01-29,置顶刷新,权益,26.0,一线城市,KA,1000-2000人,财务
USR_000084,USR_000084,,,,USR_000084,2026-01-16,2026-01-16,2026-01-16,简历查看,非权益,28.1,一线城市,KA,1000-2000人,财务
USR_000084,,,,,,2026-02-25,2026-02-25,2026-02-25,企业认证,非权益,36.0,一线城市,KA,1000-2000人,财务
USR_000084,USR_000084,,,,,2026-02-10,2026-02-10,2026-02-10,企业认证,非权益,12.3,一线城市,KA,1000-2000人,财务
USR_000085,USR_000085,USR_000085,,,,2026-02-14,2026-02-14,2026-02-14,职位发布,非权益,5.2,五线城市,SME,100-499人,研发
USR_000085,USR_000085,,,,,2026-01-30,2026-01-30,2026-01-30,急聘推广,权益,5.3,五线城市,SME,100-499人,研发
USR_000085,USR_000085,,,,,2026-02-17,2026-02-17,2026-02-17,企业认证,非权益,5.8,五线城市,SME,100-499人,研发
USR_000085,USR_000085,,,,,2026-01-12,2026-01-12,2026-01-12,急聘推广,权益,29.5,五线城市,SME,100-499人,研发
USR_000085,USR_000085,,,,,2026-01-28,2026-01-28,2026-01-28,置顶刷新,权益,77.0,五线城市,SME,100-499人,研发
USR_000085,USR_000085,,USR_000085,,,2026-01-02,2026-01-02,2026-01-02,简历搜索,非权益,86.5,五线城市,SME,100-499人,研发
USR_000085,USR_000085,,,,USR_000085,2026-01-29,2026-01-29,2026-01-29,简历查看,非权益,12.0,五线城市,SME,100-499人,研发
USR_000085,USR_000085,,,USR_000085,,2026-01-03,2026-01-03,2026-01-03,在线沟通,非权益,13.4,五线城市,SME,100-499人,研发
USR_000085,USR_000085,,,USR_000085,,2026-02-24,2026-02-24,2026-02-24,在线沟通,非权益,16.2,五线城市,SME,100-499人,研发
USR_000086,USR_000086,,,USR_000086,,2026-01-30,2026-01-30,2026-01-30,在线沟通,非权益,24.5,二线城市,SME,100-499人,产品
USR_000086,USR_000086,USR_000086,,,,2026-01-09,2026-01-09,2026-01-09,职位发布,非权益,34.4,二线城市,SME,100-499人,产品
USR_000086,USR_000086,,,,,2026-02-25,2026-02-25,2026-02-25,权益礼包,权益,6.2,二线城市,SME,100-499人,产品
USR_000086,USR_000086,,,,,2026-01-09,2026-01-09,2026-01-09,企业认证,非权益,32.4,二线城市,SME,100-499人,产品
USR_000086,USR_000086,,,,,2026-02-08,2026-02-08,2026-02-08,权益礼包,权益,30.6,二线城市,SME,100-499人,产品
USR_000086,USR_000086,,,USR_000086,,2026-02-06,2026-02-06,2026-02-06,在线沟通,非权益,27.5,二线城市,SME,100-499人,产品
USR_000086,USR_000086,,,USR_000086,,2026-01-07,2026-01-07,2026-01-07,在线沟通,非权益,12.7,二线城市,SME,100-499人,产品
USR_000086,USR_000086,,,,,2026-01-29,2026-01-29,2026-01-29,急聘推广,权益,10.4,二线城市,SME,100-499人,产品
USR_000086,USR_000086,,,,,2026-01-03,2026-01-03,2026-01-03,置顶刷新,权益,31.8,二线城市,SME,100-499人,产品
USR_000086,USR_000086,,USR_000086,,,2026-02-06,2026-02-06,2026-02-06,简历搜索,非权益,30.6,二线城市,SME,100-499人,产品
USR_000086,USR_000086,,,,USR_000086,2026-02-11,2026-02-11,2026-02-11,简历查看,非权益,27.5,二线城市,SME,100-499人,产品
USR_000086,USR_000086,,,,,2026-01-08,2026-01-08,2026-01-08,企业认证,非权益,8.7,二线城市,SME,100-499人,产品
USR_000086,,,,,,2026-02-28,2026-02-28,2026-02-28,权益礼包,权益,41.5,二线城市,SME,100-499人,产品
USR_000086,,,USR_000086,,,2026-02-13,2026-02-13,2026-02-13,简历搜索,非权益,19.7,二线城市,SME,100-499人,产品
USR_000086,USR_000086,,USR_000086,,,2026-01-02,2026-01-02,2026-01-02,简历搜索,非权益,15.6,二线城市,SME,100-499人,产品
USR_000086,,,,,,2026-01-18,2026-01-18,2026-01-18,置顶刷新,权益,15.2,二线城市,SME,100-499人,产品
USR_000086,USR_000086,,,,,2026-02-07,2026-02-07,2026-02-07,急聘推广,权益,23.2,二线城市,SME,100-499人,产品
USR_000086,USR_000086,,,USR_000086,,2026-01-30,2026-01-30,2026-01-30,在线沟通,非权益,18.5,二线城市,SME,100-499人,产品
USR_000086,USR_000086,,,,,2026-01-28,2026-01-28,2026-01-28,企业认证,非权益,10.9,二线城市,SME,100-499人,产品
USR_000086,,,,USR_000086,,2026-02-05,2026-02-05,2026-02-05,在线沟通,非权益,6.2,二线城市,SME,100-499人,产品
USR_000087,,,,,,2026-01-20,2026-01-20,2026-01-20,企业认证,非权益,29.8,三线城市,SME,5000-10000人,行政
USR_000087,USR_000087,USR_000087,,,,2026-01-28,2026-01-28,2026-01-28,职位发布,非权益,16.2,三线城市,SME,5000-10000人,行政
USR_000087,USR_000087,,,,,2026-01-06,2026-01-06,2026-01-06,急聘推广,权益,44.5,三线城市,SME,5000-10000人,行政
USR_000087,USR_000087,,,,,2026-01-05,2026-01-05,2026-01-05,置顶刷新,权益,40.1,三线城市,SME,5000-10000人,行政
USR_000087,USR_000087,,,,,2026-01-06,2026-01-06,2026-01-06,企业认证,非权益,9.0,三线城市,SME,5000-10000人,行政
USR_000087,,,,,,2026-02-09,2026-02-09,2026-02-09,企业认证,非权益,15.3,三线城市,SME,5000-10000人,行政
USR_000087,USR_000087,,,,,2026-02-07,2026-02-07,2026-02-07,权益礼包,权益,29.8,三线城市,SME,5000-10000人,行政
USR_000087,,USR_000087,,,,2026-02-23,2026-02-23,2026-02-23,职位发布,非权益,66.5,三线城市,SME,5000-10000人,行政
USR_000087,,,,USR_000087,,2026-01-20,2026-01-20,2026-01-20,在线沟通,非权益,53.8,三线城市,SME,5000-10000人,行政
USR_000087,USR_000087,,,USR_000087,,2026-02-01,2026-02-01,2026-02-01,在线沟通,非权益,5.1,三线城市,SME,5000-10000人,行政
USR_000087,USR_000087,,,USR_000087,,2026-02-04,2026-02-04,2026-02-04,在线沟通,非权益,11.5,三线城市,SME,5000-10000人,行政
USR_000087,,,,,,2026-02-18,2026-02-18,2026-02-18,权益礼包,权益,45.0,三线城市,SME,5000-10000人,行政
USR_000087,USR_000087,,,,,2026-02-20,2026-02-20,2026-02-20,权益礼包,权益,5.2,三线城市,SME,5000-10000人,行政
USR_000087,USR_000087,,,,USR_000087,2026-02-17,2026-02-17,2026-02-17,简历查看,非权益,5.3,三线城市,SME,5000-10000人,行政
USR_000087,,,,,,2026-01-14,2026-01-14,2026-01-14,置顶刷新,权益,27.0,三线城市,SME,5000-10000人,行政
USR_000087,USR_000087,,,,USR_000087,2026-02-01,2026-02-01,2026-02-01,简历查看,非权益,17.9,三线城市,SME,5000-10000人,行政
USR_000087,,,USR_000087,,,2026-02-04,2026-02-04,2026-02-04,简历搜索,非权益,14.6,三线城市,SME,5000-10000人,行政
USR_000087,USR_000087,,,,,2026-01-10,2026-01-10,2026-01-10,权益礼包,权益,6.3,三线城市,SME,5000-10000人,行政
USR_000087,USR_000087,,,,,2026-01-19,2026-01-19,2026-01-19,权益礼包,权益,27.1,三线城市,SME,5000-10000人,行政
USR_000087,USR_000087,,,USR_000087,,2026-01-25,2026-01-25,2026-01-25,在线沟通,非权益,21.4,三线城市,SME,5000-10000人,行政
USR_000087,,,,,,2026-01-11,2026-01-11,2026-01-11,企业认证,非权益,12.5,三线城市,SME,5000-10000人,行政
USR_000088,,,USR_000088,,,2026-01-04,2026-01-04,2026-01-04,简历搜索,非权益,16.1,二线城市,SME,1000-2000人,市场
USR_000088,USR_000088,,,,,2026-01-25,2026-01-25,2026-01-25,急聘推广,权益,58.6,二线城市,SME,1000-2000人,市场
USR_000088,USR_000088,,,,,2026-01-18,2026-01-18,2026-01-18,权益礼包,权益,40.9,二线城市,SME,1000-2000人,市场
USR_000088,,,,,,2026-01-23,2026-01-23,2026-01-23,企业认证,非权益,23.0,二线城市,SME,1000-2000人,市场
USR_000088,USR_000088,,,,,2026-02-10,2026-02-10,2026-02-10,置顶刷新,权益,70.9,二线城市,SME,1000-2000人,市场
USR_000089,USR_000089,,,,,2026-01-04,2026-01-04,2026-01-04,置顶刷新,权益,9.1,新一线城市,SME,1-49人,产品
USR_000089,USR_000089,,,,,2026-01-22,2026-01-22,2026-01-22,急聘推广,权益,15.9,新一线城市,SME,1-49人,产品
USR_000089,USR_000089,,,,,2026-01-14,2026-01-14,2026-01-14,急聘推广,权益,25.8,新一线城市,SME,1-49人,产品
USR_000089,USR_000089,USR_000089,,,,2026-02-24,2026-02-24,2026-02-24,职位发布,非权益,15.9,新一线城市,SME,1-49人,产品
USR_000089,USR_000089,,,,,2026-02-23,2026-02-23,2026-02-23,企业认证,非权益,48.4,新一线城市,SME,1-49人,产品
USR_000089,,,,,USR_000089,2026-02-25,2026-02-25,2026-02-25,简历查看,非权益,43.4,新一线城市,SME,1-49人,产品
USR_000089,,,USR_000089,,,2026-02-06,2026-02-06,2026-02-06,简历搜索,非权益,23.5,新一线城市,SME,1-49人,产品
USR_000089,,,,,,2026-01-26,2026-01-26,2026-01-26,急聘推广,权益,6.8,新一线城市,SME,1-49人,产品
USR_000089,,,,USR_000089,,2026-01-22,2026-01-22,2026-01-22,在线沟通,非权益,6.2,新一线城市,SME,1-49人,产品
USR_000089,,,USR_000089,,,2026-01-30,2026-01-30,2026-01-30,简历搜索,非权益,22.2,新一线城市,SME,1-49人,产品
USR_000089,USR_000089,,,,,2026-01-16,2026-01-16,2026-01-16,置顶刷新,权益,21.3,新一线城市,SME,1-49人,产品
USR_000089,,,,,,2026-02-14,2026-02-14,2026-02-14,企业认证,非权益,25.7,新一线城市,SME,1-49人,产品
USR_000089,,,,USR_000089,,2026-02-22,2026-02-22,2026-02-22,在线沟通,非权益,43.9,新一线城市,SME,1-49人,产品
USR_000089,USR_000089,USR_000089,,,,2026-02-04,2026-02-04,2026-02-04,职位发布,非权益,9.4,新一线城市,SME,1-49人,产品
USR_000089,USR_000089,USR_000089,,,,2026-02-16,2026-02-16,2026-02-16,职位发布,非权益,22.4,新一线城市,SME,1-49人,产品
USR_000089,,,,,,2026-01-31,2026-01-31,2026-01-31,置顶刷新,权益,7.5,新一线城市,SME,1-49人,产品
USR_000089,USR_000089,,,,USR_000089,2026-02-08,2026-02-08,2026-02-08,简历查看,非权益,14.1,新一线城市,SME,1-49人,产品
USR_000089,,USR_000089,,,,2026-02-11,2026-02-11,2026-02-11,职位发布,非权益,6.6,新一线城市,SME,1-49人,产品
USR_000089,USR_000089,,,USR_000089,,2026-02-03,2026-02-03,2026-02-03,在线沟通,非权益,9.3,新一线城市,SME,1-49人,产品
USR_000089,USR_000089,,USR_000089,,,2026-02-28,2026-02-28,2026-02-28,简历搜索,非权益,10.6,新一线城市,SME,1-49人,产品
USR_000089,USR_000089,,USR_000089,,,2026-02-01,2026-02-01,2026-02-01,简历搜索,非权益,7.9,新一线城市,SME,1-49人,产品
USR_000089,,,,USR_000089,,2026-02-06,2026-02-06,2026-02-06,在线沟通,非权益,66.8,新一线城市,SME,1-49人,产品
USR_000090,USR_000090,,,,,2026-01-08,2026-01-08,2026-01-08,急聘推广,权益,5.4,三线城市,SME,10000人以上,运营
USR_000090,USR_000090,,USR_000090,,,2026-02-08,2026-02-08,2026-02-08,简历搜索,非权益,12.9,三线城市,SME,10000人以上,运营
USR_000090,,,,,,2026-02-01,2026-02-01,2026-02-01,权益礼包,权益,8.4,三线城市,SME,10000人以上,运营
USR_000090,,,,,USR_000090,2026-01-31,2026-01-31,2026-01-31,简历查看,非权益,6.4,三线城市,SME,10000人以上,运营
USR_000090,USR_000090,,,,,2026-02-25,2026-02-25,2026-02-25,企业认证,非权益,16.9,三线城市,SME,10000人以上,运营
USR_000090,USR_000090,,,,,2026-01-11,2026-01-11,2026-01-11,置顶刷新,权益,34.3,三线城市,SME,10000人以上,运营
USR_000090,,,,,,2026-02-07,2026-02-07,2026-02-07,权益礼包,权益,11.5,三线城市,SME,10000人以上,运营
USR_000090,USR_000090,,,,,2026-02-04,2026-02-04,2026-02-04,企业认证,非权益,8.4,三线城市,SME,10000人以上,运营
USR_000091,,,USR_000091,,,2026-02-26,2026-02-26,2026-02-26,简历搜索,非权益,11.0,一线城市,SME,5000-10000人,财务
USR_000091,USR_000091,,USR_000091,,,2026-01-09,2026-01-09,2026-01-09,简历搜索,非权益,12.7,一线城市,SME,5000-10000人,财务
USR_000091,,,USR_000091,,,2026-02-20,2026-02-20,2026-02-20,简历搜索,非权益,24.6,一线城市,SME,5000-10000人,财务
USR_000091,USR_000091,,USR_000091,,,2026-01-15,2026-01-15,2026-01-15,简历搜索,非权益,7.4,一线城市,SME,5000-10000人,财务
USR_000091,,,,,,2026-01-17,2026-01-17,2026-01-17,权益礼包,权益,55.8,一线城市,SME,5000-10000人,财务
USR_000091,USR_000091,,USR_000091,,,2026-01-27,2026-01-27,2026-01-27,简历搜索,非权益,16.5,一线城市,SME,5000-10000人,财务
USR_000091,USR_000091,USR_000091,,,,2026-01-12,2026-01-12,2026-01-12,职位发布,非权益,37.8,一线城市,SME,5000-10000人,财务
USR_000091,,,,,,2026-02-26,2026-02-26,2026-02-26,置顶刷新,权益,14.4,一线城市,SME,5000-10000人,财务
USR_000091,USR_000091,,,,,2026-02-08,2026-02-08,2026-02-08,置顶刷新,权益,30.9,一线城市,SME,5000-10000人,财务
USR_000091,USR_000091,,,,,2026-02-09,2026-02-09,2026-02-09,急聘推广,权益,59.5,一线城市,SME,5000-10000人,财务
USR_000091,USR_000091,,,,,2026-01-06,2026-01-06,2026-01-06,权益礼包,权益,20.6,一线城市,SME,5000-10000人,财务
USR_000091,USR_000091,,USR_000091,,,2026-01-14,2026-01-14,2026-01-14,简历搜索,非权益,9.7,一线城市,SME,5000-10000人,财务
USR_000091,USR_000091,,,,,2026-01-08,2026-01-08,2026-01-08,置顶刷新,权益,24.5,一线城市,SME,5000-10000人,财务
USR_000091,,,,,,2026-02-07,2026-02-07,2026-02-07,急聘推广,权益,8.3,一线城市,SME,5000-10000人,财务
USR_000091,USR_000091,,,USR_000091,,2026-01-28,2026-01-28,2026-01-28,在线沟通,非权益,14.4,一线城市,SME,5000-10000人,财务
USR_000091,USR_000091,,,,,2026-01-22,2026-01-22,2026-01-22,企业认证,非权益,20.5,一线城市,SME,5000-10000人,财务
USR_000091,USR_000091,,,,,2026-01-08,2026-01-08,2026-01-08,置顶刷新,权益,32.7,一线城市,SME,5000-10000人,财务
USR_000091,,,,,,2026-02-04,2026-02-04,2026-02-04,企业认证,非权益,45.4,一线城市,SME,5000-10000人,财务
USR_000091,,,,,USR_000091,2026-02-18,2026-02-18,2026-02-18,简历查看,非权益,20.3,一线城市,SME,5000-10000人,财务
USR_000091,USR_000091,,,,,2026-02-21,2026-02-21,2026-02-21,权益礼包,权益,9.5,一线城市,SME,5000-10000人,财务
USR_000091,,,,,,2026-01-21,2026-01-21,2026-01-21,急聘推广,权益,10.2,一线城市,SME,5000-10000人,财务
USR_000091,USR_000091,,,,,2026-01-04,2026-01-04,2026-01-04,急聘推广,权益,41.8,一线城市,SME,5000-10000人,财务
USR_000091,USR_000091,,USR_000091,,,2026-02-18,2026-02-18,2026-02-18,简历搜索,非权益,30.0,一线城市,SME,5000-10000人,财务
USR_000092,USR_000092,USR_000092,,,,2026-01-24,2026-01-24,2026-01-24,职位发布,非权益,50.6,三线城市,SME,5000-10000人,客服
USR_000092,USR_000092,,,,,2026-01-23,2026-01-23,2026-01-23,权益礼包,权益,9.2,三线城市,SME,5000-10000人,客服
USR_000092,,,USR_000092,,,2026-02-16,2026-02-16,2026-02-16,简历搜索,非权益,16.4,三线城市,SME,5000-10000人,客服
USR_000092,,USR_000092,,,,2026-01-28,2026-01-28,2026-01-28,职位发布,非权益,8.0,三线城市,SME,5000-10000人,客服
USR_000092,USR_000092,,USR_000092,,,2026-02-23,2026-02-23,2026-02-23,简历搜索,非权益,21.4,三线城市,SME,5000-10000人,客服
USR_000092,,,,,,2026-01-13,2026-01-13,2026-01-13,置顶刷新,权益,14.1,三线城市,SME,5000-10000人,客服
USR_000092,USR_000092,,,,,2026-01-18,2026-01-18,2026-01-18,急聘推广,权益,5.6,三线城市,SME,5000-10000人,客服
USR_000092,USR_000092,,,,,2026-02-17,2026-02-17,2026-02-17,权益礼包,权益,17.9,三线城市,SME,5000-10000人,客服
USR_000092,,,,,USR_000092,2026-01-15,2026-01-15,2026-01-15,简历查看,非权益,17.8,三线城市,SME,5000-10000人,客服
USR_000092,USR_000092,,,,,2026-02-22,2026-02-22,2026-02-22,置顶刷新,权益,5.6,三线城市,SME,5000-10000人,客服
USR_000092,USR_000092,USR_000092,,,,2026-02-26,2026-02-26,2026-02-26,职位发布,非权益,37.9,三线城市,SME,5000-10000人,客服
USR_000092,USR_000092,USR_000092,,,,2026-02-13,2026-02-13,2026-02-13,职位发布,非权益,15.7,三线城市,SME,5000-10000人,客服
USR_000092,USR_000092,USR_000092,,,,2026-02-01,2026-02-01,2026-02-01,职位发布,非权益,28.2,三线城市,SME,5000-10000人,客服
USR_000092,USR_000092,,,,,2026-02-26,2026-02-26,2026-02-26,急聘推广,权益,10.9,三线城市,SME,5000-10000人,客服
USR_000092,USR_000092,,,,,2026-01-12,2026-01-12,2026-01-12,急聘推广,权益,34.1,三线城市,SME,5000-10000人,客服
USR_000092,,,,,,2026-02-20,2026-02-20,2026-02-20,急聘推广,权益,7.4,三线城市,SME,5000-10000人,客服
USR_000092,USR_000092,USR_000092,,,,2026-02-02,2026-02-02,2026-02-02,职位发布,非权益,25.4,三线城市,SME,5000-10000人,客服
USR_000092,,,,,,2026-02-09,2026-02-09,2026-02-09,权益礼包,权益,13.8,三线城市,SME,5000-10000人,客服
USR_000092,USR_000092,,USR_000092,,,2026-02-07,2026-02-07,2026-02-07,简历搜索,非权益,36.6,三线城市,SME,5000-10000人,客服
USR_000092,,,,,,2026-01-08,2026-01-08,2026-01-08,急聘推广,权益,9.8,三线城市,SME,5000-10000人,客服
USR_000092,USR_000092,,,USR_000092,,2026-01-24,2026-01-24,2026-01-24,在线沟通,非权益,63.6,三线城市,SME,5000-10000人,客服
USR_000092,,,,,,2026-02-09,2026-02-09,2026-02-09,置顶刷新,权益,10.6,三线城市,SME,5000-10000人,客服
USR_000093,,,USR_000093,,,2026-02-07,2026-02-07,2026-02-07,简历搜索,非权益,43.9,五线城市,SME,2000-5000人,市场
USR_000093,USR_000093,,,,USR_000093,2026-01-22,2026-01-22,2026-01-22,简历查看,非权益,11.0,五线城市,SME,2000-5000人,市场
USR_000093,USR_000093,,USR_000093,,,2026-01-13,2026-01-13,2026-01-13,简历搜索,非权益,27.7,五线城市,SME,2000-5000人,市场
USR_000093,USR_000093,USR_000093,,,,2026-02-05,2026-02-05,2026-02-05,职位发布,非权益,88.1,五线城市,SME,2000-5000人,市场
USR_000093,USR_000093,,USR_000093,,,2026-03-01,2026-03-01,2026-03-01,简历搜索,非权益,6.5,五线城市,SME,2000-5000人,市场
USR_000093,USR_000093,,,USR_000093,,2026-01-28,2026-01-28,2026-01-28,在线沟通,非权益,12.6,五线城市,SME,2000-5000人,市场
USR_000093,,,,,,2026-02-02,2026-02-02,2026-02-02,企业认证,非权益,8.7,五线城市,SME,2000-5000人,市场
USR_000093,,,,,,2026-02-19,2026-02-19,2026-02-19,企业认证,非权益,6.1,五线城市,SME,2000-5000人,市场
USR_000093,USR_000093,USR_000093,,,,2026-02-16,2026-02-16,2026-02-16,职位发布,非权益,21.3,五线城市,SME,2000-5000人,市场
USR_000093,,,,,,2026-02-24,2026-02-24,2026-02-24,企业认证,非权益,15.7,五线城市,SME,2000-5000人,市场
USR_000093,USR_000093,,USR_000093,,,2026-01-03,2026-01-03,2026-01-03,简历搜索,非权益,16.5,五线城市,SME,2000-5000人,市场
USR_000093,,,USR_000093,,,2026-01-09,2026-01-09,2026-01-09,简历搜索,非权益,30.2,五线城市,SME,2000-5000人,市场
USR_000093,,,USR_000093,,,2026-01-19,2026-01-19,2026-01-19,简历搜索,非权益,35.6,五线城市,SME,2000-5000人,市场
USR_000093,USR_000093,,USR_000093,,,2026-01-27,2026-01-27,2026-01-27,简历搜索,非权益,5.1,五线城市,SME,2000-5000人,市场
USR_000093,USR_000093,,,,USR_000093,2026-02-10,2026-02-10,2026-02-10,简历查看,非权益,14.5,五线城市,SME,2000-5000人,市场
USR_000093,,,USR_000093,,,2026-01-23,2026-01-23,2026-01-23,简历搜索,非权益,45.7,五线城市,SME,2000-5000人,市场
USR_000093,USR_000093,,,,,2026-01-04,2026-01-04,2026-01-04,置顶刷新,权益,26.1,五线城市,SME,2000-5000人,市场
USR_000094,USR_000094,,USR_000094,,,2026-01-21,2026-01-21,2026-01-21,简历搜索,非权益,37.0,五线城市,KA,2000-5000人,运营
USR_000095,,,,,,2026-01-15,2026-01-15,2026-01-15,急聘推广,权益,7.7,四线城市,SME,1-49人,市场
USR_000095,USR_000095,,,,,2026-02-15,2026-02-15,2026-02-15,置顶刷新,权益,20.8,四线城市,SME,1-49人,市场
USR_000095,USR_000095,,USR_000095,,,2026-01-05,2026-01-05,2026-01-05,简历搜索,非权益,5.8,四线城市,SME,1-49人,市场
USR_000095,USR_000095,,,,USR_000095,2026-02-16,2026-02-16,2026-02-16,简历查看,非权益,20.7,四线城市,SME,1-49人,市场
USR_000095,,,,,,2026-01-28,2026-01-28,2026-01-28,权益礼包,权益,18.3,四线城市,SME,1-49人,市场
USR_000095,USR_000095,,,,,2026-01-03,2026-01-03,2026-01-03,企业认证,非权益,19.8,四线城市,SME,1-49人,市场
USR_000095,USR_000095,,,,USR_000095,2026-02-18,2026-02-18,2026-02-18,简历查看,非权益,10.3,四线城市,SME,1-49人,市场
USR_000095,USR_000095,,,,,2026-01-05,2026-01-05,2026-01-05,企业认证,非权益,6.4,四线城市,SME,1-49人,市场
USR_000095,USR_000095,,,,,2026-02-25,2026-02-25,2026-02-25,权益礼包,权益,20.8,四线城市,SME,1-49人,市场
USR_000095,,,,,,2026-01-09,2026-01-09,2026-01-09,权益礼包,权益,32.5,四线城市,SME,1-49人,市场
USR_000095,USR_000095,,,,,2026-03-01,2026-03-01,2026-03-01,企业认证,非权益,40.8,四线城市,SME,1-49人,市场
USR_000095,,,,,USR_000095,2026-01-12,2026-01-12,2026-01-12,简历查看,非权益,33.0,四线城市,SME,1-49人,市场
USR_000095,USR_000095,,,,,2026-02-23,2026-02-23,2026-02-23,企业认证,非权益,33.4,四线城市,SME,1-49人,市场
USR_000095,,,,,,2026-01-31,2026-01-31,2026-01-31,置顶刷新,权益,9.9,四线城市,SME,1-49人,市场
USR_000095,USR_000095,,USR_000095,,,2026-02-24,2026-02-24,2026-02-24,简历搜索,非权益,5.5,四线城市,SME,1-49人,市场
USR_000095,USR_000095,USR_000095,,,,2026-02-24,2026-02-24,2026-02-24,职位发布,非权益,86.9,四线城市,SME,1-49人,市场
USR_000095,USR_000095,USR_000095,,,,2026-01-01,2026-01-01,2026-01-01,职位发布,非权益,26.0,四线城市,SME,1-49人,市场
USR_000095,,,USR_000095,,,2026-01-21,2026-01-21,2026-01-21,简历搜索,非权益,6.4,四线城市,SME,1-49人,市场
USR_000095,,,,USR_000095,,2026-02-14,2026-02-14,2026-02-14,在线沟通,非权益,8.1,四线城市,SME,1-49人,市场
USR_000095,USR_000095,USR_000095,,,,2026-01-17,2026-01-17,2026-01-17,职位发布,非权益,8.1,四线城市,SME,1-49人,市场
USR_000095,USR_000095,,,,,2026-01-17,2026-01-17,2026-01-17,急聘推广,权益,48.9,四线城市,SME,1-49人,市场
USR_000095,USR_000095,,,USR_000095,,2026-02-15,2026-02-15,2026-02-15,在线沟通,非权益,7.7,四线城市,SME,1-49人,市场
USR_000096,USR_000096,,,,,2026-02-22,2026-02-22,2026-02-22,置顶刷新,权益,5.3,五线城市,SME,1000-2000人,销售
USR_000096,USR_000096,,,,,2026-01-22,2026-01-22,2026-01-22,权益礼包,权益,14.8,五线城市,SME,1000-2000人,销售
USR_000096,,,USR_000096,,,2026-01-26,2026-01-26,2026-01-26,简历搜索,非权益,11.7,五线城市,SME,1000-2000人,销售
USR_000096,USR_000096,,,,,2026-01-06,2026-01-06,2026-01-06,急聘推广,权益,22.4,五线城市,SME,1000-2000人,销售
USR_000096,,,,,USR_000096,2026-01-17,2026-01-17,2026-01-17,简历查看,非权益,38.5,五线城市,SME,1000-2000人,销售
USR_000096,USR_000096,,,,,2026-02-13,2026-02-13,2026-02-13,置顶刷新,权益,22.1,五线城市,SME,1000-2000人,销售
USR_000096,USR_000096,,,USR_000096,,2026-02-16,2026-02-16,2026-02-16,在线沟通,非权益,6.4,五线城市,SME,1000-2000人,销售
USR_000096,USR_000096,,,USR_000096,,2026-01-20,2026-01-20,2026-01-20,在线沟通,非权益,14.3,五线城市,SME,1000-2000人,销售
USR_000096,,,,,,2026-02-13,2026-02-13,2026-02-13,企业认证,非权益,22.0,五线城市,SME,1000-2000人,销售
USR_000096,USR_000096,USR_000096,,,,2026-01-07,2026-01-07,2026-01-07,职位发布,非权益,7.0,五线城市,SME,1000-2000人,销售
USR_000096,USR_000096,,,,,2026-02-05,2026-02-05,2026-02-05,企业认证,非权益,25.3,五线城市,SME,1000-2000人,销售
USR_000096,USR_000096,,,,,2026-02-06,2026-02-06,2026-02-06,急聘推广,权益,14.1,五线城市,SME,1000-2000人,销售
USR_000096,USR_000096,,,,USR_000096,2026-02-09,2026-02-09,2026-02-09,简历查看,非权益,36.6,五线城市,SME,1000-2000人,销售
USR_000096,USR_000096,,,,,2026-01-04,2026-01-04,2026-01-04,急聘推广,权益,8.3,五线城市,SME,1000-2000人,销售
USR_000096,USR_000096,,,,,2026-01-02,2026-01-02,2026-01-02,权益礼包,权益,9.7,五线城市,SME,1000-2000人,销售
USR_000097,USR_000097,,USR_000097,,,2026-01-08,2026-01-08,2026-01-08,简历搜索,非权益,16.2,二线城市,SME,5000-10000人,客服
USR_000097,USR_000097,,,,,2026-02-11,2026-02-11,2026-02-11,置顶刷新,权益,11.1,二线城市,SME,5000-10000人,客服
USR_000097,USR_000097,,,,,2026-01-10,2026-01-10,2026-01-10,急聘推广,权益,5.8,二线城市,SME,5000-10000人,客服
USR_000097,USR_000097,,,,,2026-01-29,2026-01-29,2026-01-29,权益礼包,权益,15.6,二线城市,SME,5000-10000人,客服
USR_000097,USR_000097,,,,,2026-02-14,2026-02-14,2026-02-14,急聘推广,权益,5.1,二线城市,SME,5000-10000人,客服
USR_000097,USR_000097,,,,,2026-02-27,2026-02-27,2026-02-27,企业认证,非权益,7.0,二线城市,SME,5000-10000人,客服
USR_000097,USR_000097,,,,,2026-01-23,2026-01-23,2026-01-23,权益礼包,权益,15.2,二线城市,SME,5000-10000人,客服
USR_000097,USR_000097,,,,,2026-02-09,2026-02-09,2026-02-09,置顶刷新,权益,10.8,二线城市,SME,5000-10000人,客服
USR_000097,USR_000097,,USR_000097,,,2026-01-20,2026-01-20,2026-01-20,简历搜索,非权益,43.8,二线城市,SME,5000-10000人,客服
USR_000097,,,,,,2026-01-03,2026-01-03,2026-01-03,置顶刷新,权益,27.5,二线城市,SME,5000-10000人,客服
USR_000097,USR_000097,,,,,2026-01-04,2026-01-04,2026-01-04,企业认证,非权益,9.8,二线城市,SME,5000-10000人,客服
USR_000097,,,,USR_000097,,2026-01-05,2026-01-05,2026-01-05,在线沟通,非权益,35.9,二线城市,SME,5000-10000人,客服
USR_000097,USR_000097,,,USR_000097,,2026-01-22,2026-01-22,2026-01-22,在线沟通,非权益,13.7,二线城市,SME,5000-10000人,客服
USR_000097,USR_000097,,,,,2026-01-11,2026-01-11,2026-01-11,置顶刷新,权益,32.3,二线城市,SME,5000-10000人,客服
USR_000097,USR_000097,USR_000097,,,,2026-03-01,2026-03-01,2026-03-01,职位发布,非权益,16.1,二线城市,SME,5000-10000人,客服
USR_000097,USR_000097,,USR_000097,,,2026-02-18,2026-02-18,2026-02-18,简历搜索,非权益,9.0,二线城市,SME,5000-10000人,客服
USR_000097,,,USR_000097,,,2026-01-19,2026-01-19,2026-01-19,简历搜索,非权益,14.8,二线城市,SME,5000-10000人,客服
USR_000097,USR_000097,,,,USR_000097,2026-01-23,2026-01-23,2026-01-23,简历查看,非权益,8.1,二线城市,SME,5000-10000人,客服
USR_000097,USR_000097,,,,,2026-02-25,2026-02-25,2026-02-25,权益礼包,权益,30.5,二线城市,SME,5000-10000人,客服
USR_000097,USR_000097,,,,,2026-02-11,2026-02-11,2026-02-11,急聘推广,权益,14.0,二线城市,SME,5000-10000人,客服
USR_000097,USR_000097,,,,,2026-02-10,2026-02-10,2026-02-10,置顶刷新,权益,8.1,二线城市,SME,5000-10000人,客服
USR_000097,USR_000097,,,,,2026-02-03,2026-02-03,2026-02-03,企业认证,非权益,9.8,二线城市,SME,5000-10000人,客服
USR_000097,,,,,,2026-01-21,2026-01-21,2026-01-21,权益礼包,权益,11.5,二线城市,SME,5000-10000人,客服
USR_000097,,USR_000097,,,,2026-01-02,2026-01-02,2026-01-02,职位发布,非权益,14.8,二线城市,SME,5000-10000人,客服
USR_000098,USR_000098,,USR_000098,,,2026-02-04,2026-02-04,2026-02-04,简历搜索,非权益,20.8,二线城市,KA,1-49人,运营
USR_000098,,,,,,2026-02-26,2026-02-26,2026-02-26,急聘推广,权益,11.6,二线城市,KA,1-49人,运营
USR_000098,USR_000098,,,,,2026-02-11,2026-02-11,2026-02-11,企业认证,非权益,14.1,二线城市,KA,1-49人,运营
USR_000098,USR_000098,,,,,2026-02-23,2026-02-23,2026-02-23,置顶刷新,权益,10.8,二线城市,KA,1-49人,运营
USR_000098,USR_000098,,,USR_000098,,2026-01-15,2026-01-15,2026-01-15,在线沟通,非权益,47.2,二线城市,KA,1-49人,运营
USR_000098,USR_000098,,,,,2026-02-24,2026-02-24,2026-02-24,置顶刷新,权益,5.9,二线城市,KA,1-49人,运营
USR_000098,,,,,USR_000098,2026-01-13,2026-01-13,2026-01-13,简历查看,非权益,34.5,二线城市,KA,1-49人,运营
USR_000098,USR_000098,,,,,2026-01-17,2026-01-17,2026-01-17,权益礼包,权益,35.6,二线城市,KA,1-49人,运营
USR_000098,USR_000098,,,,,2026-01-26,2026-01-26,2026-01-26,权益礼包,权益,15.8,二线城市,KA,1-49人,运营
USR_000098,,,,,,2026-02-16,2026-02-16,2026-02-16,权益礼包,权益,6.6,二线城市,KA,1-49人,运营
USR_000098,,,,,,2026-01-14,2026-01-14,2026-01-14,企业认证,非权益,5.9,二线城市,KA,1-49人,运营
USR_000098,,,,,USR_000098,2026-02-06,2026-02-06,2026-02-06,简历查看,非权益,16.9,二线城市,KA,1-49人,运营
USR_000098,USR_000098,,,,,2026-02-15,2026-02-15,2026-02-15,置顶刷新,权益,9.4,二线城市,KA,1-49人,运营
USR_000098,,,,,,2026-02-06,2026-02-06,2026-02-06,权益礼包,权益,8.0,二线城市,KA,1-49人,运营
USR_000098,USR_000098,,,,USR_000098,2026-01-25,2026-01-25,2026-01-25,简历查看,非权益,13.1,二线城市,KA,1-49人,运营
USR_000098,USR_000098,,,,,2026-02-01,2026-02-01,2026-02-01,急聘推广,权益,6.1,二线城市,KA,1-49人,运营
USR_000098,USR_000098,,,,USR_000098,2026-01-30,2026-01-30,2026-01-30,简历查看,非权益,26.5,二线城市,KA,1-49人,运营
USR_000098,USR_000098,,,,,2026-02-12,2026-02-12,2026-02-12,权益礼包,权益,10.4,二线城市,KA,1-49人,运营
USR_000098,,,,,,2026-02-21,2026-02-21,2026-02-21,急聘推广,权益,11.4,二线城市,KA,1-49人,运营
USR_000098,USR_000098,,,,,2026-02-20,2026-02-20,2026-02-20,置顶刷新,权益,10.0,二线城市,KA,1-49人,运营
USR_000098,,,,,,2026-01-15,2026-01-15,2026-01-15,置顶刷新,权益,25.1,二线城市,KA,1-49人,运营
USR_000098,USR_000098,,,,USR_000098,2026-02-19,2026-02-19,2026-02-19,简历查看,非权益,8.1,二线城市,KA,1-49人,运营
USR_000099,USR_000099,,,,USR_000099,2026-02-03,2026-02-03,2026-02-03,简历查看,非权益,15.6,四线城市,KA,500-999人,客服
USR_000099,USR_000099,,,,,2026-01-07,2026-01-07,2026-01-07,置顶刷新,权益,8.3,四线城市,KA,500-999人,客服
USR_000099,USR_000099,,,,,2026-02-04,2026-02-04,2026-02-04,置顶刷新,权益,41.2,四线城市,KA,500-999人,客服
USR_000099,USR_000099,,,USR_000099,,2026-01-31,2026-01-31,2026-01-31,在线沟通,非权益,22.4,四线城市,KA,500-999人,客服
USR_000099,USR_000099,,,,USR_000099,2026-01-10,2026-01-10,2026-01-10,简历查看,非权益,12.2,四线城市,KA,500-999人,客服
USR_000099,,USR_000099,,,,2026-02-01,2026-02-01,2026-02-01,职位发布,非权益,9.1,四线城市,KA,500-999人,客服
USR_000099,USR_000099,,,,,2026-01-31,2026-01-31,2026-01-31,权益礼包,权益,36.2,四线城市,KA,500-999人,客服
USR_000099,,,,,,2026-01-21,2026-01-21,2026-01-21,置顶刷新,权益,5.3,四线城市,KA,500-999人,客服
USR_000099,USR_000099,,USR_000099,,,2026-01-12,2026-01-12,2026-01-12,简历搜索,非权益,44.7,四线城市,KA,500-999人,客服
USR_000099,USR_000099,,,,USR_000099,2026-02-01,2026-02-01,2026-02-01,简历查看,非权益,9.3,四线城市,KA,500-999人,客服
USR_000099,USR_000099,,USR_000099,,,2026-01-07,2026-01-07,2026-01-07,简历搜索,非权益,41.1,四线城市,KA,500-999人,客服
USR_000100,,,,USR_000100,,2026-01-11,2026-01-11,2026-01-11,在线沟通,非权益,12.1,二线城市,KA,10000人以上,研发
USR_000100,USR_000100,,USR_000100,,,2026-01-27,2026-01-27,2026-01-27,简历搜索,非权益,21.6,二线城市,KA,10000人以上,研发
USR_000100,USR_000100,,,,,2026-01-02,2026-01-02,2026-01-02,企业认证,非权益,15.1,二线城市,KA,10000人以上,研发
USR_000100,,,,,,2026-01-28,2026-01-28,2026-01-28,急聘推广,权益,9.6,二线城市,KA,10000人以上,研发
USR_000100,USR_000100,,,,USR_000100,2026-02-11,2026-02-11,2026-02-11,简历查看,非权益,22.7,二线城市,KA,10000人以上,研发
USR_000100,USR_000100,USR_000100,,,,2026-02-23,2026-02-23,2026-02-23,职位发布,非权益,6.1,二线城市,KA,10000人以上,研发
USR_000100,USR_000100,,,,,2026-02-14,2026-02-14,2026-02-14,企业认证,非权益,39.1,二线城市,KA,10000人以上,研发
USR_000100,,,,USR_000100,,2026-01-27,2026-01-27,2026-01-27,在线沟通,非权益,12.5,二线城市,KA,10000人以上,研发
USR_000100,,,USR_000100,,,2026-01-25,2026-01-25,2026-01-25,简历搜索,非权益,12.3,二线城市,KA,10000人以上,研发
USR_000100,USR_000100,,,,USR_000100,2026-01-26,2026-01-26,2026-01-26,简历查看,非权益,6.5,二线城市,KA,10000人以上,研发
USR_000100,USR_000100,,USR_000100,,,2026-02-17,2026-02-17,2026-02-17,简历搜索,非权益,23.0,二线城市,KA,10000人以上,研发
USR_000100,USR_000100,USR_000100,,,,2026-02-20,2026-02-20,2026-02-20,职位发布,非权益,8.5,二线城市,KA,10000人以上,研发
USR_000101,USR_000101,,,,USR_000101,2026-02-06,2026-02-06,2026-02-06,简历查看,非权益,19.9,一线城市,SME,1000-2000人,财务
USR_000101,USR_000101,,,,,2026-01-21,2026-01-21,2026-01-21,企业认证,非权益,6.7,一线城市,SME,1000-2000人,财务
USR_000102,,,,,,2026-02-25,2026-02-25,2026-02-25,急聘推广,权益,90.7,五线城市,SME,50-99人,市场
USR_000102,,,,,,2026-01-14,2026-01-14,2026-01-14,急聘推广,权益,98.4,五线城市,SME,50-99人,市场
USR_000102,USR_000102,,,,,2026-01-25,2026-01-25,2026-01-25,企业认证,非权益,37.7,五线城市,SME,50-99人,市场
USR_000102,USR_000102,,,,USR_000102,2026-01-18,2026-01-18,2026-01-18,简历查看,非权益,10.3,五线城市,SME,50-99人,市场
USR_000102,USR_000102,,,,,2026-02-28,2026-02-28,2026-02-28,权益礼包,权益,51.5,五线城市,SME,50-99人,市场
USR_000102,USR_000102,,,,,2026-02-09,2026-02-09,2026-02-09,权益礼包,权益,15.5,五线城市,SME,50-99人,市场
USR_000102,USR_000102,,,,,2026-01-06,2026-01-06,2026-01-06,急聘推广,权益,46.9,五线城市,SME,50-99人,市场
USR_000102,USR_000102,,,,,2026-01-14,2026-01-14,2026-01-14,置顶刷新,权益,7.4,五线城市,SME,50-99人,市场
USR_000102,,,,,,2026-02-13,2026-02-13,2026-02-13,置顶刷新,权益,16.1,五线城市,SME,50-99人,市场
USR_000102,USR_000102,,,,USR_000102,2026-02-03,2026-02-03,2026-02-03,简历查看,非权益,45.4,五线城市,SME,50-99人,市场
USR_000102,USR_000102,,,,,2026-02-09,2026-02-09,2026-02-09,置顶刷新,权益,11.4,五线城市,SME,50-99人,市场
USR_000102,USR_000102,,,USR_000102,,2026-02-02,2026-02-02,2026-02-02,在线沟通,非权益,12.0,五线城市,SME,50-99人,市场
USR_000102,USR_000102,,,,USR_000102,2026-01-19,2026-01-19,2026-01-19,简历查看,非权益,6.7,五线城市,SME,50-99人,市场
USR_000102,,,,,,2026-02-09,2026-02-09,2026-02-09,企业认证,非权益,36.2,五线城市,SME,50-99人,市场
USR_000102,USR_000102,,,,,2026-01-09,2026-01-09,2026-01-09,权益礼包,权益,35.1,五线城市,SME,50-99人,市场
USR_000102,USR_000102,,,,,2026-01-22,2026-01-22,2026-01-22,置顶刷新,权益,85.9,五线城市,SME,50-99人,市场
USR_000102,USR_000102,,,USR_000102,,2026-01-25,2026-01-25,2026-01-25,在线沟通,非权益,16.8,五线城市,SME,50-99人,市场
USR_000102,USR_000102,,,,USR_000102,2026-01-23,2026-01-23,2026-01-23,简历查看,非权益,36.9,五线城市,SME,50-99人,市场
USR_000103,USR_000103,,,USR_000103,,2026-01-20,2026-01-20,2026-01-20,在线沟通,非权益,35.1,二线城市,SME,50-99人,产品
USR_000103,USR_000103,,USR_000103,,,2026-02-22,2026-02-22,2026-02-22,简历搜索,非权益,14.3,二线城市,SME,50-99人,产品
USR_000103,USR_000103,,,,,2026-01-20,2026-01-20,2026-01-20,权益礼包,权益,11.8,二线城市,SME,50-99人,产品
USR_000103,USR_000103,,,USR_000103,,2026-02-02,2026-02-02,2026-02-02,在线沟通,非权益,7.5,二线城市,SME,50-99人,产品
USR_000103,USR_000103,,,USR_000103,,2026-02-13,2026-02-13,2026-02-13,在线沟通,非权益,26.7,二线城市,SME,50-99人,产品
USR_000103,,USR_000103,,,,2026-02-08,2026-02-08,2026-02-08,职位发布,非权益,17.5,二线城市,SME,50-99人,产品
USR_000103,USR_000103,,,,,2026-01-27,2026-01-27,2026-01-27,急聘推广,权益,8.7,二线城市,SME,50-99人,产品
USR_000103,USR_000103,,,,USR_000103,2026-02-26,2026-02-26,2026-02-26,简历查看,非权益,15.5,二线城市,SME,50-99人,产品
USR_000103,,,,,,2026-02-14,2026-02-14,2026-02-14,权益礼包,权益,8.9,二线城市,SME,50-99人,产品
USR_000103,,,,,USR_000103,2026-01-08,2026-01-08,2026-01-08,简历查看,非权益,7.1,二线城市,SME,50-99人,产品
USR_000103,USR_000103,,USR_000103,,,2026-01-23,2026-01-23,2026-01-23,简历搜索,非权益,19.0,二线城市,SME,50-99人,产品
USR_000103,USR_000103,,,,USR_000103,2026-02-25,2026-02-25,2026-02-25,简历查看,非权益,7.0,二线城市,SME,50-99人,产品
USR_000103,USR_000103,,,,USR_000103,2026-01-15,2026-01-15,2026-01-15,简历查看,非权益,9.8,二线城市,SME,50-99人,产品
USR_000103,,,USR_000103,,,2026-02-11,2026-02-11,2026-02-11,简历搜索,非权益,5.8,二线城市,SME,50-99人,产品
USR_000103,USR_000103,,,USR_000103,,2026-01-19,2026-01-19,2026-01-19,在线沟通,非权益,10.2,二线城市,SME,50-99人,产品
USR_000103,USR_000103,,,,,2026-02-18,2026-02-18,2026-02-18,急聘推广,权益,46.1,二线城市,SME,50-99人,产品
USR_000103,USR_000103,,,,,2026-01-08,2026-01-08,2026-01-08,企业认证,非权益,28.6,二线城市,SME,50-99人,产品
USR_000103,USR_000103,,,,,2026-01-07,2026-01-07,2026-01-07,企业认证,非权益,16.3,二线城市,SME,50-99人,产品
USR_000103,,USR_000103,,,,2026-01-12,2026-01-12,2026-01-12,职位发布,非权益,19.6,二线城市,SME,50-99人,产品
USR_000103,,,,USR_000103,,2026-02-20,2026-02-20,2026-02-20,在线沟通,非权益,5.4,二线城市,SME,50-99人,产品
USR_000103,USR_000103,,,,,2026-01-16,2026-01-16,2026-01-16,企业认证,非权益,31.2,二线城市,SME,50-99人,产品
USR_000103,USR_000103,,,,,2026-02-23,2026-02-23,2026-02-23,急聘推广,权益,25.3,二线城市,SME,50-99人,产品
USR_000104,USR_000104,,,,USR_000104,2026-02-23,2026-02-23,2026-02-23,简历查看,非权益,33.1,一线城市,SME,50-99人,运营
USR_000104,USR_000104,,USR_000104,,,2026-01-28,2026-01-28,2026-01-28,简历搜索,非权益,12.6,一线城市,SME,50-99人,运营
USR_000104,USR_000104,USR_000104,,,,2026-02-23,2026-02-23,2026-02-23,职位发布,非权益,6.4,一线城市,SME,50-99人,运营
USR_000104,USR_000104,,,,,2026-01-14,2026-01-14,2026-01-14,急聘推广,权益,17.5,一线城市,SME,50-99人,运营
USR_000104,USR_000104,,,USR_000104,,2026-01-16,2026-01-16,2026-01-16,在线沟通,非权益,56.0,一线城市,SME,50-99人,运营
USR_000104,USR_000104,,,,,2026-01-15,2026-01-15,2026-01-15,权益礼包,权益,81.6,一线城市,SME,50-99人,运营
USR_000104,USR_000104,,,,,2026-02-11,2026-02-11,2026-02-11,急聘推广,权益,22.2,一线城市,SME,50-99人,运营
USR_000104,USR_000104,,,,,2026-02-21,2026-02-21,2026-02-21,急聘推广,权益,15.9,一线城市,SME,50-99人,运营
USR_000104,,USR_000104,,,,2026-02-11,2026-02-11,2026-02-11,职位发布,非权益,7.6,一线城市,SME,50-99人,运营
USR_000104,USR_000104,USR_000104,,,,2026-02-10,2026-02-10,2026-02-10,职位发布,非权益,10.5,一线城市,SME,50-99人,运营
USR_000104,USR_000104,,,,,2026-02-19,2026-02-19,2026-02-19,企业认证,非权益,12.4,一线城市,SME,50-99人,运营
USR_000105,USR_000105,USR_000105,,,,2026-01-04,2026-01-04,2026-01-04,职位发布,非权益,6.1,三线城市,SME,50-99人,市场
USR_000106,,,,,,2026-01-24,2026-01-24,2026-01-24,企业认证,非权益,19.0,五线城市,SME,1000-2000人,运营
USR_000107,,,,,USR_000107,2026-03-01,2026-03-01,2026-03-01,简历查看,非权益,19.7,二线城市,SME,1-49人,研发
USR_000107,USR_000107,,,USR_000107,,2026-02-28,2026-02-28,2026-02-28,在线沟通,非权益,22.2,二线城市,SME,1-49人,研发
USR_000107,USR_000107,,,,,2026-02-17,2026-02-17,2026-02-17,置顶刷新,权益,16.4,二线城市,SME,1-49人,研发
USR_000107,USR_000107,USR_000107,,,,2026-01-04,2026-01-04,2026-01-04,职位发布,非权益,11.8,二线城市,SME,1-49人,研发
USR_000107,,,USR_000107,,,2026-02-13,2026-02-13,2026-02-13,简历搜索,非权益,13.0,二线城市,SME,1-49人,研发
USR_000107,USR_000107,,USR_000107,,,2026-02-22,2026-02-22,2026-02-22,简历搜索,非权益,25.4,二线城市,SME,1-49人,研发
USR_000107,,,,,,2026-02-27,2026-02-27,2026-02-27,置顶刷新,权益,12.1,二线城市,SME,1-49人,研发
USR_000107,USR_000107,,,,,2026-01-06,2026-01-06,2026-01-06,急聘推广,权益,34.1,二线城市,SME,1-49人,研发
USR_000107,USR_000107,,,USR_000107,,2026-02-06,2026-02-06,2026-02-06,在线沟通,非权益,102.8,二线城市,SME,1-49人,研发
USR_000107,,,,,,2026-02-26,2026-02-26,2026-02-26,急聘推广,权益,7.9,二线城市,SME,1-49人,研发
USR_000107,USR_000107,,,,USR_000107,2026-02-23,2026-02-23,2026-02-23,简历查看,非权益,12.5,二线城市,SME,1-49人,研发
USR_000108,USR_000108,,,USR_000108,,2026-02-22,2026-02-22,2026-02-22,在线沟通,非权益,23.6,四线城市,KA,1000-2000人,销售
USR_000108,USR_000108,,,,,2026-02-13,2026-02-13,2026-02-13,权益礼包,权益,21.5,四线城市,KA,1000-2000人,销售
USR_000108,USR_000108,,,USR_000108,,2026-01-18,2026-01-18,2026-01-18,在线沟通,非权益,9.4,四线城市,KA,1000-2000人,销售
USR_000108,USR_000108,USR_000108,,,,2026-02-13,2026-02-13,2026-02-13,职位发布,非权益,35.9,四线城市,KA,1000-2000人,销售
USR_000108,USR_000108,,,,USR_000108,2026-02-28,2026-02-28,2026-02-28,简历查看,非权益,12.8,四线城市,KA,1000-2000人,销售
USR_000108,USR_000108,,,,,2026-01-24,2026-01-24,2026-01-24,权益礼包,权益,36.5,四线城市,KA,1000-2000人,销售
USR_000108,,,,,,2026-02-11,2026-02-11,2026-02-11,急聘推广,权益,21.4,四线城市,KA,1000-2000人,销售
USR_000108,,,,,,2026-02-28,2026-02-28,2026-02-28,置顶刷新,权益,19.0,四线城市,KA,1000-2000人,销售
USR_000108,USR_000108,,,,USR_000108,2026-02-01,2026-02-01,2026-02-01,简历查看,非权益,22.7,四线城市,KA,1000-2000人,销售
USR_000108,USR_000108,USR_000108,,,,2026-02-27,2026-02-27,2026-02-27,职位发布,非权益,6.1,四线城市,KA,1000-2000人,销售
USR_000108,,,,,,2026-01-05,2026-01-05,2026-01-05,置顶刷新,权益,18.3,四线城市,KA,1000-2000人,销售
USR_000108,USR_000108,,USR_000108,,,2026-02-28,2026-02-28,2026-02-28,简历搜索,非权益,6.5,四线城市,KA,1000-2000人,销售
USR_000108,USR_000108,,,,,2026-02-28,2026-02-28,2026-02-28,权益礼包,权益,8.7,四线城市,KA,1000-2000人,销售
USR_000108,USR_000108,,,,USR_000108,2026-01-29,2026-01-29,2026-01-29,简历查看,非权益,5.9,四线城市,KA,1000-2000人,销售
USR_000108,USR_000108,,,,,2026-02-07,2026-02-07,2026-02-07,置顶刷新,权益,16.9,四线城市,KA,1000-2000人,销售
USR_000108,,,,,,2026-01-08,2026-01-08,2026-01-08,企业认证,非权益,7.8,四线城市,KA,1000-2000人,销售
USR_000108,USR_000108,,,,USR_000108,2026-02-20,2026-02-20,2026-02-20,简历查看,非权益,6.3,四线城市,KA,1000-2000人,销售
USR_000108,USR_000108,,,,,2026-01-16,2026-01-16,2026-01-16,置顶刷新,权益,42.9,四线城市,KA,1000-2000人,销售
USR_000108,,,,,USR_000108,2026-01-14,2026-01-14,2026-01-14,简历查看,非权益,5.9,四线城市,KA,1000-2000人,销售
USR_000108,USR_000108,,,,,2026-01-07,2026-01-07,2026-01-07,置顶刷新,权益,8.7,四线城市,KA,1000-2000人,销售
USR_000108,USR_000108,,,,,2026-02-18,2026-02-18,2026-02-18,企业认证,非权益,5.8,四线城市,KA,1000-2000人,销售
USR_000108,,,,USR_000108,,2026-01-16,2026-01-16,2026-01-16,在线沟通,非权益,11.3,四线城市,KA,1000-2000人,销售
USR_000109,USR_000109,,,,,2026-02-17,2026-02-17,2026-02-17,急聘推广,权益,8.3,三线城市,SME,500-999人,研发
USR_000109,USR_000109,,,,,2026-02-12,2026-02-12,2026-02-12,置顶刷新,权益,28.5,三线城市,SME,500-999人,研发
USR_000109,,USR_000109,,,,2026-01-18,2026-01-18,2026-01-18,职位发布,非权益,6.7,三线城市,SME,500-999人,研发
USR_000109,USR_000109,,,,USR_000109,2026-01-18,2026-01-18,2026-01-18,简历查看,非权益,8.4,三线城市,SME,500-999人,研发
USR_000109,USR_000109,,,,USR_000109,2026-02-20,2026-02-20,2026-02-20,简历查看,非权益,31.1,三线城市,SME,500-999人,研发
USR_000109,USR_000109,USR_000109,,,,2026-02-09,2026-02-09,2026-02-09,职位发布,非权益,20.6,三线城市,SME,500-999人,研发
USR_000109,,,,,USR_000109,2026-02-15,2026-02-15,2026-02-15,简历查看,非权益,5.8,三线城市,SME,500-999人,研发
USR_000109,USR_000109,,USR_000109,,,2026-01-08,2026-01-08,2026-01-08,简历搜索,非权益,64.4,三线城市,SME,500-999人,研发
USR_000109,USR_000109,,,,,2026-01-30,2026-01-30,2026-01-30,置顶刷新,权益,8.3,三线城市,SME,500-999人,研发
USR_000109,USR_000109,,,,USR_000109,2026-02-23,2026-02-23,2026-02-23,简历查看,非权益,9.2,三线城市,SME,500-999人,研发
USR_000109,USR_000109,,USR_000109,,,2026-02-24,2026-02-24,2026-02-24,简历搜索,非权益,12.3,三线城市,SME,500-999人,研发
USR_000109,USR_000109,,,,USR_000109,2026-02-16,2026-02-16,2026-02-16,简历查看,非权益,22.8,三线城市,SME,500-999人,研发
USR_000109,,,,,,2026-01-11,2026-01-11,2026-01-11,置顶刷新,权益,12.1,三线城市,SME,500-999人,研发
USR_000109,,,USR_000109,,,2026-02-15,2026-02-15,2026-02-15,简历搜索,非权益,28.6,三线城市,SME,500-999人,研发
USR_000109,USR_000109,,,,,2026-02-10,2026-02-10,2026-02-10,企业认证,非权益,29.2,三线城市,SME,500-999人,研发
USR_000109,USR_000109,,,,,2026-01-23,2026-01-23,2026-01-23,急聘推广,权益,8.9,三线城市,SME,500-999人,研发
USR_000109,USR_000109,,,,USR_000109,2026-02-24,2026-02-24,2026-02-24,简历查看,非权益,28.7,三线城市,SME,500-999人,研发
USR_000109,USR_000109,USR_000109,,,,2026-01-19,2026-01-19,2026-01-19,职位发布,非权益,6.3,三线城市,SME,500-999人,研发
USR_000110,USR_000110,,,USR_000110,,2026-02-09,2026-02-09,2026-02-09,在线沟通,非权益,14.3,四线城市,SME,50-99人,财务
USR_000110,,,,,,2026-03-01,2026-03-01,2026-03-01,置顶刷新,权益,7.6,四线城市,SME,50-99人,财务
USR_000110,USR_000110,,,,,2026-02-04,2026-02-04,2026-02-04,企业认证,非权益,7.6,四线城市,SME,50-99人,财务
USR_000110,,,,,USR_000110,2026-02-24,2026-02-24,2026-02-24,简历查看,非权益,43.1,四线城市,SME,50-99人,财务
USR_000110,,,,,,2026-01-21,2026-01-21,2026-01-21,企业认证,非权益,9.2,四线城市,SME,50-99人,财务
USR_000110,USR_000110,,,,,2026-02-20,2026-02-20,2026-02-20,置顶刷新,权益,16.9,四线城市,SME,50-99人,财务
USR_000110,USR_000110,,,,,2026-02-01,2026-02-01,2026-02-01,置顶刷新,权益,21.2,四线城市,SME,50-99人,财务
USR_000110,USR_000110,,,,,2026-01-15,2026-01-15,2026-01-15,置顶刷新,权益,16.5,四线城市,SME,50-99人,财务
USR_000110,USR_000110,,,,,2026-01-27,2026-01-27,2026-01-27,置顶刷新,权益,9.2,四线城市,SME,50-99人,财务
USR_000110,USR_000110,,,USR_000110,,2026-02-16,2026-02-16,2026-02-16,在线沟通,非权益,12.9,四线城市,SME,50-99人,财务
USR_000110,USR_000110,,USR_000110,,,2026-02-17,2026-02-17,2026-02-17,简历搜索,非权益,10.4,四线城市,SME,50-99人,财务
USR_000110,USR_000110,USR_000110,,,,2026-02-22,2026-02-22,2026-02-22,职位发布,非权益,33.6,四线城市,SME,50-99人,财务
USR_000110,USR_000110,,USR_000110,,,2026-02-09,2026-02-09,2026-02-09,简历搜索,非权益,17.1,四线城市,SME,50-99人,财务
USR_000110,USR_000110,,,,,2026-01-20,2026-01-20,2026-01-20,置顶刷新,权益,14.8,四线城市,SME,50-99人,财务
USR_000110,USR_000110,USR_000110,,,,2026-01-28,2026-01-28,2026-01-28,职位发布,非权益,11.1,四线城市,SME,50-99人,财务
USR_000110,USR_000110,,USR_000110,,,2026-02-10,2026-02-10,2026-02-10,简历搜索,非权益,11.1,四线城市,SME,50-99人,财务
USR_000110,USR_000110,,,,,2026-01-06,2026-01-06,2026-01-06,急聘推广,权益,20.8,四线城市,SME,50-99人,财务
USR_000111,USR_000111,,,,,2026-01-19,2026-01-19,2026-01-19,企业认证,非权益,19.4,二线城市,KA,100-499人,销售
USR_000111,USR_000111,,,,,2026-01-24,2026-01-24,2026-01-24,权益礼包,权益,45.8,二线城市,KA,100-499人,销售
USR_000111,USR_000111,,,,USR_000111,2026-01-25,2026-01-25,2026-01-25,简历查看,非权益,40.6,二线城市,KA,100-499人,销售
USR_000111,,,,USR_000111,,2026-02-03,2026-02-03,2026-02-03,在线沟通,非权益,21.4,二线城市,KA,100-499人,销售
USR_000111,USR_000111,,,USR_000111,,2026-01-23,2026-01-23,2026-01-23,在线沟通,非权益,29.9,二线城市,KA,100-499人,销售
USR_000111,USR_000111,,,USR_000111,,2026-01-09,2026-01-09,2026-01-09,在线沟通,非权益,8.6,二线城市,KA,100-499人,销售
USR_000111,USR_000111,,USR_000111,,,2026-01-16,2026-01-16,2026-01-16,简历搜索,非权益,10.1,二线城市,KA,100-499人,销售
USR_000111,USR_000111,,USR_000111,,,2026-01-25,2026-01-25,2026-01-25,简历搜索,非权益,21.0,二线城市,KA,100-499人,销售
USR_000112,USR_000112,,USR_000112,,,2026-01-10,2026-01-10,2026-01-10,简历搜索,非权益,9.3,一线城市,KA,5000-10000人,财务
USR_000112,USR_000112,,,,USR_000112,2026-01-24,2026-01-24,2026-01-24,简历查看,非权益,35.1,一线城市,KA,5000-10000人,财务
USR_000112,USR_000112,,,,,2026-01-04,2026-01-04,2026-01-04,置顶刷新,权益,24.9,一线城市,KA,5000-10000人,财务
USR_000112,,USR_000112,,,,2026-01-26,2026-01-26,2026-01-26,职位发布,非权益,5.4,一线城市,KA,5000-10000人,财务
USR_000112,,,,USR_000112,,2026-02-26,2026-02-26,2026-02-26,在线沟通,非权益,16.0,一线城市,KA,5000-10000人,财务
USR_000112,USR_000112,,,,USR_000112,2026-01-15,2026-01-15,2026-01-15,简历查看,非权益,25.5,一线城市,KA,5000-10000人,财务
USR_000113,,,,,,2026-02-10,2026-02-10,2026-02-10,置顶刷新,权益,5.9,三线城市,SME,50-99人,客服
USR_000113,USR_000113,,,,,2026-01-09,2026-01-09,2026-01-09,急聘推广,权益,5.0,三线城市,SME,50-99人,客服
USR_000113,,,,,,2026-02-11,2026-02-11,2026-02-11,权益礼包,权益,17.5,三线城市,SME,50-99人,客服
USR_000113,USR_000113,,,,USR_000113,2026-02-06,2026-02-06,2026-02-06,简历查看,非权益,30.5,三线城市,SME,50-99人,客服
USR_000113,USR_000113,,,,USR_000113,2026-01-07,2026-01-07,2026-01-07,简历查看,非权益,14.5,三线城市,SME,50-99人,客服
USR_000113,,,,,,2026-02-08,2026-02-08,2026-02-08,置顶刷新,权益,23.7,三线城市,SME,50-99人,客服
USR_000113,USR_000113,,,,,2026-01-29,2026-01-29,2026-01-29,置顶刷新,权益,32.4,三线城市,SME,50-99人,客服
USR_000113,USR_000113,,,,,2026-01-31,2026-01-31,2026-01-31,置顶刷新,权益,65.7,三线城市,SME,50-99人,客服
USR_000113,USR_000113,,,,USR_000113,2026-02-24,2026-02-24,2026-02-24,简历查看,非权益,25.0,三线城市,SME,50-99人,客服
USR_000113,USR_000113,,,,,2026-02-27,2026-02-27,2026-02-27,权益礼包,权益,9.2,三线城市,SME,50-99人,客服
USR_000113,USR_000113,,,,,2026-01-03,2026-01-03,2026-01-03,急聘推广,权益,15.0,三线城市,SME,50-99人,客服
USR_000113,,,,,,2026-01-20,2026-01-20,2026-01-20,急聘推广,权益,9.8,三线城市,SME,50-99人,客服
USR_000113,USR_000113,,,USR_000113,,2026-03-01,2026-03-01,2026-03-01,在线沟通,非权益,9.0,三线城市,SME,50-99人,客服
USR_000114,,,,,,2026-02-04,2026-02-04,2026-02-04,置顶刷新,权益,8.6,一线城市,SME,1-49人,市场
USR_000114,USR_000114,,,,,2026-02-05,2026-02-05,2026-02-05,急聘推广,权益,12.5,一线城市,SME,1-49人,市场
USR_000114,USR_000114,USR_000114,,,,2026-01-16,2026-01-16,2026-01-16,职位发布,非权益,7.1,一线城市,SME,1-49人,市场
USR_000114,USR_000114,,,,,2026-01-18,2026-01-18,2026-01-18,企业认证,非权益,34.8,一线城市,SME,1-49人,市场
USR_000114,USR_000114,,USR_000114,,,2026-01-17,2026-01-17,2026-01-17,简历搜索,非权益,40.2,一线城市,SME,1-49人,市场
USR_000114,,,,USR_000114,,2026-01-10,2026-01-10,2026-01-10,在线沟通,非权益,7.9,一线城市,SME,1-49人,市场
USR_000114,,,,,,2026-01-18,2026-01-18,2026-01-18,企业认证,非权益,25.7,一线城市,SME,1-49人,市场
USR_000114,USR_000114,USR_000114,,,,2026-02-24,2026-02-24,2026-02-24,职位发布,非权益,23.7,一线城市,SME,1-49人,市场
USR_000114,USR_000114,,USR_000114,,,2026-02-20,2026-02-20,2026-02-20,简历搜索,非权益,6.2,一线城市,SME,1-49人,市场
USR_000114,USR_000114,,,USR_000114,,2026-02-07,2026-02-07,2026-02-07,在线沟通,非权益,15.6,一线城市,SME,1-49人,市场
USR_000114,USR_000114,,,,,2026-01-21,2026-01-21,2026-01-21,企业认证,非权益,9.8,一线城市,SME,1-49人,市场
USR_000114,,,,USR_000114,,2026-01-08,2026-01-08,2026-01-08,在线沟通,非权益,11.2,一线城市,SME,1-49人,市场
USR_000114,,,,,,2026-02-28,2026-02-28,2026-02-28,急聘推广,权益,82.6,一线城市,SME,1-49人,市场
USR_000114,USR_000114,,,,,2026-01-08,2026-01-08,2026-01-08,权益礼包,权益,10.2,一线城市,SME,1-49人,市场
USR_000114,USR_000114,,,USR_000114,,2026-01-03,2026-01-03,2026-01-03,在线沟通,非权益,6.0,一线城市,SME,1-49人,市场
USR_000114,USR_000114,,,USR_000114,,2026-01-01,2026-01-01,2026-01-01,在线沟通,非权益,39.0,一线城市,SME,1-49人,市场
USR_000115,USR_000115,USR_000115,,,,2026-02-19,2026-02-19,2026-02-19,职位发布,非权益,20.5,一线城市,SME,50-99人,客服
USR_000115,USR_000115,,,USR_000115,,2026-01-17,2026-01-17,2026-01-17,在线沟通,非权益,36.8,一线城市,SME,50-99人,客服
USR_000115,,,,,,2026-01-03,2026-01-03,2026-01-03,企业认证,非权益,7.0,一线城市,SME,50-99人,客服
USR_000115,USR_000115,,,,USR_000115,2026-01-14,2026-01-14,2026-01-14,简历查看,非权益,26.5,一线城市,SME,50-99人,客服
USR_000115,,,,,,2026-01-31,2026-01-31,2026-01-31,置顶刷新,权益,28.3,一线城市,SME,50-99人,客服
USR_000115,USR_000115,,,,,2026-01-18,2026-01-18,2026-01-18,置顶刷新,权益,44.1,一线城市,SME,50-99人,客服
USR_000115,,,,,,2026-01-15,2026-01-15,2026-01-15,置顶刷新,权益,25.5,一线城市,SME,50-99人,客服
USR_000115,USR_000115,,,,USR_000115,2026-02-24,2026-02-24,2026-02-24,简历查看,非权益,10.1,一线城市,SME,50-99人,客服
USR_000115,USR_000115,,,,,2026-01-13,2026-01-13,2026-01-13,置顶刷新,权益,31.9,一线城市,SME,50-99人,客服
USR_000115,,,,,,2026-02-01,2026-02-01,2026-02-01,企业认证,非权益,48.6,一线城市,SME,50-99人,客服
USR_000115,USR_000115,,,,,2026-01-01,2026-01-01,2026-01-01,权益礼包,权益,10.3,一线城市,SME,50-99人,客服
USR_000115,USR_000115,,,,,2026-02-26,2026-02-26,2026-02-26,急聘推广,权益,8.3,一线城市,SME,50-99人,客服
USR_000116,USR_000116,USR_000116,,,,2026-02-07,2026-02-07,2026-02-07,职位发布,非权益,14.1,四线城市,KA,10000人以上,客服
USR_000116,USR_000116,,USR_000116,,,2026-01-17,2026-01-17,2026-01-17,简历搜索,非权益,41.6,四线城市,KA,10000人以上,客服
USR_000116,USR_000116,,,,,2026-01-29,2026-01-29,2026-01-29,急聘推广,权益,14.5,四线城市,KA,10000人以上,客服
USR_000116,,,,,,2026-02-04,2026-02-04,2026-02-04,急聘推广,权益,39.5,四线城市,KA,10000人以上,客服
USR_000116,USR_000116,,,,,2026-02-18,2026-02-18,2026-02-18,企业认证,非权益,10.8,四线城市,KA,10000人以上,客服
USR_000116,,,,,,2026-01-02,2026-01-02,2026-01-02,置顶刷新,权益,24.5,四线城市,KA,10000人以上,客服
USR_000116,USR_000116,,,,,2026-01-06,2026-01-06,2026-01-06,急聘推广,权益,38.6,四线城市,KA,10000人以上,客服
USR_000117,USR_000117,,,,,2026-02-09,2026-02-09,2026-02-09,权益礼包,权益,40.7,三线城市,KA,100-499人,销售
USR_000117,USR_000117,,USR_000117,,,2026-01-09,2026-01-09,2026-01-09,简历搜索,非权益,18.0,三线城市,KA,100-499人,销售
USR_000117,,,,,,2026-01-22,2026-01-22,2026-01-22,急聘推广,权益,30.2,三线城市,KA,100-499人,销售
USR_000117,,,,USR_000117,,2026-02-15,2026-02-15,2026-02-15,在线沟通,非权益,28.1,三线城市,KA,100-499人,销售
USR_000117,,,,,,2026-02-02,2026-02-02,2026-02-02,置顶刷新,权益,11.6,三线城市,KA,100-499人,销售
USR_000118,USR_000118,,,,USR_000118,2026-02-11,2026-02-11,2026-02-11,简历查看,非权益,5.7,二线城市,SME,10000人以上,销售
USR_000118,USR_000118,,,,,2026-01-16,2026-01-16,2026-01-16,急聘推广,权益,30.0,二线城市,SME,10000人以上,销售
USR_000118,USR_000118,,,,,2026-02-25,2026-02-25,2026-02-25,企业认证,非权益,6.5,二线城市,SME,10000人以上,销售
USR_000118,,,,,,2026-01-13,2026-01-13,2026-01-13,急聘推广,权益,25.9,二线城市,SME,10000人以上,销售
USR_000118,,,,,,2026-02-11,2026-02-11,2026-02-11,权益礼包,权益,31.7,二线城市,SME,10000人以上,销售
USR_000118,USR_000118,,,,,2026-02-20,2026-02-20,2026-02-20,急聘推广,权益,18.8,二线城市,SME,10000人以上,销售
USR_000118,,,,,USR_000118,2026-01-03,2026-01-03,2026-01-03,简历查看,非权益,12.0,二线城市,SME,10000人以上,销售
USR_000118,USR_000118,,,,,2026-02-09,2026-02-09,2026-02-09,置顶刷新,权益,32.5,二线城市,SME,10000人以上,销售
USR_000118,USR_000118,,,,USR_000118,2026-02-15,2026-02-15,2026-02-15,简历查看,非权益,40.8,二线城市,SME,10000人以上,销售
USR_000118,USR_000118,,,,,2026-01-21,2026-01-21,2026-01-21,权益礼包,权益,40.2,二线城市,SME,10000人以上,销售
USR_000118,,,,,,2026-01-12,2026-01-12,2026-01-12,置顶刷新,权益,7.3,二线城市,SME,10000人以上,销售
USR_000118,,,,,,2026-01-20,2026-01-20,2026-01-20,急聘推广,权益,5.0,二线城市,SME,10000人以上,销售
USR_000118,USR_000118,USR_000118,,,,2026-02-23,2026-02-23,2026-02-23,职位发布,非权益,9.8,二线城市,SME,10000人以上,销售
USR_000118,USR_000118,,,,,2026-01-07,2026-01-07,2026-01-07,置顶刷新,权益,19.6,二线城市,SME,10000人以上,销售
USR_000118,USR_000118,,,,,2026-03-01,2026-03-01,2026-03-01,置顶刷新,权益,13.5,二线城市,SME,10000人以上,销售
USR_000118,,,,,,2026-01-11,2026-01-11,2026-01-11,急聘推广,权益,17.2,二线城市,SME,10000人以上,销售
USR_000118,USR_000118,USR_000118,,,,2026-02-11,2026-02-11,2026-02-11,职位发布,非权益,60.2,二线城市,SME,10000人以上,销售
USR_000118,USR_000118,,,,,2026-01-18,2026-01-18,2026-01-18,企业认证,非权益,11.4,二线城市,SME,10000人以上,销售
USR_000119,USR_000119,,,USR_000119,,2026-02-25,2026-02-25,2026-02-25,在线沟通,非权益,12.1,一线城市,SME,10000人以上,行政
USR_000119,,,USR_000119,,,2026-02-04,2026-02-04,2026-02-04,简历搜索,非权益,5.8,一线城市,SME,10000人以上,行政
USR_000119,USR_000119,,,,,2026-01-29,2026-01-29,2026-01-29,权益礼包,权益,8.4,一线城市,SME,10000人以上,行政
USR_000119,,USR_000119,,,,2026-01-27,2026-01-27,2026-01-27,职位发布,非权益,7.7,一线城市,SME,10000人以上,行政
USR_000119,USR_000119,,,USR_000119,,2026-02-23,2026-02-23,2026-02-23,在线沟通,非权益,17.9,一线城市,SME,10000人以上,行政
USR_000119,,USR_000119,,,,2026-02-05,2026-02-05,2026-02-05,职位发布,非权益,48.2,一线城市,SME,10000人以上,行政
USR_000119,,USR_000119,,,,2026-02-28,2026-02-28,2026-02-28,职位发布,非权益,9.0,一线城市,SME,10000人以上,行政
USR_000119,USR_000119,,,,,2026-02-13,2026-02-13,2026-02-13,置顶刷新,权益,13.5,一线城市,SME,10000人以上,行政
USR_000119,USR_000119,,,,USR_000119,2026-01-14,2026-01-14,2026-01-14,简历查看,非权益,8.1,一线城市,SME,10000人以上,行政
USR_000119,USR_000119,,,USR_000119,,2026-01-02,2026-01-02,2026-01-02,在线沟通,非权益,11.7,一线城市,SME,10000人以上,行政
USR_000119,,,,,,2026-01-12,2026-01-12,2026-01-12,权益礼包,权益,29.2,一线城市,SME,10000人以上,行政
USR_000119,USR_000119,,,,USR_000119,2026-01-01,2026-01-01,2026-01-01,简历查看,非权益,19.3,一线城市,SME,10000人以上,行政
USR_000119,USR_000119,,,,,2026-01-19,2026-01-19,2026-01-19,急聘推广,权益,14.6,一线城市,SME,10000人以上,行政
USR_000119,USR_000119,,,,,2026-01-23,2026-01-23,2026-01-23,置顶刷新,权益,61.1,一线城市,SME,10000人以上,行政
USR_000120,USR_000120,,,,,2026-02-24,2026-02-24,2026-02-24,权益礼包,权益,58.1,二线城市,SME,5000-10000人,市场
USR_000120,,,,,,2026-01-02,2026-01-02,2026-01-02,权益礼包,权益,7.1,二线城市,SME,5000-10000人,市场
USR_000120,USR_000120,,,,,2026-02-07,2026-02-07,2026-02-07,置顶刷新,权益,31.9,二线城市,SME,5000-10000人,市场
USR_000120,USR_000120,,USR_000120,,,2026-02-04,2026-02-04,2026-02-04,简历搜索,非权益,8.8,二线城市,SME,5000-10000人,市场
USR_000120,,,USR_000120,,,2026-02-02,2026-02-02,2026-02-02,简历搜索,非权益,49.9,二线城市,SME,5000-10000人,市场
USR_000120,USR_000120,,,USR_000120,,2026-02-27,2026-02-27,2026-02-27,在线沟通,非权益,34.7,二线城市,SME,5000-10000人,市场
USR_000120,USR_000120,,,,,2026-02-10,2026-02-10,2026-02-10,置顶刷新,权益,11.8,二线城市,SME,5000-10000人,市场
USR_000120,USR_000120,,,,,2026-01-06,2026-01-06,2026-01-06,企业认证,非权益,7.9,二线城市,SME,5000-10000人,市场
USR_000120,,,USR_000120,,,2026-01-30,2026-01-30,2026-01-30,简历搜索,非权益,13.7,二线城市,SME,5000-10000人,市场
USR_000120,USR_000120,USR_000120,,,,2026-02-02,2026-02-02,2026-02-02,职位发布,非权益,9.9,二线城市,SME,5000-10000人,市场
USR_000120,USR_000120,,USR_000120,,,2026-02-20,2026-02-20,2026-02-20,简历搜索,非权益,21.5,二线城市,SME,5000-10000人,市场
USR_000120,USR_000120,USR_000120,,,,2026-02-01,2026-02-01,2026-02-01,职位发布,非权益,36.3,二线城市,SME,5000-10000人,市场
USR_000121,USR_000121,,,,,2026-02-05,2026-02-05,2026-02-05,置顶刷新,权益,14.6,五线城市,SME,50-99人,研发
USR_000121,USR_000121,USR_000121,,,,2026-01-23,2026-01-23,2026-01-23,职位发布,非权益,6.4,五线城市,SME,50-99人,研发
USR_000121,,,USR_000121,,,2026-02-02,2026-02-02,2026-02-02,简历搜索,非权益,28.3,五线城市,SME,50-99人,研发
USR_000121,USR_000121,,,,,2026-02-12,2026-02-12,2026-02-12,企业认证,非权益,9.1,五线城市,SME,50-99人,研发
USR_000121,USR_000121,,,,,2026-02-09,2026-02-09,2026-02-09,企业认证,非权益,19.1,五线城市,SME,50-99人,研发
USR_000121,,,,,,2026-02-06,2026-02-06,2026-02-06,企业认证,非权益,14.1,五线城市,SME,50-99人,研发
USR_000121,USR_000121,,,,USR_000121,2026-01-24,2026-01-24,2026-01-24,简历查看,非权益,51.9,五线城市,SME,50-99人,研发
USR_000121,,,,,,2026-02-19,2026-02-19,2026-02-19,权益礼包,权益,9.1,五线城市,SME,50-99人,研发
USR_000121,USR_000121,,,USR_000121,,2026-01-21,2026-01-21,2026-01-21,在线沟通,非权益,43.8,五线城市,SME,50-99人,研发
USR_000121,USR_000121,,,,,2026-01-10,2026-01-10,2026-01-10,企业认证,非权益,8.9,五线城市,SME,50-99人,研发
USR_000121,,,,,,2026-01-20,2026-01-20,2026-01-20,企业认证,非权益,12.2,五线城市,SME,50-99人,研发
USR_000121,,USR_000121,,,,2026-01-14,2026-01-14,2026-01-14,职位发布,非权益,12.4,五线城市,SME,50-99人,研发
USR_000121,,,USR_000121,,,2026-02-28,2026-02-28,2026-02-28,简历搜索,非权益,21.4,五线城市,SME,50-99人,研发
USR_000121,USR_000121,,,USR_000121,,2026-02-13,2026-02-13,2026-02-13,在线沟通,非权益,10.3,五线城市,SME,50-99人,研发
USR_000121,USR_000121,,,,,2026-01-28,2026-01-28,2026-01-28,置顶刷新,权益,29.5,五线城市,SME,50-99人,研发
USR_000121,USR_000121,,,,USR_000121,2026-01-26,2026-01-26,2026-01-26,简历查看,非权益,12.5,五线城市,SME,50-99人,研发
USR_000121,USR_000121,,,,USR_000121,2026-02-18,2026-02-18,2026-02-18,简历查看,非权益,17.1,五线城市,SME,50-99人,研发
USR_000122,,USR_000122,,,,2026-01-12,2026-01-12,2026-01-12,职位发布,非权益,12.5,一线城市,SME,1-49人,市场
USR_000122,,,,USR_000122,,2026-02-18,2026-02-18,2026-02-18,在线沟通,非权益,13.1,一线城市,SME,1-49人,市场
USR_000123,,,,,,2026-02-05,2026-02-05,2026-02-05,急聘推广,权益,38.6,三线城市,SME,5000-10000人,行政
USR_000123,USR_000123,,,,,2026-01-01,2026-01-01,2026-01-01,急聘推广,权益,14.3,三线城市,SME,5000-10000人,行政
USR_000123,USR_000123,,,,,2026-01-16,2026-01-16,2026-01-16,企业认证,非权益,29.9,三线城市,SME,5000-10000人,行政
USR_000123,USR_000123,,,,USR_000123,2026-01-06,2026-01-06,2026-01-06,简历查看,非权益,8.7,三线城市,SME,5000-10000人,行政
USR_000123,USR_000123,USR_000123,,,,2026-01-14,2026-01-14,2026-01-14,职位发布,非权益,9.1,三线城市,SME,5000-10000人,行政
USR_000123,,,,,,2026-02-02,2026-02-02,2026-02-02,置顶刷新,权益,16.9,三线城市,SME,5000-10000人,行政
USR_000123,,,,,,2026-01-03,2026-01-03,2026-01-03,置顶刷新,权益,27.6,三线城市,SME,5000-10000人,行政
USR_000123,USR_000123,,,USR_000123,,2026-01-02,2026-01-02,2026-01-02,在线沟通,非权益,16.6,三线城市,SME,5000-10000人,行政
USR_000123,USR_000123,,,,USR_000123,2026-01-26,2026-01-26,2026-01-26,简历查看,非权益,27.1,三线城市,SME,5000-10000人,行政
USR_000123,USR_000123,,,,,2026-02-03,2026-02-03,2026-02-03,企业认证,非权益,17.9,三线城市,SME,5000-10000人,行政
USR_000123,USR_000123,,,,,2026-02-05,2026-02-05,2026-02-05,企业认证,非权益,5.4,三线城市,SME,5000-10000人,行政
USR_000123,USR_000123,,,,,2026-01-15,2026-01-15,2026-01-15,置顶刷新,权益,13.8,三线城市,SME,5000-10000人,行政
USR_000123,,,,,,2026-03-01,2026-03-01,2026-03-01,企业认证,非权益,40.0,三线城市,SME,5000-10000人,行政
USR_000123,USR_000123,,,,,2026-01-03,2026-01-03,2026-01-03,急聘推广,权益,26.7,三线城市,SME,5000-10000人,行政
USR_000123,USR_000123,,,,,2026-02-05,2026-02-05,2026-02-05,企业认证,非权益,11.7,三线城市,SME,5000-10000人,行政
USR_000123,USR_000123,,,,USR_000123,2026-02-15,2026-02-15,2026-02-15,简历查看,非权益,46.0,三线城市,SME,5000-10000人,行政
USR_000123,USR_000123,,,,,2026-01-18,2026-01-18,2026-01-18,急聘推广,权益,35.4,三线城市,SME,5000-10000人,行政
USR_000123,USR_000123,,,,,2026-02-22,2026-02-22,2026-02-22,急聘推广,权益,16.5,三线城市,SME,5000-10000人,行政
USR_000123,USR_000123,,,,,2026-01-19,2026-01-19,2026-01-19,企业认证,非权益,41.7,三线城市,SME,5000-10000人,行政
USR_000123,,,,USR_000123,,2026-02-06,2026-02-06,2026-02-06,在线沟通,非权益,38.9,三线城市,SME,5000-10000人,行政
USR_000124,USR_000124,,,,,2026-01-09,2026-01-09,2026-01-09,权益礼包,权益,8.9,二线城市,KA,5000-10000人,客服
USR_000124,USR_000124,USR_000124,,,,2026-01-26,2026-01-26,2026-01-26,职位发布,非权益,12.0,二线城市,KA,5000-10000人,客服
USR_000124,,,,USR_000124,,2026-02-07,2026-02-07,2026-02-07,在线沟通,非权益,24.8,二线城市,KA,5000-10000人,客服
USR_000124,,,,USR_000124,,2026-02-24,2026-02-24,2026-02-24,在线沟通,非权益,27.9,二线城市,KA,5000-10000人,客服
USR_000124,USR_000124,,,,USR_000124,2026-02-07,2026-02-07,2026-02-07,简历查看,非权益,10.4,二线城市,KA,5000-10000人,客服
USR_000124,,USR_000124,,,,2026-01-10,2026-01-10,2026-01-10,职位发布,非权益,7.3,二线城市,KA,5000-10000人,客服
USR_000124,USR_000124,,,,,2026-01-31,2026-01-31,2026-01-31,急聘推广,权益,20.0,二线城市,KA,5000-10000人,客服
USR_000124,USR_000124,,,,USR_000124,2026-02-11,2026-02-11,2026-02-11,简历查看,非权益,13.6,二线城市,KA,5000-10000人,客服
USR_000124,,,,,,2026-02-26,2026-02-26,2026-02-26,急聘推广,权益,28.4,二线城市,KA,5000-10000人,客服
USR_000124,,,USR_000124,,,2026-01-12,2026-01-12,2026-01-12,简历搜索,非权益,21.1,二线城市,KA,5000-10000人,客服
USR_000124,USR_000124,,,,,2026-02-20,2026-02-20,2026-02-20,企业认证,非权益,5.5,二线城市,KA,5000-10000人,客服
USR_000125,,,,,USR_000125,2026-02-22,2026-02-22,2026-02-22,简历查看,非权益,35.2,一线城市,SME,50-99人,运营
USR_000125,,,,,,2026-01-08,2026-01-08,2026-01-08,企业认证,非权益,13.8,一线城市,SME,50-99人,运营
USR_000125,,,,,,2026-01-14,2026-01-14,2026-01-14,权益礼包,权益,29.9,一线城市,SME,50-99人,运营
USR_000125,USR_000125,,,,,2026-01-21,2026-01-21,2026-01-21,急聘推广,权益,6.3,一线城市,SME,50-99人,运营
USR_000125,USR_000125,,,,USR_000125,2026-01-24,2026-01-24,2026-01-24,简历查看,非权益,11.1,一线城市,SME,50-99人,运营
USR_000125,,,USR_000125,,,2026-02-07,2026-02-07,2026-02-07,简历搜索,非权益,40.7,一线城市,SME,50-99人,运营
USR_000125,,,,,,2026-02-13,2026-02-13,2026-02-13,急聘推广,权益,5.8,一线城市,SME,50-99人,运营
USR_000125,USR_000125,,,,,2026-01-17,2026-01-17,2026-01-17,急聘推广,权益,6.2,一线城市,SME,50-99人,运营
USR_000125,USR_000125,,,USR_000125,,2026-01-10,2026-01-10,2026-01-10,在线沟通,非权益,12.4,一线城市,SME,50-99人,运营
USR_000125,USR_000125,,,,,2026-01-21,2026-01-21,2026-01-21,急聘推广,权益,16.0,一线城市,SME,50-99人,运营
USR_000125,,USR_000125,,,,2026-02-28,2026-02-28,2026-02-28,职位发布,非权益,30.0,一线城市,SME,50-99人,运营
USR_000125,,,,,USR_000125,2026-02-01,2026-02-01,2026-02-01,简历查看,非权益,7.2,一线城市,SME,50-99人,运营
USR_000126,USR_000126,,USR_000126,,,2026-01-26,2026-01-26,2026-01-26,简历搜索,非权益,33.3,五线城市,SME,50-99人,产品
USR_000126,USR_000126,USR_000126,,,,2026-02-21,2026-02-21,2026-02-21,职位发布,非权益,13.7,五线城市,SME,50-99人,产品
USR_000126,USR_000126,,,,,2026-01-07,2026-01-07,2026-01-07,置顶刷新,权益,38.4,五线城市,SME,50-99人,产品
USR_000126,USR_000126,,USR_000126,,,2026-02-16,2026-02-16,2026-02-16,简历搜索,非权益,5.7,五线城市,SME,50-99人,产品
USR_000126,USR_000126,,,USR_000126,,2026-02-20,2026-02-20,2026-02-20,在线沟通,非权益,20.2,五线城市,SME,50-99人,产品
USR_000126,USR_000126,,,,,2026-01-24,2026-01-24,2026-01-24,急聘推广,权益,43.9,五线城市,SME,50-99人,产品
USR_000126,USR_000126,,,,,2026-01-10,2026-01-10,2026-01-10,权益礼包,权益,95.0,五线城市,SME,50-99人,产品
USR_000126,USR_000126,,USR_000126,,,2026-02-27,2026-02-27,2026-02-27,简历搜索,非权益,18.1,五线城市,SME,50-99人,产品
USR_000126,USR_000126,,,,,2026-02-09,2026-02-09,2026-02-09,权益礼包,权益,38.9,五线城市,SME,50-99人,产品
USR_000126,USR_000126,,USR_000126,,,2026-02-06,2026-02-06,2026-02-06,简历搜索,非权益,9.0,五线城市,SME,50-99人,产品
USR_000127,USR_000127,USR_000127,,,,2026-01-08,2026-01-08,2026-01-08,职位发布,非权益,19.3,一线城市,KA,50-99人,客服
USR_000127,USR_000127,,USR_000127,,,2026-01-30,2026-01-30,2026-01-30,简历搜索,非权益,11.9,一线城市,KA,50-99人,客服
USR_000127,USR_000127,,,USR_000127,,2026-01-26,2026-01-26,2026-01-26,在线沟通,非权益,6.9,一线城市,KA,50-99人,客服
USR_000127,,,,,,2026-01-12,2026-01-12,2026-01-12,置顶刷新,权益,29.5,一线城市,KA,50-99人,客服
USR_000127,,,USR_000127,,,2026-01-13,2026-01-13,2026-01-13,简历搜索,非权益,26.4,一线城市,KA,50-99人,客服
USR_000127,USR_000127,,,,,2026-02-06,2026-02-06,2026-02-06,置顶刷新,权益,39.3,一线城市,KA,50-99人,客服
USR_000127,USR_000127,,,,USR_000127,2026-01-16,2026-01-16,2026-01-16,简历查看,非权益,29.7,一线城市,KA,50-99人,客服
USR_000127,USR_000127,USR_000127,,,,2026-02-01,2026-02-01,2026-02-01,职位发布,非权益,18.9,一线城市,KA,50-99人,客服
USR_000127,,,,USR_000127,,2026-01-10,2026-01-10,2026-01-10,在线沟通,非权益,10.7,一线城市,KA,50-99人,客服
USR_000127,,,,,,2026-02-19,2026-02-19,2026-02-19,急聘推广,权益,16.6,一线城市,KA,50-99人,客服
USR_000127,USR_000127,,,,,2026-02-09,2026-02-09,2026-02-09,置顶刷新,权益,11.4,一线城市,KA,50-99人,客服
USR_000127,USR_000127,,,,,2026-02-17,2026-02-17,2026-02-17,置顶刷新,权益,13.4,一线城市,KA,50-99人,客服
USR_000127,USR_000127,,,,USR_000127,2026-01-11,2026-01-11,2026-01-11,简历查看,非权益,57.0,一线城市,KA,50-99人,客服
USR_000127,USR_000127,,,,,2026-01-29,2026-01-29,2026-01-29,置顶刷新,权益,10.2,一线城市,KA,50-99人,客服
USR_000127,,USR_000127,,,,2026-01-27,2026-01-27,2026-01-27,职位发布,非权益,9.2,一线城市,KA,50-99人,客服
USR_000127,USR_000127,,,USR_000127,,2026-01-16,2026-01-16,2026-01-16,在线沟通,非权益,81.6,一线城市,KA,50-99人,客服
USR_000127,,,,,,2026-01-16,2026-01-16,2026-01-16,企业认证,非权益,11.9,一线城市,KA,50-99人,客服
USR_000127,USR_000127,,,,USR_000127,2026-01-12,2026-01-12,2026-01-12,简历查看,非权益,11.5,一线城市,KA,50-99人,客服
USR_000127,USR_000127,USR_000127,,,,2026-01-28,2026-01-28,2026-01-28,职位发布,非权益,14.3,一线城市,KA,50-99人,客服
USR_000127,USR_000127,,,,USR_000127,2026-02-23,2026-02-23,2026-02-23,简历查看,非权益,7.3,一线城市,KA,50-99人,客服
USR_000127,USR_000127,,USR_000127,,,2026-02-15,2026-02-15,2026-02-15,简历搜索,非权益,15.6,一线城市,KA,50-99人,客服
USR_000127,,,,,,2026-02-17,2026-02-17,2026-02-17,权益礼包,权益,6.9,一线城市,KA,50-99人,客服
USR_000128,,USR_000128,,,,2026-01-08,2026-01-08,2026-01-08,职位发布,非权益,113.0,三线城市,SME,5000-10000人,产品
USR_000128,USR_000128,,,USR_000128,,2026-02-26,2026-02-26,2026-02-26,在线沟通,非权益,11.7,三线城市,SME,5000-10000人,产品
USR_000128,USR_000128,,,,,2026-01-19,2026-01-19,2026-01-19,权益礼包,权益,9.1,三线城市,SME,5000-10000人,产品
USR_000128,,,,,,2026-01-04,2026-01-04,2026-01-04,急聘推广,权益,5.9,三线城市,SME,5000-10000人,产品
USR_000128,USR_000128,,,,USR_000128,2026-01-25,2026-01-25,2026-01-25,简历查看,非权益,9.9,三线城市,SME,5000-10000人,产品
USR_000128,USR_000128,,,,,2026-01-03,2026-01-03,2026-01-03,权益礼包,权益,39.2,三线城市,SME,5000-10000人,产品
USR_000129,USR_000129,,USR_000129,,,2026-02-10,2026-02-10,2026-02-10,简历搜索,非权益,17.1,二线城市,SME,1-49人,财务
USR_000129,USR_000129,,,,,2026-02-14,2026-02-14,2026-02-14,置顶刷新,权益,11.2,二线城市,SME,1-49人,财务
USR_000129,USR_000129,,,,,2026-01-12,2026-01-12,2026-01-12,企业认证,非权益,11.1,二线城市,SME,1-49人,财务
USR_000129,USR_000129,USR_000129,,,,2026-02-08,2026-02-08,2026-02-08,职位发布,非权益,7.3,二线城市,SME,1-49人,财务
USR_000129,,,,USR_000129,,2026-01-27,2026-01-27,2026-01-27,在线沟通,非权益,20.5,二线城市,SME,1-49人,财务
USR_000129,USR_000129,,,,,2026-02-08,2026-02-08,2026-02-08,急聘推广,权益,12.5,二线城市,SME,1-49人,财务
USR_000129,USR_000129,,,,,2026-01-22,2026-01-22,2026-01-22,置顶刷新,权益,11.0,二线城市,SME,1-49人,财务
USR_000129,USR_000129,,,,USR_000129,2026-01-07,2026-01-07,2026-01-07,简历查看,非权益,53.9,二线城市,SME,1-49人,财务
USR_000129,,,,,,2026-02-24,2026-02-24,2026-02-24,企业认证,非权益,17.8,二线城市,SME,1-49人,财务
USR_000129,USR_000129,,,,,2026-02-09,2026-02-09,2026-02-09,置顶刷新,权益,18.0,二线城市,SME,1-49人,财务
USR_000129,USR_000129,,,,,2026-01-24,2026-01-24,2026-01-24,置顶刷新,权益,13.0,二线城市,SME,1-49人,财务
USR_000130,USR_000130,,,,,2026-01-30,2026-01-30,2026-01-30,企业认证,非权益,66.2,四线城市,SME,500-999人,产品
USR_000130,USR_000130,,,,,2026-02-18,2026-02-18,2026-02-18,急聘推广,权益,40.8,四线城市,SME,500-999人,产品
USR_000130,USR_000130,,,,,2026-03-01,2026-03-01,2026-03-01,置顶刷新,权益,19.4,四线城市,SME,500-999人,产品
USR_000130,,,,,,2026-01-04,2026-01-04,2026-01-04,企业认证,非权益,9.1,四线城市,SME,500-999人,产品
USR_000130,USR_000130,,,,,2026-02-23,2026-02-23,2026-02-23,置顶刷新,权益,6.0,四线城市,SME,500-999人,产品
USR_000130,USR_000130,,,,USR_000130,2026-01-16,2026-01-16,2026-01-16,简历查看,非权益,11.2,四线城市,SME,500-999人,产品
USR_000130,,,USR_000130,,,2026-02-06,2026-02-06,2026-02-06,简历搜索,非权益,11.5,四线城市,SME,500-999人,产品
USR_000130,USR_000130,,USR_000130,,,2026-01-14,2026-01-14,2026-01-14,简历搜索,非权益,11.4,四线城市,SME,500-999人,产品
USR_000130,USR_000130,,,,USR_000130,2026-01-19,2026-01-19,2026-01-19,简历查看,非权益,9.6,四线城市,SME,500-999人,产品
USR_000130,USR_000130,,,,USR_000130,2026-02-22,2026-02-22,2026-02-22,简历查看,非权益,55.6,四线城市,SME,500-999人,产品
USR_000130,,,,,,2026-02-24,2026-02-24,2026-02-24,权益礼包,权益,17.0,四线城市,SME,500-999人,产品
USR_000130,,,,,,2026-02-08,2026-02-08,2026-02-08,权益礼包,权益,16.1,四线城市,SME,500-999人,产品
USR_000130,,,,,,2026-01-27,2026-01-27,2026-01-27,急聘推广,权益,5.9,四线城市,SME,500-999人,产品
USR_000130,,,,,,2026-01-01,2026-01-01,2026-01-01,企业认证,非权益,11.0,四线城市,SME,500-999人,产品
USR_000130,USR_000130,,,,,2026-01-30,2026-01-30,2026-01-30,权益礼包,权益,5.4,四线城市,SME,500-999人,产品
USR_000131,USR_000131,,,,,2026-02-09,2026-02-09,2026-02-09,权益礼包,权益,5.5,新一线城市,KA,5000-10000人,市场
USR_000131,USR_000131,,,,USR_000131,2026-02-19,2026-02-19,2026-02-19,简历查看,非权益,30.8,新一线城市,KA,5000-10000人,市场
USR_000131,,USR_000131,,,,2026-01-29,2026-01-29,2026-01-29,职位发布,非权益,82.7,新一线城市,KA,5000-10000人,市场
USR_000131,USR_000131,,,,USR_000131,2026-01-10,2026-01-10,2026-01-10,简历查看,非权益,48.1,新一线城市,KA,5000-10000人,市场
USR_000131,USR_000131,,,,,2026-02-27,2026-02-27,2026-02-27,置顶刷新,权益,57.3,新一线城市,KA,5000-10000人,市场
USR_000132,,,,,,2026-01-25,2026-01-25,2026-01-25,急聘推广,权益,7.8,五线城市,SME,500-999人,行政
USR_000132,USR_000132,,USR_000132,,,2026-02-16,2026-02-16,2026-02-16,简历搜索,非权益,10.9,五线城市,SME,500-999人,行政
USR_000132,,,,,,2026-02-02,2026-02-02,2026-02-02,企业认证,非权益,6.0,五线城市,SME,500-999人,行政
USR_000132,USR_000132,,,,,2026-02-04,2026-02-04,2026-02-04,权益礼包,权益,8.0,五线城市,SME,500-999人,行政
USR_000132,USR_000132,,,,,2026-02-14,2026-02-14,2026-02-14,置顶刷新,权益,10.4,五线城市,SME,500-999人,行政
USR_000132,USR_000132,,,,USR_000132,2026-02-13,2026-02-13,2026-02-13,简历查看,非权益,11.5,五线城市,SME,500-999人,行政
USR_000132,,,,,,2026-02-17,2026-02-17,2026-02-17,置顶刷新,权益,12.3,五线城市,SME,500-999人,行政
USR_000132,,,,,,2026-02-18,2026-02-18,2026-02-18,权益礼包,权益,5.1,五线城市,SME,500-999人,行政
USR_000132,,,USR_000132,,,2026-01-19,2026-01-19,2026-01-19,简历搜索,非权益,6.7,五线城市,SME,500-999人,行政
USR_000132,,,,,,2026-02-11,2026-02-11,2026-02-11,置顶刷新,权益,18.9,五线城市,SME,500-999人,行政
USR_000132,USR_000132,USR_000132,,,,2026-01-27,2026-01-27,2026-01-27,职位发布,非权益,15.8,五线城市,SME,500-999人,行政
USR_000132,,,,,USR_000132,2026-01-19,2026-01-19,2026-01-19,简历查看,非权益,102.0,五线城市,SME,500-999人,行政
USR_000132,USR_000132,,,,,2026-02-23,2026-02-23,2026-02-23,权益礼包,权益,18.7,五线城市,SME,500-999人,行政
USR_000132,USR_000132,,,,USR_000132,2026-02-09,2026-02-09,2026-02-09,简历查看,非权益,73.3,五线城市,SME,500-999人,行政
USR_000132,USR_000132,,,,,2026-01-30,2026-01-30,2026-01-30,权益礼包,权益,21.6,五线城市,SME,500-999人,行政
USR_000132,USR_000132,USR_000132,,,,2026-01-04,2026-01-04,2026-01-04,职位发布,非权益,26.4,五线城市,SME,500-999人,行政
USR_000133,,USR_000133,,,,2026-01-30,2026-01-30,2026-01-30,职位发布,非权益,8.4,新一线城市,SME,500-999人,研发
USR_000133,USR_000133,USR_000133,,,,2026-01-01,2026-01-01,2026-01-01,职位发布,非权益,15.2,新一线城市,SME,500-999人,研发
USR_000133,USR_000133,,,,,2026-01-28,2026-01-28,2026-01-28,置顶刷新,权益,33.4,新一线城市,SME,500-999人,研发
USR_000133,USR_000133,,,,,2026-01-27,2026-01-27,2026-01-27,急聘推广,权益,34.9,新一线城市,SME,500-999人,研发
USR_000133,USR_000133,USR_000133,,,,2026-01-21,2026-01-21,2026-01-21,职位发布,非权益,17.6,新一线城市,SME,500-999人,研发
USR_000133,USR_000133,,,,,2026-02-28,2026-02-28,2026-02-28,置顶刷新,权益,23.8,新一线城市,SME,500-999人,研发
USR_000133,USR_000133,,,,USR_000133,2026-01-22,2026-01-22,2026-01-22,简历查看,非权益,66.4,新一线城市,SME,500-999人,研发
USR_000133,,,,USR_000133,,2026-01-28,2026-01-28,2026-01-28,在线沟通,非权益,7.7,新一线城市,SME,500-999人,研发
USR_000133,,,,,,2026-01-18,2026-01-18,2026-01-18,权益礼包,权益,20.7,新一线城市,SME,500-999人,研发
USR_000133,USR_000133,,,,,2026-02-03,2026-02-03,2026-02-03,急聘推广,权益,6.7,新一线城市,SME,500-999人,研发
USR_000133,USR_000133,,,,,2026-02-28,2026-02-28,2026-02-28,急聘推广,权益,41.3,新一线城市,SME,500-999人,研发
USR_000133,,,,,,2026-01-08,2026-01-08,2026-01-08,急聘推广,权益,62.1,新一线城市,SME,500-999人,研发
USR_000133,USR_000133,,,,,2026-01-14,2026-01-14,2026-01-14,权益礼包,权益,45.7,新一线城市,SME,500-999人,研发
USR_000133,,,,,USR_000133,2026-01-25,2026-01-25,2026-01-25,简历查看,非权益,8.2,新一线城市,SME,500-999人,研发
USR_000133,USR_000133,,,,,2026-01-22,2026-01-22,2026-01-22,急聘推广,权益,7.3,新一线城市,SME,500-999人,研发
USR_000133,USR_000133,,,,,2026-02-07,2026-02-07,2026-02-07,权益礼包,权益,36.0,新一线城市,SME,500-999人,研发
USR_000133,,USR_000133,,,,2026-01-01,2026-01-01,2026-01-01,职位发布,非权益,5.9,新一线城市,SME,500-999人,研发
USR_000133,,,USR_000133,,,2026-01-05,2026-01-05,2026-01-05,简历搜索,非权益,5.1,新一线城市,SME,500-999人,研发
USR_000134,,,,,USR_000134,2026-02-27,2026-02-27,2026-02-27,简历查看,非权益,14.3,新一线城市,SME,5000-10000人,行政
USR_000134,,USR_000134,,,,2026-01-31,2026-01-31,2026-01-31,职位发布,非权益,13.6,新一线城市,SME,5000-10000人,行政
USR_000134,USR_000134,,,,,2026-02-24,2026-02-24,2026-02-24,置顶刷新,权益,17.2,新一线城市,SME,5000-10000人,行政
USR_000134,USR_000134,,,,,2026-02-27,2026-02-27,2026-02-27,权益礼包,权益,14.1,新一线城市,SME,5000-10000人,行政
USR_000134,,,,,,2026-01-14,2026-01-14,2026-01-14,置顶刷新,权益,14.7,新一线城市,SME,5000-10000人,行政
USR_000134,,,,,,2026-01-03,2026-01-03,2026-01-03,企业认证,非权益,25.3,新一线城市,SME,5000-10000人,行政
USR_000134,USR_000134,,,USR_000134,,2026-01-03,2026-01-03,2026-01-03,在线沟通,非权益,16.9,新一线城市,SME,5000-10000人,行政
USR_000134,USR_000134,USR_000134,,,,2026-01-07,2026-01-07,2026-01-07,职位发布,非权益,42.8,新一线城市,SME,5000-10000人,行政
USR_000134,,,USR_000134,,,2026-02-08,2026-02-08,2026-02-08,简历搜索,非权益,10.7,新一线城市,SME,5000-10000人,行政
USR_000134,,,,USR_000134,,2026-01-05,2026-01-05,2026-01-05,在线沟通,非权益,5.1,新一线城市,SME,5000-10000人,行政
USR_000134,USR_000134,,,,,2026-01-19,2026-01-19,2026-01-19,权益礼包,权益,41.2,新一线城市,SME,5000-10000人,行政
USR_000134,USR_000134,,,,,2026-02-28,2026-02-28,2026-02-28,企业认证,非权益,15.6,新一线城市,SME,5000-10000人,行政
USR_000135,USR_000135,USR_000135,,,,2026-02-09,2026-02-09,2026-02-09,职位发布,非权益,29.7,五线城市,SME,10000人以上,市场
USR_000135,USR_000135,,,,,2026-01-27,2026-01-27,2026-01-27,权益礼包,权益,8.6,五线城市,SME,10000人以上,市场
USR_000135,USR_000135,USR_000135,,,,2026-02-04,2026-02-04,2026-02-04,职位发布,非权益,94.2,五线城市,SME,10000人以上,市场
USR_000135,USR_000135,,,,,2026-02-21,2026-02-21,2026-02-21,权益礼包,权益,8.5,五线城市,SME,10000人以上,市场
USR_000135,USR_000135,,,USR_000135,,2026-01-26,2026-01-26,2026-01-26,在线沟通,非权益,7.7,五线城市,SME,10000人以上,市场
USR_000136,,,,,,2026-01-20,2026-01-20,2026-01-20,权益礼包,权益,6.0,二线城市,SME,500-999人,产品
USR_000136,USR_000136,USR_000136,,,,2026-02-22,2026-02-22,2026-02-22,职位发布,非权益,18.6,二线城市,SME,500-999人,产品
USR_000136,USR_000136,,USR_000136,,,2026-02-02,2026-02-02,2026-02-02,简历搜索,非权益,15.2,二线城市,SME,500-999人,产品
USR_000137,USR_000137,,,USR_000137,,2026-01-07,2026-01-07,2026-01-07,在线沟通,非权益,19.2,二线城市,SME,1000-2000人,研发
USR_000137,USR_000137,,,,USR_000137,2026-02-03,2026-02-03,2026-02-03,简历查看,非权益,5.5,二线城市,SME,1000-2000人,研发
USR_000137,USR_000137,,,,,2026-01-07,2026-01-07,2026-01-07,权益礼包,权益,52.8,二线城市,SME,1000-2000人,研发
USR_000137,USR_000137,,,,,2026-02-01,2026-02-01,2026-02-01,置顶刷新,权益,6.0,二线城市,SME,1000-2000人,研发
USR_000137,USR_000137,,,,,2026-01-25,2026-01-25,2026-01-25,企业认证,非权益,11.4,二线城市,SME,1000-2000人,研发
USR_000137,USR_000137,,,,,2026-01-11,2026-01-11,2026-01-11,权益礼包,权益,11.5,二线城市,SME,1000-2000人,研发
USR_000137,USR_000137,,,,,2026-01-06,2026-01-06,2026-01-06,急聘推广,权益,46.4,二线城市,SME,1000-2000人,研发
USR_000137,USR_000137,,,,USR_000137,2026-01-25,2026-01-25,2026-01-25,简历查看,非权益,5.7,二线城市,SME,1000-2000人,研发
USR_000137,,,,,,2026-02-06,2026-02-06,2026-02-06,企业认证,非权益,10.6,二线城市,SME,1000-2000人,研发
USR_000137,USR_000137,,USR_000137,,,2026-02-16,2026-02-16,2026-02-16,简历搜索,非权益,36.2,二线城市,SME,1000-2000人,研发
USR_000137,,,,,,2026-02-22,2026-02-22,2026-02-22,急聘推广,权益,17.4,二线城市,SME,1000-2000人,研发
USR_000137,USR_000137,,,,,2026-01-10,2026-01-10,2026-01-10,企业认证,非权益,15.2,二线城市,SME,1000-2000人,研发
USR_000137,USR_000137,,,,USR_000137,2026-01-18,2026-01-18,2026-01-18,简历查看,非权益,7.0,二线城市,SME,1000-2000人,研发
USR_000138,USR_000138,,,,,2026-02-10,2026-02-10,2026-02-10,权益礼包,权益,48.5,二线城市,SME,50-99人,行政
USR_000138,USR_000138,,,,USR_000138,2026-02-22,2026-02-22,2026-02-22,简历查看,非权益,29.4,二线城市,SME,50-99人,行政
USR_000138,USR_000138,,,,,2026-01-27,2026-01-27,2026-01-27,权益礼包,权益,22.5,二线城市,SME,50-99人,行政
USR_000138,USR_000138,,USR_000138,,,2026-01-07,2026-01-07,2026-01-07,简历搜索,非权益,10.4,二线城市,SME,50-99人,行政
USR_000138,,,,,,2026-01-05,2026-01-05,2026-01-05,急聘推广,权益,22.0,二线城市,SME,50-99人,行政
USR_000138,,,,,,2026-02-01,2026-02-01,2026-02-01,置顶刷新,权益,7.1,二线城市,SME,50-99人,行政
USR_000139,USR_000139,,,,,2026-01-04,2026-01-04,2026-01-04,置顶刷新,权益,33.0,四线城市,SME,50-99人,运营
USR_000139,USR_000139,,,,,2026-02-21,2026-02-21,2026-02-21,权益礼包,权益,118.8,四线城市,SME,50-99人,运营
USR_000139,USR_000139,,,USR_000139,,2026-01-27,2026-01-27,2026-01-27,在线沟通,非权益,14.4,四线城市,SME,50-99人,运营
USR_000139,USR_000139,,,,,2026-02-15,2026-02-15,2026-02-15,急聘推广,权益,6.7,四线城市,SME,50-99人,运营
USR_000139,,,,,,2026-01-18,2026-01-18,2026-01-18,置顶刷新,权益,18.0,四线城市,SME,50-99人,运营
USR_000139,USR_000139,,,USR_000139,,2026-01-31,2026-01-31,2026-01-31,在线沟通,非权益,31.3,四线城市,SME,50-99人,运营
USR_000139,USR_000139,,,USR_000139,,2026-02-07,2026-02-07,2026-02-07,在线沟通,非权益,9.3,四线城市,SME,50-99人,运营
USR_000139,USR_000139,,USR_000139,,,2026-01-18,2026-01-18,2026-01-18,简历搜索,非权益,21.2,四线城市,SME,50-99人,运营
USR_000139,,,USR_000139,,,2026-01-05,2026-01-05,2026-01-05,简历搜索,非权益,16.2,四线城市,SME,50-99人,运营
USR_000140,,,,,USR_000140,2026-02-23,2026-02-23,2026-02-23,简历查看,非权益,12.4,四线城市,SME,50-99人,市场
USR_000140,,,,,,2026-02-18,2026-02-18,2026-02-18,企业认证,非权益,24.5,四线城市,SME,50-99人,市场
USR_000140,USR_000140,,USR_000140,,,2026-01-21,2026-01-21,2026-01-21,简历搜索,非权益,27.6,四线城市,SME,50-99人,市场
USR_000140,USR_000140,,,,USR_000140,2026-01-26,2026-01-26,2026-01-26,简历查看,非权益,7.4,四线城市,SME,50-99人,市场
USR_000140,USR_000140,,,USR_000140,,2026-01-16,2026-01-16,2026-01-16,在线沟通,非权益,21.4,四线城市,SME,50-99人,市场
USR_000140,,,,,USR_000140,2026-02-16,2026-02-16,2026-02-16,简历查看,非权益,15.7,四线城市,SME,50-99人,市场
USR_000141,USR_000141,,,,,2026-01-26,2026-01-26,2026-01-26,急聘推广,权益,14.8,二线城市,KA,2000-5000人,运营
USR_000141,,,,,,2026-01-25,2026-01-25,2026-01-25,急聘推广,权益,10.0,二线城市,KA,2000-5000人,运营
USR_000141,USR_000141,,,,,2026-01-07,2026-01-07,2026-01-07,权益礼包,权益,6.9,二线城市,KA,2000-5000人,运营
USR_000141,,,,USR_000141,,2026-02-23,2026-02-23,2026-02-23,在线沟通,非权益,30.7,二线城市,KA,2000-5000人,运营
USR_000141,,,,,USR_000141,2026-01-08,2026-01-08,2026-01-08,简历查看,非权益,15.4,二线城市,KA,2000-5000人,运营
USR_000141,USR_000141,USR_000141,,,,2026-01-29,2026-01-29,2026-01-29,职位发布,非权益,6.7,二线城市,KA,2000-5000人,运营
USR_000141,USR_000141,,USR_000141,,,2026-01-10,2026-01-10,2026-01-10,简历搜索,非权益,8.7,二线城市,KA,2000-5000人,运营
USR_000141,USR_000141,,,,USR_000141,2026-02-14,2026-02-14,2026-02-14,简历查看,非权益,6.1,二线城市,KA,2000-5000人,运营
USR_000141,,,,,,2026-02-10,2026-02-10,2026-02-10,置顶刷新,权益,5.3,二线城市,KA,2000-5000人,运营
USR_000141,USR_000141,,,,USR_000141,2026-02-17,2026-02-17,2026-02-17,简历查看,非权益,35.8,二线城市,KA,2000-5000人,运营
USR_000141,USR_000141,USR_000141,,,,2026-02-26,2026-02-26,2026-02-26,职位发布,非权益,21.3,二线城市,KA,2000-5000人,运营
USR_000141,USR_000141,,,,,2026-01-13,2026-01-13,2026-01-13,企业认证,非权益,28.9,二线城市,KA,2000-5000人,运营
USR_000141,USR_000141,,,USR_000141,,2026-01-28,2026-01-28,2026-01-28,在线沟通,非权益,29.4,二线城市,KA,2000-5000人,运营
USR_000141,USR_000141,,,,,2026-02-11,2026-02-11,2026-02-11,权益礼包,权益,12.8,二线城市,KA,2000-5000人,运营
USR_000141,USR_000141,,,USR_000141,,2026-02-27,2026-02-27,2026-02-27,在线沟通,非权益,25.3,二线城市,KA,2000-5000人,运营
USR_000141,,,,,,2026-01-27,2026-01-27,2026-01-27,权益礼包,权益,22.8,二线城市,KA,2000-5000人,运营
USR_000141,USR_000141,,,,USR_000141,2026-01-25,2026-01-25,2026-01-25,简历查看,非权益,35.2,二线城市,KA,2000-5000人,运营
USR_000141,USR_000141,,,,,2026-02-27,2026-02-27,2026-02-27,权益礼包,权益,32.4,二线城市,KA,2000-5000人,运营
USR_000141,,,USR_000141,,,2026-01-18,2026-01-18,2026-01-18,简历搜索,非权益,6.0,二线城市,KA,2000-5000人,运营
USR_000141,,,,,,2026-01-20,2026-01-20,2026-01-20,权益礼包,权益,11.1,二线城市,KA,2000-5000人,运营
USR_000141,USR_000141,USR_000141,,,,2026-01-01,2026-01-01,2026-01-01,职位发布,非权益,62.0,二线城市,KA,2000-5000人,运营
USR_000141,USR_000141,,,,USR_000141,2026-02-14,2026-02-14,2026-02-14,简历查看,非权益,8.3,二线城市,KA,2000-5000人,运营
USR_000141,USR_000141,,,,,2026-02-24,2026-02-24,2026-02-24,急聘推广,权益,9.8,二线城市,KA,2000-5000人,运营
USR_000142,,,,,,2026-01-10,2026-01-10,2026-01-10,置顶刷新,权益,17.5,四线城市,SME,1-49人,产品
USR_000142,USR_000142,,,,,2026-02-09,2026-02-09,2026-02-09,企业认证,非权益,23.7,四线城市,SME,1-49人,产品
USR_000142,USR_000142,,,,,2026-01-15,2026-01-15,2026-01-15,急聘推广,权益,25.7,四线城市,SME,1-49人,产品
USR_000142,,,,USR_000142,,2026-01-01,2026-01-01,2026-01-01,在线沟通,非权益,11.7,四线城市,SME,1-49人,产品
USR_000142,USR_000142,,,USR_000142,,2026-01-05,2026-01-05,2026-01-05,在线沟通,非权益,79.5,四线城市,SME,1-49人,产品
USR_000142,USR_000142,,USR_000142,,,2026-02-03,2026-02-03,2026-02-03,简历搜索,非权益,12.9,四线城市,SME,1-49人,产品
USR_000142,USR_000142,,,,,2026-01-07,2026-01-07,2026-01-07,置顶刷新,权益,49.4,四线城市,SME,1-49人,产品
USR_000142,,,,,,2026-02-18,2026-02-18,2026-02-18,置顶刷新,权益,7.0,四线城市,SME,1-49人,产品
USR_000142,,,,,,2026-01-02,2026-01-02,2026-01-02,置顶刷新,权益,8.3,四线城市,SME,1-49人,产品
USR_000142,USR_000142,,,,USR_000142,2026-01-20,2026-01-20,2026-01-20,简历查看,非权益,57.4,四线城市,SME,1-49人,产品
USR_000142,USR_000142,,,,USR_000142,2026-01-13,2026-01-13,2026-01-13,简历查看,非权益,8.8,四线城市,SME,1-49人,产品
USR_000142,USR_000142,,,,,2026-01-30,2026-01-30,2026-01-30,企业认证,非权益,7.8,四线城市,SME,1-49人,产品
USR_000143,USR_000143,,,USR_000143,,2026-01-22,2026-01-22,2026-01-22,在线沟通,非权益,28.8,新一线城市,SME,1000-2000人,产品
USR_000143,USR_000143,,,,,2026-02-22,2026-02-22,2026-02-22,权益礼包,权益,6.6,新一线城市,SME,1000-2000人,产品
USR_000143,USR_000143,,,,USR_000143,2026-02-22,2026-02-22,2026-02-22,简历查看,非权益,7.4,新一线城市,SME,1000-2000人,产品
USR_000143,USR_000143,,USR_000143,,,2026-01-22,2026-01-22,2026-01-22,简历搜索,非权益,9.4,新一线城市,SME,1000-2000人,产品
USR_000143,USR_000143,,,,USR_000143,2026-02-08,2026-02-08,2026-02-08,简历查看,非权益,7.0,新一线城市,SME,1000-2000人,产品
USR_000143,USR_000143,,USR_000143,,,2026-01-21,2026-01-21,2026-01-21,简历搜索,非权益,17.9,新一线城市,SME,1000-2000人,产品
USR_000143,USR_000143,,,USR_000143,,2026-01-09,2026-01-09,2026-01-09,在线沟通,非权益,12.5,新一线城市,SME,1000-2000人,产品
USR_000143,USR_000143,,USR_000143,,,2026-02-21,2026-02-21,2026-02-21,简历搜索,非权益,16.3,新一线城市,SME,1000-2000人,产品
USR_000143,USR_000143,USR_000143,,,,2026-02-04,2026-02-04,2026-02-04,职位发布,非权益,7.5,新一线城市,SME,1000-2000人,产品
USR_000143,USR_000143,,,USR_000143,,2026-01-20,2026-01-20,2026-01-20,在线沟通,非权益,9.6,新一线城市,SME,1000-2000人,产品
USR_000143,,,,USR_000143,,2026-02-06,2026-02-06,2026-02-06,在线沟通,非权益,15.7,新一线城市,SME,1000-2000人,产品
USR_000143,USR_000143,,,,,2026-01-07,2026-01-07,2026-01-07,权益礼包,权益,6.5,新一线城市,SME,1000-2000人,产品
USR_000143,USR_000143,,,,,2026-01-17,2026-01-17,2026-01-17,权益礼包,权益,15.7,新一线城市,SME,1000-2000人,产品
USR_000143,,,,USR_000143,,2026-01-17,2026-01-17,2026-01-17,在线沟通,非权益,9.9,新一线城市,SME,1000-2000人,产品
USR_000143,USR_000143,USR_000143,,,,2026-02-02,2026-02-02,2026-02-02,职位发布,非权益,42.5,新一线城市,SME,1000-2000人,产品
USR_000143,USR_000143,,,,,2026-02-26,2026-02-26,2026-02-26,急聘推广,权益,8.2,新一线城市,SME,1000-2000人,产品
USR_000144,USR_000144,,,,,2026-01-04,2026-01-04,2026-01-04,权益礼包,权益,7.8,五线城市,SME,1000-2000人,财务
USR_000144,USR_000144,,,,USR_000144,2026-02-08,2026-02-08,2026-02-08,简历查看,非权益,24.0,五线城市,SME,1000-2000人,财务
USR_000144,USR_000144,,,USR_000144,,2026-02-19,2026-02-19,2026-02-19,在线沟通,非权益,7.0,五线城市,SME,1000-2000人,财务
USR_000144,,,,,,2026-02-11,2026-02-11,2026-02-11,权益礼包,权益,10.7,五线城市,SME,1000-2000人,财务
USR_000144,,,USR_000144,,,2026-02-17,2026-02-17,2026-02-17,简历搜索,非权益,9.3,五线城市,SME,1000-2000人,财务
USR_000144,USR_000144,,,,USR_000144,2026-02-24,2026-02-24,2026-02-24,简历查看,非权益,65.6,五线城市,SME,1000-2000人,财务
USR_000144,USR_000144,,,,,2026-01-08,2026-01-08,2026-01-08,权益礼包,权益,33.5,五线城市,SME,1000-2000人,财务
USR_000144,,,,,,2026-01-05,2026-01-05,2026-01-05,急聘推广,权益,65.0,五线城市,SME,1000-2000人,财务
USR_000144,USR_000144,,,,,2026-02-02,2026-02-02,2026-02-02,企业认证,非权益,6.9,五线城市,SME,1000-2000人,财务
USR_000144,,,,,USR_000144,2026-01-29,2026-01-29,2026-01-29,简历查看,非权益,13.6,五线城市,SME,1000-2000人,财务
USR_000144,USR_000144,,,,,2026-01-09,2026-01-09,2026-01-09,急聘推广,权益,76.7,五线城市,SME,1000-2000人,财务
USR_000144,USR_000144,,,,,2026-01-04,2026-01-04,2026-01-04,急聘推广,权益,8.3,五线城市,SME,1000-2000人,财务
USR_000144,,,,,USR_000144,2026-02-04,2026-02-04,2026-02-04,简历查看,非权益,11.0,五线城市,SME,1000-2000人,财务
USR_000144,USR_000144,,,,,2026-02-23,2026-02-23,2026-02-23,权益礼包,权益,7.3,五线城市,SME,1000-2000人,财务
USR_000144,,,,,USR_000144,2026-02-16,2026-02-16,2026-02-16,简历查看,非权益,17.4,五线城市,SME,1000-2000人,财务
USR_000145,USR_000145,,,,,2026-02-25,2026-02-25,2026-02-25,企业认证,非权益,13.1,四线城市,SME,500-999人,研发
USR_000145,USR_000145,,,,,2026-01-30,2026-01-30,2026-01-30,权益礼包,权益,13.1,四线城市,SME,500-999人,研发
USR_000145,,,,,,2026-01-03,2026-01-03,2026-01-03,置顶刷新,权益,16.6,四线城市,SME,500-999人,研发
USR_000145,USR_000145,,,,,2026-01-24,2026-01-24,2026-01-24,急聘推广,权益,33.6,四线城市,SME,500-999人,研发
USR_000145,,,USR_000145,,,2026-02-18,2026-02-18,2026-02-18,简历搜索,非权益,14.5,四线城市,SME,500-999人,研发
USR_000145,USR_000145,,USR_000145,,,2026-01-11,2026-01-11,2026-01-11,简历搜索,非权益,14.7,四线城市,SME,500-999人,研发
USR_000145,USR_000145,,,,,2026-02-05,2026-02-05,2026-02-05,权益礼包,权益,5.3,四线城市,SME,500-999人,研发
USR_000145,USR_000145,,,,,2026-02-22,2026-02-22,2026-02-22,急聘推广,权益,9.3,四线城市,SME,500-999人,研发
USR_000145,USR_000145,,,,,2026-03-01,2026-03-01,2026-03-01,置顶刷新,权益,43.5,四线城市,SME,500-999人,研发
USR_000145,USR_000145,,,,,2026-01-09,2026-01-09,2026-01-09,置顶刷新,权益,27.7,四线城市,SME,500-999人,研发
USR_000145,USR_000145,,,USR_000145,,2026-01-05,2026-01-05,2026-01-05,在线沟通,非权益,5.3,四线城市,SME,500-999人,研发
USR_000145,,,,USR_000145,,2026-01-23,2026-01-23,2026-01-23,在线沟通,非权益,23.0,四线城市,SME,500-999人,研发
USR_000145,USR_000145,,,USR_000145,,2026-01-19,2026-01-19,2026-01-19,在线沟通,非权益,5.1,四线城市,SME,500-999人,研发
USR_000145,,,,,,2026-03-01,2026-03-01,2026-03-01,置顶刷新,权益,15.5,四线城市,SME,500-999人,研发
USR_000146,USR_000146,,USR_000146,,,2026-02-01,2026-02-01,2026-02-01,简历搜索,非权益,9.9,一线城市,KA,5000-10000人,财务
USR_000146,,,,,USR_000146,2026-02-22,2026-02-22,2026-02-22,简历查看,非权益,14.7,一线城市,KA,5000-10000人,财务
USR_000146,,,,,,2026-01-15,2026-01-15,2026-01-15,急聘推广,权益,24.9,一线城市,KA,5000-10000人,财务
USR_000146,USR_000146,,,,,2026-02-02,2026-02-02,2026-02-02,置顶刷新,权益,9.1,一线城市,KA,5000-10000人,财务
USR_000146,USR_000146,,,,,2026-01-26,2026-01-26,2026-01-26,急聘推广,权益,102.9,一线城市,KA,5000-10000人,财务
USR_000146,USR_000146,,USR_000146,,,2026-02-17,2026-02-17,2026-02-17,简历搜索,非权益,20.0,一线城市,KA,5000-10000人,财务
USR_000146,,USR_000146,,,,2026-01-06,2026-01-06,2026-01-06,职位发布,非权益,15.8,一线城市,KA,5000-10000人,财务
USR_000146,USR_000146,,,,,2026-01-18,2026-01-18,2026-01-18,企业认证,非权益,17.2,一线城市,KA,5000-10000人,财务
USR_000146,USR_000146,,USR_000146,,,2026-01-17,2026-01-17,2026-01-17,简历搜索,非权益,10.1,一线城市,KA,5000-10000人,财务
USR_000146,USR_000146,,,,,2026-01-14,2026-01-14,2026-01-14,急聘推广,权益,59.8,一线城市,KA,5000-10000人,财务
USR_000146,USR_000146,,,,,2026-01-12,2026-01-12,2026-01-12,置顶刷新,权益,19.1,一线城市,KA,5000-10000人,财务
USR_000146,USR_000146,,,,,2026-02-17,2026-02-17,2026-02-17,置顶刷新,权益,6.9,一线城市,KA,5000-10000人,财务
USR_000146,USR_000146,,,,,2026-01-21,2026-01-21,2026-01-21,权益礼包,权益,32.1,一线城市,KA,5000-10000人,财务
USR_000146,USR_000146,,,USR_000146,,2026-01-09,2026-01-09,2026-01-09,在线沟通,非权益,14.4,一线城市,KA,5000-10000人,财务
USR_000146,,,,,,2026-02-03,2026-02-03,2026-02-03,权益礼包,权益,14.8,一线城市,KA,5000-10000人,财务
USR_000146,USR_000146,,,,,2026-01-03,2026-01-03,2026-01-03,急聘推广,权益,80.1,一线城市,KA,5000-10000人,财务
USR_000146,USR_000146,,,,,2026-02-24,2026-02-24,2026-02-24,急聘推广,权益,20.9,一线城市,KA,5000-10000人,财务
USR_000146,,,,USR_000146,,2026-01-18,2026-01-18,2026-01-18,在线沟通,非权益,8.5,一线城市,KA,5000-10000人,财务
USR_000146,USR_000146,,,,,2026-01-03,2026-01-03,2026-01-03,权益礼包,权益,27.8,一线城市,KA,5000-10000人,财务
USR_000147,USR_000147,,USR_000147,,,2026-01-12,2026-01-12,2026-01-12,简历搜索,非权益,12.2,一线城市,SME,5000-10000人,客服
USR_000147,,,,,,2026-01-16,2026-01-16,2026-01-16,权益礼包,权益,13.9,一线城市,SME,5000-10000人,客服
USR_000147,USR_000147,,,,USR_000147,2026-01-11,2026-01-11,2026-01-11,简历查看,非权益,9.3,一线城市,SME,5000-10000人,客服
USR_000147,USR_000147,,,USR_000147,,2026-02-17,2026-02-17,2026-02-17,在线沟通,非权益,14.5,一线城市,SME,5000-10000人,客服
USR_000147,USR_000147,,USR_000147,,,2026-02-10,2026-02-10,2026-02-10,简历搜索,非权益,43.1,一线城市,SME,5000-10000人,客服
USR_000148,USR_000148,,,,,2026-02-20,2026-02-20,2026-02-20,置顶刷新,权益,75.7,新一线城市,SME,50-99人,行政
USR_000148,,,USR_000148,,,2026-01-14,2026-01-14,2026-01-14,简历搜索,非权益,5.6,新一线城市,SME,50-99人,行政
USR_000148,USR_000148,,,,,2026-01-03,2026-01-03,2026-01-03,权益礼包,权益,46.3,新一线城市,SME,50-99人,行政
USR_000148,USR_000148,,,,,2026-01-23,2026-01-23,2026-01-23,急聘推广,权益,7.2,新一线城市,SME,50-99人,行政
USR_000148,USR_000148,,,USR_000148,,2026-02-11,2026-02-11,2026-02-11,在线沟通,非权益,18.2,新一线城市,SME,50-99人,行政
USR_000148,USR_000148,,,,USR_000148,2026-02-05,2026-02-05,2026-02-05,简历查看,非权益,25.1,新一线城市,SME,50-99人,行政
USR_000148,USR_000148,,,USR_000148,,2026-02-09,2026-02-09,2026-02-09,在线沟通,非权益,9.4,新一线城市,SME,50-99人,行政
USR_000148,USR_000148,,,,,2026-01-12,2026-01-12,2026-01-12,置顶刷新,权益,19.1,新一线城市,SME,50-99人,行政
USR_000148,USR_000148,,,,,2026-01-30,2026-01-30,2026-01-30,置顶刷新,权益,55.9,新一线城市,SME,50-99人,行政
USR_000148,USR_000148,,,,,2026-02-04,2026-02-04,2026-02-04,权益礼包,权益,13.5,新一线城市,SME,50-99人,行政
USR_000148,USR_000148,,,,,2026-02-02,2026-02-02,2026-02-02,置顶刷新,权益,14.2,新一线城市,SME,50-99人,行政
USR_000148,USR_000148,,,USR_000148,,2026-01-28,2026-01-28,2026-01-28,在线沟通,非权益,17.6,新一线城市,SME,50-99人,行政
USR_000148,,USR_000148,,,,2026-01-02,2026-01-02,2026-01-02,职位发布,非权益,5.3,新一线城市,SME,50-99人,行政
USR_000148,USR_000148,,USR_000148,,,2026-02-08,2026-02-08,2026-02-08,简历搜索,非权益,12.5,新一线城市,SME,50-99人,行政
USR_000148,,,,,USR_000148,2026-02-14,2026-02-14,2026-02-14,简历查看,非权益,27.5,新一线城市,SME,50-99人,行政
USR_000148,USR_000148,,,,,2026-02-07,2026-02-07,2026-02-07,权益礼包,权益,7.4,新一线城市,SME,50-99人,行政
USR_000148,USR_000148,USR_000148,,,,2026-02-01,2026-02-01,2026-02-01,职位发布,非权益,12.0,新一线城市,SME,50-99人,行政
USR_000148,USR_000148,,,USR_000148,,2026-02-02,2026-02-02,2026-02-02,在线沟通,非权益,40.4,新一线城市,SME,50-99人,行政
USR_000148,USR_000148,,,USR_000148,,2026-01-12,2026-01-12,2026-01-12,在线沟通,非权益,6.6,新一线城市,SME,50-99人,行政
USR_000149,USR_000149,,,,,2026-01-13,2026-01-13,2026-01-13,置顶刷新,权益,7.3,三线城市,SME,50-99人,行政
USR_000149,,,,,USR_000149,2026-02-22,2026-02-22,2026-02-22,简历查看,非权益,9.2,三线城市,SME,50-99人,行政
USR_000149,,,,,,2026-02-23,2026-02-23,2026-02-23,企业认证,非权益,18.2,三线城市,SME,50-99人,行政
USR_000150,USR_000150,,,,,2026-02-14,2026-02-14,2026-02-14,权益礼包,权益,64.4,三线城市,SME,500-999人,市场
USR_000150,,,,,,2026-02-01,2026-02-01,2026-02-01,企业认证,非权益,6.5,三线城市,SME,500-999人,市场
USR_000150,USR_000150,,,,USR_000150,2026-01-09,2026-01-09,2026-01-09,简历查看,非权益,5.3,三线城市,SME,500-999人,市场
USR_000150,,,USR_000150,,,2026-01-13,2026-01-13,2026-01-13,简历搜索,非权益,47.0,三线城市,SME,500-999人,市场
USR_000150,USR_000150,,,,,2026-02-05,2026-02-05,2026-02-05,置顶刷新,权益,10.8,三线城市,SME,500-999人,市场
USR_000150,,,,,,2026-02-10,2026-02-10,2026-02-10,企业认证,非权益,34.2,三线城市,SME,500-999人,市场
USR_000150,USR_000150,,USR_000150,,,2026-01-07,2026-01-07,2026-01-07,简历搜索,非权益,5.8,三线城市,SME,500-999人,市场
USR_000150,USR_000150,,,,,2026-01-16,2026-01-16,2026-01-16,置顶刷新,权益,7.2,三线城市,SME,500-999人,市场
USR_000150,,,,,,2026-01-23,2026-01-23,2026-01-23,权益礼包,权益,20.7,三线城市,SME,500-999人,市场
USR_000150,USR_000150,USR_000150,,,,2026-01-25,2026-01-25,2026-01-25,职位发布,非权益,16.6,三线城市,SME,500-999人,市场
USR_000150,USR_000150,,,USR_000150,,2026-01-17,2026-01-17,2026-01-17,在线沟通,非权益,18.6,三线城市,SME,500-999人,市场
USR_000150,,,,,,2026-01-19,2026-01-19,2026-01-19,急聘推广,权益,12.5,三线城市,SME,500-999人,市场
USR_000150,USR_000150,,USR_000150,,,2026-01-23,2026-01-23,2026-01-23,简历搜索,非权益,6.0,三线城市,SME,500-999人,市场
USR_000150,USR_000150,,,,,2026-01-18,2026-01-18,2026-01-18,企业认证,非权益,54.1,三线城市,SME,500-999人,市场
USR_000150,,,,,,2026-01-17,2026-01-17,2026-01-17,急聘推广,权益,48.0,三线城市,SME,500-999人,市场
USR_000150,USR_000150,,,,,2026-02-06,2026-02-06,2026-02-06,企业认证,非权益,19.7,三线城市,SME,500-999人,市场
USR_000150,,,USR_000150,,,2026-01-10,2026-01-10,2026-01-10,简历搜索,非权益,7.0,三线城市,SME,500-999人,市场
USR_000150,USR_000150,,,,,2026-01-26,2026-01-26,2026-01-26,企业认证,非权益,15.7,三线城市,SME,500-999人,市场
USR_000150,USR_000150,USR_000150,,,,2026-01-16,2026-01-16,2026-01-16,职位发布,非权益,42.8,三线城市,SME,500-999人,市场
USR_000150,USR_000150,,,,,2026-02-09,2026-02-09,2026-02-09,企业认证,非权益,11.4,三线城市,SME,500-999人,市场
USR_000151,USR_000151,,,,,2026-02-10,2026-02-10,2026-02-10,企业认证,非权益,10.8,新一线城市,SME,10000人以上,销售
USR_000151,USR_000151,USR_000151,,,,2026-01-02,2026-01-02,2026-01-02,职位发布,非权益,24.6,新一线城市,SME,10000人以上,销售
USR_000151,USR_000151,,,,,2026-01-03,2026-01-03,2026-01-03,急聘推广,权益,11.1,新一线城市,SME,10000人以上,销售
USR_000151,,,,,,2026-01-01,2026-01-01,2026-01-01,置顶刷新,权益,49.8,新一线城市,SME,10000人以上,销售
USR_000151,USR_000151,,,,,2026-01-15,2026-01-15,2026-01-15,置顶刷新,权益,35.7,新一线城市,SME,10000人以上,销售
USR_000151,USR_000151,,USR_000151,,,2026-02-23,2026-02-23,2026-02-23,简历搜索,非权益,36.0,新一线城市,SME,10000人以上,销售
USR_000151,USR_000151,,,,,2026-01-24,2026-01-24,2026-01-24,置顶刷新,权益,11.0,新一线城市,SME,10000人以上,销售
USR_000151,USR_000151,,,,,2026-01-17,2026-01-17,2026-01-17,企业认证,非权益,9.8,新一线城市,SME,10000人以上,销售
USR_000151,USR_000151,,USR_000151,,,2026-02-17,2026-02-17,2026-02-17,简历搜索,非权益,20.8,新一线城市,SME,10000人以上,销售
USR_000151,USR_000151,,,USR_000151,,2026-01-25,2026-01-25,2026-01-25,在线沟通,非权益,5.6,新一线城市,SME,10000人以上,销售
USR_000151,,,,,,2026-01-18,2026-01-18,2026-01-18,急聘推广,权益,17.2,新一线城市,SME,10000人以上,销售
USR_000151,USR_000151,,,USR_000151,,2026-01-08,2026-01-08,2026-01-08,在线沟通,非权益,25.1,新一线城市,SME,10000人以上,销售
USR_000151,USR_000151,,,USR_000151,,2026-01-30,2026-01-30,2026-01-30,在线沟通,非权益,5.1,新一线城市,SME,10000人以上,销售
USR_000151,,,,,,2026-01-11,2026-01-11,2026-01-11,置顶刷新,权益,32.8,新一线城市,SME,10000人以上,销售
USR_000151,USR_000151,,,,USR_000151,2026-01-30,2026-01-30,2026-01-30,简历查看,非权益,8.0,新一线城市,SME,10000人以上,销售
USR_000151,USR_000151,,,,,2026-02-12,2026-02-12,2026-02-12,置顶刷新,权益,30.4,新一线城市,SME,10000人以上,销售
USR_000151,USR_000151,,USR_000151,,,2026-02-12,2026-02-12,2026-02-12,简历搜索,非权益,5.3,新一线城市,SME,10000人以上,销售
USR_000151,USR_000151,,,,,2026-02-21,2026-02-21,2026-02-21,置顶刷新,权益,53.7,新一线城市,SME,10000人以上,销售
USR_000151,,,,,,2026-02-28,2026-02-28,2026-02-28,置顶刷新,权益,16.3,新一线城市,SME,10000人以上,销售
USR_000151,USR_000151,,,,,2026-01-02,2026-01-02,2026-01-02,企业认证,非权益,42.6,新一线城市,SME,10000人以上,销售
USR_000151,USR_000151,,,,,2026-01-18,2026-01-18,2026-01-18,权益礼包,权益,17.9,新一线城市,SME,10000人以上,销售
USR_000152,USR_000152,,,,,2026-02-13,2026-02-13,2026-02-13,置顶刷新,权益,5.9,新一线城市,SME,100-499人,运营
USR_000152,USR_000152,,,,,2026-02-25,2026-02-25,2026-02-25,急聘推广,权益,5.6,新一线城市,SME,100-499人,运营
USR_000152,,,,,,2026-01-10,2026-01-10,2026-01-10,权益礼包,权益,7.6,新一线城市,SME,100-499人,运营
USR_000152,USR_000152,,,,,2026-01-21,2026-01-21,2026-01-21,急聘推广,权益,11.5,新一线城市,SME,100-499人,运营
USR_000152,USR_000152,,USR_000152,,,2026-01-23,2026-01-23,2026-01-23,简历搜索,非权益,10.3,新一线城市,SME,100-499人,运营
USR_000152,USR_000152,,,,,2026-01-08,2026-01-08,2026-01-08,急聘推广,权益,82.6,新一线城市,SME,100-499人,运营
USR_000152,USR_000152,,,,,2026-01-21,2026-01-21,2026-01-21,权益礼包,权益,6.0,新一线城市,SME,100-499人,运营
USR_000152,USR_000152,,,USR_000152,,2026-02-18,2026-02-18,2026-02-18,在线沟通,非权益,37.6,新一线城市,SME,100-499人,运营
USR_000152,USR_000152,,USR_000152,,,2026-01-06,2026-01-06,2026-01-06,简历搜索,非权益,19.8,新一线城市,SME,100-499人,运营
USR_000152,USR_000152,,,,USR_000152,2026-01-12,2026-01-12,2026-01-12,简历查看,非权益,11.9,新一线城市,SME,100-499人,运营
USR_000152,USR_000152,,,,,2026-01-29,2026-01-29,2026-01-29,置顶刷新,权益,7.2,新一线城市,SME,100-499人,运营
USR_000152,USR_000152,,,,USR_000152,2026-01-14,2026-01-14,2026-01-14,简历查看,非权益,34.2,新一线城市,SME,100-499人,运营
USR_000152,USR_000152,,,,,2026-01-06,2026-01-06,2026-01-06,急聘推广,权益,7.6,新一线城市,SME,100-499人,运营
USR_000152,USR_000152,,USR_000152,,,2026-01-24,2026-01-24,2026-01-24,简历搜索,非权益,23.5,新一线城市,SME,100-499人,运营
USR_000152,,,USR_000152,,,2026-02-09,2026-02-09,2026-02-09,简历搜索,非权益,26.2,新一线城市,SME,100-499人,运营
USR_000152,USR_000152,,,,,2026-01-24,2026-01-24,2026-01-24,急聘推广,权益,38.2,新一线城市,SME,100-499人,运营
USR_000152,USR_000152,USR_000152,,,,2026-02-12,2026-02-12,2026-02-12,职位发布,非权益,26.9,新一线城市,SME,100-499人,运营
USR_000152,,,,,,2026-01-21,2026-01-21,2026-01-21,置顶刷新,权益,23.9,新一线城市,SME,100-499人,运营
USR_000152,,,,USR_000152,,2026-02-21,2026-02-21,2026-02-21,在线沟通,非权益,10.4,新一线城市,SME,100-499人,运营
USR_000152,USR_000152,,USR_000152,,,2026-01-14,2026-01-14,2026-01-14,简历搜索,非权益,5.9,新一线城市,SME,100-499人,运营
USR_000152,USR_000152,,USR_000152,,,2026-02-23,2026-02-23,2026-02-23,简历搜索,非权益,14.2,新一线城市,SME,100-499人,运营
USR_000152,,,,USR_000152,,2026-02-05,2026-02-05,2026-02-05,在线沟通,非权益,34.3,新一线城市,SME,100-499人,运营
USR_000153,USR_000153,,,,,2026-02-09,2026-02-09,2026-02-09,置顶刷新,权益,13.2,新一线城市,KA,50-99人,财务
USR_000153,USR_000153,,,,USR_000153,2026-01-14,2026-01-14,2026-01-14,简历查看,非权益,61.2,新一线城市,KA,50-99人,财务
USR_000153,USR_000153,,USR_000153,,,2026-01-18,2026-01-18,2026-01-18,简历搜索,非权益,17.6,新一线城市,KA,50-99人,财务
USR_000153,USR_000153,,,,,2026-01-28,2026-01-28,2026-01-28,急聘推广,权益,17.5,新一线城市,KA,50-99人,财务
USR_000153,,,,,,2026-02-11,2026-02-11,2026-02-11,置顶刷新,权益,8.1,新一线城市,KA,50-99人,财务
USR_000153,USR_000153,,,,USR_000153,2026-01-11,2026-01-11,2026-01-11,简历查看,非权益,13.9,新一线城市,KA,50-99人,财务
USR_000153,USR_000153,,,,,2026-01-07,2026-01-07,2026-01-07,置顶刷新,权益,19.1,新一线城市,KA,50-99人,财务
USR_000153,,,USR_000153,,,2026-01-09,2026-01-09,2026-01-09,简历搜索,非权益,21.8,新一线城市,KA,50-99人,财务
USR_000154,USR_000154,,,,USR_000154,2026-01-25,2026-01-25,2026-01-25,简历查看,非权益,8.4,四线城市,SME,500-999人,行政
USR_000154,USR_000154,,,,,2026-01-27,2026-01-27,2026-01-27,企业认证,非权益,14.2,四线城市,SME,500-999人,行政
USR_000154,USR_000154,,,USR_000154,,2026-01-19,2026-01-19,2026-01-19,在线沟通,非权益,24.6,四线城市,SME,500-999人,行政
USR_000154,USR_000154,,,,,2026-01-14,2026-01-14,2026-01-14,置顶刷新,权益,7.3,四线城市,SME,500-999人,行政
USR_000154,USR_000154,,,,,2026-01-22,2026-01-22,2026-01-22,急聘推广,权益,71.2,四线城市,SME,500-999人,行政
USR_000154,USR_000154,,,USR_000154,,2026-02-17,2026-02-17,2026-02-17,在线沟通,非权益,76.7,四线城市,SME,500-999人,行政
USR_000154,USR_000154,,,USR_000154,,2026-02-28,2026-02-28,2026-02-28,在线沟通,非权益,23.3,四线城市,SME,500-999人,行政
USR_000154,,,,,,2026-01-02,2026-01-02,2026-01-02,急聘推广,权益,6.2,四线城市,SME,500-999人,行政
USR_000154,USR_000154,USR_000154,,,,2026-01-10,2026-01-10,2026-01-10,职位发布,非权益,24.0,四线城市,SME,500-999人,行政
USR_000154,USR_000154,,,,,2026-02-23,2026-02-23,2026-02-23,权益礼包,权益,38.4,四线城市,SME,500-999人,行政
USR_000154,,,,,USR_000154,2026-02-09,2026-02-09,2026-02-09,简历查看,非权益,17.8,四线城市,SME,500-999人,行政
USR_000154,USR_000154,USR_000154,,,,2026-02-12,2026-02-12,2026-02-12,职位发布,非权益,15.6,四线城市,SME,500-999人,行政
USR_000154,USR_000154,,,,,2026-01-05,2026-01-05,2026-01-05,企业认证,非权益,18.8,四线城市,SME,500-999人,行政
USR_000154,USR_000154,,USR_000154,,,2026-02-03,2026-02-03,2026-02-03,简历搜索,非权益,29.6,四线城市,SME,500-999人,行政
USR_000154,,,USR_000154,,,2026-01-07,2026-01-07,2026-01-07,简历搜索,非权益,93.4,四线城市,SME,500-999人,行政
USR_000154,USR_000154,,USR_000154,,,2026-01-25,2026-01-25,2026-01-25,简历搜索,非权益,25.1,四线城市,SME,500-999人,行政
USR_000155,USR_000155,,,,,2026-02-08,2026-02-08,2026-02-08,企业认证,非权益,32.1,新一线城市,SME,100-499人,产品
USR_000155,USR_000155,,,,,2026-01-08,2026-01-08,2026-01-08,急聘推广,权益,13.5,新一线城市,SME,100-499人,产品
USR_000155,USR_000155,,,,,2026-02-03,2026-02-03,2026-02-03,企业认证,非权益,34.8,新一线城市,SME,100-499人,产品
USR_000155,USR_000155,USR_000155,,,,2026-02-02,2026-02-02,2026-02-02,职位发布,非权益,25.0,新一线城市,SME,100-499人,产品
USR_000155,USR_000155,,,,,2026-01-29,2026-01-29,2026-01-29,企业认证,非权益,53.8,新一线城市,SME,100-499人,产品
USR_000155,USR_000155,,,,,2026-01-13,2026-01-13,2026-01-13,权益礼包,权益,23.8,新一线城市,SME,100-499人,产品
USR_000155,USR_000155,,USR_000155,,,2026-01-06,2026-01-06,2026-01-06,简历搜索,非权益,17.8,新一线城市,SME,100-499人,产品
USR_000155,USR_000155,USR_000155,,,,2026-01-20,2026-01-20,2026-01-20,职位发布,非权益,6.5,新一线城市,SME,100-499人,产品
USR_000155,,,USR_000155,,,2026-01-09,2026-01-09,2026-01-09,简历搜索,非权益,14.5,新一线城市,SME,100-499人,产品
USR_000155,USR_000155,,,,USR_000155,2026-01-10,2026-01-10,2026-01-10,简历查看,非权益,5.7,新一线城市,SME,100-499人,产品
USR_000155,USR_000155,,,USR_000155,,2026-02-23,2026-02-23,2026-02-23,在线沟通,非权益,14.9,新一线城市,SME,100-499人,产品
USR_000155,USR_000155,,,,,2026-02-08,2026-02-08,2026-02-08,急聘推广,权益,14.6,新一线城市,SME,100-499人,产品
USR_000155,,,,,,2026-01-04,2026-01-04,2026-01-04,急聘推广,权益,24.7,新一线城市,SME,100-499人,产品
USR_000155,USR_000155,,,USR_000155,,2026-01-13,2026-01-13,2026-01-13,在线沟通,非权益,23.2,新一线城市,SME,100-499人,产品
USR_000156,USR_000156,,,,,2026-01-11,2026-01-11,2026-01-11,权益礼包,权益,10.6,三线城市,SME,5000-10000人,行政
USR_000156,USR_000156,,,,,2026-02-28,2026-02-28,2026-02-28,企业认证,非权益,5.2,三线城市,SME,5000-10000人,行政
USR_000156,,,,USR_000156,,2026-02-24,2026-02-24,2026-02-24,在线沟通,非权益,15.7,三线城市,SME,5000-10000人,行政
USR_000156,,,USR_000156,,,2026-02-09,2026-02-09,2026-02-09,简历搜索,非权益,50.4,三线城市,SME,5000-10000人,行政
USR_000156,USR_000156,,,,,2026-02-24,2026-02-24,2026-02-24,权益礼包,权益,39.0,三线城市,SME,5000-10000人,行政
USR_000156,USR_000156,,,,USR_000156,2026-01-17,2026-01-17,2026-01-17,简历查看,非权益,22.9,三线城市,SME,5000-10000人,行政
USR_000156,,,USR_000156,,,2026-01-28,2026-01-28,2026-01-28,简历搜索,非权益,23.0,三线城市,SME,5000-10000人,行政
USR_000156,USR_000156,,,,,2026-01-15,2026-01-15,2026-01-15,企业认证,非权益,49.6,三线城市,SME,5000-10000人,行政
USR_000156,USR_000156,,,,,2026-01-09,2026-01-09,2026-01-09,权益礼包,权益,21.8,三线城市,SME,5000-10000人,行政
USR_000156,USR_000156,,,,,2026-01-27,2026-01-27,2026-01-27,急聘推广,权益,27.8,三线城市,SME,5000-10000人,行政
USR_000156,,,,,,2026-01-31,2026-01-31,2026-01-31,权益礼包,权益,6.0,三线城市,SME,5000-10000人,行政
USR_000156,USR_000156,,,,,2026-01-05,2026-01-05,2026-01-05,急聘推广,权益,26.1,三线城市,SME,5000-10000人,行政
USR_000156,,,,USR_000156,,2026-02-04,2026-02-04,2026-02-04,在线沟通,非权益,28.8,三线城市,SME,5000-10000人,行政
USR_000156,,,,,,2026-01-03,2026-01-03,2026-01-03,企业认证,非权益,10.6,三线城市,SME,5000-10000人,行政
USR_000156,USR_000156,,,,,2026-02-19,2026-02-19,2026-02-19,置顶刷新,权益,23.8,三线城市,SME,5000-10000人,行政
USR_000156,USR_000156,,,,USR_000156,2026-01-27,2026-01-27,2026-01-27,简历查看,非权益,7.7,三线城市,SME,5000-10000人,行政
USR_000156,USR_000156,,,,USR_000156,2026-02-17,2026-02-17,2026-02-17,简历查看,非权益,39.0,三线城市,SME,5000-10000人,行政
USR_000156,,,,,,2026-01-23,2026-01-23,2026-01-23,企业认证,非权益,15.4,三线城市,SME,5000-10000人,行政
USR_000156,,,,,,2026-02-28,2026-02-28,2026-02-28,企业认证,非权益,20.7,三线城市,SME,5000-10000人,行政
USR_000156,USR_000156,,,,,2026-01-17,2026-01-17,2026-01-17,企业认证,非权益,18.3,三线城市,SME,5000-10000人,行政
USR_000156,USR_000156,,,,,2026-02-07,2026-02-07,2026-02-07,企业认证,非权益,11.4,三线城市,SME,5000-10000人,行政
USR_000156,USR_000156,,,,USR_000156,2026-01-26,2026-01-26,2026-01-26,简历查看,非权益,9.1,三线城市,SME,5000-10000人,行政
USR_000156,USR_000156,,,,,2026-01-17,2026-01-17,2026-01-17,置顶刷新,权益,11.7,三线城市,SME,5000-10000人,行政
USR_000157,USR_000157,,,,,2026-02-01,2026-02-01,2026-02-01,置顶刷新,权益,44.3,三线城市,SME,5000-10000人,研发
USR_000157,USR_000157,,,,USR_000157,2026-02-04,2026-02-04,2026-02-04,简历查看,非权益,20.9,三线城市,SME,5000-10000人,研发
USR_000157,,USR_000157,,,,2026-01-05,2026-01-05,2026-01-05,职位发布,非权益,31.2,三线城市,SME,5000-10000人,研发
USR_000157,USR_000157,,,,,2026-01-26,2026-01-26,2026-01-26,企业认证,非权益,28.9,三线城市,SME,5000-10000人,研发
USR_000157,USR_000157,,USR_000157,,,2026-02-25,2026-02-25,2026-02-25,简历搜索,非权益,6.4,三线城市,SME,5000-10000人,研发
USR_000157,USR_000157,,,,,2026-02-28,2026-02-28,2026-02-28,急聘推广,权益,13.6,三线城市,SME,5000-10000人,研发
USR_000157,,,USR_000157,,,2026-02-28,2026-02-28,2026-02-28,简历搜索,非权益,27.2,三线城市,SME,5000-10000人,研发
USR_000157,,,,,,2026-01-08,2026-01-08,2026-01-08,急聘推广,权益,5.6,三线城市,SME,5000-10000人,研发
USR_000157,USR_000157,,,,,2026-02-06,2026-02-06,2026-02-06,置顶刷新,权益,67.4,三线城市,SME,5000-10000人,研发
USR_000157,USR_000157,,,,,2026-02-02,2026-02-02,2026-02-02,企业认证,非权益,19.4,三线城市,SME,5000-10000人,研发
USR_000157,,,USR_000157,,,2026-02-19,2026-02-19,2026-02-19,简历搜索,非权益,15.1,三线城市,SME,5000-10000人,研发
USR_000157,,,,,,2026-01-23,2026-01-23,2026-01-23,急聘推广,权益,8.8,三线城市,SME,5000-10000人,研发
USR_000157,USR_000157,USR_000157,,,,2026-01-03,2026-01-03,2026-01-03,职位发布,非权益,25.8,三线城市,SME,5000-10000人,研发
USR_000157,USR_000157,USR_000157,,,,2026-02-13,2026-02-13,2026-02-13,职位发布,非权益,43.7,三线城市,SME,5000-10000人,研发
USR_000157,USR_000157,,,USR_000157,,2026-01-10,2026-01-10,2026-01-10,在线沟通,非权益,26.8,三线城市,SME,5000-10000人,研发
USR_000157,USR_000157,,,,,2026-02-13,2026-02-13,2026-02-13,权益礼包,权益,10.5,三线城市,SME,5000-10000人,研发
USR_000158,,,,USR_000158,,2026-02-07,2026-02-07,2026-02-07,在线沟通,非权益,19.3,三线城市,SME,10000人以上,研发
USR_000158,,,,,,2026-02-03,2026-02-03,2026-02-03,置顶刷新,权益,22.5,三线城市,SME,10000人以上,研发
USR_000158,,,,,,2026-02-23,2026-02-23,2026-02-23,企业认证,非权益,28.4,三线城市,SME,10000人以上,研发
USR_000158,USR_000158,,,USR_000158,,2026-01-18,2026-01-18,2026-01-18,在线沟通,非权益,14.4,三线城市,SME,10000人以上,研发
USR_000158,USR_000158,,,,,2026-01-06,2026-01-06,2026-01-06,置顶刷新,权益,10.6,三线城市,SME,10000人以上,研发
USR_000158,,,,,USR_000158,2026-02-17,2026-02-17,2026-02-17,简历查看,非权益,8.2,三线城市,SME,10000人以上,研发
USR_000158,USR_000158,USR_000158,,,,2026-01-12,2026-01-12,2026-01-12,职位发布,非权益,27.0,三线城市,SME,10000人以上,研发
USR_000158,USR_000158,,,,,2026-01-01,2026-01-01,2026-01-01,置顶刷新,权益,15.6,三线城市,SME,10000人以上,研发
USR_000158,USR_000158,,,,USR_000158,2026-01-24,2026-01-24,2026-01-24,简历查看,非权益,7.8,三线城市,SME,10000人以上,研发
USR_000158,,,USR_000158,,,2026-01-17,2026-01-17,2026-01-17,简历搜索,非权益,21.8,三线城市,SME,10000人以上,研发
USR_000158,,,,,,2026-02-27,2026-02-27,2026-02-27,置顶刷新,权益,5.7,三线城市,SME,10000人以上,研发
USR_000158,,,,USR_000158,,2026-01-04,2026-01-04,2026-01-04,在线沟通,非权益,49.4,三线城市,SME,10000人以上,研发
USR_000158,USR_000158,,,,,2026-01-19,2026-01-19,2026-01-19,置顶刷新,权益,6.0,三线城市,SME,10000人以上,研发
USR_000158,,,,,,2026-02-02,2026-02-02,2026-02-02,企业认证,非权益,33.9,三线城市,SME,10000人以上,研发
USR_000158,USR_000158,,,,,2026-01-29,2026-01-29,2026-01-29,置顶刷新,权益,38.6,三线城市,SME,10000人以上,研发
USR_000158,,,USR_000158,,,2026-02-08,2026-02-08,2026-02-08,简历搜索,非权益,8.0,三线城市,SME,10000人以上,研发
USR_000158,USR_000158,,,,,2026-01-04,2026-01-04,2026-01-04,置顶刷新,权益,33.3,三线城市,SME,10000人以上,研发
USR_000159,USR_000159,,,,USR_000159,2026-01-19,2026-01-19,2026-01-19,简历查看,非权益,13.0,四线城市,SME,1000-2000人,市场
USR_000159,USR_000159,,,,,2026-01-02,2026-01-02,2026-01-02,权益礼包,权益,7.2,四线城市,SME,1000-2000人,市场
USR_000159,USR_000159,,,,,2026-01-26,2026-01-26,2026-01-26,急聘推广,权益,10.2,四线城市,SME,1000-2000人,市场
USR_000159,,,,,,2026-02-12,2026-02-12,2026-02-12,急聘推广,权益,16.1,四线城市,SME,1000-2000人,市场
USR_000159,USR_000159,,,USR_000159,,2026-01-04,2026-01-04,2026-01-04,在线沟通,非权益,34.4,四线城市,SME,1000-2000人,市场
USR_000159,USR_000159,,,,,2026-01-28,2026-01-28,2026-01-28,权益礼包,权益,74.8,四线城市,SME,1000-2000人,市场
USR_000159,USR_000159,USR_000159,,,,2026-01-01,2026-01-01,2026-01-01,职位发布,非权益,7.8,四线城市,SME,1000-2000人,市场
USR_000159,USR_000159,,,,USR_000159,2026-01-11,2026-01-11,2026-01-11,简历查看,非权益,18.3,四线城市,SME,1000-2000人,市场
USR_000159,USR_000159,,,,USR_000159,2026-01-01,2026-01-01,2026-01-01,简历查看,非权益,30.8,四线城市,SME,1000-2000人,市场
USR_000159,USR_000159,,,,,2026-01-31,2026-01-31,2026-01-31,急聘推广,权益,6.0,四线城市,SME,1000-2000人,市场
USR_000159,,,,,,2026-02-05,2026-02-05,2026-02-05,权益礼包,权益,9.9,四线城市,SME,1000-2000人,市场
USR_000159,USR_000159,,,,,2026-01-25,2026-01-25,2026-01-25,急聘推广,权益,25.3,四线城市,SME,1000-2000人,市场
USR_000159,,,,,USR_000159,2026-02-05,2026-02-05,2026-02-05,简历查看,非权益,7.2,四线城市,SME,1000-2000人,市场
USR_000159,USR_000159,,,,,2026-02-06,2026-02-06,2026-02-06,急聘推广,权益,29.8,四线城市,SME,1000-2000人,市场
USR_000159,USR_000159,,,,,2026-01-20,2026-01-20,2026-01-20,置顶刷新,权益,8.3,四线城市,SME,1000-2000人,市场
USR_000159,,USR_000159,,,,2026-01-21,2026-01-21,2026-01-21,职位发布,非权益,36.4,四线城市,SME,1000-2000人,市场
USR_000160,USR_000160,,,USR_000160,,2026-01-25,2026-01-25,2026-01-25,在线沟通,非权益,48.9,三线城市,SME,10000人以上,产品
USR_000160,USR_000160,,,,,2026-03-01,2026-03-01,2026-03-01,急聘推广,权益,15.4,三线城市,SME,10000人以上,产品
USR_000160,,USR_000160,,,,2026-01-27,2026-01-27,2026-01-27,职位发布,非权益,11.1,三线城市,SME,10000人以上,产品
USR_000160,USR_000160,,,,,2026-01-27,2026-01-27,2026-01-27,权益礼包,权益,8.5,三线城市,SME,10000人以上,产品
USR_000160,USR_000160,,,USR_000160,,2026-02-16,2026-02-16,2026-02-16,在线沟通,非权益,16.9,三线城市,SME,10000人以上,产品
USR_000160,,,,USR_000160,,2026-02-17,2026-02-17,2026-02-17,在线沟通,非权益,5.5,三线城市,SME,10000人以上,产品
USR_000160,,,,,USR_000160,2026-01-29,2026-01-29,2026-01-29,简历查看,非权益,15.6,三线城市,SME,10000人以上,产品
USR_000160,,,,,,2026-02-26,2026-02-26,2026-02-26,权益礼包,权益,9.3,三线城市,SME,10000人以上,产品
USR_000160,USR_000160,USR_000160,,,,2026-02-26,2026-02-26,2026-02-26,职位发布,非权益,10.4,三线城市,SME,10000人以上,产品
USR_000160,,,,,USR_000160,2026-01-06,2026-01-06,2026-01-06,简历查看,非权益,32.4,三线城市,SME,10000人以上,产品
USR_000160,USR_000160,,,,,2026-01-23,2026-01-23,2026-01-23,置顶刷新,权益,21.7,三线城市,SME,10000人以上,产品
USR_000160,USR_000160,,,,,2026-01-06,2026-01-06,2026-01-06,权益礼包,权益,18.6,三线城市,SME,10000人以上,产品
USR_000160,USR_000160,USR_000160,,,,2026-01-24,2026-01-24,2026-01-24,职位发布,非权益,14.9,三线城市,SME,10000人以上,产品
USR_000160,USR_000160,,,,,2026-02-20,2026-02-20,2026-02-20,企业认证,非权益,18.4,三线城市,SME,10000人以上,产品
USR_000160,,,,,,2026-02-23,2026-02-23,2026-02-23,急聘推广,权益,31.2,三线城市,SME,10000人以上,产品
USR_000160,USR_000160,,,,,2026-02-05,2026-02-05,2026-02-05,急聘推广,权益,6.3,三线城市,SME,10000人以上,产品
USR_000160,,,,,USR_000160,2026-02-11,2026-02-11,2026-02-11,简历查看,非权益,15.4,三线城市,SME,10000人以上,产品
USR_000160,USR_000160,,,,USR_000160,2026-02-21,2026-02-21,2026-02-21,简历查看,非权益,52.8,三线城市,SME,10000人以上,产品
USR_000160,USR_000160,USR_000160,,,,2026-02-27,2026-02-27,2026-02-27,职位发布,非权益,16.0,三线城市,SME,10000人以上,产品
USR_000160,USR_000160,,,,,2026-02-24,2026-02-24,2026-02-24,置顶刷新,权益,14.4,三线城市,SME,10000人以上,产品
USR_000160,USR_000160,,USR_000160,,,2026-02-07,2026-02-07,2026-02-07,简历搜索,非权益,21.6,三线城市,SME,10000人以上,产品
USR_000160,USR_000160,,,,,2026-01-03,2026-01-03,2026-01-03,急聘推广,权益,17.4,三线城市,SME,10000人以上,产品
USR_000160,,,,,,2026-02-21,2026-02-21,2026-02-21,权益礼包,权益,8.8,三线城市,SME,10000人以上,产品
USR_000160,USR_000160,USR_000160,,,,2026-02-19,2026-02-19,2026-02-19,职位发布,非权益,9.0,三线城市,SME,10000人以上,产品
USR_000161,USR_000161,,,,USR_000161,2026-02-03,2026-02-03,2026-02-03,简历查看,非权益,7.9,三线城市,SME,50-99人,产品
USR_000161,,,,,,2026-02-11,2026-02-11,2026-02-11,急聘推广,权益,19.8,三线城市,SME,50-99人,产品
USR_000161,,,,,,2026-01-01,2026-01-01,2026-01-01,企业认证,非权益,13.8,三线城市,SME,50-99人,产品
USR_000161,USR_000161,,,,,2026-01-23,2026-01-23,2026-01-23,权益礼包,权益,6.4,三线城市,SME,50-99人,产品
USR_000161,USR_000161,,,,USR_000161,2026-01-22,2026-01-22,2026-01-22,简历查看,非权益,33.3,三线城市,SME,50-99人,产品
USR_000161,USR_000161,,,,,2026-02-02,2026-02-02,2026-02-02,急聘推广,权益,42.2,三线城市,SME,50-99人,产品
USR_000161,,,,USR_000161,,2026-01-24,2026-01-24,2026-01-24,在线沟通,非权益,20.2,三线城市,SME,50-99人,产品
USR_000161,USR_000161,,,,,2026-01-24,2026-01-24,2026-01-24,企业认证,非权益,42.4,三线城市,SME,50-99人,产品
USR_000161,USR_000161,,USR_000161,,,2026-01-16,2026-01-16,2026-01-16,简历搜索,非权益,42.5,三线城市,SME,50-99人,产品
USR_000161,USR_000161,,,USR_000161,,2026-02-20,2026-02-20,2026-02-20,在线沟通,非权益,18.1,三线城市,SME,50-99人,产品
USR_000161,USR_000161,USR_000161,,,,2026-02-27,2026-02-27,2026-02-27,职位发布,非权益,11.4,三线城市,SME,50-99人,产品
USR_000161,USR_000161,,,,,2026-02-12,2026-02-12,2026-02-12,权益礼包,权益,33.9,三线城市,SME,50-99人,产品
USR_000161,USR_000161,,USR_000161,,,2026-01-14,2026-01-14,2026-01-14,简历搜索,非权益,11.0,三线城市,SME,50-99人,产品
USR_000161,USR_000161,,,,,2026-02-01,2026-02-01,2026-02-01,企业认证,非权益,27.9,三线城市,SME,50-99人,产品
USR_000161,USR_000161,USR_000161,,,,2026-02-25,2026-02-25,2026-02-25,职位发布,非权益,13.7,三线城市,SME,50-99人,产品
USR_000161,USR_000161,USR_000161,,,,2026-01-30,2026-01-30,2026-01-30,职位发布,非权益,5.1,三线城市,SME,50-99人,产品
USR_000161,USR_000161,,,USR_000161,,2026-01-09,2026-01-09,2026-01-09,在线沟通,非权益,39.3,三线城市,SME,50-99人,产品
USR_000161,USR_000161,USR_000161,,,,2026-01-09,2026-01-09,2026-01-09,职位发布,非权益,10.0,三线城市,SME,50-99人,产品
USR_000162,,,,,,2026-01-18,2026-01-18,2026-01-18,急聘推广,权益,40.0,四线城市,KA,1-49人,产品
USR_000162,USR_000162,USR_000162,,,,2026-01-06,2026-01-06,2026-01-06,职位发布,非权益,15.4,四线城市,KA,1-49人,产品
USR_000162,USR_000162,,,,,2026-01-16,2026-01-16,2026-01-16,置顶刷新,权益,31.6,四线城市,KA,1-49人,产品
USR_000162,,,,,,2026-02-08,2026-02-08,2026-02-08,权益礼包,权益,15.0,四线城市,KA,1-49人,产品
USR_000162,,USR_000162,,,,2026-01-26,2026-01-26,2026-01-26,职位发布,非权益,5.3,四线城市,KA,1-49人,产品
USR_000162,,,,,,2026-02-02,2026-02-02,2026-02-02,权益礼包,权益,16.6,四线城市,KA,1-49人,产品
USR_000162,USR_000162,,,,USR_000162,2026-01-18,2026-01-18,2026-01-18,简历查看,非权益,14.7,四线城市,KA,1-49人,产品
USR_000162,USR_000162,,,,,2026-01-04,2026-01-04,2026-01-04,企业认证,非权益,27.2,四线城市,KA,1-49人,产品
USR_000163,,,,,,2026-02-02,2026-02-02,2026-02-02,企业认证,非权益,33.1,新一线城市,SME,10000人以上,研发
USR_000163,,,,USR_000163,,2026-02-26,2026-02-26,2026-02-26,在线沟通,非权益,29.1,新一线城市,SME,10000人以上,研发
USR_000163,USR_000163,,USR_000163,,,2026-01-21,2026-01-21,2026-01-21,简历搜索,非权益,29.8,新一线城市,SME,10000人以上,研发
USR_000163,,,,USR_000163,,2026-02-26,2026-02-26,2026-02-26,在线沟通,非权益,7.2,新一线城市,SME,10000人以上,研发
USR_000163,USR_000163,,,,,2026-02-10,2026-02-10,2026-02-10,企业认证,非权益,8.4,新一线城市,SME,10000人以上,研发
USR_000163,USR_000163,,,,USR_000163,2026-01-25,2026-01-25,2026-01-25,简历查看,非权益,8.5,新一线城市,SME,10000人以上,研发
USR_000163,USR_000163,,USR_000163,,,2026-01-09,2026-01-09,2026-01-09,简历搜索,非权益,10.9,新一线城市,SME,10000人以上,研发
USR_000163,USR_000163,,,USR_000163,,2026-03-01,2026-03-01,2026-03-01,在线沟通,非权益,11.0,新一线城市,SME,10000人以上,研发
USR_000163,USR_000163,USR_000163,,,,2026-01-29,2026-01-29,2026-01-29,职位发布,非权益,18.2,新一线城市,SME,10000人以上,研发
USR_000163,USR_000163,,,,,2026-01-15,2026-01-15,2026-01-15,权益礼包,权益,11.1,新一线城市,SME,10000人以上,研发
USR_000163,,,,,,2026-01-28,2026-01-28,2026-01-28,权益礼包,权益,5.9,新一线城市,SME,10000人以上,研发
USR_000163,,,,,USR_000163,2026-01-16,2026-01-16,2026-01-16,简历查看,非权益,8.1,新一线城市,SME,10000人以上,研发
USR_000163,USR_000163,,,,,2026-01-29,2026-01-29,2026-01-29,权益礼包,权益,21.0,新一线城市,SME,10000人以上,研发
USR_000164,USR_000164,,,,,2026-01-04,2026-01-04,2026-01-04,置顶刷新,权益,14.2,新一线城市,SME,1000-2000人,销售
USR_000164,,,,,,2026-02-10,2026-02-10,2026-02-10,置顶刷新,权益,40.6,新一线城市,SME,1000-2000人,销售
USR_000164,USR_000164,USR_000164,,,,2026-02-03,2026-02-03,2026-02-03,职位发布,非权益,12.3,新一线城市,SME,1000-2000人,销售
USR_000164,USR_000164,,,,USR_000164,2026-01-01,2026-01-01,2026-01-01,简历查看,非权益,26.0,新一线城市,SME,1000-2000人,销售
USR_000164,USR_000164,,,,,2026-02-18,2026-02-18,2026-02-18,置顶刷新,权益,118.7,新一线城市,SME,1000-2000人,销售
USR_000164,USR_000164,,,,,2026-02-12,2026-02-12,2026-02-12,权益礼包,权益,6.9,新一线城市,SME,1000-2000人,销售
USR_000164,USR_000164,,,,,2026-01-11,2026-01-11,2026-01-11,急聘推广,权益,13.2,新一线城市,SME,1000-2000人,销售
USR_000165,,,,USR_000165,,2026-02-19,2026-02-19,2026-02-19,在线沟通,非权益,6.0,一线城市,SME,1000-2000人,客服
USR_000165,,USR_000165,,,,2026-01-11,2026-01-11,2026-01-11,职位发布,非权益,16.7,一线城市,SME,1000-2000人,客服
USR_000165,USR_000165,,,,,2026-01-01,2026-01-01,2026-01-01,权益礼包,权益,53.5,一线城市,SME,1000-2000人,客服
USR_000165,,USR_000165,,,,2026-01-03,2026-01-03,2026-01-03,职位发布,非权益,16.8,一线城市,SME,1000-2000人,客服
USR_000165,,,USR_000165,,,2026-02-03,2026-02-03,2026-02-03,简历搜索,非权益,65.7,一线城市,SME,1000-2000人,客服
USR_000165,,,,,,2026-02-19,2026-02-19,2026-02-19,急聘推广,权益,9.0,一线城市,SME,1000-2000人,客服
USR_000165,USR_000165,,USR_000165,,,2026-01-16,2026-01-16,2026-01-16,简历搜索,非权益,14.3,一线城市,SME,1000-2000人,客服
USR_000165,USR_000165,,,,,2026-02-19,2026-02-19,2026-02-19,企业认证,非权益,17.9,一线城市,SME,1000-2000人,客服
USR_000165,,,,,,2026-01-10,2026-01-10,2026-01-10,企业认证,非权益,8.1,一线城市,SME,1000-2000人,客服
USR_000165,USR_000165,,,,,2026-02-07,2026-02-07,2026-02-07,置顶刷新,权益,8.1,一线城市,SME,1000-2000人,客服
USR_000165,,,,,USR_000165,2026-01-20,2026-01-20,2026-01-20,简历查看,非权益,8.3,一线城市,SME,1000-2000人,客服
USR_000165,USR_000165,,USR_000165,,,2026-02-03,2026-02-03,2026-02-03,简历搜索,非权益,48.2,一线城市,SME,1000-2000人,客服
USR_000165,USR_000165,,,USR_000165,,2026-01-31,2026-01-31,2026-01-31,在线沟通,非权益,15.7,一线城市,SME,1000-2000人,客服
USR_000165,USR_000165,,,,,2026-01-06,2026-01-06,2026-01-06,权益礼包,权益,9.6,一线城市,SME,1000-2000人,客服
USR_000165,,,,,,2026-02-08,2026-02-08,2026-02-08,企业认证,非权益,32.4,一线城市,SME,1000-2000人,客服
USR_000165,USR_000165,USR_000165,,,,2026-01-06,2026-01-06,2026-01-06,职位发布,非权益,22.8,一线城市,SME,1000-2000人,客服
USR_000165,,,,,,2026-01-25,2026-01-25,2026-01-25,急聘推广,权益,23.1,一线城市,SME,1000-2000人,客服
USR_000166,USR_000166,,USR_000166,,,2026-02-10,2026-02-10,2026-02-10,简历搜索,非权益,27.6,五线城市,SME,5000-10000人,研发
USR_000166,USR_000166,USR_000166,,,,2026-01-02,2026-01-02,2026-01-02,职位发布,非权益,8.0,五线城市,SME,5000-10000人,研发
USR_000166,USR_000166,,,,,2026-02-04,2026-02-04,2026-02-04,权益礼包,权益,28.8,五线城市,SME,5000-10000人,研发
USR_000166,USR_000166,,,,,2026-02-23,2026-02-23,2026-02-23,企业认证,非权益,11.0,五线城市,SME,5000-10000人,研发
USR_000166,USR_000166,,,,,2026-01-02,2026-01-02,2026-01-02,企业认证,非权益,17.0,五线城市,SME,5000-10000人,研发
USR_000166,USR_000166,,USR_000166,,,2026-01-28,2026-01-28,2026-01-28,简历搜索,非权益,5.2,五线城市,SME,5000-10000人,研发
USR_000166,USR_000166,,USR_000166,,,2026-02-24,2026-02-24,2026-02-24,简历搜索,非权益,39.7,五线城市,SME,5000-10000人,研发
USR_000166,,,,,,2026-01-11,2026-01-11,2026-01-11,置顶刷新,权益,7.0,五线城市,SME,5000-10000人,研发
USR_000166,USR_000166,USR_000166,,,,2026-01-16,2026-01-16,2026-01-16,职位发布,非权益,24.4,五线城市,SME,5000-10000人,研发
USR_000166,USR_000166,USR_000166,,,,2026-01-03,2026-01-03,2026-01-03,职位发布,非权益,37.4,五线城市,SME,5000-10000人,研发
USR_000166,USR_000166,,,,,2026-02-03,2026-02-03,2026-02-03,急聘推广,权益,7.1,五线城市,SME,5000-10000人,研发
USR_000166,,,,,,2026-02-11,2026-02-11,2026-02-11,企业认证,非权益,18.6,五线城市,SME,5000-10000人,研发
USR_000166,,USR_000166,,,,2026-01-19,2026-01-19,2026-01-19,职位发布,非权益,22.8,五线城市,SME,5000-10000人,研发
USR_000166,,,,USR_000166,,2026-01-03,2026-01-03,2026-01-03,在线沟通,非权益,12.9,五线城市,SME,5000-10000人,研发
USR_000166,,,,,USR_000166,2026-01-17,2026-01-17,2026-01-17,简历查看,非权益,13.5,五线城市,SME,5000-10000人,研发
USR_000166,USR_000166,,,,,2026-01-21,2026-01-21,2026-01-21,急聘推广,权益,6.1,五线城市,SME,5000-10000人,研发
USR_000166,USR_000166,,,,USR_000166,2026-02-04,2026-02-04,2026-02-04,简历查看,非权益,13.6,五线城市,SME,5000-10000人,研发
USR_000166,USR_000166,,,,USR_000166,2026-01-08,2026-01-08,2026-01-08,简历查看,非权益,18.6,五线城市,SME,5000-10000人,研发
USR_000166,,,,,,2026-02-16,2026-02-16,2026-02-16,急聘推广,权益,41.2,五线城市,SME,5000-10000人,研发
USR_000166,,,,USR_000166,,2026-01-21,2026-01-21,2026-01-21,在线沟通,非权益,42.8,五线城市,SME,5000-10000人,研发
USR_000166,USR_000166,,,USR_000166,,2026-01-13,2026-01-13,2026-01-13,在线沟通,非权益,13.7,五线城市,SME,5000-10000人,研发
USR_000166,,USR_000166,,,,2026-01-13,2026-01-13,2026-01-13,职位发布,非权益,40.6,五线城市,SME,5000-10000人,研发
USR_000166,USR_000166,,USR_000166,,,2026-01-13,2026-01-13,2026-01-13,简历搜索,非权益,8.1,五线城市,SME,5000-10000人,研发
USR_000166,USR_000166,,,,,2026-01-19,2026-01-19,2026-01-19,企业认证,非权益,5.9,五线城市,SME,5000-10000人,研发
USR_000167,,,USR_000167,,,2026-01-09,2026-01-09,2026-01-09,简历搜索,非权益,25.1,新一线城市,SME,2000-5000人,客服
USR_000167,USR_000167,,,,USR_000167,2026-01-15,2026-01-15,2026-01-15,简历查看,非权益,30.9,新一线城市,SME,2000-5000人,客服
USR_000167,,,,,,2026-01-13,2026-01-13,2026-01-13,急聘推广,权益,70.3,新一线城市,SME,2000-5000人,客服
USR_000167,USR_000167,,,,,2026-01-02,2026-01-02,2026-01-02,企业认证,非权益,48.0,新一线城市,SME,2000-5000人,客服
USR_000167,USR_000167,,,,USR_000167,2026-01-03,2026-01-03,2026-01-03,简历查看,非权益,44.3,新一线城市,SME,2000-5000人,客服
USR_000167,USR_000167,,,,,2026-01-16,2026-01-16,2026-01-16,急聘推广,权益,11.2,新一线城市,SME,2000-5000人,客服
USR_000167,USR_000167,,,,,2026-02-12,2026-02-12,2026-02-12,急聘推广,权益,11.9,新一线城市,SME,2000-5000人,客服
USR_000167,,,,,,2026-02-28,2026-02-28,2026-02-28,急聘推广,权益,41.8,新一线城市,SME,2000-5000人,客服
USR_000167,,,,,USR_000167,2026-01-23,2026-01-23,2026-01-23,简历查看,非权益,13.1,新一线城市,SME,2000-5000人,客服
USR_000167,USR_000167,,,,,2026-01-15,2026-01-15,2026-01-15,急聘推广,权益,9.0,新一线城市,SME,2000-5000人,客服
USR_000167,USR_000167,,,,,2026-02-07,2026-02-07,2026-02-07,急聘推广,权益,39.1,新一线城市,SME,2000-5000人,客服
USR_000167,USR_000167,,,,USR_000167,2026-01-11,2026-01-11,2026-01-11,简历查看,非权益,13.6,新一线城市,SME,2000-5000人,客服
USR_000167,USR_000167,,,,USR_000167,2026-02-23,2026-02-23,2026-02-23,简历查看,非权益,25.1,新一线城市,SME,2000-5000人,客服
USR_000167,,,,,,2026-01-20,2026-01-20,2026-01-20,急聘推广,权益,12.8,新一线城市,SME,2000-5000人,客服
USR_000167,USR_000167,USR_000167,,,,2026-02-03,2026-02-03,2026-02-03,职位发布,非权益,42.8,新一线城市,SME,2000-5000人,客服
USR_000167,,,,,,2026-01-25,2026-01-25,2026-01-25,权益礼包,权益,13.3,新一线城市,SME,2000-5000人,客服
USR_000167,,,,,,2026-02-21,2026-02-21,2026-02-21,权益礼包,权益,12.7,新一线城市,SME,2000-5000人,客服
USR_000167,USR_000167,,,USR_000167,,2026-02-07,2026-02-07,2026-02-07,在线沟通,非权益,45.8,新一线城市,SME,2000-5000人,客服
USR_000167,USR_000167,,,,,2026-02-10,2026-02-10,2026-02-10,置顶刷新,权益,27.0,新一线城市,SME,2000-5000人,客服
USR_000167,USR_000167,,,,,2026-02-16,2026-02-16,2026-02-16,置顶刷新,权益,24.5,新一线城市,SME,2000-5000人,客服
USR_000167,USR_000167,,,USR_000167,,2026-02-18,2026-02-18,2026-02-18,在线沟通,非权益,26.1,新一线城市,SME,2000-5000人,客服
USR_000168,USR_000168,,,,,2026-01-12,2026-01-12,2026-01-12,置顶刷新,权益,10.1,四线城市,SME,5000-10000人,客服
USR_000168,USR_000168,USR_000168,,,,2026-02-27,2026-02-27,2026-02-27,职位发布,非权益,21.8,四线城市,SME,5000-10000人,客服
USR_000168,USR_000168,,,,,2026-01-23,2026-01-23,2026-01-23,置顶刷新,权益,5.7,四线城市,SME,5000-10000人,客服
USR_000168,USR_000168,,,,,2026-01-28,2026-01-28,2026-01-28,权益礼包,权益,45.4,四线城市,SME,5000-10000人,客服
USR_000168,,USR_000168,,,,2026-02-07,2026-02-07,2026-02-07,职位发布,非权益,11.7,四线城市,SME,5000-10000人,客服
USR_000168,,,,USR_000168,,2026-01-09,2026-01-09,2026-01-09,在线沟通,非权益,14.2,四线城市,SME,5000-10000人,客服
USR_000168,,,,,,2026-02-12,2026-02-12,2026-02-12,置顶刷新,权益,22.3,四线城市,SME,5000-10000人,客服
USR_000168,USR_000168,,,,,2026-02-05,2026-02-05,2026-02-05,企业认证,非权益,34.8,四线城市,SME,5000-10000人,客服
USR_000168,USR_000168,,,,USR_000168,2026-01-20,2026-01-20,2026-01-20,简历查看,非权益,15.9,四线城市,SME,5000-10000人,客服
USR_000168,,,,USR_000168,,2026-01-12,2026-01-12,2026-01-12,在线沟通,非权益,108.4,四线城市,SME,5000-10000人,客服
USR_000168,,,,,,2026-02-06,2026-02-06,2026-02-06,企业认证,非权益,10.6,四线城市,SME,5000-10000人,客服
USR_000168,USR_000168,,,,,2026-01-25,2026-01-25,2026-01-25,权益礼包,权益,5.3,四线城市,SME,5000-10000人,客服
USR_000168,USR_000168,,USR_000168,,,2026-01-25,2026-01-25,2026-01-25,简历搜索,非权益,32.7,四线城市,SME,5000-10000人,客服
USR_000168,USR_000168,,,,,2026-01-01,2026-01-01,2026-01-01,急聘推广,权益,15.7,四线城市,SME,5000-10000人,客服
USR_000168,USR_000168,,,,,2026-01-05,2026-01-05,2026-01-05,权益礼包,权益,16.4,四线城市,SME,5000-10000人,客服
USR_000168,USR_000168,USR_000168,,,,2026-02-23,2026-02-23,2026-02-23,职位发布,非权益,44.4,四线城市,SME,5000-10000人,客服
USR_000168,USR_000168,,USR_000168,,,2026-01-14,2026-01-14,2026-01-14,简历搜索,非权益,14.3,四线城市,SME,5000-10000人,客服
USR_000168,USR_000168,USR_000168,,,,2026-01-16,2026-01-16,2026-01-16,职位发布,非权益,11.0,四线城市,SME,5000-10000人,客服
USR_000168,USR_000168,,,,,2026-01-14,2026-01-14,2026-01-14,企业认证,非权益,15.8,四线城市,SME,5000-10000人,客服
USR_000168,USR_000168,,,,,2026-01-19,2026-01-19,2026-01-19,置顶刷新,权益,10.0,四线城市,SME,5000-10000人,客服
USR_000168,USR_000168,,USR_000168,,,2026-02-04,2026-02-04,2026-02-04,简历搜索,非权益,5.2,四线城市,SME,5000-10000人,客服
USR_000168,,,,,,2026-01-04,2026-01-04,2026-01-04,置顶刷新,权益,9.5,四线城市,SME,5000-10000人,客服
USR_000168,USR_000168,,,,,2026-01-01,2026-01-01,2026-01-01,权益礼包,权益,50.7,四线城市,SME,5000-10000人,客服
USR_000168,USR_000168,USR_000168,,,,2026-02-18,2026-02-18,2026-02-18,职位发布,非权益,5.2,四线城市,SME,5000-10000人,客服
USR_000169,USR_000169,,,,,2026-02-14,2026-02-14,2026-02-14,企业认证,非权益,22.3,四线城市,SME,500-999人,运营
USR_000169,USR_000169,,,,,2026-01-10,2026-01-10,2026-01-10,置顶刷新,权益,6.7,四线城市,SME,500-999人,运营
USR_000169,USR_000169,,,,USR_000169,2026-01-28,2026-01-28,2026-01-28,简历查看,非权益,5.8,四线城市,SME,500-999人,运营
USR_000169,,,USR_000169,,,2026-02-06,2026-02-06,2026-02-06,简历搜索,非权益,5.8,四线城市,SME,500-999人,运营
USR_000169,,,,,,2026-02-08,2026-02-08,2026-02-08,急聘推广,权益,5.2,四线城市,SME,500-999人,运营
USR_000169,,,,,,2026-01-14,2026-01-14,2026-01-14,权益礼包,权益,22.1,四线城市,SME,500-999人,运营
USR_000169,USR_000169,,,,USR_000169,2026-01-15,2026-01-15,2026-01-15,简历查看,非权益,5.5,四线城市,SME,500-999人,运营
USR_000169,,,USR_000169,,,2026-01-10,2026-01-10,2026-01-10,简历搜索,非权益,14.7,四线城市,SME,500-999人,运营
USR_000169,,,,,,2026-02-06,2026-02-06,2026-02-06,急聘推广,权益,14.4,四线城市,SME,500-999人,运营
USR_000169,USR_000169,,,,,2026-01-21,2026-01-21,2026-01-21,置顶刷新,权益,48.0,四线城市,SME,500-999人,运营
USR_000169,USR_000169,,,,USR_000169,2026-02-16,2026-02-16,2026-02-16,简历查看,非权益,26.2,四线城市,SME,500-999人,运营
USR_000169,,,,,USR_000169,2026-01-23,2026-01-23,2026-01-23,简历查看,非权益,7.4,四线城市,SME,500-999人,运营
USR_000169,,,,,USR_000169,2026-01-22,2026-01-22,2026-01-22,简历查看,非权益,14.5,四线城市,SME,500-999人,运营
USR_000169,USR_000169,,,,,2026-02-02,2026-02-02,2026-02-02,急聘推广,权益,10.9,四线城市,SME,500-999人,运营
USR_000169,,,,,,2026-02-19,2026-02-19,2026-02-19,急聘推广,权益,11.0,四线城市,SME,500-999人,运营
USR_000169,USR_000169,,USR_000169,,,2026-01-08,2026-01-08,2026-01-08,简历搜索,非权益,8.2,四线城市,SME,500-999人,运营
USR_000169,,,,,,2026-01-22,2026-01-22,2026-01-22,企业认证,非权益,41.3,四线城市,SME,500-999人,运营
USR_000169,USR_000169,USR_000169,,,,2026-01-31,2026-01-31,2026-01-31,职位发布,非权益,7.4,四线城市,SME,500-999人,运营
USR_000169,USR_000169,,,USR_000169,,2026-02-04,2026-02-04,2026-02-04,在线沟通,非权益,31.8,四线城市,SME,500-999人,运营
USR_000169,,,,,USR_000169,2026-02-03,2026-02-03,2026-02-03,简历查看,非权益,27.9,四线城市,SME,500-999人,运营
USR_000170,USR_000170,,,,,2026-02-21,2026-02-21,2026-02-21,企业认证,非权益,9.9,五线城市,SME,1000-2000人,销售
USR_000170,,,,,,2026-02-23,2026-02-23,2026-02-23,权益礼包,权益,20.8,五线城市,SME,1000-2000人,销售
USR_000170,USR_000170,,,USR_000170,,2026-02-12,2026-02-12,2026-02-12,在线沟通,非权益,28.6,五线城市,SME,1000-2000人,销售
USR_000170,,USR_000170,,,,2026-02-06,2026-02-06,2026-02-06,职位发布,非权益,6.3,五线城市,SME,1000-2000人,销售
USR_000170,USR_000170,,USR_000170,,,2026-01-28,2026-01-28,2026-01-28,简历搜索,非权益,15.4,五线城市,SME,1000-2000人,销售
USR_000170,USR_000170,,,,,2026-02-28,2026-02-28,2026-02-28,企业认证,非权益,7.5,五线城市,SME,1000-2000人,销售
USR_000170,USR_000170,,,,,2026-01-28,2026-01-28,2026-01-28,急聘推广,权益,47.4,五线城市,SME,1000-2000人,销售
USR_000170,USR_000170,,,USR_000170,,2026-01-12,2026-01-12,2026-01-12,在线沟通,非权益,34.7,五线城市,SME,1000-2000人,销售
USR_000170,USR_000170,,USR_000170,,,2026-01-19,2026-01-19,2026-01-19,简历搜索,非权益,63.8,五线城市,SME,1000-2000人,销售
USR_000170,USR_000170,,,,,2026-02-25,2026-02-25,2026-02-25,急聘推广,权益,14.1,五线城市,SME,1000-2000人,销售
USR_000170,,,,,,2026-01-17,2026-01-17,2026-01-17,权益礼包,权益,7.6,五线城市,SME,1000-2000人,销售
USR_000170,USR_000170,,,USR_000170,,2026-01-29,2026-01-29,2026-01-29,在线沟通,非权益,16.7,五线城市,SME,1000-2000人,销售
USR_000170,USR_000170,,,USR_000170,,2026-02-16,2026-02-16,2026-02-16,在线沟通,非权益,7.8,五线城市,SME,1000-2000人,销售
USR_000170,,,,,,2026-01-26,2026-01-26,2026-01-26,急聘推广,权益,7.2,五线城市,SME,1000-2000人,销售
USR_000170,,,USR_000170,,,2026-02-23,2026-02-23,2026-02-23,简历搜索,非权益,34.9,五线城市,SME,1000-2000人,销售
USR_000170,USR_000170,,,USR_000170,,2026-02-24,2026-02-24,2026-02-24,在线沟通,非权益,9.6,五线城市,SME,1000-2000人,销售
USR_000170,USR_000170,,,,,2026-01-08,2026-01-08,2026-01-08,置顶刷新,权益,28.9,五线城市,SME,1000-2000人,销售
USR_000170,,,,,,2026-01-26,2026-01-26,2026-01-26,置顶刷新,权益,6.6,五线城市,SME,1000-2000人,销售
USR_000170,USR_000170,USR_000170,,,,2026-02-10,2026-02-10,2026-02-10,职位发布,非权益,17.1,五线城市,SME,1000-2000人,销售
USR_000170,,,,,,2026-01-07,2026-01-07,2026-01-07,置顶刷新,权益,14.8,五线城市,SME,1000-2000人,销售
USR_000170,,,,,,2026-01-24,2026-01-24,2026-01-24,置顶刷新,权益,42.0,五线城市,SME,1000-2000人,销售
USR_000170,,,,,,2026-02-09,2026-02-09,2026-02-09,权益礼包,权益,32.4,五线城市,SME,1000-2000人,销售
USR_000170,USR_000170,,,USR_000170,,2026-01-11,2026-01-11,2026-01-11,在线沟通,非权益,6.9,五线城市,SME,1000-2000人,销售
USR_000170,USR_000170,,,,,2026-01-27,2026-01-27,2026-01-27,置顶刷新,权益,70.3,五线城市,SME,1000-2000人,销售
USR_000171,,,,,USR_000171,2026-01-24,2026-01-24,2026-01-24,简历查看,非权益,19.2,二线城市,SME,50-99人,行政
USR_000171,USR_000171,USR_000171,,,,2026-02-15,2026-02-15,2026-02-15,职位发布,非权益,19.8,二线城市,SME,50-99人,行政
USR_000171,,USR_000171,,,,2026-01-29,2026-01-29,2026-01-29,职位发布,非权益,11.0,二线城市,SME,50-99人,行政
USR_000171,USR_000171,,,USR_000171,,2026-01-31,2026-01-31,2026-01-31,在线沟通,非权益,7.8,二线城市,SME,50-99人,行政
USR_000171,USR_000171,,,,,2026-02-24,2026-02-24,2026-02-24,急聘推广,权益,30.2,二线城市,SME,50-99人,行政
USR_000171,,,USR_000171,,,2026-01-24,2026-01-24,2026-01-24,简历搜索,非权益,5.4,二线城市,SME,50-99人,行政
USR_000171,USR_000171,,,,USR_000171,2026-02-19,2026-02-19,2026-02-19,简历查看,非权益,36.4,二线城市,SME,50-99人,行政
USR_000171,USR_000171,,,,,2026-01-27,2026-01-27,2026-01-27,急聘推广,权益,18.8,二线城市,SME,50-99人,行政
USR_000171,USR_000171,USR_000171,,,,2026-02-25,2026-02-25,2026-02-25,职位发布,非权益,15.4,二线城市,SME,50-99人,行政
USR_000171,,,,USR_000171,,2026-02-19,2026-02-19,2026-02-19,在线沟通,非权益,22.8,二线城市,SME,50-99人,行政
USR_000171,USR_000171,,,USR_000171,,2026-01-17,2026-01-17,2026-01-17,在线沟通,非权益,5.8,二线城市,SME,50-99人,行政
USR_000171,USR_000171,,,,,2026-01-21,2026-01-21,2026-01-21,企业认证,非权益,10.3,二线城市,SME,50-99人,行政
USR_000171,USR_000171,,,,,2026-01-01,2026-01-01,2026-01-01,急聘推广,权益,5.0,二线城市,SME,50-99人,行政
USR_000172,USR_000172,,,,USR_000172,2026-01-14,2026-01-14,2026-01-14,简历查看,非权益,45.7,五线城市,KA,100-499人,研发
USR_000172,USR_000172,,USR_000172,,,2026-02-05,2026-02-05,2026-02-05,简历搜索,非权益,7.9,五线城市,KA,100-499人,研发
USR_000172,USR_000172,,USR_000172,,,2026-02-17,2026-02-17,2026-02-17,简历搜索,非权益,24.4,五线城市,KA,100-499人,研发
USR_000172,,,,,,2026-03-01,2026-03-01,2026-03-01,权益礼包,权益,93.3,五线城市,KA,100-499人,研发
USR_000172,USR_000172,USR_000172,,,,2026-02-07,2026-02-07,2026-02-07,职位发布,非权益,7.0,五线城市,KA,100-499人,研发
USR_000172,USR_000172,,,,USR_000172,2026-02-02,2026-02-02,2026-02-02,简历查看,非权益,36.4,五线城市,KA,100-499人,研发
USR_000172,,USR_000172,,,,2026-02-18,2026-02-18,2026-02-18,职位发布,非权益,58.9,五线城市,KA,100-499人,研发
USR_000172,USR_000172,,,,,2026-01-01,2026-01-01,2026-01-01,企业认证,非权益,63.8,五线城市,KA,100-499人,研发
USR_000172,USR_000172,,,,,2026-01-25,2026-01-25,2026-01-25,急聘推广,权益,23.5,五线城市,KA,100-499人,研发
USR_000172,,,USR_000172,,,2026-02-11,2026-02-11,2026-02-11,简历搜索,非权益,24.1,五线城市,KA,100-499人,研发
USR_000172,,,,USR_000172,,2026-01-29,2026-01-29,2026-01-29,在线沟通,非权益,34.1,五线城市,KA,100-499人,研发
USR_000172,USR_000172,USR_000172,,,,2026-03-01,2026-03-01,2026-03-01,职位发布,非权益,13.4,五线城市,KA,100-499人,研发
USR_000172,USR_000172,USR_000172,,,,2026-01-12,2026-01-12,2026-01-12,职位发布,非权益,10.3,五线城市,KA,100-499人,研发
USR_000172,USR_000172,,,USR_000172,,2026-02-26,2026-02-26,2026-02-26,在线沟通,非权益,14.3,五线城市,KA,100-499人,研发
USR_000172,USR_000172,,,,,2026-02-15,2026-02-15,2026-02-15,权益礼包,权益,31.5,五线城市,KA,100-499人,研发
USR_000172,USR_000172,,,USR_000172,,2026-02-24,2026-02-24,2026-02-24,在线沟通,非权益,24.9,五线城市,KA,100-499人,研发
USR_000172,USR_000172,,,,,2026-02-23,2026-02-23,2026-02-23,企业认证,非权益,7.3,五线城市,KA,100-499人,研发
USR_000172,,,,,,2026-01-24,2026-01-24,2026-01-24,企业认证,非权益,9.8,五线城市,KA,100-499人,研发
USR_000172,USR_000172,,,,,2026-01-25,2026-01-25,2026-01-25,急聘推广,权益,9.2,五线城市,KA,100-499人,研发
USR_000172,,,,USR_000172,,2026-01-27,2026-01-27,2026-01-27,在线沟通,非权益,24.5,五线城市,KA,100-499人,研发
USR_000172,USR_000172,,,,,2026-01-27,2026-01-27,2026-01-27,置顶刷新,权益,20.5,五线城市,KA,100-499人,研发
USR_000172,USR_000172,,,,,2026-02-10,2026-02-10,2026-02-10,企业认证,非权益,6.0,五线城市,KA,100-499人,研发
USR_000172,,,,,,2026-02-15,2026-02-15,2026-02-15,权益礼包,权益,32.5,五线城市,KA,100-499人,研发
USR_000172,USR_000172,,,,USR_000172,2026-01-27,2026-01-27,2026-01-27,简历查看,非权益,63.2,五线城市,KA,100-499人,研发
USR_000173,USR_000173,,,,,2026-01-17,2026-01-17,2026-01-17,置顶刷新,权益,10.6,三线城市,SME,2000-5000人,财务
USR_000173,USR_000173,USR_000173,,,,2026-02-07,2026-02-07,2026-02-07,职位发布,非权益,27.1,三线城市,SME,2000-5000人,财务
USR_000173,USR_000173,,,USR_000173,,2026-01-27,2026-01-27,2026-01-27,在线沟通,非权益,5.8,三线城市,SME,2000-5000人,财务
USR_000173,USR_000173,,,,USR_000173,2026-01-16,2026-01-16,2026-01-16,简历查看,非权益,8.3,三线城市,SME,2000-5000人,财务
USR_000173,,,,,USR_000173,2026-01-19,2026-01-19,2026-01-19,简历查看,非权益,57.5,三线城市,SME,2000-5000人,财务
USR_000173,,,,,,2026-02-24,2026-02-24,2026-02-24,急聘推广,权益,26.9,三线城市,SME,2000-5000人,财务
USR_000173,USR_000173,USR_000173,,,,2026-02-13,2026-02-13,2026-02-13,职位发布,非权益,39.1,三线城市,SME,2000-5000人,财务
USR_000173,USR_000173,USR_000173,,,,2026-02-09,2026-02-09,2026-02-09,职位发布,非权益,17.2,三线城市,SME,2000-5000人,财务
USR_000173,USR_000173,,,,,2026-01-11,2026-01-11,2026-01-11,权益礼包,权益,46.6,三线城市,SME,2000-5000人,财务
USR_000173,USR_000173,,USR_000173,,,2026-02-11,2026-02-11,2026-02-11,简历搜索,非权益,6.9,三线城市,SME,2000-5000人,财务
USR_000173,USR_000173,,USR_000173,,,2026-01-13,2026-01-13,2026-01-13,简历搜索,非权益,6.5,三线城市,SME,2000-5000人,财务
USR_000174,USR_000174,USR_000174,,,,2026-01-19,2026-01-19,2026-01-19,职位发布,非权益,8.5,五线城市,SME,100-499人,财务
USR_000174,USR_000174,,USR_000174,,,2026-01-23,2026-01-23,2026-01-23,简历搜索,非权益,22.4,五线城市,SME,100-499人,财务
USR_000174,,,,,,2026-02-02,2026-02-02,2026-02-02,置顶刷新,权益,5.4,五线城市,SME,100-499人,财务
USR_000175,,,,,,2026-01-28,2026-01-28,2026-01-28,急聘推广,权益,35.1,四线城市,KA,2000-5000人,财务
USR_000175,USR_000175,USR_000175,,,,2026-02-28,2026-02-28,2026-02-28,职位发布,非权益,26.1,四线城市,KA,2000-5000人,财务
USR_000175,USR_000175,USR_000175,,,,2026-02-19,2026-02-19,2026-02-19,职位发布,非权益,7.9,四线城市,KA,2000-5000人,财务
USR_000175,USR_000175,,,,,2026-02-23,2026-02-23,2026-02-23,急聘推广,权益,20.8,四线城市,KA,2000-5000人,财务
USR_000175,USR_000175,,,USR_000175,,2026-02-05,2026-02-05,2026-02-05,在线沟通,非权益,12.3,四线城市,KA,2000-5000人,财务
USR_000175,USR_000175,USR_000175,,,,2026-01-17,2026-01-17,2026-01-17,职位发布,非权益,15.2,四线城市,KA,2000-5000人,财务
USR_000175,USR_000175,,,,,2026-01-12,2026-01-12,2026-01-12,权益礼包,权益,11.5,四线城市,KA,2000-5000人,财务
USR_000176,USR_000176,USR_000176,,,,2026-02-13,2026-02-13,2026-02-13,职位发布,非权益,22.2,新一线城市,SME,100-499人,客服
USR_000176,USR_000176,,,,,2026-01-05,2026-01-05,2026-01-05,置顶刷新,权益,24.1,新一线城市,SME,100-499人,客服
USR_000176,USR_000176,,,,USR_000176,2026-02-20,2026-02-20,2026-02-20,简历查看,非权益,18.5,新一线城市,SME,100-499人,客服
USR_000176,USR_000176,,,,USR_000176,2026-01-03,2026-01-03,2026-01-03,简历查看,非权益,44.4,新一线城市,SME,100-499人,客服
USR_000176,USR_000176,,,,,2026-01-18,2026-01-18,2026-01-18,置顶刷新,权益,8.6,新一线城市,SME,100-499人,客服
USR_000176,,,USR_000176,,,2026-01-31,2026-01-31,2026-01-31,简历搜索,非权益,38.3,新一线城市,SME,100-499人,客服
USR_000176,,,,USR_000176,,2026-02-06,2026-02-06,2026-02-06,在线沟通,非权益,5.1,新一线城市,SME,100-499人,客服
USR_000176,USR_000176,,,,USR_000176,2026-01-29,2026-01-29,2026-01-29,简历查看,非权益,6.4,新一线城市,SME,100-499人,客服
USR_000176,USR_000176,,,,,2026-02-19,2026-02-19,2026-02-19,急聘推广,权益,12.5,新一线城市,SME,100-499人,客服
USR_000176,USR_000176,,,USR_000176,,2026-01-23,2026-01-23,2026-01-23,在线沟通,非权益,10.3,新一线城市,SME,100-499人,客服
USR_000176,USR_000176,,,,,2026-02-06,2026-02-06,2026-02-06,权益礼包,权益,18.8,新一线城市,SME,100-499人,客服
USR_000176,USR_000176,USR_000176,,,,2026-02-27,2026-02-27,2026-02-27,职位发布,非权益,21.7,新一线城市,SME,100-499人,客服
USR_000176,,USR_000176,,,,2026-01-29,2026-01-29,2026-01-29,职位发布,非权益,21.8,新一线城市,SME,100-499人,客服
USR_000176,USR_000176,USR_000176,,,,2026-02-21,2026-02-21,2026-02-21,职位发布,非权益,10.3,新一线城市,SME,100-499人,客服
USR_000176,USR_000176,USR_000176,,,,2026-01-22,2026-01-22,2026-01-22,职位发布,非权益,49.1,新一线城市,SME,100-499人,客服
USR_000176,USR_000176,,,,,2026-02-13,2026-02-13,2026-02-13,急聘推广,权益,13.7,新一线城市,SME,100-499人,客服
USR_000176,USR_000176,USR_000176,,,,2026-01-12,2026-01-12,2026-01-12,职位发布,非权益,22.1,新一线城市,SME,100-499人,客服
USR_000176,,USR_000176,,,,2026-02-02,2026-02-02,2026-02-02,职位发布,非权益,5.7,新一线城市,SME,100-499人,客服
USR_000176,USR_000176,,,,,2026-01-31,2026-01-31,2026-01-31,企业认证,非权益,14.1,新一线城市,SME,100-499人,客服
USR_000176,USR_000176,,,,,2026-02-21,2026-02-21,2026-02-21,权益礼包,权益,5.2,新一线城市,SME,100-499人,客服
USR_000177,USR_000177,USR_000177,,,,2026-01-28,2026-01-28,2026-01-28,职位发布,非权益,27.7,二线城市,KA,500-999人,研发
USR_000177,,,,,,2026-02-02,2026-02-02,2026-02-02,权益礼包,权益,35.2,二线城市,KA,500-999人,研发
USR_000177,,,,,,2026-01-03,2026-01-03,2026-01-03,企业认证,非权益,53.7,二线城市,KA,500-999人,研发
USR_000177,USR_000177,,,,,2026-01-22,2026-01-22,2026-01-22,置顶刷新,权益,8.4,二线城市,KA,500-999人,研发
USR_000177,USR_000177,,,,USR_000177,2026-01-18,2026-01-18,2026-01-18,简历查看,非权益,21.7,二线城市,KA,500-999人,研发
USR_000177,,USR_000177,,,,2026-01-05,2026-01-05,2026-01-05,职位发布,非权益,59.9,二线城市,KA,500-999人,研发
USR_000177,USR_000177,,,,,2026-02-21,2026-02-21,2026-02-21,置顶刷新,权益,69.1,二线城市,KA,500-999人,研发
USR_000177,,USR_000177,,,,2026-01-05,2026-01-05,2026-01-05,职位发布,非权益,9.6,二线城市,KA,500-999人,研发
USR_000177,USR_000177,USR_000177,,,,2026-01-04,2026-01-04,2026-01-04,职位发布,非权益,43.7,二线城市,KA,500-999人,研发
USR_000177,USR_000177,USR_000177,,,,2026-02-02,2026-02-02,2026-02-02,职位发布,非权益,9.6,二线城市,KA,500-999人,研发
USR_000177,,,,,,2026-02-24,2026-02-24,2026-02-24,权益礼包,权益,31.4,二线城市,KA,500-999人,研发
USR_000177,USR_000177,,USR_000177,,,2026-01-31,2026-01-31,2026-01-31,简历搜索,非权益,9.9,二线城市,KA,500-999人,研发
USR_000177,USR_000177,,USR_000177,,,2026-01-09,2026-01-09,2026-01-09,简历搜索,非权益,13.3,二线城市,KA,500-999人,研发
USR_000178,,,,,,2026-01-03,2026-01-03,2026-01-03,急聘推广,权益,10.8,新一线城市,SME,10000人以上,研发
USR_000178,USR_000178,USR_000178,,,,2026-01-13,2026-01-13,2026-01-13,职位发布,非权益,10.7,新一线城市,SME,10000人以上,研发
USR_000178,,,,,,2026-01-19,2026-01-19,2026-01-19,权益礼包,权益,7.9,新一线城市,SME,10000人以上,研发
USR_000178,USR_000178,USR_000178,,,,2026-02-01,2026-02-01,2026-02-01,职位发布,非权益,5.7,新一线城市,SME,10000人以上,研发
USR_000178,,,,,,2026-01-20,2026-01-20,2026-01-20,企业认证,非权益,37.0,新一线城市,SME,10000人以上,研发
USR_000178,,USR_000178,,,,2026-01-25,2026-01-25,2026-01-25,职位发布,非权益,31.6,新一线城市,SME,10000人以上,研发
USR_000178,,,,,USR_000178,2026-02-11,2026-02-11,2026-02-11,简历查看,非权益,63.6,新一线城市,SME,10000人以上,研发
USR_000178,USR_000178,USR_000178,,,,2026-03-01,2026-03-01,2026-03-01,职位发布,非权益,56.2,新一线城市,SME,10000人以上,研发
USR_000178,USR_000178,,,,USR_000178,2026-01-03,2026-01-03,2026-01-03,简历查看,非权益,20.3,新一线城市,SME,10000人以上,研发
USR_000179,USR_000179,,,,,2026-02-14,2026-02-14,2026-02-14,权益礼包,权益,19.1,三线城市,SME,1-49人,财务
USR_000179,USR_000179,,,,USR_000179,2026-01-22,2026-01-22,2026-01-22,简历查看,非权益,36.0,三线城市,SME,1-49人,财务
USR_000179,USR_000179,,,,,2026-02-04,2026-02-04,2026-02-04,急聘推广,权益,12.7,三线城市,SME,1-49人,财务
USR_000179,USR_000179,,,,,2026-02-24,2026-02-24,2026-02-24,置顶刷新,权益,12.5,三线城市,SME,1-49人,财务
USR_000179,USR_000179,,,,,2026-02-01,2026-02-01,2026-02-01,企业认证,非权益,28.8,三线城市,SME,1-49人,财务
USR_000179,,,USR_000179,,,2026-01-19,2026-01-19,2026-01-19,简历搜索,非权益,22.5,三线城市,SME,1-49人,财务
USR_000179,USR_000179,USR_000179,,,,2026-01-10,2026-01-10,2026-01-10,职位发布,非权益,14.6,三线城市,SME,1-49人,财务
USR_000179,,,,,USR_000179,2026-01-27,2026-01-27,2026-01-27,简历查看,非权益,17.1,三线城市,SME,1-49人,财务
USR_000179,,,,USR_000179,,2026-02-21,2026-02-21,2026-02-21,在线沟通,非权益,13.3,三线城市,SME,1-49人,财务
USR_000179,USR_000179,,,,,2026-01-09,2026-01-09,2026-01-09,急聘推广,权益,27.0,三线城市,SME,1-49人,财务
USR_000179,USR_000179,,,,USR_000179,2026-02-26,2026-02-26,2026-02-26,简历查看,非权益,9.5,三线城市,SME,1-49人,财务
USR_000179,USR_000179,,,,,2026-02-28,2026-02-28,2026-02-28,权益礼包,权益,15.6,三线城市,SME,1-49人,财务
USR_000179,USR_000179,USR_000179,,,,2026-02-24,2026-02-24,2026-02-24,职位发布,非权益,39.2,三线城市,SME,1-49人,财务
USR_000179,,USR_000179,,,,2026-01-18,2026-01-18,2026-01-18,职位发布,非权益,34.9,三线城市,SME,1-49人,财务
USR_000179,USR_000179,,,,,2026-01-03,2026-01-03,2026-01-03,企业认证,非权益,28.9,三线城市,SME,1-49人,财务
USR_000179,USR_000179,,,,,2026-02-09,2026-02-09,2026-02-09,置顶刷新,权益,32.8,三线城市,SME,1-49人,财务
USR_000179,,,,,,2026-02-02,2026-02-02,2026-02-02,置顶刷新,权益,38.1,三线城市,SME,1-49人,财务
USR_000179,,,,,,2026-01-16,2026-01-16,2026-01-16,置顶刷新,权益,43.3,三线城市,SME,1-49人,财务
USR_000179,USR_000179,USR_000179,,,,2026-01-07,2026-01-07,2026-01-07,职位发布,非权益,11.3,三线城市,SME,1-49人,财务
USR_000179,,,,,,2026-01-25,2026-01-25,2026-01-25,企业认证,非权益,16.5,三线城市,SME,1-49人,财务
USR_000179,USR_000179,,,,,2026-02-21,2026-02-21,2026-02-21,企业认证,非权益,5.9,三线城市,SME,1-49人,财务
USR_000179,USR_000179,,,,,2026-01-27,2026-01-27,2026-01-27,权益礼包,权益,40.5,三线城市,SME,1-49人,财务
USR_000179,USR_000179,,,,,2026-01-12,2026-01-12,2026-01-12,权益礼包,权益,26.1,三线城市,SME,1-49人,财务
USR_000179,USR_000179,USR_000179,,,,2026-01-22,2026-01-22,2026-01-22,职位发布,非权益,44.7,三线城市,SME,1-49人,财务
USR_000180,USR_000180,,,,USR_000180,2026-02-14,2026-02-14,2026-02-14,简历查看,非权益,12.1,新一线城市,SME,5000-10000人,运营
USR_000180,USR_000180,,,USR_000180,,2026-01-05,2026-01-05,2026-01-05,在线沟通,非权益,5.8,新一线城市,SME,5000-10000人,运营
USR_000180,USR_000180,,,,,2026-02-19,2026-02-19,2026-02-19,急聘推广,权益,6.0,新一线城市,SME,5000-10000人,运营
USR_000180,USR_000180,,,,,2026-01-10,2026-01-10,2026-01-10,急聘推广,权益,12.3,新一线城市,SME,5000-10000人,运营
USR_000180,USR_000180,,USR_000180,,,2026-02-24,2026-02-24,2026-02-24,简历搜索,非权益,8.2,新一线城市,SME,5000-10000人,运营
USR_000180,USR_000180,,,,,2026-01-17,2026-01-17,2026-01-17,企业认证,非权益,9.0,新一线城市,SME,5000-10000人,运营
USR_000180,USR_000180,USR_000180,,,,2026-02-21,2026-02-21,2026-02-21,职位发布,非权益,6.3,新一线城市,SME,5000-10000人,运营
USR_000180,USR_000180,,,,,2026-02-28,2026-02-28,2026-02-28,权益礼包,权益,35.1,新一线城市,SME,5000-10000人,运营
USR_000180,,,,USR_000180,,2026-01-01,2026-01-01,2026-01-01,在线沟通,非权益,27.7,新一线城市,SME,5000-10000人,运营
USR_000181,,,,,,2026-01-24,2026-01-24,2026-01-24,置顶刷新,权益,11.4,四线城市,KA,2000-5000人,财务
USR_000181,USR_000181,,,,,2026-01-09,2026-01-09,2026-01-09,急聘推广,权益,5.6,四线城市,KA,2000-5000人,财务
USR_000181,,,,,,2026-01-02,2026-01-02,2026-01-02,权益礼包,权益,14.7,四线城市,KA,2000-5000人,财务
USR_000181,USR_000181,,,,,2026-01-13,2026-01-13,2026-01-13,权益礼包,权益,12.0,四线城市,KA,2000-5000人,财务
USR_000181,,,,,,2026-02-12,2026-02-12,2026-02-12,企业认证,非权益,17.9,四线城市,KA,2000-5000人,财务
USR_000181,USR_000181,,USR_000181,,,2026-01-31,2026-01-31,2026-01-31,简历搜索,非权益,11.2,四线城市,KA,2000-5000人,财务
USR_000181,,USR_000181,,,,2026-01-23,2026-01-23,2026-01-23,职位发布,非权益,8.4,四线城市,KA,2000-5000人,财务
USR_000181,USR_000181,,,,USR_000181,2026-02-04,2026-02-04,2026-02-04,简历查看,非权益,29.2,四线城市,KA,2000-5000人,财务
USR_000181,USR_000181,,,,,2026-02-08,2026-02-08,2026-02-08,急聘推广,权益,8.3,四线城市,KA,2000-5000人,财务
USR_000181,,,,,USR_000181,2026-02-07,2026-02-07,2026-02-07,简历查看,非权益,20.2,四线城市,KA,2000-5000人,财务
USR_000181,USR_000181,,,,USR_000181,2026-02-26,2026-02-26,2026-02-26,简历查看,非权益,43.5,四线城市,KA,2000-5000人,财务
USR_000181,USR_000181,,,USR_000181,,2026-01-15,2026-01-15,2026-01-15,在线沟通,非权益,16.2,四线城市,KA,2000-5000人,财务
USR_000181,,,,,,2026-01-26,2026-01-26,2026-01-26,权益礼包,权益,10.5,四线城市,KA,2000-5000人,财务
USR_000182,USR_000182,,,,,2026-01-14,2026-01-14,2026-01-14,置顶刷新,权益,33.6,一线城市,KA,2000-5000人,运营
USR_000182,USR_000182,,,USR_000182,,2026-02-16,2026-02-16,2026-02-16,在线沟通,非权益,16.8,一线城市,KA,2000-5000人,运营
USR_000182,USR_000182,,,,,2026-01-31,2026-01-31,2026-01-31,置顶刷新,权益,12.1,一线城市,KA,2000-5000人,运营
USR_000182,USR_000182,,,,,2026-03-01,2026-03-01,2026-03-01,置顶刷新,权益,20.7,一线城市,KA,2000-5000人,运营
USR_000182,USR_000182,,,,,2026-02-06,2026-02-06,2026-02-06,置顶刷新,权益,26.4,一线城市,KA,2000-5000人,运营
USR_000182,USR_000182,,USR_000182,,,2026-02-14,2026-02-14,2026-02-14,简历搜索,非权益,6.0,一线城市,KA,2000-5000人,运营
USR_000182,USR_000182,,,,USR_000182,2026-01-19,2026-01-19,2026-01-19,简历查看,非权益,7.1,一线城市,KA,2000-5000人,运营
USR_000182,,,,,,2026-01-29,2026-01-29,2026-01-29,企业认证,非权益,6.0,一线城市,KA,2000-5000人,运营
USR_000182,,,,,,2026-01-11,2026-01-11,2026-01-11,置顶刷新,权益,16.2,一线城市,KA,2000-5000人,运营
USR_000182,USR_000182,,,,USR_000182,2026-01-08,2026-01-08,2026-01-08,简历查看,非权益,62.8,一线城市,KA,2000-5000人,运营
USR_000182,USR_000182,USR_000182,,,,2026-01-26,2026-01-26,2026-01-26,职位发布,非权益,42.4,一线城市,KA,2000-5000人,运营
USR_000182,USR_000182,,,,,2026-01-21,2026-01-21,2026-01-21,权益礼包,权益,28.4,一线城市,KA,2000-5000人,运营
USR_000182,USR_000182,,,,,2026-01-14,2026-01-14,2026-01-14,企业认证,非权益,25.2,一线城市,KA,2000-5000人,运营
USR_000183,USR_000183,,USR_000183,,,2026-02-10,2026-02-10,2026-02-10,简历搜索,非权益,5.9,新一线城市,SME,100-499人,产品
USR_000183,,,,,,2026-01-02,2026-01-02,2026-01-02,权益礼包,权益,7.5,新一线城市,SME,100-499人,产品
USR_000183,,,,,USR_000183,2026-01-09,2026-01-09,2026-01-09,简历查看,非权益,44.6,新一线城市,SME,100-499人,产品
USR_000183,USR_000183,,,,,2026-02-02,2026-02-02,2026-02-02,急聘推广,权益,24.9,新一线城市,SME,100-499人,产品
USR_000183,,USR_000183,,,,2026-01-18,2026-01-18,2026-01-18,职位发布,非权益,8.9,新一线城市,SME,100-499人,产品
USR_000183,USR_000183,,,,,2026-02-17,2026-02-17,2026-02-17,置顶刷新,权益,13.9,新一线城市,SME,100-499人,产品
USR_000183,,,,,USR_000183,2026-02-26,2026-02-26,2026-02-26,简历查看,非权益,18.5,新一线城市,SME,100-499人,产品
USR_000183,,,,,,2026-02-24,2026-02-24,2026-02-24,急聘推广,权益,23.8,新一线城市,SME,100-499人,产品
USR_000183,,,,,,2026-02-23,2026-02-23,2026-02-23,置顶刷新,权益,10.2,新一线城市,SME,100-499人,产品
USR_000183,USR_000183,,,,,2026-01-05,2026-01-05,2026-01-05,企业认证,非权益,5.5,新一线城市,SME,100-499人,产品
USR_000183,,,,USR_000183,,2026-02-06,2026-02-06,2026-02-06,在线沟通,非权益,46.0,新一线城市,SME,100-499人,产品
USR_000183,USR_000183,,,,,2026-01-10,2026-01-10,2026-01-10,权益礼包,权益,5.6,新一线城市,SME,100-499人,产品
USR_000183,USR_000183,USR_000183,,,,2026-02-13,2026-02-13,2026-02-13,职位发布,非权益,57.1,新一线城市,SME,100-499人,产品
USR_000183,USR_000183,,,,,2026-01-23,2026-01-23,2026-01-23,急聘推广,权益,51.4,新一线城市,SME,100-499人,产品
USR_000183,USR_000183,,,,,2026-01-21,2026-01-21,2026-01-21,权益礼包,权益,19.3,新一线城市,SME,100-499人,产品
USR_000183,USR_000183,,,,USR_000183,2026-02-02,2026-02-02,2026-02-02,简历查看,非权益,24.0,新一线城市,SME,100-499人,产品
USR_000183,USR_000183,,,,USR_000183,2026-02-10,2026-02-10,2026-02-10,简历查看,非权益,54.7,新一线城市,SME,100-499人,产品
USR_000183,USR_000183,,,,,2026-02-26,2026-02-26,2026-02-26,置顶刷新,权益,10.5,新一线城市,SME,100-499人,产品
USR_000183,USR_000183,,,,,2026-01-24,2026-01-24,2026-01-24,企业认证,非权益,25.0,新一线城市,SME,100-499人,产品
USR_000183,USR_000183,,,,,2026-01-12,2026-01-12,2026-01-12,置顶刷新,权益,89.2,新一线城市,SME,100-499人,产品
USR_000183,USR_000183,,,,USR_000183,2026-01-30,2026-01-30,2026-01-30,简历查看,非权益,38.5,新一线城市,SME,100-499人,产品
USR_000183,USR_000183,,USR_000183,,,2026-02-26,2026-02-26,2026-02-26,简历搜索,非权益,22.2,新一线城市,SME,100-499人,产品
USR_000183,USR_000183,,USR_000183,,,2026-02-02,2026-02-02,2026-02-02,简历搜索,非权益,13.1,新一线城市,SME,100-499人,产品
USR_000183,USR_000183,,,USR_000183,,2026-03-01,2026-03-01,2026-03-01,在线沟通,非权益,24.1,新一线城市,SME,100-499人,产品
USR_000184,,,USR_000184,,,2026-02-08,2026-02-08,2026-02-08,简历搜索,非权益,19.6,二线城市,SME,50-99人,销售
USR_000184,,,,USR_000184,,2026-01-30,2026-01-30,2026-01-30,在线沟通,非权益,8.7,二线城市,SME,50-99人,销售
USR_000184,USR_000184,,,,USR_000184,2026-02-26,2026-02-26,2026-02-26,简历查看,非权益,14.4,二线城市,SME,50-99人,销售
USR_000184,,,,,USR_000184,2026-02-19,2026-02-19,2026-02-19,简历查看,非权益,5.7,二线城市,SME,50-99人,销售
USR_000184,USR_000184,,,,,2026-02-16,2026-02-16,2026-02-16,权益礼包,权益,21.8,二线城市,SME,50-99人,销售
USR_000184,USR_000184,,,,,2026-01-17,2026-01-17,2026-01-17,急聘推广,权益,14.5,二线城市,SME,50-99人,销售
USR_000184,,,,USR_000184,,2026-02-27,2026-02-27,2026-02-27,在线沟通,非权益,7.5,二线城市,SME,50-99人,销售
USR_000184,,,,,,2026-02-16,2026-02-16,2026-02-16,企业认证,非权益,9.7,二线城市,SME,50-99人,销售
USR_000184,USR_000184,,,,,2026-01-16,2026-01-16,2026-01-16,急聘推广,权益,48.9,二线城市,SME,50-99人,销售
USR_000184,USR_000184,USR_000184,,,,2026-01-30,2026-01-30,2026-01-30,职位发布,非权益,10.2,二线城市,SME,50-99人,销售
USR_000184,USR_000184,,,,USR_000184,2026-02-09,2026-02-09,2026-02-09,简历查看,非权益,7.6,二线城市,SME,50-99人,销售
USR_000185,USR_000185,,,,,2026-02-27,2026-02-27,2026-02-27,置顶刷新,权益,5.3,四线城市,SME,100-499人,运营
USR_000185,USR_000185,,,,,2026-02-13,2026-02-13,2026-02-13,企业认证,非权益,13.4,四线城市,SME,100-499人,运营
USR_000185,USR_000185,,,,USR_000185,2026-01-10,2026-01-10,2026-01-10,简历查看,非权益,79.9,四线城市,SME,100-499人,运营
USR_000185,USR_000185,USR_000185,,,,2026-01-07,2026-01-07,2026-01-07,职位发布,非权益,32.0,四线城市,SME,100-499人,运营
USR_000185,USR_000185,,,,,2026-02-10,2026-02-10,2026-02-10,置顶刷新,权益,22.0,四线城市,SME,100-499人,运营
USR_000185,USR_000185,,,,,2026-02-15,2026-02-15,2026-02-15,置顶刷新,权益,15.3,四线城市,SME,100-499人,运营
USR_000185,USR_000185,,,,,2026-01-04,2026-01-04,2026-01-04,急聘推广,权益,14.7,四线城市,SME,100-499人,运营
USR_000185,USR_000185,,USR_000185,,,2026-01-11,2026-01-11,2026-01-11,简历搜索,非权益,17.9,四线城市,SME,100-499人,运营
USR_000185,USR_000185,,,USR_000185,,2026-01-31,2026-01-31,2026-01-31,在线沟通,非权益,28.7,四线城市,SME,100-499人,运营
USR_000185,,,,,,2026-02-12,2026-02-12,2026-02-12,置顶刷新,权益,16.8,四线城市,SME,100-499人,运营
USR_000186,USR_000186,,,,USR_000186,2026-02-14,2026-02-14,2026-02-14,简历查看,非权益,39.0,一线城市,SME,5000-10000人,运营
USR_000186,USR_000186,,,,,2026-02-07,2026-02-07,2026-02-07,权益礼包,权益,10.4,一线城市,SME,5000-10000人,运营
USR_000186,USR_000186,,,,USR_000186,2026-02-04,2026-02-04,2026-02-04,简历查看,非权益,9.5,一线城市,SME,5000-10000人,运营
USR_000186,,,,,,2026-01-23,2026-01-23,2026-01-23,置顶刷新,权益,5.8,一线城市,SME,5000-10000人,运营
USR_000186,USR_000186,,,USR_000186,,2026-01-29,2026-01-29,2026-01-29,在线沟通,非权益,33.6,一线城市,SME,5000-10000人,运营
USR_000186,USR_000186,,,,,2026-01-28,2026-01-28,2026-01-28,置顶刷新,权益,43.3,一线城市,SME,5000-10000人,运营
USR_000186,USR_000186,,,,,2026-01-11,2026-01-11,2026-01-11,急聘推广,权益,5.9,一线城市,SME,5000-10000人,运营
USR_000186,USR_000186,USR_000186,,,,2026-02-18,2026-02-18,2026-02-18,职位发布,非权益,25.5,一线城市,SME,5000-10000人,运营
USR_000186,USR_000186,,,,,2026-02-14,2026-02-14,2026-02-14,置顶刷新,权益,14.5,一线城市,SME,5000-10000人,运营
USR_000186,,USR_000186,,,,2026-01-07,2026-01-07,2026-01-07,职位发布,非权益,8.5,一线城市,SME,5000-10000人,运营
USR_000186,,,,,USR_000186,2026-02-24,2026-02-24,2026-02-24,简历查看,非权益,10.4,一线城市,SME,5000-10000人,运营
USR_000186,,USR_000186,,,,2026-02-19,2026-02-19,2026-02-19,职位发布,非权益,31.7,一线城市,SME,5000-10000人,运营
USR_000186,,USR_000186,,,,2026-01-20,2026-01-20,2026-01-20,职位发布,非权益,31.4,一线城市,SME,5000-10000人,运营
USR_000186,USR_000186,,,,,2026-03-01,2026-03-01,2026-03-01,权益礼包,权益,10.5,一线城市,SME,5000-10000人,运营
USR_000186,USR_000186,,,,,2026-01-19,2026-01-19,2026-01-19,置顶刷新,权益,20.8,一线城市,SME,5000-10000人,运营
USR_000186,USR_000186,,,,,2026-01-15,2026-01-15,2026-01-15,急聘推广,权益,13.1,一线城市,SME,5000-10000人,运营
USR_000187,USR_000187,USR_000187,,,,2026-02-25,2026-02-25,2026-02-25,职位发布,非权益,22.7,五线城市,SME,1-49人,销售
USR_000187,,,,,,2026-01-10,2026-01-10,2026-01-10,急聘推广,权益,10.9,五线城市,SME,1-49人,销售
USR_000187,USR_000187,,,,USR_000187,2026-01-19,2026-01-19,2026-01-19,简历查看,非权益,21.6,五线城市,SME,1-49人,销售
USR_000187,,,,,,2026-02-07,2026-02-07,2026-02-07,企业认证,非权益,18.6,五线城市,SME,1-49人,销售
USR_000187,,,USR_000187,,,2026-01-31,2026-01-31,2026-01-31,简历搜索,非权益,7.9,五线城市,SME,1-49人,销售
USR_000187,USR_000187,,USR_000187,,,2026-01-07,2026-01-07,2026-01-07,简历搜索,非权益,10.5,五线城市,SME,1-49人,销售
USR_000187,,,,,,2026-01-04,2026-01-04,2026-01-04,置顶刷新,权益,7.5,五线城市,SME,1-49人,销售
USR_000187,USR_000187,,,,,2026-01-29,2026-01-29,2026-01-29,置顶刷新,权益,21.7,五线城市,SME,1-49人,销售
USR_000187,USR_000187,,,USR_000187,,2026-01-26,2026-01-26,2026-01-26,在线沟通,非权益,6.6,五线城市,SME,1-49人,销售
USR_000187,USR_000187,,,,,2026-01-30,2026-01-30,2026-01-30,权益礼包,权益,5.7,五线城市,SME,1-49人,销售
USR_000188,USR_000188,USR_000188,,,,2026-02-11,2026-02-11,2026-02-11,职位发布,非权益,34.4,四线城市,SME,1-49人,客服
USR_000188,,,,,,2026-01-29,2026-01-29,2026-01-29,权益礼包,权益,15.7,四线城市,SME,1-49人,客服
USR_000188,USR_000188,,,,,2026-01-20,2026-01-20,2026-01-20,企业认证,非权益,12.0,四线城市,SME,1-49人,客服
USR_000188,USR_000188,,,,,2026-02-04,2026-02-04,2026-02-04,权益礼包,权益,24.4,四线城市,SME,1-49人,客服
USR_000188,USR_000188,,,,,2026-02-10,2026-02-10,2026-02-10,置顶刷新,权益,49.0,四线城市,SME,1-49人,客服
USR_000188,USR_000188,,,USR_000188,,2026-01-02,2026-01-02,2026-01-02,在线沟通,非权益,63.5,四线城市,SME,1-49人,客服
USR_000188,USR_000188,,,USR_000188,,2026-01-16,2026-01-16,2026-01-16,在线沟通,非权益,11.2,四线城市,SME,1-49人,客服
USR_000189,,,,USR_000189,,2026-01-29,2026-01-29,2026-01-29,在线沟通,非权益,6.9,三线城市,SME,50-99人,研发
USR_000189,USR_000189,,,,,2026-02-25,2026-02-25,2026-02-25,置顶刷新,权益,36.0,三线城市,SME,50-99人,研发
USR_000189,USR_000189,,USR_000189,,,2026-01-24,2026-01-24,2026-01-24,简历搜索,非权益,6.0,三线城市,SME,50-99人,研发
USR_000189,,,,,,2026-01-04,2026-01-04,2026-01-04,急聘推广,权益,14.2,三线城市,SME,50-99人,研发
USR_000189,USR_000189,,,,USR_000189,2026-02-23,2026-02-23,2026-02-23,简历查看,非权益,11.4,三线城市,SME,50-99人,研发
USR_000189,USR_000189,,,,,2026-01-31,2026-01-31,2026-01-31,急聘推广,权益,28.1,三线城市,SME,50-99人,研发
USR_000189,USR_000189,,USR_000189,,,2026-01-10,2026-01-10,2026-01-10,简历搜索,非权益,12.4,三线城市,SME,50-99人,研发
USR_000189,USR_000189,,USR_000189,,,2026-01-29,2026-01-29,2026-01-29,简历搜索,非权益,29.6,三线城市,SME,50-99人,研发
USR_000189,USR_000189,,USR_000189,,,2026-02-06,2026-02-06,2026-02-06,简历搜索,非权益,32.0,三线城市,SME,50-99人,研发
USR_000189,USR_000189,,,,,2026-01-06,2026-01-06,2026-01-06,置顶刷新,权益,22.0,三线城市,SME,50-99人,研发
USR_000189,,,,USR_000189,,2026-02-11,2026-02-11,2026-02-11,在线沟通,非权益,42.3,三线城市,SME,50-99人,研发
USR_000189,,,,,,2026-02-15,2026-02-15,2026-02-15,权益礼包,权益,10.6,三线城市,SME,50-99人,研发
USR_000189,USR_000189,,,,,2026-01-10,2026-01-10,2026-01-10,急聘推广,权益,6.0,三线城市,SME,50-99人,研发
USR_000189,USR_000189,USR_000189,,,,2026-02-27,2026-02-27,2026-02-27,职位发布,非权益,27.0,三线城市,SME,50-99人,研发
USR_000189,USR_000189,,,,USR_000189,2026-02-02,2026-02-02,2026-02-02,简历查看,非权益,27.1,三线城市,SME,50-99人,研发
USR_000189,,,,USR_000189,,2026-01-01,2026-01-01,2026-01-01,在线沟通,非权益,7.7,三线城市,SME,50-99人,研发
USR_000189,USR_000189,USR_000189,,,,2026-01-19,2026-01-19,2026-01-19,职位发布,非权益,63.1,三线城市,SME,50-99人,研发
USR_000189,,,,,USR_000189,2026-01-13,2026-01-13,2026-01-13,简历查看,非权益,13.0,三线城市,SME,50-99人,研发
USR_000190,USR_000190,,,,,2026-01-23,2026-01-23,2026-01-23,置顶刷新,权益,15.2,三线城市,SME,2000-5000人,市场
USR_000190,,,,,,2026-02-28,2026-02-28,2026-02-28,置顶刷新,权益,8.0,三线城市,SME,2000-5000人,市场
USR_000190,USR_000190,,USR_000190,,,2026-02-28,2026-02-28,2026-02-28,简历搜索,非权益,35.9,三线城市,SME,2000-5000人,市场
USR_000190,USR_000190,,,,USR_000190,2026-02-27,2026-02-27,2026-02-27,简历查看,非权益,7.5,三线城市,SME,2000-5000人,市场
USR_000190,USR_000190,USR_000190,,,,2026-01-26,2026-01-26,2026-01-26,职位发布,非权益,12.2,三线城市,SME,2000-5000人,市场
USR_000190,USR_000190,USR_000190,,,,2026-01-22,2026-01-22,2026-01-22,职位发布,非权益,28.6,三线城市,SME,2000-5000人,市场
USR_000190,,,USR_000190,,,2026-01-15,2026-01-15,2026-01-15,简历搜索,非权益,59.5,三线城市,SME,2000-5000人,市场
USR_000190,,,,USR_000190,,2026-01-17,2026-01-17,2026-01-17,在线沟通,非权益,29.2,三线城市,SME,2000-5000人,市场
USR_000191,USR_000191,,,,,2026-01-06,2026-01-06,2026-01-06,置顶刷新,权益,43.8,三线城市,SME,1-49人,财务
USR_000191,USR_000191,,,,,2026-01-13,2026-01-13,2026-01-13,急聘推广,权益,20.9,三线城市,SME,1-49人,财务
USR_000191,USR_000191,,,,,2026-01-26,2026-01-26,2026-01-26,急聘推广,权益,47.4,三线城市,SME,1-49人,财务
USR_000191,USR_000191,,,,USR_000191,2026-01-10,2026-01-10,2026-01-10,简历查看,非权益,15.5,三线城市,SME,1-49人,财务
USR_000191,,USR_000191,,,,2026-02-21,2026-02-21,2026-02-21,职位发布,非权益,85.0,三线城市,SME,1-49人,财务
USR_000191,USR_000191,,,,,2026-01-25,2026-01-25,2026-01-25,急聘推广,权益,34.1,三线城市,SME,1-49人,财务
USR_000191,USR_000191,,,,,2026-01-10,2026-01-10,2026-01-10,置顶刷新,权益,17.3,三线城市,SME,1-49人,财务
USR_000191,,,USR_000191,,,2026-01-26,2026-01-26,2026-01-26,简历搜索,非权益,17.5,三线城市,SME,1-49人,财务
USR_000191,,,,,,2026-02-23,2026-02-23,2026-02-23,企业认证,非权益,24.6,三线城市,SME,1-49人,财务
USR_000192,USR_000192,,,,USR_000192,2026-01-19,2026-01-19,2026-01-19,简历查看,非权益,18.6,三线城市,SME,5000-10000人,销售
USR_000192,USR_000192,,USR_000192,,,2026-01-23,2026-01-23,2026-01-23,简历搜索,非权益,7.3,三线城市,SME,5000-10000人,销售
USR_000192,USR_000192,USR_000192,,,,2026-01-04,2026-01-04,2026-01-04,职位发布,非权益,5.0,三线城市,SME,5000-10000人,销售
USR_000192,,,,,,2026-02-28,2026-02-28,2026-02-28,权益礼包,权益,41.4,三线城市,SME,5000-10000人,销售
USR_000192,,,,USR_000192,,2026-02-03,2026-02-03,2026-02-03,在线沟通,非权益,21.9,三线城市,SME,5000-10000人,销售
USR_000192,,,,,,2026-01-05,2026-01-05,2026-01-05,权益礼包,权益,7.6,三线城市,SME,5000-10000人,销售
USR_000192,USR_000192,,,USR_000192,,2026-01-04,2026-01-04,2026-01-04,在线沟通,非权益,26.1,三线城市,SME,5000-10000人,销售
USR_000192,,,,USR_000192,,2026-01-10,2026-01-10,2026-01-10,在线沟通,非权益,14.7,三线城市,SME,5000-10000人,销售
USR_000192,USR_000192,,,,,2026-02-20,2026-02-20,2026-02-20,权益礼包,权益,19.4,三线城市,SME,5000-10000人,销售
USR_000192,USR_000192,,,,,2026-02-27,2026-02-27,2026-02-27,权益礼包,权益,11.6,三线城市,SME,5000-10000人,销售
USR_000192,USR_000192,,,USR_000192,,2026-02-16,2026-02-16,2026-02-16,在线沟通,非权益,18.8,三线城市,SME,5000-10000人,销售
USR_000192,USR_000192,,,,,2026-01-04,2026-01-04,2026-01-04,权益礼包,权益,56.6,三线城市,SME,5000-10000人,销售
USR_000192,USR_000192,,,,,2026-02-20,2026-02-20,2026-02-20,企业认证,非权益,27.4,三线城市,SME,5000-10000人,销售
USR_000192,USR_000192,,,,USR_000192,2026-01-06,2026-01-06,2026-01-06,简历查看,非权益,32.5,三线城市,SME,5000-10000人,销售
USR_000192,USR_000192,,,,,2026-01-19,2026-01-19,2026-01-19,权益礼包,权益,14.8,三线城市,SME,5000-10000人,销售
USR_000192,USR_000192,USR_000192,,,,2026-01-17,2026-01-17,2026-01-17,职位发布,非权益,13.1,三线城市,SME,5000-10000人,销售
USR_000192,USR_000192,,,,,2026-01-31,2026-01-31,2026-01-31,置顶刷新,权益,15.3,三线城市,SME,5000-10000人,销售
USR_000192,,,,USR_000192,,2026-01-01,2026-01-01,2026-01-01,在线沟通,非权益,34.2,三线城市,SME,5000-10000人,销售
USR_000192,USR_000192,,,,,2026-01-19,2026-01-19,2026-01-19,企业认证,非权益,23.3,三线城市,SME,5000-10000人,销售
USR_000192,USR_000192,,,,,2026-01-01,2026-01-01,2026-01-01,急聘推广,权益,28.6,三线城市,SME,5000-10000人,销售
USR_000192,USR_000192,,,,,2026-01-24,2026-01-24,2026-01-24,权益礼包,权益,5.1,三线城市,SME,5000-10000人,销售
USR_000192,USR_000192,USR_000192,,,,2026-02-12,2026-02-12,2026-02-12,职位发布,非权益,103.5,三线城市,SME,5000-10000人,销售
USR_000193,USR_000193,,,,,2026-02-27,2026-02-27,2026-02-27,权益礼包,权益,5.4,三线城市,KA,5000-10000人,销售
USR_000193,USR_000193,,,,,2026-01-17,2026-01-17,2026-01-17,急聘推广,权益,7.3,三线城市,KA,5000-10000人,销售
USR_000193,USR_000193,,USR_000193,,,2026-02-18,2026-02-18,2026-02-18,简历搜索,非权益,30.5,三线城市,KA,5000-10000人,销售
USR_000193,USR_000193,,,,,2026-01-29,2026-01-29,2026-01-29,权益礼包,权益,20.1,三线城市,KA,5000-10000人,销售
USR_000193,USR_000193,,,,,2026-01-06,2026-01-06,2026-01-06,企业认证,非权益,53.1,三线城市,KA,5000-10000人,销售
USR_000193,USR_000193,,,,,2026-01-13,2026-01-13,2026-01-13,权益礼包,权益,31.5,三线城市,KA,5000-10000人,销售
USR_000193,USR_000193,USR_000193,,,,2026-01-01,2026-01-01,2026-01-01,职位发布,非权益,11.6,三线城市,KA,5000-10000人,销售
USR_000193,,,USR_000193,,,2026-01-20,2026-01-20,2026-01-20,简历搜索,非权益,52.0,三线城市,KA,5000-10000人,销售
USR_000193,,,,,,2026-03-01,2026-03-01,2026-03-01,权益礼包,权益,13.2,三线城市,KA,5000-10000人,销售
USR_000193,USR_000193,,USR_000193,,,2026-02-17,2026-02-17,2026-02-17,简历搜索,非权益,74.2,三线城市,KA,5000-10000人,销售
USR_000193,,,,,,2026-02-11,2026-02-11,2026-02-11,权益礼包,权益,34.4,三线城市,KA,5000-10000人,销售
USR_000193,USR_000193,,USR_000193,,,2026-01-07,2026-01-07,2026-01-07,简历搜索,非权益,12.5,三线城市,KA,5000-10000人,销售
USR_000193,USR_000193,,USR_000193,,,2026-02-04,2026-02-04,2026-02-04,简历搜索,非权益,71.7,三线城市,KA,5000-10000人,销售
USR_000193,USR_000193,,,,,2026-01-22,2026-01-22,2026-01-22,置顶刷新,权益,5.1,三线城市,KA,5000-10000人,销售
USR_000193,USR_000193,,,,,2026-01-21,2026-01-21,2026-01-21,企业认证,非权益,12.1,三线城市,KA,5000-10000人,销售
USR_000193,USR_000193,,,,,2026-02-01,2026-02-01,2026-02-01,企业认证,非权益,26.8,三线城市,KA,5000-10000人,销售
USR_000193,USR_000193,,,,,2026-01-04,2026-01-04,2026-01-04,权益礼包,权益,5.1,三线城市,KA,5000-10000人,销售
USR_000193,USR_000193,,USR_000193,,,2026-02-19,2026-02-19,2026-02-19,简历搜索,非权益,28.6,三线城市,KA,5000-10000人,销售
USR_000193,USR_000193,,,,,2026-02-23,2026-02-23,2026-02-23,急聘推广,权益,13.0,三线城市,KA,5000-10000人,销售
USR_000193,USR_000193,,,,,2026-02-06,2026-02-06,2026-02-06,权益礼包,权益,13.9,三线城市,KA,5000-10000人,销售
USR_000193,,,,,,2026-03-01,2026-03-01,2026-03-01,置顶刷新,权益,27.7,三线城市,KA,5000-10000人,销售
USR_000193,USR_000193,,USR_000193,,,2026-02-21,2026-02-21,2026-02-21,简历搜索,非权益,104.8,三线城市,KA,5000-10000人,销售
USR_000193,USR_000193,,,,,2026-02-09,2026-02-09,2026-02-09,企业认证,非权益,7.5,三线城市,KA,5000-10000人,销售
USR_000193,USR_000193,,,,,2026-02-22,2026-02-22,2026-02-22,企业认证,非权益,8.6,三线城市,KA,5000-10000人,销售
USR_000194,USR_000194,,,,USR_000194,2026-01-20,2026-01-20,2026-01-20,简历查看,非权益,35.4,三线城市,SME,50-99人,财务
USR_000194,,,,,USR_000194,2026-02-23,2026-02-23,2026-02-23,简历查看,非权益,17.3,三线城市,SME,50-99人,财务
USR_000194,,,,,,2026-01-10,2026-01-10,2026-01-10,权益礼包,权益,23.9,三线城市,SME,50-99人,财务
USR_000194,USR_000194,,USR_000194,,,2026-01-19,2026-01-19,2026-01-19,简历搜索,非权益,7.7,三线城市,SME,50-99人,财务
USR_000194,USR_000194,,,,,2026-02-02,2026-02-02,2026-02-02,权益礼包,权益,9.6,三线城市,SME,50-99人,财务
USR_000194,,,,,,2026-01-16,2026-01-16,2026-01-16,置顶刷新,权益,34.9,三线城市,SME,50-99人,财务
USR_000194,USR_000194,,,USR_000194,,2026-01-11,2026-01-11,2026-01-11,在线沟通,非权益,47.1,三线城市,SME,50-99人,财务
USR_000194,,,USR_000194,,,2026-01-13,2026-01-13,2026-01-13,简历搜索,非权益,15.7,三线城市,SME,50-99人,财务
USR_000194,,,,,USR_000194,2026-02-19,2026-02-19,2026-02-19,简历查看,非权益,6.8,三线城市,SME,50-99人,财务
USR_000194,,,,,,2026-03-01,2026-03-01,2026-03-01,权益礼包,权益,22.3,三线城市,SME,50-99人,财务
USR_000194,USR_000194,,,,,2026-02-23,2026-02-23,2026-02-23,企业认证,非权益,36.7,三线城市,SME,50-99人,财务
USR_000194,USR_000194,,,,,2026-02-11,2026-02-11,2026-02-11,置顶刷新,权益,27.2,三线城市,SME,50-99人,财务
USR_000195,USR_000195,,,,,2026-02-20,2026-02-20,2026-02-20,急聘推广,权益,14.8,四线城市,KA,500-999人,行政
USR_000195,USR_000195,,,USR_000195,,2026-01-23,2026-01-23,2026-01-23,在线沟通,非权益,10.7,四线城市,KA,500-999人,行政
USR_000195,USR_000195,,,,,2026-02-27,2026-02-27,2026-02-27,权益礼包,权益,14.1,四线城市,KA,500-999人,行政
USR_000195,,,,,,2026-01-03,2026-01-03,2026-01-03,置顶刷新,权益,29.7,四线城市,KA,500-999人,行政
USR_000195,USR_000195,,,,USR_000195,2026-01-27,2026-01-27,2026-01-27,简历查看,非权益,8.7,四线城市,KA,500-999人,行政
USR_000195,USR_000195,,,,,2026-01-08,2026-01-08,2026-01-08,企业认证,非权益,27.4,四线城市,KA,500-999人,行政
USR_000195,USR_000195,,,,,2026-01-19,2026-01-19,2026-01-19,权益礼包,权益,26.9,四线城市,KA,500-999人,行政
USR_000195,,,,,,2026-02-05,2026-02-05,2026-02-05,权益礼包,权益,7.1,四线城市,KA,500-999人,行政
USR_000195,USR_000195,,,,,2026-01-06,2026-01-06,2026-01-06,急聘推广,权益,7.4,四线城市,KA,500-999人,行政
USR_000195,USR_000195,,USR_000195,,,2026-02-19,2026-02-19,2026-02-19,简历搜索,非权益,11.0,四线城市,KA,500-999人,行政
USR_000195,USR_000195,,,,,2026-01-11,2026-01-11,2026-01-11,企业认证,非权益,21.9,四线城市,KA,500-999人,行政
USR_000195,USR_000195,,USR_000195,,,2026-02-12,2026-02-12,2026-02-12,简历搜索,非权益,7.4,四线城市,KA,500-999人,行政
USR_000195,USR_000195,,,,,2026-02-24,2026-02-24,2026-02-24,企业认证,非权益,43.1,四线城市,KA,500-999人,行政
USR_000195,,,,,,2026-02-16,2026-02-16,2026-02-16,企业认证,非权益,42.0,四线城市,KA,500-999人,行政
USR_000195,USR_000195,,USR_000195,,,2026-02-13,2026-02-13,2026-02-13,简历搜索,非权益,64.0,四线城市,KA,500-999人,行政
USR_000196,USR_000196,,,,,2026-01-06,2026-01-06,2026-01-06,企业认证,非权益,45.1,一线城市,SME,1-49人,市场
USR_000196,USR_000196,,,,,2026-01-06,2026-01-06,2026-01-06,权益礼包,权益,151.5,一线城市,SME,1-49人,市场
USR_000196,USR_000196,,,,,2026-01-25,2026-01-25,2026-01-25,企业认证,非权益,5.2,一线城市,SME,1-49人,市场
USR_000196,,,,,,2026-01-21,2026-01-21,2026-01-21,权益礼包,权益,23.9,一线城市,SME,1-49人,市场
USR_000196,,USR_000196,,,,2026-01-28,2026-01-28,2026-01-28,职位发布,非权益,15.7,一线城市,SME,1-49人,市场
USR_000196,USR_000196,,,USR_000196,,2026-01-01,2026-01-01,2026-01-01,在线沟通,非权益,26.0,一线城市,SME,1-49人,市场
USR_000196,USR_000196,USR_000196,,,,2026-01-15,2026-01-15,2026-01-15,职位发布,非权益,16.4,一线城市,SME,1-49人,市场
USR_000196,USR_000196,,USR_000196,,,2026-02-11,2026-02-11,2026-02-11,简历搜索,非权益,17.5,一线城市,SME,1-49人,市场
USR_000196,USR_000196,,,,,2026-01-08,2026-01-08,2026-01-08,置顶刷新,权益,12.0,一线城市,SME,1-49人,市场
USR_000196,USR_000196,,,,,2026-02-20,2026-02-20,2026-02-20,企业认证,非权益,36.9,一线城市,SME,1-49人,市场
USR_000196,USR_000196,,,,,2026-01-28,2026-01-28,2026-01-28,置顶刷新,权益,26.9,一线城市,SME,1-49人,市场
USR_000196,USR_000196,,,,,2026-01-25,2026-01-25,2026-01-25,权益礼包,权益,61.3,一线城市,SME,1-49人,市场
USR_000196,,,,,,2026-01-06,2026-01-06,2026-01-06,权益礼包,权益,29.7,一线城市,SME,1-49人,市场
USR_000196,USR_000196,,,USR_000196,,2026-01-09,2026-01-09,2026-01-09,在线沟通,非权益,20.5,一线城市,SME,1-49人,市场
USR_000196,USR_000196,,,,,2026-02-28,2026-02-28,2026-02-28,企业认证,非权益,34.6,一线城市,SME,1-49人,市场
USR_000196,USR_000196,,,,,2026-02-22,2026-02-22,2026-02-22,权益礼包,权益,39.1,一线城市,SME,1-49人,市场
USR_000196,USR_000196,,,,,2026-01-26,2026-01-26,2026-01-26,权益礼包,权益,37.2,一线城市,SME,1-49人,市场
USR_000196,USR_000196,,,,,2026-01-07,2026-01-07,2026-01-07,急聘推广,权益,6.2,一线城市,SME,1-49人,市场
USR_000196,USR_000196,,,,USR_000196,2026-02-07,2026-02-07,2026-02-07,简历查看,非权益,12.6,一线城市,SME,1-49人,市场
USR_000196,,,,,USR_000196,2026-02-16,2026-02-16,2026-02-16,简历查看,非权益,30.8,一线城市,SME,1-49人,市场
USR_000197,USR_000197,USR_000197,,,,2026-01-03,2026-01-03,2026-01-03,职位发布,非权益,16.5,三线城市,SME,100-499人,产品
USR_000197,,,,,USR_000197,2026-02-01,2026-02-01,2026-02-01,简历查看,非权益,14.8,三线城市,SME,100-499人,产品
USR_000197,USR_000197,,USR_000197,,,2026-02-05,2026-02-05,2026-02-05,简历搜索,非权益,26.6,三线城市,SME,100-499人,产品
USR_000197,,,,,,2026-02-01,2026-02-01,2026-02-01,权益礼包,权益,5.6,三线城市,SME,100-499人,产品
USR_000197,USR_000197,,,,,2026-01-11,2026-01-11,2026-01-11,急聘推广,权益,10.6,三线城市,SME,100-499人,产品
USR_000197,USR_000197,,,,,2026-01-24,2026-01-24,2026-01-24,企业认证,非权益,8.8,三线城市,SME,100-499人,产品
USR_000197,USR_000197,,,,USR_000197,2026-01-27,2026-01-27,2026-01-27,简历查看,非权益,6.3,三线城市,SME,100-499人,产品
USR_000197,USR_000197,,,USR_000197,,2026-02-22,2026-02-22,2026-02-22,在线沟通,非权益,19.1,三线城市,SME,100-499人,产品
USR_000197,USR_000197,,USR_000197,,,2026-02-13,2026-02-13,2026-02-13,简历搜索,非权益,20.0,三线城市,SME,100-499人,产品
USR_000197,USR_000197,,,,,2026-02-17,2026-02-17,2026-02-17,企业认证,非权益,32.7,三线城市,SME,100-499人,产品
USR_000197,USR_000197,,,,,2026-01-15,2026-01-15,2026-01-15,置顶刷新,权益,26.4,三线城市,SME,100-499人,产品
USR_000197,,,,,,2026-01-13,2026-01-13,2026-01-13,置顶刷新,权益,7.7,三线城市,SME,100-499人,产品
USR_000197,USR_000197,USR_000197,,,,2026-02-27,2026-02-27,2026-02-27,职位发布,非权益,61.6,三线城市,SME,100-499人,产品
USR_000197,,,,,,2026-01-29,2026-01-29,2026-01-29,企业认证,非权益,46.7,三线城市,SME,100-499人,产品
USR_000197,,USR_000197,,,,2026-02-23,2026-02-23,2026-02-23,职位发布,非权益,102.7,三线城市,SME,100-499人,产品
USR_000197,USR_000197,,,,,2026-02-22,2026-02-22,2026-02-22,急聘推广,权益,18.2,三线城市,SME,100-499人,产品
USR_000197,USR_000197,,,,,2026-02-20,2026-02-20,2026-02-20,企业认证,非权益,9.5,三线城市,SME,100-499人,产品
USR_000197,USR_000197,,USR_000197,,,2026-01-16,2026-01-16,2026-01-16,简历搜索,非权益,8.4,三线城市,SME,100-499人,产品
USR_000197,,,,,,2026-02-28,2026-02-28,2026-02-28,企业认证,非权益,6.6,三线城市,SME,100-499人,产品
USR_000197,USR_000197,USR_000197,,,,2026-02-27,2026-02-27,2026-02-27,职位发布,非权益,61.3,三线城市,SME,100-499人,产品
USR_000198,,,,,,2026-02-05,2026-02-05,2026-02-05,置顶刷新,权益,31.1,四线城市,KA,1-49人,产品
USR_000198,USR_000198,,,,,2026-01-08,2026-01-08,2026-01-08,置顶刷新,权益,9.7,四线城市,KA,1-49人,产品
USR_000198,,,,,USR_000198,2026-02-05,2026-02-05,2026-02-05,简历查看,非权益,7.6,四线城市,KA,1-49人,产品
USR_000198,,,,,,2026-02-22,2026-02-22,2026-02-22,企业认证,非权益,8.7,四线城市,KA,1-49人,产品
USR_000198,,,,,USR_000198,2026-02-03,2026-02-03,2026-02-03,简历查看,非权益,19.6,四线城市,KA,1-49人,产品
USR_000198,USR_000198,,,,,2026-01-01,2026-01-01,2026-01-01,置顶刷新,权益,14.9,四线城市,KA,1-49人,产品
USR_000198,USR_000198,,,,,2026-01-31,2026-01-31,2026-01-31,置顶刷新,权益,69.5,四线城市,KA,1-49人,产品
USR_000198,,,,,,2026-02-28,2026-02-28,2026-02-28,权益礼包,权益,5.0,四线城市,KA,1-49人,产品
USR_000198,,,,,,2026-03-01,2026-03-01,2026-03-01,权益礼包,权益,11.1,四线城市,KA,1-49人,产品
USR_000198,USR_000198,,,,,2026-02-20,2026-02-20,2026-02-20,权益礼包,权益,27.4,四线城市,KA,1-49人,产品
USR_000198,USR_000198,,USR_000198,,,2026-02-08,2026-02-08,2026-02-08,简历搜索,非权益,10.2,四线城市,KA,1-49人,产品
USR_000198,,USR_000198,,,,2026-01-21,2026-01-21,2026-01-21,职位发布,非权益,16.0,四线城市,KA,1-49人,产品
USR_000198,USR_000198,,,,,2026-01-13,2026-01-13,2026-01-13,权益礼包,权益,14.9,四线城市,KA,1-49人,产品
USR_000198,USR_000198,,,,,2026-02-06,2026-02-06,2026-02-06,权益礼包,权益,18.9,四线城市,KA,1-49人,产品
USR_000198,USR_000198,,,,,2026-01-08,2026-01-08,2026-01-08,企业认证,非权益,32.4,四线城市,KA,1-49人,产品
USR_000198,USR_000198,,,,,2026-01-21,2026-01-21,2026-01-21,置顶刷新,权益,48.3,四线城市,KA,1-49人,产品
USR_000198,USR_000198,,,,,2026-02-04,2026-02-04,2026-02-04,权益礼包,权益,32.9,四线城市,KA,1-49人,产品
USR_000198,USR_000198,USR_000198,,,,2026-02-11,2026-02-11,2026-02-11,职位发布,非权益,7.6,四线城市,KA,1-49人,产品
USR_000198,USR_000198,,,,USR_000198,2026-02-22,2026-02-22,2026-02-22,简历查看,非权益,42.9,四线城市,KA,1-49人,产品
USR_000198,USR_000198,,,,,2026-01-20,2026-01-20,2026-01-20,企业认证,非权益,34.4,四线城市,KA,1-49人,产品
USR_000198,USR_000198,,,USR_000198,,2026-02-09,2026-02-09,2026-02-09,在线沟通,非权益,18.0,四线城市,KA,1-49人,产品
USR_000198,USR_000198,,,,USR_000198,2026-01-15,2026-01-15,2026-01-15,简历查看,非权益,13.8,四线城市,KA,1-49人,产品
USR_000199,USR_000199,,,,,2026-01-15,2026-01-15,2026-01-15,权益礼包,权益,25.5,四线城市,KA,2000-5000人,销售
USR_000199,USR_000199,,,,,2026-02-11,2026-02-11,2026-02-11,置顶刷新,权益,31.6,四线城市,KA,2000-5000人,销售
USR_000199,USR_000199,,,,,2026-02-10,2026-02-10,2026-02-10,权益礼包,权益,46.0,四线城市,KA,2000-5000人,销售
USR_000199,,,,,,2026-02-26,2026-02-26,2026-02-26,权益礼包,权益,17.0,四线城市,KA,2000-5000人,销售
USR_000199,,,,,,2026-02-22,2026-02-22,2026-02-22,置顶刷新,权益,46.4,四线城市,KA,2000-5000人,销售
USR_000199,,,,USR_000199,,2026-02-10,2026-02-10,2026-02-10,在线沟通,非权益,15.6,四线城市,KA,2000-5000人,销售
USR_000199,USR_000199,,,,,2026-01-04,2026-01-04,2026-01-04,急聘推广,权益,10.9,四线城市,KA,2000-5000人,销售
USR_000199,USR_000199,,USR_000199,,,2026-01-21,2026-01-21,2026-01-21,简历搜索,非权益,12.2,四线城市,KA,2000-5000人,销售
USR_000199,USR_000199,,,,USR_000199,2026-01-05,2026-01-05,2026-01-05,简历查看,非权益,9.4,四线城市,KA,2000-5000人,销售
USR_000199,USR_000199,,USR_000199,,,2026-01-19,2026-01-19,2026-01-19,简历搜索,非权益,7.0,四线城市,KA,2000-5000人,销售
USR_000199,,,,,,2026-02-18,2026-02-18,2026-02-18,置顶刷新,权益,7.7,四线城市,KA,2000-5000人,销售
USR_000199,,,USR_000199,,,2026-02-10,2026-02-10,2026-02-10,简历搜索,非权益,18.9,四线城市,KA,2000-5000人,销售
USR_000200,USR_000200,,,,,2026-01-31,2026-01-31,2026-01-31,企业认证,非权益,5.2,二线城市,KA,2000-5000人,市场
USR_000200,USR_000200,,,USR_000200,,2026-02-06,2026-02-06,2026-02-06,在线沟通,非权益,13.2,二线城市,KA,2000-5000人,市场
USR_000200,USR_000200,USR_000200,,,,2026-01-03,2026-01-03,2026-01-03,职位发布,非权益,17.4,二线城市,KA,2000-5000人,市场
USR_000201,USR_000201,,,,,2026-01-22,2026-01-22,2026-01-22,企业认证,非权益,10.2,五线城市,KA,500-999人,销售
USR_000201,,USR_000201,,,,2026-01-10,2026-01-10,2026-01-10,职位发布,非权益,14.7,五线城市,KA,500-999人,销售
USR_000201,,,,,,2026-02-22,2026-02-22,2026-02-22,权益礼包,权益,7.0,五线城市,KA,500-999人,销售
USR_000201,,,,,,2026-01-14,2026-01-14,2026-01-14,急聘推广,权益,62.2,五线城市,KA,500-999人,销售
USR_000201,USR_000201,,,USR_000201,,2026-01-29,2026-01-29,2026-01-29,在线沟通,非权益,8.2,五线城市,KA,500-999人,销售
USR_000201,USR_000201,USR_000201,,,,2026-03-01,2026-03-01,2026-03-01,职位发布,非权益,17.6,五线城市,KA,500-999人,销售
USR_000201,USR_000201,,,USR_000201,,2026-01-18,2026-01-18,2026-01-18,在线沟通,非权益,21.7,五线城市,KA,500-999人,销售
USR_000201,,,,,,2026-01-25,2026-01-25,2026-01-25,权益礼包,权益,11.0,五线城市,KA,500-999人,销售
USR_000201,USR_000201,,,USR_000201,,2026-02-23,2026-02-23,2026-02-23,在线沟通,非权益,9.5,五线城市,KA,500-999人,销售
USR_000201,USR_000201,USR_000201,,,,2026-02-07,2026-02-07,2026-02-07,职位发布,非权益,11.1,五线城市,KA,500-999人,销售
USR_000201,,,,USR_000201,,2026-01-03,2026-01-03,2026-01-03,在线沟通,非权益,17.7,五线城市,KA,500-999人,销售
USR_000201,USR_000201,,,USR_000201,,2026-02-16,2026-02-16,2026-02-16,在线沟通,非权益,13.6,五线城市,KA,500-999人,销售
USR_000201,USR_000201,,,,,2026-02-06,2026-02-06,2026-02-06,企业认证,非权益,19.5,五线城市,KA,500-999人,销售
USR_000201,USR_000201,USR_000201,,,,2026-02-03,2026-02-03,2026-02-03,职位发布,非权益,52.2,五线城市,KA,500-999人,销售
USR_000201,USR_000201,USR_000201,,,,2026-03-01,2026-03-01,2026-03-01,职位发布,非权益,24.0,五线城市,KA,500-999人,销售
USR_000201,,,,,USR_000201,2026-02-20,2026-02-20,2026-02-20,简历查看,非权益,17.5,五线城市,KA,500-999人,销售
USR_000201,USR_000201,,USR_000201,,,2026-02-03,2026-02-03,2026-02-03,简历搜索,非权益,16.7,五线城市,KA,500-999人,销售
USR_000201,USR_000201,,,,USR_000201,2026-02-24,2026-02-24,2026-02-24,简历查看,非权益,60.2,五线城市,KA,500-999人,销售
USR_000201,,,USR_000201,,,2026-02-04,2026-02-04,2026-02-04,简历搜索,非权益,5.1,五线城市,KA,500-999人,销售
USR_000201,,,,,,2026-02-21,2026-02-21,2026-02-21,权益礼包,权益,63.4,五线城市,KA,500-999人,销售
USR_000201,USR_000201,,,USR_000201,,2026-02-07,2026-02-07,2026-02-07,在线沟通,非权益,24.1,五线城市,KA,500-999人,销售
USR_000201,USR_000201,,USR_000201,,,2026-02-15,2026-02-15,2026-02-15,简历搜索,非权益,9.5,五线城市,KA,500-999人,销售
USR_000201,USR_000201,,,,,2026-01-04,2026-01-04,2026-01-04,置顶刷新,权益,5.6,五线城市,KA,500-999人,销售
USR_000202,,,,USR_000202,,2026-02-06,2026-02-06,2026-02-06,在线沟通,非权益,127.6,新一线城市,SME,1-49人,市场
USR_000202,,,,USR_000202,,2026-01-11,2026-01-11,2026-01-11,在线沟通,非权益,14.0,新一线城市,SME,1-49人,市场
USR_000202,USR_000202,,USR_000202,,,2026-01-28,2026-01-28,2026-01-28,简历搜索,非权益,23.8,新一线城市,SME,1-49人,市场
USR_000202,USR_000202,,,,,2026-02-06,2026-02-06,2026-02-06,置顶刷新,权益,18.4,新一线城市,SME,1-49人,市场
USR_000202,,,USR_000202,,,2026-02-09,2026-02-09,2026-02-09,简历搜索,非权益,5.2,新一线城市,SME,1-49人,市场
USR_000202,USR_000202,,,,USR_000202,2026-01-10,2026-01-10,2026-01-10,简历查看,非权益,13.5,新一线城市,SME,1-49人,市场
USR_000202,,,,,,2026-02-13,2026-02-13,2026-02-13,置顶刷新,权益,14.7,新一线城市,SME,1-49人,市场
USR_000202,USR_000202,USR_000202,,,,2026-01-28,2026-01-28,2026-01-28,职位发布,非权益,22.8,新一线城市,SME,1-49人,市场
USR_000202,USR_000202,,,,,2026-02-26,2026-02-26,2026-02-26,急聘推广,权益,29.8,新一线城市,SME,1-49人,市场
USR_000202,,,,,,2026-01-27,2026-01-27,2026-01-27,权益礼包,权益,25.2,新一线城市,SME,1-49人,市场
USR_000202,USR_000202,,,USR_000202,,2026-02-09,2026-02-09,2026-02-09,在线沟通,非权益,17.7,新一线城市,SME,1-49人,市场
USR_000202,,,USR_000202,,,2026-02-27,2026-02-27,2026-02-27,简历搜索,非权益,29.4,新一线城市,SME,1-49人,市场
USR_000202,USR_000202,,,USR_000202,,2026-01-08,2026-01-08,2026-01-08,在线沟通,非权益,5.6,新一线城市,SME,1-49人,市场
USR_000202,,,,,USR_000202,2026-02-06,2026-02-06,2026-02-06,简历查看,非权益,36.2,新一线城市,SME,1-49人,市场
USR_000202,,,,,,2026-01-21,2026-01-21,2026-01-21,企业认证,非权益,28.3,新一线城市,SME,1-49人,市场
USR_000202,,,,,,2026-01-12,2026-01-12,2026-01-12,急聘推广,权益,22.6,新一线城市,SME,1-49人,市场
USR_000202,USR_000202,USR_000202,,,,2026-02-21,2026-02-21,2026-02-21,职位发布,非权益,24.3,新一线城市,SME,1-49人,市场
USR_000202,USR_000202,,,USR_000202,,2026-01-13,2026-01-13,2026-01-13,在线沟通,非权益,34.6,新一线城市,SME,1-49人,市场
USR_000202,USR_000202,,,,,2026-01-20,2026-01-20,2026-01-20,企业认证,非权益,77.4,新一线城市,SME,1-49人,市场
USR_000202,USR_000202,,,,USR_000202,2026-01-02,2026-01-02,2026-01-02,简历查看,非权益,6.7,新一线城市,SME,1-49人,市场
USR_000202,USR_000202,,,,,2026-02-16,2026-02-16,2026-02-16,权益礼包,权益,14.8,新一线城市,SME,1-49人,市场
USR_000202,USR_000202,,,,,2026-01-15,2026-01-15,2026-01-15,急聘推广,权益,18.1,新一线城市,SME,1-49人,市场
USR_000202,USR_000202,,,,,2026-02-26,2026-02-26,2026-02-26,企业认证,非权益,7.0,新一线城市,SME,1-49人,市场
USR_000203,,,,,,2026-02-23,2026-02-23,2026-02-23,权益礼包,权益,37.1,一线城市,KA,50-99人,市场
USR_000203,USR_000203,,,,,2026-01-10,2026-01-10,2026-01-10,急聘推广,权益,13.8,一线城市,KA,50-99人,市场
USR_000203,USR_000203,,,,,2026-01-25,2026-01-25,2026-01-25,置顶刷新,权益,29.0,一线城市,KA,50-99人,市场
USR_000204,,,USR_000204,,,2026-02-12,2026-02-12,2026-02-12,简历搜索,非权益,33.3,五线城市,SME,1-49人,市场
USR_000204,USR_000204,,,,,2026-01-21,2026-01-21,2026-01-21,权益礼包,权益,8.4,五线城市,SME,1-49人,市场
USR_000204,USR_000204,,,,,2026-01-31,2026-01-31,2026-01-31,权益礼包,权益,19.6,五线城市,SME,1-49人,市场
USR_000204,,,,,USR_000204,2026-02-24,2026-02-24,2026-02-24,简历查看,非权益,12.5,五线城市,SME,1-49人,市场
USR_000204,USR_000204,,,,,2026-01-09,2026-01-09,2026-01-09,权益礼包,权益,31.6,五线城市,SME,1-49人,市场
USR_000204,,,,,,2026-02-11,2026-02-11,2026-02-11,置顶刷新,权益,11.9,五线城市,SME,1-49人,市场
USR_000204,USR_000204,,,,,2026-02-14,2026-02-14,2026-02-14,权益礼包,权益,15.8,五线城市,SME,1-49人,市场
USR_000204,USR_000204,,,,,2026-02-22,2026-02-22,2026-02-22,置顶刷新,权益,8.7,五线城市,SME,1-49人,市场
USR_000204,USR_000204,,,USR_000204,,2026-02-01,2026-02-01,2026-02-01,在线沟通,非权益,65.2,五线城市,SME,1-49人,市场
USR_000204,USR_000204,,,,,2026-02-07,2026-02-07,2026-02-07,企业认证,非权益,12.9,五线城市,SME,1-49人,市场
USR_000204,USR_000204,,,,USR_000204,2026-02-17,2026-02-17,2026-02-17,简历查看,非权益,17.5,五线城市,SME,1-49人,市场
USR_000204,USR_000204,,USR_000204,,,2026-01-01,2026-01-01,2026-01-01,简历搜索,非权益,31.0,五线城市,SME,1-49人,市场
USR_000204,USR_000204,,,,USR_000204,2026-02-09,2026-02-09,2026-02-09,简历查看,非权益,7.9,五线城市,SME,1-49人,市场
USR_000204,,,,,,2026-02-15,2026-02-15,2026-02-15,急聘推广,权益,11.0,五线城市,SME,1-49人,市场
USR_000204,USR_000204,,,,,2026-01-05,2026-01-05,2026-01-05,急聘推广,权益,8.0,五线城市,SME,1-49人,市场
USR_000204,USR_000204,,,,,2026-02-14,2026-02-14,2026-02-14,企业认证,非权益,6.6,五线城市,SME,1-49人,市场
USR_000204,USR_000204,,,,,2026-01-14,2026-01-14,2026-01-14,急聘推广,权益,11.3,五线城市,SME,1-49人,市场
USR_000204,,,,,USR_000204,2026-02-22,2026-02-22,2026-02-22,简历查看,非权益,11.8,五线城市,SME,1-49人,市场
USR_000204,USR_000204,,,,,2026-01-03,2026-01-03,2026-01-03,企业认证,非权益,22.8,五线城市,SME,1-49人,市场
USR_000204,,,,,,2026-02-17,2026-02-17,2026-02-17,急聘推广,权益,26.8,五线城市,SME,1-49人,市场
USR_000204,USR_000204,,,,,2026-01-10,2026-01-10,2026-01-10,急聘推广,权益,13.8,五线城市,SME,1-49人,市场
USR_000205,USR_000205,,,,,2026-01-27,2026-01-27,2026-01-27,企业认证,非权益,32.3,一线城市,SME,100-499人,市场
USR_000205,USR_000205,,,,,2026-02-08,2026-02-08,2026-02-08,权益礼包,权益,11.2,一线城市,SME,100-499人,市场
USR_000205,,,,,,2026-01-30,2026-01-30,2026-01-30,企业认证,非权益,12.8,一线城市,SME,100-499人,市场
USR_000205,USR_000205,,,,,2026-02-03,2026-02-03,2026-02-03,权益礼包,权益,5.2,一线城市,SME,100-499人,市场
USR_000205,,,USR_000205,,,2026-02-05,2026-02-05,2026-02-05,简历搜索,非权益,53.7,一线城市,SME,100-499人,市场
USR_000205,USR_000205,,USR_000205,,,2026-02-26,2026-02-26,2026-02-26,简历搜索,非权益,6.1,一线城市,SME,100-499人,市场
USR_000206,USR_000206,,,,,2026-02-13,2026-02-13,2026-02-13,企业认证,非权益,98.8,五线城市,SME,1-49人,销售
USR_000206,USR_000206,,,,,2026-01-19,2026-01-19,2026-01-19,权益礼包,权益,7.0,五线城市,SME,1-49人,销售
USR_000206,USR_000206,,,,,2026-01-07,2026-01-07,2026-01-07,急聘推广,权益,37.5,五线城市,SME,1-49人,销售
USR_000206,,,,,,2026-02-23,2026-02-23,2026-02-23,急聘推广,权益,28.1,五线城市,SME,1-49人,销售
USR_000206,USR_000206,,,,,2026-01-08,2026-01-08,2026-01-08,权益礼包,权益,23.8,五线城市,SME,1-49人,销售
USR_000206,,,,,,2026-01-18,2026-01-18,2026-01-18,置顶刷新,权益,7.6,五线城市,SME,1-49人,销售
USR_000206,USR_000206,,,,,2026-02-19,2026-02-19,2026-02-19,置顶刷新,权益,51.5,五线城市,SME,1-49人,销售
USR_000206,USR_000206,,,USR_000206,,2026-01-11,2026-01-11,2026-01-11,在线沟通,非权益,12.3,五线城市,SME,1-49人,销售
USR_000206,USR_000206,,,,,2026-01-31,2026-01-31,2026-01-31,置顶刷新,权益,20.8,五线城市,SME,1-49人,销售
USR_000206,USR_000206,,USR_000206,,,2026-01-25,2026-01-25,2026-01-25,简历搜索,非权益,11.9,五线城市,SME,1-49人,销售
USR_000206,USR_000206,,,,,2026-02-13,2026-02-13,2026-02-13,企业认证,非权益,28.2,五线城市,SME,1-49人,销售
USR_000206,USR_000206,,,,USR_000206,2026-01-25,2026-01-25,2026-01-25,简历查看,非权益,6.9,五线城市,SME,1-49人,销售
USR_000206,,,,,USR_000206,2026-01-30,2026-01-30,2026-01-30,简历查看,非权益,75.8,五线城市,SME,1-49人,销售
USR_000206,USR_000206,,,,,2026-02-13,2026-02-13,2026-02-13,企业认证,非权益,7.7,五线城市,SME,1-49人,销售
USR_000206,USR_000206,USR_000206,,,,2026-01-08,2026-01-08,2026-01-08,职位发布,非权益,6.4,五线城市,SME,1-49人,销售
USR_000206,USR_000206,,,,,2026-01-12,2026-01-12,2026-01-12,置顶刷新,权益,48.9,五线城市,SME,1-49人,销售
USR_000206,,,,USR_000206,,2026-01-04,2026-01-04,2026-01-04,在线沟通,非权益,21.8,五线城市,SME,1-49人,销售
USR_000207,USR_000207,,,,,2026-01-26,2026-01-26,2026-01-26,急聘推广,权益,8.9,五线城市,SME,500-999人,销售
USR_000207,,,,,,2026-01-14,2026-01-14,2026-01-14,企业认证,非权益,5.4,五线城市,SME,500-999人,销售
USR_000207,USR_000207,,,,,2026-01-31,2026-01-31,2026-01-31,急聘推广,权益,71.2,五线城市,SME,500-999人,销售
USR_000207,,,,,USR_000207,2026-02-18,2026-02-18,2026-02-18,简历查看,非权益,7.1,五线城市,SME,500-999人,销售
USR_000207,,USR_000207,,,,2026-01-31,2026-01-31,2026-01-31,职位发布,非权益,24.1,五线城市,SME,500-999人,销售
USR_000207,,USR_000207,,,,2026-02-07,2026-02-07,2026-02-07,职位发布,非权益,5.1,五线城市,SME,500-999人,销售
USR_000207,,,,,,2026-01-06,2026-01-06,2026-01-06,急聘推广,权益,12.9,五线城市,SME,500-999人,销售
USR_000207,USR_000207,,,USR_000207,,2026-01-12,2026-01-12,2026-01-12,在线沟通,非权益,28.4,五线城市,SME,500-999人,销售
USR_000207,USR_000207,,,,,2026-02-07,2026-02-07,2026-02-07,急聘推广,权益,23.6,五线城市,SME,500-999人,销售
USR_000207,,,,,,2026-01-08,2026-01-08,2026-01-08,企业认证,非权益,13.9,五线城市,SME,500-999人,销售
USR_000207,USR_000207,,USR_000207,,,2026-02-13,2026-02-13,2026-02-13,简历搜索,非权益,13.9,五线城市,SME,500-999人,销售
USR_000207,,,,USR_000207,,2026-02-15,2026-02-15,2026-02-15,在线沟通,非权益,11.5,五线城市,SME,500-999人,销售
USR_000207,,,,,,2026-02-20,2026-02-20,2026-02-20,置顶刷新,权益,53.1,五线城市,SME,500-999人,销售
USR_000207,USR_000207,,,,USR_000207,2026-02-27,2026-02-27,2026-02-27,简历查看,非权益,10.8,五线城市,SME,500-999人,销售
USR_000208,USR_000208,,,,USR_000208,2026-02-03,2026-02-03,2026-02-03,简历查看,非权益,39.3,新一线城市,SME,1000-2000人,客服
USR_000208,,,USR_000208,,,2026-02-11,2026-02-11,2026-02-11,简历搜索,非权益,10.5,新一线城市,SME,1000-2000人,客服
USR_000208,USR_000208,,,,,2026-02-28,2026-02-28,2026-02-28,置顶刷新,权益,5.2,新一线城市,SME,1000-2000人,客服
USR_000208,USR_000208,USR_000208,,,,2026-01-25,2026-01-25,2026-01-25,职位发布,非权益,21.1,新一线城市,SME,1000-2000人,客服
USR_000208,USR_000208,,,,,2026-02-17,2026-02-17,2026-02-17,置顶刷新,权益,6.2,新一线城市,SME,1000-2000人,客服
USR_000208,USR_000208,USR_000208,,,,2026-01-04,2026-01-04,2026-01-04,职位发布,非权益,10.8,新一线城市,SME,1000-2000人,客服
USR_000208,USR_000208,,,,,2026-01-29,2026-01-29,2026-01-29,急聘推广,权益,19.5,新一线城市,SME,1000-2000人,客服
USR_000208,,,,,USR_000208,2026-03-01,2026-03-01,2026-03-01,简历查看,非权益,23.6,新一线城市,SME,1000-2000人,客服
USR_000208,,,,,USR_000208,2026-02-14,2026-02-14,2026-02-14,简历查看,非权益,23.8,新一线城市,SME,1000-2000人,客服
USR_000208,USR_000208,,,,,2026-01-10,2026-01-10,2026-01-10,企业认证,非权益,5.2,新一线城市,SME,1000-2000人,客服
USR_000208,USR_000208,,,,USR_000208,2026-01-31,2026-01-31,2026-01-31,简历查看,非权益,56.4,新一线城市,SME,1000-2000人,客服
USR_000208,USR_000208,,USR_000208,,,2026-02-22,2026-02-22,2026-02-22,简历搜索,非权益,10.2,新一线城市,SME,1000-2000人,客服
USR_000208,USR_000208,,,USR_000208,,2026-01-04,2026-01-04,2026-01-04,在线沟通,非权益,11.3,新一线城市,SME,1000-2000人,客服
USR_000208,USR_000208,,,,USR_000208,2026-02-22,2026-02-22,2026-02-22,简历查看,非权益,73.5,新一线城市,SME,1000-2000人,客服
USR_000208,,,,,,2026-02-21,2026-02-21,2026-02-21,权益礼包,权益,49.1,新一线城市,SME,1000-2000人,客服
USR_000208,,,,,,2026-01-12,2026-01-12,2026-01-12,置顶刷新,权益,15.3,新一线城市,SME,1000-2000人,客服
USR_000208,USR_000208,,USR_000208,,,2026-01-06,2026-01-06,2026-01-06,简历搜索,非权益,11.4,新一线城市,SME,1000-2000人,客服
USR_000208,USR_000208,,,,USR_000208,2026-01-09,2026-01-09,2026-01-09,简历查看,非权益,20.6,新一线城市,SME,1000-2000人,客服
USR_000208,USR_000208,,,,,2026-02-25,2026-02-25,2026-02-25,急聘推广,权益,6.6,新一线城市,SME,1000-2000人,客服
USR_000208,USR_000208,USR_000208,,,,2026-01-01,2026-01-01,2026-01-01,职位发布,非权益,6.4,新一线城市,SME,1000-2000人,客服
USR_000208,,,,USR_000208,,2026-01-06,2026-01-06,2026-01-06,在线沟通,非权益,5.7,新一线城市,SME,1000-2000人,客服
USR_000208,USR_000208,,,,,2026-01-10,2026-01-10,2026-01-10,置顶刷新,权益,41.9,新一线城市,SME,1000-2000人,客服
USR_000208,USR_000208,,,,,2026-01-04,2026-01-04,2026-01-04,置顶刷新,权益,18.1,新一线城市,SME,1000-2000人,客服
USR_000209,USR_000209,,,,,2026-01-07,2026-01-07,2026-01-07,企业认证,非权益,27.3,三线城市,SME,2000-5000人,财务
USR_000209,,,,,,2026-01-19,2026-01-19,2026-01-19,急聘推广,权益,15.9,三线城市,SME,2000-5000人,财务
USR_000210,USR_000210,,,,,2026-01-12,2026-01-12,2026-01-12,权益礼包,权益,7.8,新一线城市,KA,1-49人,行政
USR_000210,,,,,,2026-01-21,2026-01-21,2026-01-21,企业认证,非权益,10.3,新一线城市,KA,1-49人,行政
USR_000210,USR_000210,,,,USR_000210,2026-01-09,2026-01-09,2026-01-09,简历查看,非权益,14.1,新一线城市,KA,1-49人,行政
USR_000210,,,,,,2026-01-28,2026-01-28,2026-01-28,急聘推广,权益,18.1,新一线城市,KA,1-49人,行政
USR_000210,USR_000210,,USR_000210,,,2026-02-17,2026-02-17,2026-02-17,简历搜索,非权益,5.7,新一线城市,KA,1-49人,行政
USR_000210,USR_000210,,,,,2026-02-09,2026-02-09,2026-02-09,急聘推广,权益,59.1,新一线城市,KA,1-49人,行政
USR_000210,USR_000210,,USR_000210,,,2026-02-01,2026-02-01,2026-02-01,简历搜索,非权益,9.5,新一线城市,KA,1-49人,行政
USR_000210,,,,,,2026-02-04,2026-02-04,2026-02-04,置顶刷新,权益,39.5,新一线城市,KA,1-49人,行政
USR_000210,,,,,,2026-01-28,2026-01-28,2026-01-28,企业认证,非权益,8.5,新一线城市,KA,1-49人,行政
USR_000210,USR_000210,,,,,2026-01-02,2026-01-02,2026-01-02,急聘推广,权益,53.0,新一线城市,KA,1-49人,行政
USR_000210,,,,USR_000210,,2026-01-09,2026-01-09,2026-01-09,在线沟通,非权益,10.6,新一线城市,KA,1-49人,行政
USR_000210,USR_000210,,,,,2026-02-06,2026-02-06,2026-02-06,权益礼包,权益,24.4,新一线城市,KA,1-49人,行政
USR_000210,,,,,,2026-01-07,2026-01-07,2026-01-07,企业认证,非权益,18.3,新一线城市,KA,1-49人,行政
USR_000211,USR_000211,,,,,2026-02-14,2026-02-14,2026-02-14,企业认证,非权益,30.3,一线城市,KA,5000-10000人,行政
USR_000211,USR_000211,,USR_000211,,,2026-02-14,2026-02-14,2026-02-14,简历搜索,非权益,14.2,一线城市,KA,5000-10000人,行政
USR_000211,USR_000211,,,,,2026-03-01,2026-03-01,2026-03-01,权益礼包,权益,22.0,一线城市,KA,5000-10000人,行政
USR_000211,USR_000211,,,,,2026-03-01,2026-03-01,2026-03-01,企业认证,非权益,17.0,一线城市,KA,5000-10000人,行政
USR_000211,USR_000211,,,,,2026-02-09,2026-02-09,2026-02-09,企业认证,非权益,42.0,一线城市,KA,5000-10000人,行政
USR_000211,USR_000211,,,,USR_000211,2026-02-26,2026-02-26,2026-02-26,简历查看,非权益,54.6,一线城市,KA,5000-10000人,行政
USR_000211,USR_000211,,,,USR_000211,2026-02-03,2026-02-03,2026-02-03,简历查看,非权益,33.3,一线城市,KA,5000-10000人,行政
USR_000211,,,,USR_000211,,2026-02-08,2026-02-08,2026-02-08,在线沟通,非权益,7.6,一线城市,KA,5000-10000人,行政
USR_000211,USR_000211,,USR_000211,,,2026-01-24,2026-01-24,2026-01-24,简历搜索,非权益,35.0,一线城市,KA,5000-10000人,行政
USR_000211,,,,,,2026-02-26,2026-02-26,2026-02-26,权益礼包,权益,56.7,一线城市,KA,5000-10000人,行政
USR_000211,USR_000211,,,,,2026-01-12,2026-01-12,2026-01-12,权益礼包,权益,16.1,一线城市,KA,5000-10000人,行政
USR_000211,USR_000211,USR_000211,,,,2026-01-27,2026-01-27,2026-01-27,职位发布,非权益,21.6,一线城市,KA,5000-10000人,行政
USR_000211,,,,USR_000211,,2026-02-28,2026-02-28,2026-02-28,在线沟通,非权益,40.7,一线城市,KA,5000-10000人,行政
USR_000211,USR_000211,,USR_000211,,,2026-01-30,2026-01-30,2026-01-30,简历搜索,非权益,43.2,一线城市,KA,5000-10000人,行政
USR_000211,,,,,,2026-01-01,2026-01-01,2026-01-01,企业认证,非权益,27.9,一线城市,KA,5000-10000人,行政
USR_000212,USR_000212,USR_000212,,,,2026-01-17,2026-01-17,2026-01-17,职位发布,非权益,26.1,二线城市,SME,5000-10000人,市场
USR_000212,USR_000212,,,,,2026-02-21,2026-02-21,2026-02-21,急聘推广,权益,20.9,二线城市,SME,5000-10000人,市场
USR_000212,USR_000212,,,USR_000212,,2026-01-26,2026-01-26,2026-01-26,在线沟通,非权益,33.4,二线城市,SME,5000-10000人,市场
USR_000212,,,,USR_000212,,2026-01-18,2026-01-18,2026-01-18,在线沟通,非权益,18.7,二线城市,SME,5000-10000人,市场
USR_000212,USR_000212,,USR_000212,,,2026-01-05,2026-01-05,2026-01-05,简历搜索,非权益,8.4,二线城市,SME,5000-10000人,市场
USR_000212,USR_000212,,,,,2026-01-03,2026-01-03,2026-01-03,急聘推广,权益,17.8,二线城市,SME,5000-10000人,市场
USR_000212,USR_000212,,,,,2026-01-02,2026-01-02,2026-01-02,权益礼包,权益,19.1,二线城市,SME,5000-10000人,市场
USR_000212,USR_000212,,,,USR_000212,2026-02-03,2026-02-03,2026-02-03,简历查看,非权益,17.3,二线城市,SME,5000-10000人,市场
USR_000212,USR_000212,,,,,2026-02-13,2026-02-13,2026-02-13,权益礼包,权益,53.6,二线城市,SME,5000-10000人,市场
USR_000212,USR_000212,,,,,2026-01-25,2026-01-25,2026-01-25,权益礼包,权益,14.2,二线城市,SME,5000-10000人,市场
USR_000212,USR_000212,USR_000212,,,,2026-01-06,2026-01-06,2026-01-06,职位发布,非权益,31.4,二线城市,SME,5000-10000人,市场
USR_000212,,,,,,2026-01-17,2026-01-17,2026-01-17,企业认证,非权益,35.9,二线城市,SME,5000-10000人,市场
USR_000212,USR_000212,USR_000212,,,,2026-02-28,2026-02-28,2026-02-28,职位发布,非权益,10.7,二线城市,SME,5000-10000人,市场
USR_000212,USR_000212,,,,,2026-02-05,2026-02-05,2026-02-05,权益礼包,权益,39.8,二线城市,SME,5000-10000人,市场
USR_000212,USR_000212,,,,USR_000212,2026-02-12,2026-02-12,2026-02-12,简历查看,非权益,21.6,二线城市,SME,5000-10000人,市场
USR_000212,USR_000212,,,,,2026-01-26,2026-01-26,2026-01-26,权益礼包,权益,54.1,二线城市,SME,5000-10000人,市场
USR_000213,USR_000213,,,,,2026-01-26,2026-01-26,2026-01-26,急聘推广,权益,26.8,二线城市,SME,5000-10000人,销售
USR_000213,,,,,,2026-02-25,2026-02-25,2026-02-25,急聘推广,权益,5.0,二线城市,SME,5000-10000人,销售
USR_000213,,,,,,2026-01-01,2026-01-01,2026-01-01,权益礼包,权益,47.2,二线城市,SME,5000-10000人,销售
USR_000213,,,,,USR_000213,2026-02-21,2026-02-21,2026-02-21,简历查看,非权益,16.8,二线城市,SME,5000-10000人,销售
USR_000213,,,,,,2026-01-27,2026-01-27,2026-01-27,急聘推广,权益,18.9,二线城市,SME,5000-10000人,销售
USR_000213,USR_000213,,,,,2026-01-03,2026-01-03,2026-01-03,企业认证,非权益,14.6,二线城市,SME,5000-10000人,销售
USR_000213,USR_000213,,,,,2026-01-07,2026-01-07,2026-01-07,置顶刷新,权益,42.5,二线城市,SME,5000-10000人,销售
USR_000213,USR_000213,,,,,2026-01-03,2026-01-03,2026-01-03,急聘推广,权益,8.2,二线城市,SME,5000-10000人,销售
USR_000213,,,,USR_000213,,2026-01-22,2026-01-22,2026-01-22,在线沟通,非权益,20.7,二线城市,SME,5000-10000人,销售
USR_000213,,,,,,2026-01-10,2026-01-10,2026-01-10,权益礼包,权益,6.2,二线城市,SME,5000-10000人,销售
USR_000213,USR_000213,,,USR_000213,,2026-02-20,2026-02-20,2026-02-20,在线沟通,非权益,12.2,二线城市,SME,5000-10000人,销售
USR_000213,,,,,,2026-02-04,2026-02-04,2026-02-04,企业认证,非权益,38.7,二线城市,SME,5000-10000人,销售
USR_000213,USR_000213,,,,,2026-02-13,2026-02-13,2026-02-13,权益礼包,权益,21.0,二线城市,SME,5000-10000人,销售
USR_000214,USR_000214,,,USR_000214,,2026-02-12,2026-02-12,2026-02-12,在线沟通,非权益,44.8,四线城市,SME,2000-5000人,运营
USR_000215,,,,USR_000215,,2026-01-20,2026-01-20,2026-01-20,在线沟通,非权益,15.9,二线城市,SME,50-99人,运营
USR_000215,USR_000215,,USR_000215,,,2026-01-24,2026-01-24,2026-01-24,简历搜索,非权益,5.3,二线城市,SME,50-99人,运营
USR_000215,USR_000215,,,USR_000215,,2026-02-01,2026-02-01,2026-02-01,在线沟通,非权益,26.1,二线城市,SME,50-99人,运营
USR_000215,USR_000215,,,,,2026-02-19,2026-02-19,2026-02-19,企业认证,非权益,26.6,二线城市,SME,50-99人,运营
USR_000215,USR_000215,,,,,2026-01-28,2026-01-28,2026-01-28,急聘推广,权益,49.3,二线城市,SME,50-99人,运营
USR_000215,USR_000215,,,,USR_000215,2026-02-15,2026-02-15,2026-02-15,简历查看,非权益,18.8,二线城市,SME,50-99人,运营
USR_000215,USR_000215,,,USR_000215,,2026-02-09,2026-02-09,2026-02-09,在线沟通,非权益,27.7,二线城市,SME,50-99人,运营
USR_000215,USR_000215,,,,,2026-03-01,2026-03-01,2026-03-01,置顶刷新,权益,34.6,二线城市,SME,50-99人,运营
USR_000215,USR_000215,,USR_000215,,,2026-01-20,2026-01-20,2026-01-20,简历搜索,非权益,87.0,二线城市,SME,50-99人,运营
USR_000215,USR_000215,,,,,2026-02-07,2026-02-07,2026-02-07,企业认证,非权益,31.6,二线城市,SME,50-99人,运营
USR_000215,USR_000215,,,USR_000215,,2026-01-03,2026-01-03,2026-01-03,在线沟通,非权益,8.5,二线城市,SME,50-99人,运营
USR_000215,USR_000215,USR_000215,,,,2026-01-19,2026-01-19,2026-01-19,职位发布,非权益,10.9,二线城市,SME,50-99人,运营
USR_000216,USR_000216,,,,,2026-01-16,2026-01-16,2026-01-16,置顶刷新,权益,27.9,新一线城市,SME,1000-2000人,财务
USR_000216,USR_000216,USR_000216,,,,2026-01-04,2026-01-04,2026-01-04,职位发布,非权益,19.0,新一线城市,SME,1000-2000人,财务
USR_000216,USR_000216,,,,,2026-02-05,2026-02-05,2026-02-05,置顶刷新,权益,14.7,新一线城市,SME,1000-2000人,财务
USR_000216,,,,,,2026-02-06,2026-02-06,2026-02-06,急聘推广,权益,6.7,新一线城市,SME,1000-2000人,财务
USR_000216,,,USR_000216,,,2026-02-10,2026-02-10,2026-02-10,简历搜索,非权益,22.0,新一线城市,SME,1000-2000人,财务
USR_000216,USR_000216,,,,USR_000216,2026-02-25,2026-02-25,2026-02-25,简历查看,非权益,9.5,新一线城市,SME,1000-2000人,财务
USR_000216,USR_000216,,,,,2026-01-13,2026-01-13,2026-01-13,权益礼包,权益,18.9,新一线城市,SME,1000-2000人,财务
USR_000216,,,,,,2026-01-16,2026-01-16,2026-01-16,权益礼包,权益,46.9,新一线城市,SME,1000-2000人,财务
USR_000216,,,,,,2026-01-06,2026-01-06,2026-01-06,权益礼包,权益,56.7,新一线城市,SME,1000-2000人,财务
USR_000216,USR_000216,,,,USR_000216,2026-02-02,2026-02-02,2026-02-02,简历查看,非权益,17.3,新一线城市,SME,1000-2000人,财务
USR_000216,USR_000216,,,USR_000216,,2026-01-27,2026-01-27,2026-01-27,在线沟通,非权益,29.8,新一线城市,SME,1000-2000人,财务
USR_000216,USR_000216,,,,,2026-01-26,2026-01-26,2026-01-26,企业认证,非权益,43.3,新一线城市,SME,1000-2000人,财务
USR_000216,USR_000216,,,,,2026-02-12,2026-02-12,2026-02-12,置顶刷新,权益,12.7,新一线城市,SME,1000-2000人,财务
USR_000216,USR_000216,,,,,2026-01-11,2026-01-11,2026-01-11,企业认证,非权益,47.2,新一线城市,SME,1000-2000人,财务
USR_000217,USR_000217,,,,,2026-02-28,2026-02-28,2026-02-28,企业认证,非权益,10.2,四线城市,SME,5000-10000人,销售
USR_000217,USR_000217,,,USR_000217,,2026-01-22,2026-01-22,2026-01-22,在线沟通,非权益,86.5,四线城市,SME,5000-10000人,销售
USR_000217,USR_000217,,,USR_000217,,2026-01-27,2026-01-27,2026-01-27,在线沟通,非权益,73.2,四线城市,SME,5000-10000人,销售
USR_000217,USR_000217,,,USR_000217,,2026-01-07,2026-01-07,2026-01-07,在线沟通,非权益,47.3,四线城市,SME,5000-10000人,销售
USR_000217,USR_000217,,,,,2026-02-16,2026-02-16,2026-02-16,置顶刷新,权益,47.6,四线城市,SME,5000-10000人,销售
USR_000217,USR_000217,,,USR_000217,,2026-01-29,2026-01-29,2026-01-29,在线沟通,非权益,13.3,四线城市,SME,5000-10000人,销售
USR_000217,USR_000217,,,,,2026-02-01,2026-02-01,2026-02-01,权益礼包,权益,21.1,四线城市,SME,5000-10000人,销售
USR_000217,USR_000217,,,,,2026-02-15,2026-02-15,2026-02-15,急聘推广,权益,26.3,四线城市,SME,5000-10000人,销售
USR_000217,USR_000217,,,USR_000217,,2026-01-25,2026-01-25,2026-01-25,在线沟通,非权益,13.7,四线城市,SME,5000-10000人,销售
USR_000217,USR_000217,,,,,2026-02-12,2026-02-12,2026-02-12,企业认证,非权益,43.1,四线城市,SME,5000-10000人,销售
USR_000217,USR_000217,USR_000217,,,,2026-02-22,2026-02-22,2026-02-22,职位发布,非权益,14.4,四线城市,SME,5000-10000人,销售
USR_000217,USR_000217,,,USR_000217,,2026-01-26,2026-01-26,2026-01-26,在线沟通,非权益,36.1,四线城市,SME,5000-10000人,销售
USR_000217,,,USR_000217,,,2026-01-28,2026-01-28,2026-01-28,简历搜索,非权益,18.0,四线城市,SME,5000-10000人,销售
USR_000217,USR_000217,,,USR_000217,,2026-02-13,2026-02-13,2026-02-13,在线沟通,非权益,28.9,四线城市,SME,5000-10000人,销售
USR_000217,USR_000217,,USR_000217,,,2026-01-27,2026-01-27,2026-01-27,简历搜索,非权益,19.2,四线城市,SME,5000-10000人,销售
USR_000217,USR_000217,,,,,2026-01-24,2026-01-24,2026-01-24,权益礼包,权益,6.3,四线城市,SME,5000-10000人,销售
USR_000217,,,USR_000217,,,2026-02-16,2026-02-16,2026-02-16,简历搜索,非权益,10.1,四线城市,SME,5000-10000人,销售
USR_000217,USR_000217,,USR_000217,,,2026-02-01,2026-02-01,2026-02-01,简历搜索,非权益,23.0,四线城市,SME,5000-10000人,销售
USR_000217,USR_000217,,USR_000217,,,2026-02-16,2026-02-16,2026-02-16,简历搜索,非权益,32.1,四线城市,SME,5000-10000人,销售
USR_000217,USR_000217,,,,,2026-01-26,2026-01-26,2026-01-26,置顶刷新,权益,24.1,四线城市,SME,5000-10000人,销售
USR_000217,USR_000217,,,USR_000217,,2026-01-18,2026-01-18,2026-01-18,在线沟通,非权益,5.5,四线城市,SME,5000-10000人,销售
USR_000217,,,,USR_000217,,2026-01-27,2026-01-27,2026-01-27,在线沟通,非权益,27.6,四线城市,SME,5000-10000人,销售
USR_000217,USR_000217,,,,,2026-01-26,2026-01-26,2026-01-26,置顶刷新,权益,43.0,四线城市,SME,5000-10000人,销售
USR_000217,USR_000217,,,,,2026-01-03,2026-01-03,2026-01-03,企业认证,非权益,12.5,四线城市,SME,5000-10000人,销售
USR_000218,USR_000218,USR_000218,,,,2026-01-27,2026-01-27,2026-01-27,职位发布,非权益,11.1,四线城市,SME,5000-10000人,财务
USR_000218,USR_000218,,,,,2026-01-27,2026-01-27,2026-01-27,急聘推广,权益,7.5,四线城市,SME,5000-10000人,财务
USR_000218,USR_000218,,,,,2026-02-17,2026-02-17,2026-02-17,置顶刷新,权益,8.6,四线城市,SME,5000-10000人,财务
USR_000218,USR_000218,,,USR_000218,,2026-01-28,2026-01-28,2026-01-28,在线沟通,非权益,11.7,四线城市,SME,5000-10000人,财务
USR_000218,USR_000218,USR_000218,,,,2026-01-22,2026-01-22,2026-01-22,职位发布,非权益,11.3,四线城市,SME,5000-10000人,财务
USR_000218,USR_000218,,,,USR_000218,2026-02-22,2026-02-22,2026-02-22,简历查看,非权益,6.6,四线城市,SME,5000-10000人,财务
USR_000218,USR_000218,,,,,2026-02-26,2026-02-26,2026-02-26,急聘推广,权益,6.1,四线城市,SME,5000-10000人,财务
USR_000218,,,,,,2026-01-29,2026-01-29,2026-01-29,置顶刷新,权益,23.5,四线城市,SME,5000-10000人,财务
USR_000218,USR_000218,,USR_000218,,,2026-01-16,2026-01-16,2026-01-16,简历搜索,非权益,37.3,四线城市,SME,5000-10000人,财务
USR_000218,USR_000218,,,,,2026-01-05,2026-01-05,2026-01-05,置顶刷新,权益,22.2,四线城市,SME,5000-10000人,财务
USR_000218,,,,,,2026-02-18,2026-02-18,2026-02-18,企业认证,非权益,5.6,四线城市,SME,5000-10000人,财务
USR_000218,USR_000218,,,,USR_000218,2026-02-28,2026-02-28,2026-02-28,简历查看,非权益,19.7,四线城市,SME,5000-10000人,财务
USR_000218,USR_000218,,,,USR_000218,2026-02-03,2026-02-03,2026-02-03,简历查看,非权益,51.5,四线城市,SME,5000-10000人,财务
USR_000218,USR_000218,,,USR_000218,,2026-02-26,2026-02-26,2026-02-26,在线沟通,非权益,141.7,四线城市,SME,5000-10000人,财务
USR_000218,USR_000218,,,,,2026-02-14,2026-02-14,2026-02-14,企业认证,非权益,26.5,四线城市,SME,5000-10000人,财务
USR_000218,USR_000218,,,,USR_000218,2026-02-23,2026-02-23,2026-02-23,简历查看,非权益,16.0,四线城市,SME,5000-10000人,财务
USR_000218,,,,,,2026-02-03,2026-02-03,2026-02-03,急聘推广,权益,6.3,四线城市,SME,5000-10000人,财务
USR_000218,USR_000218,,,,,2026-01-20,2026-01-20,2026-01-20,急聘推广,权益,21.6,四线城市,SME,5000-10000人,财务
USR_000218,USR_000218,,,,,2026-01-26,2026-01-26,2026-01-26,企业认证,非权益,7.9,四线城市,SME,5000-10000人,财务
USR_000218,,USR_000218,,,,2026-02-05,2026-02-05,2026-02-05,职位发布,非权益,11.0,四线城市,SME,5000-10000人,财务
USR_000218,USR_000218,,,,,2026-01-27,2026-01-27,2026-01-27,企业认证,非权益,6.4,四线城市,SME,5000-10000人,财务
USR_000219,USR_000219,USR_000219,,,,2026-01-31,2026-01-31,2026-01-31,职位发布,非权益,24.5,一线城市,SME,100-499人,销售
USR_000219,USR_000219,,,,USR_000219,2026-01-01,2026-01-01,2026-01-01,简历查看,非权益,16.0,一线城市,SME,100-499人,销售
USR_000219,,USR_000219,,,,2026-01-09,2026-01-09,2026-01-09,职位发布,非权益,28.0,一线城市,SME,100-499人,销售
USR_000219,USR_000219,,,,,2026-02-14,2026-02-14,2026-02-14,权益礼包,权益,16.3,一线城市,SME,100-499人,销售
USR_000219,,,,,,2026-02-17,2026-02-17,2026-02-17,企业认证,非权益,9.2,一线城市,SME,100-499人,销售
USR_000219,,,,,,2026-02-12,2026-02-12,2026-02-12,急聘推广,权益,74.4,一线城市,SME,100-499人,销售
USR_000219,USR_000219,,,USR_000219,,2026-01-01,2026-01-01,2026-01-01,在线沟通,非权益,7.0,一线城市,SME,100-499人,销售
USR_000219,USR_000219,,,,,2026-01-03,2026-01-03,2026-01-03,置顶刷新,权益,22.1,一线城市,SME,100-499人,销售
USR_000219,,,,,,2026-02-17,2026-02-17,2026-02-17,权益礼包,权益,22.6,一线城市,SME,100-499人,销售
USR_000219,USR_000219,USR_000219,,,,2026-02-15,2026-02-15,2026-02-15,职位发布,非权益,6.9,一线城市,SME,100-499人,销售
USR_000220,USR_000220,,,,,2026-02-14,2026-02-14,2026-02-14,权益礼包,权益,23.7,三线城市,SME,10000人以上,财务
USR_000220,USR_000220,,,,,2026-02-18,2026-02-18,2026-02-18,权益礼包,权益,15.0,三线城市,SME,10000人以上,财务
USR_000220,USR_000220,,,,,2026-02-23,2026-02-23,2026-02-23,置顶刷新,权益,18.1,三线城市,SME,10000人以上,财务
USR_000220,USR_000220,,USR_000220,,,2026-02-23,2026-02-23,2026-02-23,简历搜索,非权益,52.6,三线城市,SME,10000人以上,财务
USR_000220,USR_000220,,,,,2026-02-15,2026-02-15,2026-02-15,权益礼包,权益,6.7,三线城市,SME,10000人以上,财务
USR_000220,USR_000220,,USR_000220,,,2026-01-01,2026-01-01,2026-01-01,简历搜索,非权益,8.1,三线城市,SME,10000人以上,财务
USR_000220,USR_000220,,,,,2026-02-12,2026-02-12,2026-02-12,置顶刷新,权益,6.4,三线城市,SME,10000人以上,财务
USR_000220,USR_000220,,,,,2026-01-17,2026-01-17,2026-01-17,置顶刷新,权益,8.8,三线城市,SME,10000人以上,财务
USR_000221,USR_000221,,,,,2026-02-21,2026-02-21,2026-02-21,急聘推广,权益,22.0,四线城市,SME,1-49人,行政
USR_000221,USR_000221,,,,,2026-01-27,2026-01-27,2026-01-27,置顶刷新,权益,13.1,四线城市,SME,1-49人,行政
USR_000221,,,,,,2026-01-12,2026-01-12,2026-01-12,权益礼包,权益,8.4,四线城市,SME,1-49人,行政
USR_000221,,USR_000221,,,,2026-02-26,2026-02-26,2026-02-26,职位发布,非权益,64.8,四线城市,SME,1-49人,行政
USR_000221,USR_000221,,,,USR_000221,2026-02-14,2026-02-14,2026-02-14,简历查看,非权益,9.6,四线城市,SME,1-49人,行政
USR_000221,USR_000221,USR_000221,,,,2026-02-20,2026-02-20,2026-02-20,职位发布,非权益,25.0,四线城市,SME,1-49人,行政
USR_000221,USR_000221,USR_000221,,,,2026-02-08,2026-02-08,2026-02-08,职位发布,非权益,6.3,四线城市,SME,1-49人,行政
USR_000221,USR_000221,,,,USR_000221,2026-02-01,2026-02-01,2026-02-01,简历查看,非权益,32.8,四线城市,SME,1-49人,行政
USR_000221,USR_000221,,,,,2026-01-18,2026-01-18,2026-01-18,急聘推广,权益,14.0,四线城市,SME,1-49人,行政
USR_000221,USR_000221,,,,,2026-01-22,2026-01-22,2026-01-22,置顶刷新,权益,36.6,四线城市,SME,1-49人,行政
USR_000222,USR_000222,,,,,2026-01-02,2026-01-02,2026-01-02,急聘推广,权益,23.5,一线城市,SME,50-99人,研发
USR_000222,USR_000222,,,,USR_000222,2026-01-30,2026-01-30,2026-01-30,简历查看,非权益,32.8,一线城市,SME,50-99人,研发
USR_000222,,,USR_000222,,,2026-01-15,2026-01-15,2026-01-15,简历搜索,非权益,20.7,一线城市,SME,50-99人,研发
USR_000222,USR_000222,,,,USR_000222,2026-01-21,2026-01-21,2026-01-21,简历查看,非权益,27.3,一线城市,SME,50-99人,研发
USR_000222,USR_000222,,USR_000222,,,2026-02-02,2026-02-02,2026-02-02,简历搜索,非权益,38.4,一线城市,SME,50-99人,研发
USR_000222,USR_000222,USR_000222,,,,2026-02-28,2026-02-28,2026-02-28,职位发布,非权益,42.0,一线城市,SME,50-99人,研发
USR_000222,USR_000222,,,,,2026-01-02,2026-01-02,2026-01-02,置顶刷新,权益,25.9,一线城市,SME,50-99人,研发
USR_000222,,,,,,2026-01-22,2026-01-22,2026-01-22,急聘推广,权益,8.1,一线城市,SME,50-99人,研发
USR_000222,USR_000222,,,,,2026-01-10,2026-01-10,2026-01-10,急聘推广,权益,60.0,一线城市,SME,50-99人,研发
USR_000222,USR_000222,,,,,2026-01-06,2026-01-06,2026-01-06,企业认证,非权益,5.3,一线城市,SME,50-99人,研发
USR_000222,USR_000222,,,,,2026-01-18,2026-01-18,2026-01-18,权益礼包,权益,6.3,一线城市,SME,50-99人,研发
USR_000222,USR_000222,,,USR_000222,,2026-02-23,2026-02-23,2026-02-23,在线沟通,非权益,31.2,一线城市,SME,50-99人,研发
USR_000222,USR_000222,,,,,2026-01-10,2026-01-10,2026-01-10,权益礼包,权益,9.6,一线城市,SME,50-99人,研发
USR_000222,,,USR_000222,,,2026-01-17,2026-01-17,2026-01-17,简历搜索,非权益,8.0,一线城市,SME,50-99人,研发
USR_000222,USR_000222,,,,,2026-02-27,2026-02-27,2026-02-27,急聘推广,权益,6.0,一线城市,SME,50-99人,研发
USR_000222,,,,USR_000222,,2026-01-13,2026-01-13,2026-01-13,在线沟通,非权益,18.2,一线城市,SME,50-99人,研发
USR_000222,USR_000222,,,,,2026-02-23,2026-02-23,2026-02-23,企业认证,非权益,24.1,一线城市,SME,50-99人,研发
USR_000222,,,,,,2026-01-15,2026-01-15,2026-01-15,权益礼包,权益,17.2,一线城市,SME,50-99人,研发
USR_000222,,,USR_000222,,,2026-02-08,2026-02-08,2026-02-08,简历搜索,非权益,26.7,一线城市,SME,50-99人,研发
USR_000223,,USR_000223,,,,2026-02-03,2026-02-03,2026-02-03,职位发布,非权益,26.0,四线城市,SME,100-499人,运营
USR_000223,,,,,,2026-01-26,2026-01-26,2026-01-26,急聘推广,权益,8.8,四线城市,SME,100-499人,运营
USR_000223,USR_000223,,,,,2026-01-30,2026-01-30,2026-01-30,权益礼包,权益,13.9,四线城市,SME,100-499人,运营
USR_000223,USR_000223,,,,,2026-02-06,2026-02-06,2026-02-06,权益礼包,权益,12.2,四线城市,SME,100-499人,运营
USR_000223,,,,,,2026-02-17,2026-02-17,2026-02-17,急聘推广,权益,5.9,四线城市,SME,100-499人,运营
USR_000223,USR_000223,,,,,2026-02-09,2026-02-09,2026-02-09,权益礼包,权益,26.4,四线城市,SME,100-499人,运营
USR_000223,USR_000223,,,,,2026-01-02,2026-01-02,2026-01-02,置顶刷新,权益,11.1,四线城市,SME,100-499人,运营
USR_000223,,,,USR_000223,,2026-01-05,2026-01-05,2026-01-05,在线沟通,非权益,5.3,四线城市,SME,100-499人,运营
USR_000223,USR_000223,,,USR_000223,,2026-02-09,2026-02-09,2026-02-09,在线沟通,非权益,16.9,四线城市,SME,100-499人,运营
USR_000223,USR_000223,USR_000223,,,,2026-02-09,2026-02-09,2026-02-09,职位发布,非权益,7.6,四线城市,SME,100-499人,运营
USR_000223,USR_000223,,,,,2026-01-02,2026-01-02,2026-01-02,急聘推广,权益,32.5,四线城市,SME,100-499人,运营
USR_000223,USR_000223,USR_000223,,,,2026-01-29,2026-01-29,2026-01-29,职位发布,非权益,9.0,四线城市,SME,100-499人,运营
USR_000223,USR_000223,,,,,2026-02-02,2026-02-02,2026-02-02,置顶刷新,权益,10.2,四线城市,SME,100-499人,运营
USR_000223,USR_000223,,USR_000223,,,2026-01-15,2026-01-15,2026-01-15,简历搜索,非权益,19.9,四线城市,SME,100-499人,运营
USR_000223,USR_000223,,USR_000223,,,2026-02-22,2026-02-22,2026-02-22,简历搜索,非权益,23.5,四线城市,SME,100-499人,运营
USR_000223,USR_000223,,USR_000223,,,2026-01-06,2026-01-06,2026-01-06,简历搜索,非权益,10.3,四线城市,SME,100-499人,运营
USR_000223,USR_000223,,,USR_000223,,2026-01-03,2026-01-03,2026-01-03,在线沟通,非权益,11.6,四线城市,SME,100-499人,运营
USR_000223,USR_000223,,,,,2026-02-11,2026-02-11,2026-02-11,急聘推广,权益,9.5,四线城市,SME,100-499人,运营
USR_000223,,,,,USR_000223,2026-01-22,2026-01-22,2026-01-22,简历查看,非权益,15.9,四线城市,SME,100-499人,运营
USR_000223,USR_000223,,,,,2026-01-19,2026-01-19,2026-01-19,权益礼包,权益,8.1,四线城市,SME,100-499人,运营
USR_000223,USR_000223,,,,,2026-02-05,2026-02-05,2026-02-05,权益礼包,权益,58.2,四线城市,SME,100-499人,运营
USR_000223,USR_000223,,,,,2026-01-27,2026-01-27,2026-01-27,急聘推广,权益,12.2,四线城市,SME,100-499人,运营
USR_000223,USR_000223,,,,,2026-01-13,2026-01-13,2026-01-13,置顶刷新,权益,11.8,四线城市,SME,100-499人,运营
USR_000223,USR_000223,,,,USR_000223,2026-03-01,2026-03-01,2026-03-01,简历查看,非权益,15.8,四线城市,SME,100-499人,运营
USR_000224,USR_000224,,,,,2026-02-18,2026-02-18,2026-02-18,企业认证,非权益,24.4,五线城市,SME,1-49人,研发
USR_000224,,,,,,2026-02-19,2026-02-19,2026-02-19,置顶刷新,权益,9.2,五线城市,SME,1-49人,研发
USR_000224,USR_000224,,,USR_000224,,2026-02-09,2026-02-09,2026-02-09,在线沟通,非权益,7.2,五线城市,SME,1-49人,研发
USR_000224,USR_000224,USR_000224,,,,2026-02-09,2026-02-09,2026-02-09,职位发布,非权益,9.0,五线城市,SME,1-49人,研发
USR_000224,USR_000224,,,,USR_000224,2026-02-21,2026-02-21,2026-02-21,简历查看,非权益,48.7,五线城市,SME,1-49人,研发
USR_000224,,,,,,2026-01-22,2026-01-22,2026-01-22,急聘推广,权益,56.1,五线城市,SME,1-49人,研发
USR_000224,USR_000224,,,,,2026-01-10,2026-01-10,2026-01-10,急聘推广,权益,7.7,五线城市,SME,1-49人,研发
USR_000224,USR_000224,,,,,2026-01-09,2026-01-09,2026-01-09,急聘推广,权益,14.9,五线城市,SME,1-49人,研发
USR_000224,USR_000224,,USR_000224,,,2026-01-13,2026-01-13,2026-01-13,简历搜索,非权益,5.3,五线城市,SME,1-49人,研发
USR_000224,USR_000224,,,USR_000224,,2026-02-05,2026-02-05,2026-02-05,在线沟通,非权益,22.9,五线城市,SME,1-49人,研发
USR_000224,USR_000224,,,,USR_000224,2026-01-14,2026-01-14,2026-01-14,简历查看,非权益,18.2,五线城市,SME,1-49人,研发
USR_000224,USR_000224,,,,,2026-01-05,2026-01-05,2026-01-05,企业认证,非权益,8.2,五线城市,SME,1-49人,研发
USR_000224,USR_000224,,,,USR_000224,2026-01-24,2026-01-24,2026-01-24,简历查看,非权益,20.4,五线城市,SME,1-49人,研发
USR_000224,USR_000224,,,,,2026-03-01,2026-03-01,2026-03-01,企业认证,非权益,10.6,五线城市,SME,1-49人,研发
USR_000224,USR_000224,,,,,2026-02-13,2026-02-13,2026-02-13,置顶刷新,权益,37.8,五线城市,SME,1-49人,研发
USR_000224,,,,USR_000224,,2026-01-18,2026-01-18,2026-01-18,在线沟通,非权益,17.8,五线城市,SME,1-49人,研发
USR_000224,USR_000224,USR_000224,,,,2026-01-03,2026-01-03,2026-01-03,职位发布,非权益,5.2,五线城市,SME,1-49人,研发
USR_000224,,,,,USR_000224,2026-01-12,2026-01-12,2026-01-12,简历查看,非权益,25.7,五线城市,SME,1-49人,研发
USR_000225,,,,,,2026-01-13,2026-01-13,2026-01-13,置顶刷新,权益,38.1,新一线城市,SME,2000-5000人,财务
USR_000225,USR_000225,,USR_000225,,,2026-01-04,2026-01-04,2026-01-04,简历搜索,非权益,32.2,新一线城市,SME,2000-5000人,财务
USR_000225,,,,USR_000225,,2026-01-04,2026-01-04,2026-01-04,在线沟通,非权益,10.1,新一线城市,SME,2000-5000人,财务
USR_000225,USR_000225,,,,,2026-01-01,2026-01-01,2026-01-01,急聘推广,权益,23.4,新一线城市,SME,2000-5000人,财务
USR_000225,USR_000225,,,,,2026-01-09,2026-01-09,2026-01-09,权益礼包,权益,28.3,新一线城市,SME,2000-5000人,财务
USR_000225,,,,,,2026-02-10,2026-02-10,2026-02-10,置顶刷新,权益,12.9,新一线城市,SME,2000-5000人,财务
USR_000225,USR_000225,,,,,2026-02-24,2026-02-24,2026-02-24,企业认证,非权益,30.3,新一线城市,SME,2000-5000人,财务
USR_000225,USR_000225,,,,,2026-02-04,2026-02-04,2026-02-04,置顶刷新,权益,36.1,新一线城市,SME,2000-5000人,财务
USR_000225,USR_000225,,USR_000225,,,2026-02-26,2026-02-26,2026-02-26,简历搜索,非权益,25.6,新一线城市,SME,2000-5000人,财务
USR_000225,USR_000225,,,,,2026-01-31,2026-01-31,2026-01-31,置顶刷新,权益,10.3,新一线城市,SME,2000-5000人,财务
USR_000225,USR_000225,,,,USR_000225,2026-02-22,2026-02-22,2026-02-22,简历查看,非权益,7.0,新一线城市,SME,2000-5000人,财务
USR_000225,USR_000225,,,,,2026-02-13,2026-02-13,2026-02-13,权益礼包,权益,15.2,新一线城市,SME,2000-5000人,财务
USR_000225,USR_000225,USR_000225,,,,2026-01-28,2026-01-28,2026-01-28,职位发布,非权益,24.4,新一线城市,SME,2000-5000人,财务
USR_000225,USR_000225,,,,,2026-01-27,2026-01-27,2026-01-27,权益礼包,权益,5.0,新一线城市,SME,2000-5000人,财务
USR_000225,,USR_000225,,,,2026-01-09,2026-01-09,2026-01-09,职位发布,非权益,20.8,新一线城市,SME,2000-5000人,财务
USR_000225,USR_000225,,,,,2026-02-14,2026-02-14,2026-02-14,企业认证,非权益,27.4,新一线城市,SME,2000-5000人,财务
USR_000226,,,,,USR_000226,2026-01-01,2026-01-01,2026-01-01,简历查看,非权益,9.0,三线城市,SME,5000-10000人,运营
USR_000227,,,USR_000227,,,2026-02-04,2026-02-04,2026-02-04,简历搜索,非权益,22.7,新一线城市,SME,500-999人,销售
USR_000227,USR_000227,,,,USR_000227,2026-02-19,2026-02-19,2026-02-19,简历查看,非权益,7.2,新一线城市,SME,500-999人,销售
USR_000227,USR_000227,,,,,2026-01-18,2026-01-18,2026-01-18,急聘推广,权益,32.0,新一线城市,SME,500-999人,销售
USR_000227,USR_000227,,USR_000227,,,2026-02-06,2026-02-06,2026-02-06,简历搜索,非权益,21.3,新一线城市,SME,500-999人,销售
USR_000228,,,,,,2026-01-29,2026-01-29,2026-01-29,企业认证,非权益,25.4,新一线城市,SME,500-999人,财务
USR_000228,USR_000228,,,,,2026-02-16,2026-02-16,2026-02-16,企业认证,非权益,33.2,新一线城市,SME,500-999人,财务
USR_000228,USR_000228,,USR_000228,,,2026-02-27,2026-02-27,2026-02-27,简历搜索,非权益,31.5,新一线城市,SME,500-999人,财务
USR_000229,,USR_000229,,,,2026-01-05,2026-01-05,2026-01-05,职位发布,非权益,7.3,新一线城市,SME,5000-10000人,市场
USR_000229,,,,,,2026-01-13,2026-01-13,2026-01-13,急聘推广,权益,10.1,新一线城市,SME,5000-10000人,市场
USR_000229,,,,,,2026-02-01,2026-02-01,2026-02-01,急聘推广,权益,32.9,新一线城市,SME,5000-10000人,市场
USR_000229,,,,,,2026-02-21,2026-02-21,2026-02-21,急聘推广,权益,25.5,新一线城市,SME,5000-10000人,市场
USR_000229,,,,,USR_000229,2026-01-01,2026-01-01,2026-01-01,简历查看,非权益,6.6,新一线城市,SME,5000-10000人,市场
USR_000229,USR_000229,,,,,2026-02-20,2026-02-20,2026-02-20,置顶刷新,权益,5.8,新一线城市,SME,5000-10000人,市场
USR_000229,USR_000229,USR_000229,,,,2026-01-22,2026-01-22,2026-01-22,职位发布,非权益,29.0,新一线城市,SME,5000-10000人,市场
USR_000229,,,,,,2026-02-16,2026-02-16,2026-02-16,急聘推广,权益,41.6,新一线城市,SME,5000-10000人,市场
USR_000229,USR_000229,,USR_000229,,,2026-01-08,2026-01-08,2026-01-08,简历搜索,非权益,8.0,新一线城市,SME,5000-10000人,市场
USR_000229,USR_000229,,,,,2026-02-06,2026-02-06,2026-02-06,权益礼包,权益,19.8,新一线城市,SME,5000-10000人,市场
USR_000229,,,,,,2026-02-21,2026-02-21,2026-02-21,急聘推广,权益,28.5,新一线城市,SME,5000-10000人,市场
USR_000229,USR_000229,,,,,2026-01-14,2026-01-14,2026-01-14,权益礼包,权益,5.6,新一线城市,SME,5000-10000人,市场
USR_000229,,,,,,2026-02-09,2026-02-09,2026-02-09,权益礼包,权益,9.1,新一线城市,SME,5000-10000人,市场
USR_000229,USR_000229,USR_000229,,,,2026-01-19,2026-01-19,2026-01-19,职位发布,非权益,8.4,新一线城市,SME,5000-10000人,市场
USR_000229,USR_000229,,,,USR_000229,2026-01-13,2026-01-13,2026-01-13,简历查看,非权益,14.8,新一线城市,SME,5000-10000人,市场
USR_000229,,,,USR_000229,,2026-02-02,2026-02-02,2026-02-02,在线沟通,非权益,20.4,新一线城市,SME,5000-10000人,市场
USR_000230,,,,,,2026-02-09,2026-02-09,2026-02-09,企业认证,非权益,13.3,新一线城市,SME,2000-5000人,客服
USR_000230,USR_000230,,,,,2026-02-21,2026-02-21,2026-02-21,置顶刷新,权益,19.5,新一线城市,SME,2000-5000人,客服
USR_000230,USR_000230,,,,,2026-01-12,2026-01-12,2026-01-12,企业认证,非权益,35.1,新一线城市,SME,2000-5000人,客服
USR_000230,,,,,USR_000230,2026-01-18,2026-01-18,2026-01-18,简历查看,非权益,6.9,新一线城市,SME,2000-5000人,客服
USR_000230,USR_000230,,USR_000230,,,2026-01-29,2026-01-29,2026-01-29,简历搜索,非权益,37.0,新一线城市,SME,2000-5000人,客服
USR_000230,USR_000230,,,,,2026-02-05,2026-02-05,2026-02-05,权益礼包,权益,16.5,新一线城市,SME,2000-5000人,客服
USR_000230,,,,,USR_000230,2026-02-22,2026-02-22,2026-02-22,简历查看,非权益,12.6,新一线城市,SME,2000-5000人,客服
USR_000230,,,,USR_000230,,2026-02-27,2026-02-27,2026-02-27,在线沟通,非权益,22.9,新一线城市,SME,2000-5000人,客服
USR_000231,USR_000231,,,,,2026-02-26,2026-02-26,2026-02-26,急聘推广,权益,10.5,一线城市,KA,10000人以上,运营
USR_000231,USR_000231,,,,USR_000231,2026-01-17,2026-01-17,2026-01-17,简历查看,非权益,47.9,一线城市,KA,10000人以上,运营
USR_000231,USR_000231,,,,,2026-02-01,2026-02-01,2026-02-01,企业认证,非权益,5.4,一线城市,KA,10000人以上,运营
USR_000231,USR_000231,USR_000231,,,,2026-02-26,2026-02-26,2026-02-26,职位发布,非权益,6.7,一线城市,KA,10000人以上,运营
USR_000231,,,,,USR_000231,2026-02-03,2026-02-03,2026-02-03,简历查看,非权益,37.5,一线城市,KA,10000人以上,运营
USR_000231,,,,,,2026-02-05,2026-02-05,2026-02-05,置顶刷新,权益,7.0,一线城市,KA,10000人以上,运营
USR_000231,USR_000231,,,,,2026-01-18,2026-01-18,2026-01-18,企业认证,非权益,11.5,一线城市,KA,10000人以上,运营
USR_000231,USR_000231,,,,,2026-01-26,2026-01-26,2026-01-26,置顶刷新,权益,25.3,一线城市,KA,10000人以上,运营
USR_000231,,,,,,2026-02-17,2026-02-17,2026-02-17,置顶刷新,权益,55.2,一线城市,KA,10000人以上,运营
USR_000231,USR_000231,,,,,2026-02-01,2026-02-01,2026-02-01,权益礼包,权益,24.5,一线城市,KA,10000人以上,运营
USR_000231,USR_000231,,,,,2026-01-20,2026-01-20,2026-01-20,企业认证,非权益,12.2,一线城市,KA,10000人以上,运营
USR_000231,USR_000231,,,,,2026-02-03,2026-02-03,2026-02-03,急聘推广,权益,15.4,一线城市,KA,10000人以上,运营
USR_000231,USR_000231,,,,,2026-01-30,2026-01-30,2026-01-30,置顶刷新,权益,13.8,一线城市,KA,10000人以上,运营
USR_000231,USR_000231,,,,USR_000231,2026-02-11,2026-02-11,2026-02-11,简历查看,非权益,12.7,一线城市,KA,10000人以上,运营
USR_000231,,,USR_000231,,,2026-01-10,2026-01-10,2026-01-10,简历搜索,非权益,24.8,一线城市,KA,10000人以上,运营
USR_000231,USR_000231,,,,USR_000231,2026-01-19,2026-01-19,2026-01-19,简历查看,非权益,20.2,一线城市,KA,10000人以上,运营
USR_000231,USR_000231,,,,,2026-01-10,2026-01-10,2026-01-10,急聘推广,权益,17.2,一线城市,KA,10000人以上,运营
USR_000231,,,,,USR_000231,2026-02-22,2026-02-22,2026-02-22,简历查看,非权益,7.1,一线城市,KA,10000人以上,运营
USR_000231,USR_000231,,,,,2026-02-15,2026-02-15,2026-02-15,权益礼包,权益,6.2,一线城市,KA,10000人以上,运营
USR_000231,,,,USR_000231,,2026-02-28,2026-02-28,2026-02-28,在线沟通,非权益,6.1,一线城市,KA,10000人以上,运营
USR_000232,USR_000232,,,,,2026-01-31,2026-01-31,2026-01-31,急聘推广,权益,7.4,三线城市,SME,50-99人,客服
USR_000232,USR_000232,,,,,2026-01-20,2026-01-20,2026-01-20,企业认证,非权益,15.4,三线城市,SME,50-99人,客服
USR_000232,USR_000232,USR_000232,,,,2026-01-19,2026-01-19,2026-01-19,职位发布,非权益,9.5,三线城市,SME,50-99人,客服
USR_000232,USR_000232,,,,,2026-02-15,2026-02-15,2026-02-15,置顶刷新,权益,12.0,三线城市,SME,50-99人,客服
USR_000232,USR_000232,,,,,2026-02-26,2026-02-26,2026-02-26,置顶刷新,权益,58.2,三线城市,SME,50-99人,客服
USR_000233,,,,,,2026-01-24,2026-01-24,2026-01-24,急聘推广,权益,15.3,四线城市,SME,1-49人,销售
USR_000233,USR_000233,,,,,2026-02-09,2026-02-09,2026-02-09,权益礼包,权益,29.4,四线城市,SME,1-49人,销售
USR_000233,,,USR_000233,,,2026-02-06,2026-02-06,2026-02-06,简历搜索,非权益,30.0,四线城市,SME,1-49人,销售
USR_000233,USR_000233,,,USR_000233,,2026-01-31,2026-01-31,2026-01-31,在线沟通,非权益,55.4,四线城市,SME,1-49人,销售
USR_000233,USR_000233,,,USR_000233,,2026-02-13,2026-02-13,2026-02-13,在线沟通,非权益,30.9,四线城市,SME,1-49人,销售
USR_000233,USR_000233,,,,,2026-01-04,2026-01-04,2026-01-04,急聘推广,权益,17.1,四线城市,SME,1-49人,销售
USR_000233,USR_000233,,USR_000233,,,2026-01-11,2026-01-11,2026-01-11,简历搜索,非权益,14.7,四线城市,SME,1-49人,销售
USR_000233,USR_000233,,,,,2026-02-07,2026-02-07,2026-02-07,企业认证,非权益,65.9,四线城市,SME,1-49人,销售
USR_000233,,,USR_000233,,,2026-01-26,2026-01-26,2026-01-26,简历搜索,非权益,54.6,四线城市,SME,1-49人,销售
USR_000233,USR_000233,,,,USR_000233,2026-01-08,2026-01-08,2026-01-08,简历查看,非权益,5.6,四线城市,SME,1-49人,销售
USR_000233,USR_000233,,,,,2026-02-10,2026-02-10,2026-02-10,企业认证,非权益,20.6,四线城市,SME,1-49人,销售
USR_000233,USR_000233,,,,,2026-01-22,2026-01-22,2026-01-22,置顶刷新,权益,17.6,四线城市,SME,1-49人,销售
USR_000233,,,,USR_000233,,2026-01-02,2026-01-02,2026-01-02,在线沟通,非权益,24.4,四线城市,SME,1-49人,销售
USR_000233,,,,,USR_000233,2026-01-19,2026-01-19,2026-01-19,简历查看,非权益,11.2,四线城市,SME,1-49人,销售
USR_000233,USR_000233,,,,,2026-02-14,2026-02-14,2026-02-14,急聘推广,权益,50.9,四线城市,SME,1-49人,销售
USR_000234,USR_000234,,,,,2026-02-12,2026-02-12,2026-02-12,企业认证,非权益,9.8,一线城市,KA,50-99人,财务
USR_000234,,,,USR_000234,,2026-02-08,2026-02-08,2026-02-08,在线沟通,非权益,80.8,一线城市,KA,50-99人,财务
USR_000234,USR_000234,,,,,2026-01-13,2026-01-13,2026-01-13,企业认证,非权益,47.1,一线城市,KA,50-99人,财务
USR_000234,USR_000234,,,,,2026-01-20,2026-01-20,2026-01-20,权益礼包,权益,16.7,一线城市,KA,50-99人,财务
USR_000234,,,,,,2026-02-17,2026-02-17,2026-02-17,权益礼包,权益,49.3,一线城市,KA,50-99人,财务
USR_000234,,,,,,2026-01-25,2026-01-25,2026-01-25,权益礼包,权益,7.3,一线城市,KA,50-99人,财务
USR_000234,,,USR_000234,,,2026-01-08,2026-01-08,2026-01-08,简历搜索,非权益,15.9,一线城市,KA,50-99人,财务
USR_000234,,,,,,2026-01-22,2026-01-22,2026-01-22,企业认证,非权益,29.4,一线城市,KA,50-99人,财务
USR_000234,,,,USR_000234,,2026-02-16,2026-02-16,2026-02-16,在线沟通,非权益,88.6,一线城市,KA,50-99人,财务
USR_000234,USR_000234,,USR_000234,,,2026-02-23,2026-02-23,2026-02-23,简历搜索,非权益,12.4,一线城市,KA,50-99人,财务
USR_000234,USR_000234,,,USR_000234,,2026-02-24,2026-02-24,2026-02-24,在线沟通,非权益,23.0,一线城市,KA,50-99人,财务
USR_000234,USR_000234,,,,,2026-01-03,2026-01-03,2026-01-03,置顶刷新,权益,48.1,一线城市,KA,50-99人,财务
USR_000235,USR_000235,,,,,2026-01-14,2026-01-14,2026-01-14,置顶刷新,权益,5.3,一线城市,SME,10000人以上,财务
USR_000235,USR_000235,USR_000235,,,,2026-01-18,2026-01-18,2026-01-18,职位发布,非权益,7.1,一线城市,SME,10000人以上,财务
USR_000235,USR_000235,,,,,2026-02-09,2026-02-09,2026-02-09,企业认证,非权益,12.7,一线城市,SME,10000人以上,财务
USR_000235,,,,,USR_000235,2026-01-09,2026-01-09,2026-01-09,简历查看,非权益,65.6,一线城市,SME,10000人以上,财务
USR_000235,USR_000235,,,,,2026-01-10,2026-01-10,2026-01-10,置顶刷新,权益,11.5,一线城市,SME,10000人以上,财务
USR_000235,USR_000235,,,,USR_000235,2026-01-17,2026-01-17,2026-01-17,简历查看,非权益,21.8,一线城市,SME,10000人以上,财务
USR_000235,USR_000235,,,,,2026-01-13,2026-01-13,2026-01-13,企业认证,非权益,9.3,一线城市,SME,10000人以上,财务
USR_000235,USR_000235,,,,USR_000235,2026-01-22,2026-01-22,2026-01-22,简历查看,非权益,19.0,一线城市,SME,10000人以上,财务
USR_000235,USR_000235,,,USR_000235,,2026-01-03,2026-01-03,2026-01-03,在线沟通,非权益,16.2,一线城市,SME,10000人以上,财务
USR_000235,USR_000235,,,,,2026-01-19,2026-01-19,2026-01-19,权益礼包,权益,5.4,一线城市,SME,10000人以上,财务
USR_000235,USR_000235,USR_000235,,,,2026-01-14,2026-01-14,2026-01-14,职位发布,非权益,24.9,一线城市,SME,10000人以上,财务
USR_000235,,,,,,2026-01-06,2026-01-06,2026-01-06,企业认证,非权益,62.1,一线城市,SME,10000人以上,财务
USR_000235,,,,,USR_000235,2026-01-27,2026-01-27,2026-01-27,简历查看,非权益,25.7,一线城市,SME,10000人以上,财务
USR_000235,USR_000235,,,,,2026-02-25,2026-02-25,2026-02-25,急聘推广,权益,40.5,一线城市,SME,10000人以上,财务
USR_000235,,,,,,2026-02-25,2026-02-25,2026-02-25,急聘推广,权益,5.3,一线城市,SME,10000人以上,财务
USR_000235,USR_000235,USR_000235,,,,2026-01-28,2026-01-28,2026-01-28,职位发布,非权益,9.0,一线城市,SME,10000人以上,财务
USR_000236,USR_000236,,,,USR_000236,2026-01-04,2026-01-04,2026-01-04,简历查看,非权益,36.6,一线城市,SME,1-49人,市场
USR_000236,USR_000236,,,,,2026-02-25,2026-02-25,2026-02-25,急聘推广,权益,11.6,一线城市,SME,1-49人,市场
USR_000236,,,,,,2026-02-23,2026-02-23,2026-02-23,权益礼包,权益,41.4,一线城市,SME,1-49人,市场
USR_000236,USR_000236,,,,,2026-01-29,2026-01-29,2026-01-29,权益礼包,权益,45.4,一线城市,SME,1-49人,市场
USR_000236,,,USR_000236,,,2026-01-27,2026-01-27,2026-01-27,简历搜索,非权益,38.6,一线城市,SME,1-49人,市场
USR_000236,USR_000236,,,,,2026-01-18,2026-01-18,2026-01-18,权益礼包,权益,16.7,一线城市,SME,1-49人,市场
USR_000236,USR_000236,,,,,2026-02-21,2026-02-21,2026-02-21,企业认证,非权益,18.9,一线城市,SME,1-49人,市场
USR_000236,USR_000236,,,,,2026-03-01,2026-03-01,2026-03-01,企业认证,非权益,15.3,一线城市,SME,1-49人,市场
USR_000236,USR_000236,USR_000236,,,,2026-02-26,2026-02-26,2026-02-26,职位发布,非权益,34.9,一线城市,SME,1-49人,市场
USR_000236,USR_000236,,USR_000236,,,2026-01-12,2026-01-12,2026-01-12,简历搜索,非权益,18.2,一线城市,SME,1-49人,市场
USR_000236,USR_000236,,,,,2026-02-18,2026-02-18,2026-02-18,企业认证,非权益,12.6,一线城市,SME,1-49人,市场
USR_000236,USR_000236,,,,,2026-01-08,2026-01-08,2026-01-08,企业认证,非权益,18.2,一线城市,SME,1-49人,市场
USR_000236,USR_000236,,,USR_000236,,2026-01-09,2026-01-09,2026-01-09,在线沟通,非权益,10.0,一线城市,SME,1-49人,市场
USR_000236,USR_000236,,,,,2026-02-20,2026-02-20,2026-02-20,置顶刷新,权益,30.9,一线城市,SME,1-49人,市场
USR_000236,USR_000236,,USR_000236,,,2026-01-11,2026-01-11,2026-01-11,简历搜索,非权益,28.4,一线城市,SME,1-49人,市场
USR_000236,USR_000236,,,USR_000236,,2026-02-17,2026-02-17,2026-02-17,在线沟通,非权益,13.8,一线城市,SME,1-49人,市场
USR_000236,USR_000236,,,,,2026-02-23,2026-02-23,2026-02-23,置顶刷新,权益,17.3,一线城市,SME,1-49人,市场
USR_000236,,,,USR_000236,,2026-02-16,2026-02-16,2026-02-16,在线沟通,非权益,8.4,一线城市,SME,1-49人,市场
USR_000236,USR_000236,USR_000236,,,,2026-01-13,2026-01-13,2026-01-13,职位发布,非权益,11.5,一线城市,SME,1-49人,市场
USR_000236,,,,,USR_000236,2026-02-19,2026-02-19,2026-02-19,简历查看,非权益,9.6,一线城市,SME,1-49人,市场
USR_000236,,,,USR_000236,,2026-02-21,2026-02-21,2026-02-21,在线沟通,非权益,30.9,一线城市,SME,1-49人,市场
USR_000236,USR_000236,,,USR_000236,,2026-01-23,2026-01-23,2026-01-23,在线沟通,非权益,18.3,一线城市,SME,1-49人,市场
USR_000236,USR_000236,,,USR_000236,,2026-02-09,2026-02-09,2026-02-09,在线沟通,非权益,12.0,一线城市,SME,1-49人,市场
USR_000236,USR_000236,,,,,2026-02-21,2026-02-21,2026-02-21,权益礼包,权益,33.0,一线城市,SME,1-49人,市场
USR_000237,USR_000237,,,,,2026-02-16,2026-02-16,2026-02-16,急聘推广,权益,20.2,四线城市,SME,5000-10000人,销售
USR_000237,,,,,,2026-01-23,2026-01-23,2026-01-23,权益礼包,权益,17.6,四线城市,SME,5000-10000人,销售
USR_000237,,,,,USR_000237,2026-02-02,2026-02-02,2026-02-02,简历查看,非权益,11.2,四线城市,SME,5000-10000人,销售
USR_000237,USR_000237,,USR_000237,,,2026-01-03,2026-01-03,2026-01-03,简历搜索,非权益,42.4,四线城市,SME,5000-10000人,销售
USR_000237,USR_000237,,,,,2026-01-22,2026-01-22,2026-01-22,企业认证,非权益,16.5,四线城市,SME,5000-10000人,销售
USR_000237,USR_000237,USR_000237,,,,2026-02-28,2026-02-28,2026-02-28,职位发布,非权益,14.7,四线城市,SME,5000-10000人,销售
USR_000237,USR_000237,,,,USR_000237,2026-02-21,2026-02-21,2026-02-21,简历查看,非权益,21.0,四线城市,SME,5000-10000人,销售
USR_000238,USR_000238,,,,USR_000238,2026-01-19,2026-01-19,2026-01-19,简历查看,非权益,14.8,二线城市,SME,500-999人,客服
USR_000238,USR_000238,USR_000238,,,,2026-01-27,2026-01-27,2026-01-27,职位发布,非权益,10.8,二线城市,SME,500-999人,客服
USR_000238,USR_000238,,,,,2026-02-13,2026-02-13,2026-02-13,置顶刷新,权益,28.3,二线城市,SME,500-999人,客服
USR_000238,USR_000238,USR_000238,,,,2026-01-31,2026-01-31,2026-01-31,职位发布,非权益,30.0,二线城市,SME,500-999人,客服
USR_000238,,,,USR_000238,,2026-01-13,2026-01-13,2026-01-13,在线沟通,非权益,53.2,二线城市,SME,500-999人,客服
USR_000238,,,,,,2026-02-02,2026-02-02,2026-02-02,权益礼包,权益,33.4,二线城市,SME,500-999人,客服
USR_000238,USR_000238,,USR_000238,,,2026-03-01,2026-03-01,2026-03-01,简历搜索,非权益,9.8,二线城市,SME,500-999人,客服
USR_000238,USR_000238,,,,,2026-01-22,2026-01-22,2026-01-22,急聘推广,权益,9.3,二线城市,SME,500-999人,客服
USR_000238,USR_000238,USR_000238,,,,2026-02-05,2026-02-05,2026-02-05,职位发布,非权益,18.0,二线城市,SME,500-999人,客服
USR_000238,,,,,,2026-01-01,2026-01-01,2026-01-01,权益礼包,权益,6.7,二线城市,SME,500-999人,客服
USR_000238,USR_000238,,,,USR_000238,2026-02-06,2026-02-06,2026-02-06,简历查看,非权益,11.7,二线城市,SME,500-999人,客服
USR_000238,USR_000238,,,,,2026-01-30,2026-01-30,2026-01-30,急聘推广,权益,15.2,二线城市,SME,500-999人,客服
USR_000238,USR_000238,,,,,2026-02-27,2026-02-27,2026-02-27,权益礼包,权益,51.0,二线城市,SME,500-999人,客服
USR_000238,USR_000238,,USR_000238,,,2026-01-27,2026-01-27,2026-01-27,简历搜索,非权益,36.9,二线城市,SME,500-999人,客服
USR_000238,USR_000238,USR_000238,,,,2026-02-23,2026-02-23,2026-02-23,职位发布,非权益,14.5,二线城市,SME,500-999人,客服
USR_000239,,USR_000239,,,,2026-01-25,2026-01-25,2026-01-25,职位发布,非权益,8.2,一线城市,SME,1-49人,客服
USR_000239,USR_000239,,,,USR_000239,2026-01-30,2026-01-30,2026-01-30,简历查看,非权益,6.1,一线城市,SME,1-49人,客服
USR_000239,,,,,,2026-01-06,2026-01-06,2026-01-06,置顶刷新,权益,20.5,一线城市,SME,1-49人,客服
USR_000239,,,,,,2026-01-02,2026-01-02,2026-01-02,急聘推广,权益,32.5,一线城市,SME,1-49人,客服
USR_000239,USR_000239,USR_000239,,,,2026-01-28,2026-01-28,2026-01-28,职位发布,非权益,10.2,一线城市,SME,1-49人,客服
USR_000239,,,,,,2026-02-01,2026-02-01,2026-02-01,置顶刷新,权益,10.9,一线城市,SME,1-49人,客服
USR_000239,USR_000239,,,,,2026-01-06,2026-01-06,2026-01-06,急聘推广,权益,27.5,一线城市,SME,1-49人,客服
USR_000239,USR_000239,USR_000239,,,,2026-01-18,2026-01-18,2026-01-18,职位发布,非权益,5.1,一线城市,SME,1-49人,客服
USR_000239,USR_000239,,,,,2026-01-26,2026-01-26,2026-01-26,权益礼包,权益,11.4,一线城市,SME,1-49人,客服
USR_000239,USR_000239,USR_000239,,,,2026-01-21,2026-01-21,2026-01-21,职位发布,非权益,13.9,一线城市,SME,1-49人,客服
USR_000239,USR_000239,,,,,2026-02-12,2026-02-12,2026-02-12,企业认证,非权益,19.6,一线城市,SME,1-49人,客服
USR_000239,USR_000239,,,,,2026-02-02,2026-02-02,2026-02-02,权益礼包,权益,19.5,一线城市,SME,1-49人,客服
USR_000239,,USR_000239,,,,2026-01-14,2026-01-14,2026-01-14,职位发布,非权益,5.5,一线城市,SME,1-49人,客服
USR_000239,USR_000239,,USR_000239,,,2026-03-01,2026-03-01,2026-03-01,简历搜索,非权益,14.6,一线城市,SME,1-49人,客服
USR_000239,USR_000239,,,,,2026-02-26,2026-02-26,2026-02-26,企业认证,非权益,42.1,一线城市,SME,1-49人,客服
USR_000240,USR_000240,,,,,2026-01-25,2026-01-25,2026-01-25,置顶刷新,权益,14.7,五线城市,SME,5000-10000人,市场
USR_000240,,,,,USR_000240,2026-01-23,2026-01-23,2026-01-23,简历查看,非权益,7.4,五线城市,SME,5000-10000人,市场
USR_000240,USR_000240,,,,,2026-02-10,2026-02-10,2026-02-10,急聘推广,权益,27.0,五线城市,SME,5000-10000人,市场
USR_000240,USR_000240,,,,,2026-02-18,2026-02-18,2026-02-18,企业认证,非权益,17.1,五线城市,SME,5000-10000人,市场
USR_000240,USR_000240,,USR_000240,,,2026-01-08,2026-01-08,2026-01-08,简历搜索,非权益,17.0,五线城市,SME,5000-10000人,市场
USR_000240,USR_000240,,,,USR_000240,2026-01-01,2026-01-01,2026-01-01,简历查看,非权益,7.0,五线城市,SME,5000-10000人,市场
USR_000240,USR_000240,,,,,2026-01-25,2026-01-25,2026-01-25,企业认证,非权益,6.4,五线城市,SME,5000-10000人,市场
USR_000240,USR_000240,,,,,2026-02-23,2026-02-23,2026-02-23,急聘推广,权益,6.9,五线城市,SME,5000-10000人,市场
USR_000240,,,,,USR_000240,2026-01-07,2026-01-07,2026-01-07,简历查看,非权益,44.4,五线城市,SME,5000-10000人,市场
USR_000240,,,,,,2026-02-04,2026-02-04,2026-02-04,置顶刷新,权益,5.0,五线城市,SME,5000-10000人,市场
USR_000240,,,,,,2026-01-10,2026-01-10,2026-01-10,急聘推广,权益,13.2,五线城市,SME,5000-10000人,市场
USR_000240,USR_000240,,,,,2026-01-16,2026-01-16,2026-01-16,急聘推广,权益,13.2,五线城市,SME,5000-10000人,市场
USR_000240,USR_000240,USR_000240,,,,2026-01-06,2026-01-06,2026-01-06,职位发布,非权益,16.3,五线城市,SME,5000-10000人,市场
USR_000241,,,,,,2026-01-04,2026-01-04,2026-01-04,权益礼包,权益,32.0,二线城市,SME,2000-5000人,研发
USR_000241,,USR_000241,,,,2026-02-04,2026-02-04,2026-02-04,职位发布,非权益,10.3,二线城市,SME,2000-5000人,研发
USR_000241,,USR_000241,,,,2026-02-12,2026-02-12,2026-02-12,职位发布,非权益,8.9,二线城市,SME,2000-5000人,研发
USR_000242,USR_000242,,,,,2026-01-05,2026-01-05,2026-01-05,置顶刷新,权益,34.8,四线城市,SME,500-999人,产品
USR_000242,,,,,,2026-01-08,2026-01-08,2026-01-08,权益礼包,权益,38.9,四线城市,SME,500-999人,产品
USR_000242,USR_000242,,,USR_000242,,2026-02-10,2026-02-10,2026-02-10,在线沟通,非权益,14.9,四线城市,SME,500-999人,产品
USR_000242,USR_000242,,,,,2026-02-01,2026-02-01,2026-02-01,企业认证,非权益,67.7,四线城市,SME,500-999人,产品
USR_000242,USR_000242,USR_000242,,,,2026-02-25,2026-02-25,2026-02-25,职位发布,非权益,23.6,四线城市,SME,500-999人,产品
USR_000242,,,,USR_000242,,2026-01-31,2026-01-31,2026-01-31,在线沟通,非权益,20.1,四线城市,SME,500-999人,产品
USR_000242,USR_000242,,,USR_000242,,2026-01-18,2026-01-18,2026-01-18,在线沟通,非权益,41.0,四线城市,SME,500-999人,产品
USR_000242,,,,,,2026-01-20,2026-01-20,2026-01-20,置顶刷新,权益,6.4,四线城市,SME,500-999人,产品
USR_000242,USR_000242,,,,USR_000242,2026-01-24,2026-01-24,2026-01-24,简历查看,非权益,19.5,四线城市,SME,500-999人,产品
USR_000242,USR_000242,,,,USR_000242,2026-01-26,2026-01-26,2026-01-26,简历查看,非权益,23.5,四线城市,SME,500-999人,产品
USR_000242,USR_000242,,,,,2026-02-04,2026-02-04,2026-02-04,急聘推广,权益,16.8,四线城市,SME,500-999人,产品
USR_000242,USR_000242,,USR_000242,,,2026-01-30,2026-01-30,2026-01-30,简历搜索,非权益,11.2,四线城市,SME,500-999人,产品
USR_000242,,,,,,2026-02-21,2026-02-21,2026-02-21,权益礼包,权益,38.8,四线城市,SME,500-999人,产品
USR_000242,USR_000242,,,,USR_000242,2026-01-05,2026-01-05,2026-01-05,简历查看,非权益,44.6,四线城市,SME,500-999人,产品
USR_000242,USR_000242,,,,,2026-01-25,2026-01-25,2026-01-25,企业认证,非权益,87.9,四线城市,SME,500-999人,产品
USR_000242,,,,,,2026-01-14,2026-01-14,2026-01-14,急聘推广,权益,13.9,四线城市,SME,500-999人,产品
USR_000242,USR_000242,,USR_000242,,,2026-02-12,2026-02-12,2026-02-12,简历搜索,非权益,36.1,四线城市,SME,500-999人,产品
USR_000242,USR_000242,,USR_000242,,,2026-02-07,2026-02-07,2026-02-07,简历搜索,非权益,12.6,四线城市,SME,500-999人,产品
USR_000242,USR_000242,,,,,2026-01-08,2026-01-08,2026-01-08,企业认证,非权益,10.3,四线城市,SME,500-999人,产品
USR_000242,,USR_000242,,,,2026-02-25,2026-02-25,2026-02-25,职位发布,非权益,5.9,四线城市,SME,500-999人,产品
USR_000242,USR_000242,,,,,2026-01-18,2026-01-18,2026-01-18,急聘推广,权益,11.0,四线城市,SME,500-999人,产品
USR_000243,USR_000243,,,,,2026-01-13,2026-01-13,2026-01-13,急聘推广,权益,20.7,一线城市,SME,50-99人,研发
USR_000243,USR_000243,,,,,2026-01-09,2026-01-09,2026-01-09,权益礼包,权益,16.1,一线城市,SME,50-99人,研发
USR_000243,USR_000243,,,,,2026-01-09,2026-01-09,2026-01-09,权益礼包,权益,18.2,一线城市,SME,50-99人,研发
USR_000243,,,,USR_000243,,2026-02-24,2026-02-24,2026-02-24,在线沟通,非权益,8.6,一线城市,SME,50-99人,研发
USR_000243,USR_000243,,,,,2026-01-07,2026-01-07,2026-01-07,企业认证,非权益,15.3,一线城市,SME,50-99人,研发
USR_000243,,,,,,2026-02-16,2026-02-16,2026-02-16,急聘推广,权益,25.7,一线城市,SME,50-99人,研发
USR_000243,USR_000243,,,,,2026-02-20,2026-02-20,2026-02-20,急聘推广,权益,48.4,一线城市,SME,50-99人,研发
USR_000244,,USR_000244,,,,2026-01-19,2026-01-19,2026-01-19,职位发布,非权益,10.2,三线城市,SME,10000人以上,市场
USR_000244,USR_000244,,,,,2026-02-12,2026-02-12,2026-02-12,置顶刷新,权益,21.8,三线城市,SME,10000人以上,市场
USR_000244,,,,,,2026-02-27,2026-02-27,2026-02-27,企业认证,非权益,35.3,三线城市,SME,10000人以上,市场
USR_000244,USR_000244,,,,,2026-01-26,2026-01-26,2026-01-26,权益礼包,权益,5.5,三线城市,SME,10000人以上,市场
USR_000244,USR_000244,USR_000244,,,,2026-01-20,2026-01-20,2026-01-20,职位发布,非权益,27.3,三线城市,SME,10000人以上,市场
USR_000244,USR_000244,,,USR_000244,,2026-01-15,2026-01-15,2026-01-15,在线沟通,非权益,29.8,三线城市,SME,10000人以上,市场
USR_000244,USR_000244,,,,,2026-02-09,2026-02-09,2026-02-09,急聘推广,权益,33.1,三线城市,SME,10000人以上,市场
USR_000244,USR_000244,,,,USR_000244,2026-02-20,2026-02-20,2026-02-20,简历查看,非权益,18.7,三线城市,SME,10000人以上,市场
USR_000244,,,,,,2026-03-01,2026-03-01,2026-03-01,置顶刷新,权益,27.9,三线城市,SME,10000人以上,市场
USR_000244,USR_000244,,,,,2026-02-24,2026-02-24,2026-02-24,急聘推广,权益,6.3,三线城市,SME,10000人以上,市场
USR_000244,,,,,,2026-02-24,2026-02-24,2026-02-24,置顶刷新,权益,8.3,三线城市,SME,10000人以上,市场
USR_000244,,,,,,2026-01-09,2026-01-09,2026-01-09,权益礼包,权益,12.2,三线城市,SME,10000人以上,市场
USR_000244,USR_000244,,,,,2026-02-25,2026-02-25,2026-02-25,权益礼包,权益,40.6,三线城市,SME,10000人以上,市场
USR_000244,,,,,,2026-01-26,2026-01-26,2026-01-26,权益礼包,权益,21.5,三线城市,SME,10000人以上,市场
USR_000244,USR_000244,,,USR_000244,,2026-02-07,2026-02-07,2026-02-07,在线沟通,非权益,7.4,三线城市,SME,10000人以上,市场
USR_000244,,,,,,2026-01-18,2026-01-18,2026-01-18,急聘推广,权益,15.6,三线城市,SME,10000人以上,市场
USR_000244,,,,USR_000244,,2026-02-22,2026-02-22,2026-02-22,在线沟通,非权益,5.8,三线城市,SME,10000人以上,市场
USR_000244,,,,,USR_000244,2026-02-07,2026-02-07,2026-02-07,简历查看,非权益,14.1,三线城市,SME,10000人以上,市场
USR_000244,,,,,,2026-02-17,2026-02-17,2026-02-17,权益礼包,权益,12.4,三线城市,SME,10000人以上,市场
USR_000244,,USR_000244,,,,2026-02-20,2026-02-20,2026-02-20,职位发布,非权益,21.1,三线城市,SME,10000人以上,市场
USR_000244,,,,,USR_000244,2026-02-07,2026-02-07,2026-02-07,简历查看,非权益,6.2,三线城市,SME,10000人以上,市场
USR_000244,USR_000244,USR_000244,,,,2026-01-20,2026-01-20,2026-01-20,职位发布,非权益,12.0,三线城市,SME,10000人以上,市场
USR_000245,USR_000245,,,,,2026-02-15,2026-02-15,2026-02-15,置顶刷新,权益,20.4,一线城市,SME,1000-2000人,财务
USR_000245,,,,USR_000245,,2026-01-27,2026-01-27,2026-01-27,在线沟通,非权益,17.8,一线城市,SME,1000-2000人,财务
USR_000245,,,,USR_000245,,2026-02-15,2026-02-15,2026-02-15,在线沟通,非权益,11.7,一线城市,SME,1000-2000人,财务
USR_000245,USR_000245,,,,,2026-02-19,2026-02-19,2026-02-19,企业认证,非权益,62.2,一线城市,SME,1000-2000人,财务
USR_000245,USR_000245,,USR_000245,,,2026-01-31,2026-01-31,2026-01-31,简历搜索,非权益,5.9,一线城市,SME,1000-2000人,财务
USR_000245,,USR_000245,,,,2026-02-21,2026-02-21,2026-02-21,职位发布,非权益,15.2,一线城市,SME,1000-2000人,财务
USR_000245,USR_000245,,,,,2026-01-22,2026-01-22,2026-01-22,企业认证,非权益,22.9,一线城市,SME,1000-2000人,财务
USR_000245,USR_000245,,,,,2026-02-28,2026-02-28,2026-02-28,急聘推广,权益,12.9,一线城市,SME,1000-2000人,财务
USR_000245,,,,,,2026-02-25,2026-02-25,2026-02-25,权益礼包,权益,72.5,一线城市,SME,1000-2000人,财务
USR_000245,USR_000245,,,,,2026-02-13,2026-02-13,2026-02-13,急聘推广,权益,36.2,一线城市,SME,1000-2000人,财务
USR_000245,,USR_000245,,,,2026-02-13,2026-02-13,2026-02-13,职位发布,非权益,16.5,一线城市,SME,1000-2000人,财务
USR_000245,USR_000245,USR_000245,,,,2026-02-21,2026-02-21,2026-02-21,职位发布,非权益,12.0,一线城市,SME,1000-2000人,财务
USR_000245,,USR_000245,,,,2026-02-22,2026-02-22,2026-02-22,职位发布,非权益,34.2,一线城市,SME,1000-2000人,财务
USR_000245,,,,,,2026-01-30,2026-01-30,2026-01-30,置顶刷新,权益,22.7,一线城市,SME,1000-2000人,财务
USR_000245,USR_000245,,,USR_000245,,2026-02-27,2026-02-27,2026-02-27,在线沟通,非权益,40.4,一线城市,SME,1000-2000人,财务
USR_000245,USR_000245,,,USR_000245,,2026-01-22,2026-01-22,2026-01-22,在线沟通,非权益,21.9,一线城市,SME,1000-2000人,财务
USR_000245,USR_000245,,USR_000245,,,2026-02-27,2026-02-27,2026-02-27,简历搜索,非权益,8.9,一线城市,SME,1000-2000人,财务
USR_000245,USR_000245,,USR_000245,,,2026-01-09,2026-01-09,2026-01-09,简历搜索,非权益,48.6,一线城市,SME,1000-2000人,财务
USR_000245,USR_000245,,,,,2026-02-01,2026-02-01,2026-02-01,置顶刷新,权益,23.8,一线城市,SME,1000-2000人,财务
USR_000245,,,,,,2026-02-23,2026-02-23,2026-02-23,急聘推广,权益,41.6,一线城市,SME,1000-2000人,财务
USR_000245,,,,,,2026-02-16,2026-02-16,2026-02-16,权益礼包,权益,7.7,一线城市,SME,1000-2000人,财务
USR_000246,,,,,,2026-01-28,2026-01-28,2026-01-28,企业认证,非权益,7.6,四线城市,SME,500-999人,销售
USR_000246,USR_000246,USR_000246,,,,2026-02-04,2026-02-04,2026-02-04,职位发布,非权益,11.2,四线城市,SME,500-999人,销售
USR_000246,,,,,,2026-01-24,2026-01-24,2026-01-24,企业认证,非权益,64.0,四线城市,SME,500-999人,销售
USR_000246,,,USR_000246,,,2026-01-17,2026-01-17,2026-01-17,简历搜索,非权益,18.4,四线城市,SME,500-999人,销售
USR_000246,USR_000246,,,,,2026-01-12,2026-01-12,2026-01-12,企业认证,非权益,19.6,四线城市,SME,500-999人,销售
USR_000247,USR_000247,,,,USR_000247,2026-01-28,2026-01-28,2026-01-28,简历查看,非权益,53.4,四线城市,SME,50-99人,产品
USR_000247,,,,,,2026-02-10,2026-02-10,2026-02-10,置顶刷新,权益,8.3,四线城市,SME,50-99人,产品
USR_000247,USR_000247,,USR_000247,,,2026-01-29,2026-01-29,2026-01-29,简历搜索,非权益,10.3,四线城市,SME,50-99人,产品
USR_000247,USR_000247,,USR_000247,,,2026-01-28,2026-01-28,2026-01-28,简历搜索,非权益,25.9,四线城市,SME,50-99人,产品
USR_000247,USR_000247,,,,USR_000247,2026-01-19,2026-01-19,2026-01-19,简历查看,非权益,79.0,四线城市,SME,50-99人,产品
USR_000247,USR_000247,,,USR_000247,,2026-02-03,2026-02-03,2026-02-03,在线沟通,非权益,11.9,四线城市,SME,50-99人,产品
USR_000247,USR_000247,USR_000247,,,,2026-01-07,2026-01-07,2026-01-07,职位发布,非权益,21.5,四线城市,SME,50-99人,产品
USR_000247,USR_000247,,,,USR_000247,2026-02-21,2026-02-21,2026-02-21,简历查看,非权益,10.8,四线城市,SME,50-99人,产品
USR_000247,,,,,,2026-01-26,2026-01-26,2026-01-26,权益礼包,权益,27.6,四线城市,SME,50-99人,产品
USR_000247,USR_000247,USR_000247,,,,2026-02-22,2026-02-22,2026-02-22,职位发布,非权益,27.4,四线城市,SME,50-99人,产品
USR_000247,USR_000247,,,USR_000247,,2026-01-09,2026-01-09,2026-01-09,在线沟通,非权益,10.4,四线城市,SME,50-99人,产品
USR_000247,USR_000247,,,,,2026-01-09,2026-01-09,2026-01-09,急聘推广,权益,16.2,四线城市,SME,50-99人,产品
USR_000247,,USR_000247,,,,2026-01-27,2026-01-27,2026-01-27,职位发布,非权益,6.4,四线城市,SME,50-99人,产品
USR_000247,,,,,,2026-02-12,2026-02-12,2026-02-12,置顶刷新,权益,15.3,四线城市,SME,50-99人,产品
USR_000247,USR_000247,,,,,2026-01-20,2026-01-20,2026-01-20,置顶刷新,权益,59.2,四线城市,SME,50-99人,产品
USR_000248,,,,,,2026-01-22,2026-01-22,2026-01-22,企业认证,非权益,7.0,一线城市,KA,1000-2000人,财务
USR_000248,USR_000248,,USR_000248,,,2026-01-08,2026-01-08,2026-01-08,简历搜索,非权益,33.9,一线城市,KA,1000-2000人,财务
USR_000248,,,,,,2026-03-01,2026-03-01,2026-03-01,企业认证,非权益,6.3,一线城市,KA,1000-2000人,财务
USR_000248,USR_000248,,USR_000248,,,2026-01-27,2026-01-27,2026-01-27,简历搜索,非权益,43.6,一线城市,KA,1000-2000人,财务
USR_000248,,,,,,2026-02-25,2026-02-25,2026-02-25,权益礼包,权益,16.7,一线城市,KA,1000-2000人,财务
USR_000248,USR_000248,,,,USR_000248,2026-02-15,2026-02-15,2026-02-15,简历查看,非权益,8.7,一线城市,KA,1000-2000人,财务
USR_000249,,,,,,2026-01-05,2026-01-05,2026-01-05,企业认证,非权益,12.1,二线城市,KA,5000-10000人,行政
USR_000249,USR_000249,,,USR_000249,,2026-02-18,2026-02-18,2026-02-18,在线沟通,非权益,24.4,二线城市,KA,5000-10000人,行政
USR_000249,,,,,,2026-01-27,2026-01-27,2026-01-27,置顶刷新,权益,7.6,二线城市,KA,5000-10000人,行政
USR_000249,USR_000249,USR_000249,,,,2026-01-26,2026-01-26,2026-01-26,职位发布,非权益,12.8,二线城市,KA,5000-10000人,行政
USR_000249,USR_000249,USR_000249,,,,2026-02-05,2026-02-05,2026-02-05,职位发布,非权益,13.2,二线城市,KA,5000-10000人,行政
USR_000249,USR_000249,,USR_000249,,,2026-01-14,2026-01-14,2026-01-14,简历搜索,非权益,6.8,二线城市,KA,5000-10000人,行政
USR_000249,USR_000249,,,,USR_000249,2026-01-10,2026-01-10,2026-01-10,简历查看,非权益,39.3,二线城市,KA,5000-10000人,行政
USR_000249,,,,,,2026-01-28,2026-01-28,2026-01-28,权益礼包,权益,18.4,二线城市,KA,5000-10000人,行政
USR_000249,USR_000249,USR_000249,,,,2026-01-04,2026-01-04,2026-01-04,职位发布,非权益,5.5,二线城市,KA,5000-10000人,行政
USR_000249,USR_000249,,USR_000249,,,2026-03-01,2026-03-01,2026-03-01,简历搜索,非权益,33.8,二线城市,KA,5000-10000人,行政
USR_000249,USR_000249,USR_000249,,,,2026-02-20,2026-02-20,2026-02-20,职位发布,非权益,32.5,二线城市,KA,5000-10000人,行政
USR_000249,USR_000249,,,,USR_000249,2026-02-20,2026-02-20,2026-02-20,简历查看,非权益,14.0,二线城市,KA,5000-10000人,行政
USR_000249,USR_000249,,,USR_000249,,2026-01-20,2026-01-20,2026-01-20,在线沟通,非权益,30.1,二线城市,KA,5000-10000人,行政
USR_000249,USR_000249,,,,,2026-01-29,2026-01-29,2026-01-29,企业认证,非权益,5.3,二线城市,KA,5000-10000人,行政
USR_000249,USR_000249,,,,USR_000249,2026-02-08,2026-02-08,2026-02-08,简历查看,非权益,18.0,二线城市,KA,5000-10000人,行政
USR_000249,,,,,,2026-01-22,2026-01-22,2026-01-22,企业认证,非权益,12.0,二线城市,KA,5000-10000人,行政
USR_000249,USR_000249,,,,USR_000249,2026-01-29,2026-01-29,2026-01-29,简历查看,非权益,30.1,二线城市,KA,5000-10000人,行政
USR_000249,USR_000249,,USR_000249,,,2026-02-22,2026-02-22,2026-02-22,简历搜索,非权益,17.4,二线城市,KA,5000-10000人,行政
USR_000250,,USR_000250,,,,2026-02-09,2026-02-09,2026-02-09,职位发布,非权益,10.2,一线城市,KA,1000-2000人,客服
USR_000250,USR_000250,,,,USR_000250,2026-01-07,2026-01-07,2026-01-07,简历查看,非权益,7.3,一线城市,KA,1000-2000人,客服
USR_000250,USR_000250,,,,,2026-01-26,2026-01-26,2026-01-26,急聘推广,权益,147.5,一线城市,KA,1000-2000人,客服
USR_000250,,,,,,2026-02-23,2026-02-23,2026-02-23,企业认证,非权益,5.0,一线城市,KA,1000-2000人,客服
USR_000250,USR_000250,,,USR_000250,,2026-01-30,2026-01-30,2026-01-30,在线沟通,非权益,24.8,一线城市,KA,1000-2000人,客服
USR_000250,USR_000250,,,,,2026-01-16,2026-01-16,2026-01-16,权益礼包,权益,15.5,一线城市,KA,1000-2000人,客服
USR_000250,USR_000250,,,,,2026-01-31,2026-01-31,2026-01-31,急聘推广,权益,16.8,一线城市,KA,1000-2000人,客服
USR_000250,USR_000250,USR_000250,,,,2026-01-11,2026-01-11,2026-01-11,职位发布,非权益,24.9,一线城市,KA,1000-2000人,客服
USR_000250,USR_000250,,USR_000250,,,2026-02-15,2026-02-15,2026-02-15,简历搜索,非权益,46.0,一线城市,KA,1000-2000人,客服
USR_000250,USR_000250,,USR_000250,,,2026-01-22,2026-01-22,2026-01-22,简历搜索,非权益,15.2,一线城市,KA,1000-2000人,客服
USR_000250,,,,,,2026-01-05,2026-01-05,2026-01-05,企业认证,非权益,25.0,一线城市,KA,1000-2000人,客服
USR_000250,USR_000250,,USR_000250,,,2026-01-01,2026-01-01,2026-01-01,简历搜索,非权益,10.2,一线城市,KA,1000-2000人,客服
USR_000250,USR_000250,,,,USR_000250,2026-02-15,2026-02-15,2026-02-15,简历查看,非权益,23.6,一线城市,KA,1000-2000人,客服
USR_000250,USR_000250,,,,,2026-01-06,2026-01-06,2026-01-06,权益礼包,权益,57.9,一线城市,KA,1000-2000人,客服
USR_000250,USR_000250,,,,,2026-02-08,2026-02-08,2026-02-08,置顶刷新,权益,6.2,一线城市,KA,1000-2000人,客服
USR_000250,USR_000250,,,USR_000250,,2026-02-13,2026-02-13,2026-02-13,在线沟通,非权益,19.0,一线城市,KA,1000-2000人,客服
USR_000250,USR_000250,,,,USR_000250,2026-01-05,2026-01-05,2026-01-05,简历查看,非权益,12.9,一线城市,KA,1000-2000人,客服
USR_000250,USR_000250,,,USR_000250,,2026-01-22,2026-01-22,2026-01-22,在线沟通,非权益,58.5,一线城市,KA,1000-2000人,客服
USR_000250,USR_000250,,,,,2026-02-04,2026-02-04,2026-02-04,企业认证,非权益,28.1,一线城市,KA,1000-2000人,客服
USR_000250,USR_000250,,,,,2026-01-20,2026-01-20,2026-01-20,企业认证,非权益,7.6,一线城市,KA,1000-2000人,客服
USR_000250,USR_000250,,,USR_000250,,2026-01-04,2026-01-04,2026-01-04,在线沟通,非权益,35.5,一线城市,KA,1000-2000人,客服
USR_000251,USR_000251,USR_000251,,,,2026-02-07,2026-02-07,2026-02-07,职位发布,非权益,9.7,一线城市,KA,100-499人,客服
USR_000251,USR_000251,,,,,2026-01-15,2026-01-15,2026-01-15,权益礼包,权益,10.3,一线城市,KA,100-499人,客服
USR_000251,,,,,,2026-01-16,2026-01-16,2026-01-16,急聘推广,权益,20.4,一线城市,KA,100-499人,客服
USR_000251,USR_000251,,,,,2026-01-06,2026-01-06,2026-01-06,急聘推广,权益,16.6,一线城市,KA,100-499人,客服
USR_000251,USR_000251,,USR_000251,,,2026-02-09,2026-02-09,2026-02-09,简历搜索,非权益,41.5,一线城市,KA,100-499人,客服
USR_000251,USR_000251,,,USR_000251,,2026-01-05,2026-01-05,2026-01-05,在线沟通,非权益,39.8,一线城市,KA,100-499人,客服
USR_000252,USR_000252,,,,,2026-02-19,2026-02-19,2026-02-19,置顶刷新,权益,40.0,新一线城市,SME,5000-10000人,行政
USR_000252,USR_000252,,,USR_000252,,2026-02-09,2026-02-09,2026-02-09,在线沟通,非权益,11.1,新一线城市,SME,5000-10000人,行政
USR_000252,,,,,,2026-02-18,2026-02-18,2026-02-18,权益礼包,权益,17.9,新一线城市,SME,5000-10000人,行政
USR_000252,,,,USR_000252,,2026-01-22,2026-01-22,2026-01-22,在线沟通,非权益,12.5,新一线城市,SME,5000-10000人,行政
USR_000252,USR_000252,USR_000252,,,,2026-02-25,2026-02-25,2026-02-25,职位发布,非权益,6.6,新一线城市,SME,5000-10000人,行政
USR_000252,USR_000252,USR_000252,,,,2026-01-18,2026-01-18,2026-01-18,职位发布,非权益,30.2,新一线城市,SME,5000-10000人,行政
USR_000252,USR_000252,,,,,2026-02-25,2026-02-25,2026-02-25,急聘推广,权益,6.2,新一线城市,SME,5000-10000人,行政
USR_000253,USR_000253,,,,,2026-01-21,2026-01-21,2026-01-21,权益礼包,权益,37.3,一线城市,SME,50-99人,研发
USR_000253,,,,USR_000253,,2026-01-06,2026-01-06,2026-01-06,在线沟通,非权益,6.5,一线城市,SME,50-99人,研发
USR_000253,USR_000253,,USR_000253,,,2026-01-29,2026-01-29,2026-01-29,简历搜索,非权益,14.4,一线城市,SME,50-99人,研发
USR_000253,USR_000253,,,,USR_000253,2026-01-24,2026-01-24,2026-01-24,简历查看,非权益,30.4,一线城市,SME,50-99人,研发
USR_000253,USR_000253,,,,,2026-01-04,2026-01-04,2026-01-04,企业认证,非权益,28.7,一线城市,SME,50-99人,研发
USR_000253,USR_000253,,USR_000253,,,2026-02-14,2026-02-14,2026-02-14,简历搜索,非权益,37.4,一线城市,SME,50-99人,研发
USR_000253,USR_000253,,,,,2026-01-24,2026-01-24,2026-01-24,急聘推广,权益,8.0,一线城市,SME,50-99人,研发
USR_000253,USR_000253,USR_000253,,,,2026-01-10,2026-01-10,2026-01-10,职位发布,非权益,7.5,一线城市,SME,50-99人,研发
USR_000253,USR_000253,USR_000253,,,,2026-01-19,2026-01-19,2026-01-19,职位发布,非权益,21.0,一线城市,SME,50-99人,研发
USR_000253,USR_000253,,,,,2026-02-21,2026-02-21,2026-02-21,置顶刷新,权益,21.9,一线城市,SME,50-99人,研发
USR_000253,USR_000253,,,,,2026-02-10,2026-02-10,2026-02-10,权益礼包,权益,14.6,一线城市,SME,50-99人,研发
USR_000253,USR_000253,,,,,2026-01-11,2026-01-11,2026-01-11,权益礼包,权益,15.2,一线城市,SME,50-99人,研发
USR_000253,USR_000253,,,,USR_000253,2026-01-08,2026-01-08,2026-01-08,简历查看,非权益,10.3,一线城市,SME,50-99人,研发
USR_000253,USR_000253,,,USR_000253,,2026-02-13,2026-02-13,2026-02-13,在线沟通,非权益,6.1,一线城市,SME,50-99人,研发
USR_000253,USR_000253,,,,USR_000253,2026-02-19,2026-02-19,2026-02-19,简历查看,非权益,16.3,一线城市,SME,50-99人,研发
USR_000253,USR_000253,,USR_000253,,,2026-01-30,2026-01-30,2026-01-30,简历搜索,非权益,5.2,一线城市,SME,50-99人,研发
USR_000254,,,,,,2026-02-11,2026-02-11,2026-02-11,置顶刷新,权益,9.7,四线城市,SME,50-99人,运营
USR_000254,USR_000254,,,,USR_000254,2026-01-20,2026-01-20,2026-01-20,简历查看,非权益,9.2,四线城市,SME,50-99人,运营
USR_000254,,,,USR_000254,,2026-02-01,2026-02-01,2026-02-01,在线沟通,非权益,6.0,四线城市,SME,50-99人,运营
USR_000254,,,,,,2026-01-28,2026-01-28,2026-01-28,急聘推广,权益,16.8,四线城市,SME,50-99人,运营
USR_000254,USR_000254,,,,,2026-02-11,2026-02-11,2026-02-11,权益礼包,权益,12.0,四线城市,SME,50-99人,运营
USR_000254,,,,,,2026-02-19,2026-02-19,2026-02-19,置顶刷新,权益,58.6,四线城市,SME,50-99人,运营
USR_000254,USR_000254,,,USR_000254,,2026-02-19,2026-02-19,2026-02-19,在线沟通,非权益,47.5,四线城市,SME,50-99人,运营
USR_000254,USR_000254,,,USR_000254,,2026-01-11,2026-01-11,2026-01-11,在线沟通,非权益,10.4,四线城市,SME,50-99人,运营
USR_000254,USR_000254,,,,,2026-01-25,2026-01-25,2026-01-25,企业认证,非权益,5.6,四线城市,SME,50-99人,运营
USR_000254,,,,USR_000254,,2026-01-28,2026-01-28,2026-01-28,在线沟通,非权益,8.2,四线城市,SME,50-99人,运营
USR_000254,,,USR_000254,,,2026-02-15,2026-02-15,2026-02-15,简历搜索,非权益,24.5,四线城市,SME,50-99人,运营
USR_000254,,,,,,2026-02-20,2026-02-20,2026-02-20,权益礼包,权益,45.9,四线城市,SME,50-99人,运营
USR_000254,USR_000254,,,USR_000254,,2026-01-30,2026-01-30,2026-01-30,在线沟通,非权益,7.9,四线城市,SME,50-99人,运营
USR_000254,USR_000254,,,,,2026-02-07,2026-02-07,2026-02-07,急聘推广,权益,8.9,四线城市,SME,50-99人,运营
USR_000254,,,,,,2026-01-17,2026-01-17,2026-01-17,置顶刷新,权益,10.1,四线城市,SME,50-99人,运营
USR_000254,,,,,,2026-02-05,2026-02-05,2026-02-05,企业认证,非权益,15.7,四线城市,SME,50-99人,运营
USR_000255,USR_000255,,USR_000255,,,2026-02-05,2026-02-05,2026-02-05,简历搜索,非权益,21.1,二线城市,SME,500-999人,行政
USR_000255,USR_000255,,,,,2026-01-12,2026-01-12,2026-01-12,企业认证,非权益,11.4,二线城市,SME,500-999人,行政
USR_000255,USR_000255,,,,,2026-02-25,2026-02-25,2026-02-25,企业认证,非权益,5.8,二线城市,SME,500-999人,行政
USR_000255,USR_000255,USR_000255,,,,2026-01-25,2026-01-25,2026-01-25,职位发布,非权益,24.4,二线城市,SME,500-999人,行政
USR_000255,,,,USR_000255,,2026-01-08,2026-01-08,2026-01-08,在线沟通,非权益,16.8,二线城市,SME,500-999人,行政
USR_000255,USR_000255,USR_000255,,,,2026-01-07,2026-01-07,2026-01-07,职位发布,非权益,52.0,二线城市,SME,500-999人,行政
USR_000255,USR_000255,,,,,2026-02-06,2026-02-06,2026-02-06,置顶刷新,权益,19.9,二线城市,SME,500-999人,行政
USR_000255,USR_000255,,,USR_000255,,2026-02-26,2026-02-26,2026-02-26,在线沟通,非权益,21.1,二线城市,SME,500-999人,行政
USR_000255,USR_000255,,,,,2026-01-31,2026-01-31,2026-01-31,置顶刷新,权益,7.7,二线城市,SME,500-999人,行政
USR_000255,USR_000255,,,,,2026-01-03,2026-01-03,2026-01-03,置顶刷新,权益,96.0,二线城市,SME,500-999人,行政
USR_000255,USR_000255,,,USR_000255,,2026-01-20,2026-01-20,2026-01-20,在线沟通,非权益,42.7,二线城市,SME,500-999人,行政
USR_000255,USR_000255,USR_000255,,,,2026-01-15,2026-01-15,2026-01-15,职位发布,非权益,40.5,二线城市,SME,500-999人,行政
USR_000255,USR_000255,,,,,2026-02-21,2026-02-21,2026-02-21,急聘推广,权益,45.1,二线城市,SME,500-999人,行政
USR_000255,,,,,,2026-02-16,2026-02-16,2026-02-16,权益礼包,权益,5.9,二线城市,SME,500-999人,行政
USR_000256,,,,,,2026-01-02,2026-01-02,2026-01-02,权益礼包,权益,16.3,三线城市,KA,100-499人,客服
USR_000256,,USR_000256,,,,2026-01-06,2026-01-06,2026-01-06,职位发布,非权益,17.1,三线城市,KA,100-499人,客服
USR_000256,USR_000256,USR_000256,,,,2026-02-08,2026-02-08,2026-02-08,职位发布,非权益,14.7,三线城市,KA,100-499人,客服
USR_000256,USR_000256,,,,USR_000256,2026-01-22,2026-01-22,2026-01-22,简历查看,非权益,10.6,三线城市,KA,100-499人,客服
USR_000257,USR_000257,,USR_000257,,,2026-02-21,2026-02-21,2026-02-21,简历搜索,非权益,7.3,三线城市,KA,2000-5000人,运营
USR_000257,USR_000257,USR_000257,,,,2026-02-03,2026-02-03,2026-02-03,职位发布,非权益,11.7,三线城市,KA,2000-5000人,运营
USR_000257,,,,,,2026-01-01,2026-01-01,2026-01-01,权益礼包,权益,8.3,三线城市,KA,2000-5000人,运营
USR_000257,,USR_000257,,,,2026-01-18,2026-01-18,2026-01-18,职位发布,非权益,19.0,三线城市,KA,2000-5000人,运营
USR_000257,USR_000257,,,,,2026-01-18,2026-01-18,2026-01-18,权益礼包,权益,21.3,三线城市,KA,2000-5000人,运营
USR_000257,USR_000257,,,,,2026-02-05,2026-02-05,2026-02-05,急聘推广,权益,10.2,三线城市,KA,2000-5000人,运营
USR_000257,USR_000257,,USR_000257,,,2026-01-24,2026-01-24,2026-01-24,简历搜索,非权益,10.2,三线城市,KA,2000-5000人,运营
USR_000257,,,,,USR_000257,2026-02-07,2026-02-07,2026-02-07,简历查看,非权益,5.9,三线城市,KA,2000-5000人,运营
USR_000257,USR_000257,,,,,2026-02-19,2026-02-19,2026-02-19,置顶刷新,权益,6.5,三线城市,KA,2000-5000人,运营
USR_000257,USR_000257,,,,,2026-02-07,2026-02-07,2026-02-07,置顶刷新,权益,19.5,三线城市,KA,2000-5000人,运营
USR_000257,,,,,,2026-01-04,2026-01-04,2026-01-04,权益礼包,权益,64.6,三线城市,KA,2000-5000人,运营
USR_000257,,,USR_000257,,,2026-01-14,2026-01-14,2026-01-14,简历搜索,非权益,5.2,三线城市,KA,2000-5000人,运营
USR_000258,USR_000258,,,,,2026-02-13,2026-02-13,2026-02-13,置顶刷新,权益,15.5,一线城市,SME,1000-2000人,运营
USR_000258,USR_000258,,,,,2026-01-09,2026-01-09,2026-01-09,企业认证,非权益,15.4,一线城市,SME,1000-2000人,运营
USR_000258,,,,,,2026-02-09,2026-02-09,2026-02-09,权益礼包,权益,7.0,一线城市,SME,1000-2000人,运营
USR_000258,USR_000258,,,,,2026-02-09,2026-02-09,2026-02-09,置顶刷新,权益,29.4,一线城市,SME,1000-2000人,运营
USR_000258,USR_000258,,,,USR_000258,2026-01-14,2026-01-14,2026-01-14,简历查看,非权益,16.4,一线城市,SME,1000-2000人,运营
USR_000258,,,,USR_000258,,2026-01-24,2026-01-24,2026-01-24,在线沟通,非权益,36.5,一线城市,SME,1000-2000人,运营
USR_000258,,,,,,2026-02-20,2026-02-20,2026-02-20,急聘推广,权益,10.7,一线城市,SME,1000-2000人,运营
USR_000258,,,,,USR_000258,2026-01-24,2026-01-24,2026-01-24,简历查看,非权益,13.1,一线城市,SME,1000-2000人,运营
USR_000258,USR_000258,,,,,2026-02-04,2026-02-04,2026-02-04,急聘推广,权益,33.0,一线城市,SME,1000-2000人,运营
USR_000258,USR_000258,,,USR_000258,,2026-01-28,2026-01-28,2026-01-28,在线沟通,非权益,24.2,一线城市,SME,1000-2000人,运营
USR_000258,USR_000258,,,,,2026-02-28,2026-02-28,2026-02-28,企业认证,非权益,5.6,一线城市,SME,1000-2000人,运营
USR_000258,USR_000258,,,,,2026-01-12,2026-01-12,2026-01-12,权益礼包,权益,42.7,一线城市,SME,1000-2000人,运营
USR_000258,USR_000258,,,,USR_000258,2026-02-26,2026-02-26,2026-02-26,简历查看,非权益,30.2,一线城市,SME,1000-2000人,运营
USR_000258,,,,,,2026-02-25,2026-02-25,2026-02-25,权益礼包,权益,9.1,一线城市,SME,1000-2000人,运营
USR_000258,USR_000258,,,USR_000258,,2026-01-21,2026-01-21,2026-01-21,在线沟通,非权益,5.3,一线城市,SME,1000-2000人,运营
USR_000258,,,,,,2026-02-22,2026-02-22,2026-02-22,急聘推广,权益,14.2,一线城市,SME,1000-2000人,运营
USR_000258,,,USR_000258,,,2026-01-14,2026-01-14,2026-01-14,简历搜索,非权益,31.9,一线城市,SME,1000-2000人,运营
USR_000258,USR_000258,,,,,2026-01-11,2026-01-11,2026-01-11,企业认证,非权益,25.4,一线城市,SME,1000-2000人,运营
USR_000258,USR_000258,,,,,2026-01-20,2026-01-20,2026-01-20,急聘推广,权益,10.3,一线城市,SME,1000-2000人,运营
USR_000259,USR_000259,,,,USR_000259,2026-02-18,2026-02-18,2026-02-18,简历查看,非权益,6.6,新一线城市,SME,2000-5000人,财务
USR_000259,USR_000259,,,,,2026-02-01,2026-02-01,2026-02-01,置顶刷新,权益,8.1,新一线城市,SME,2000-5000人,财务
USR_000259,,,,USR_000259,,2026-01-22,2026-01-22,2026-01-22,在线沟通,非权益,35.1,新一线城市,SME,2000-5000人,财务
USR_000259,,,,,,2026-01-20,2026-01-20,2026-01-20,企业认证,非权益,15.2,新一线城市,SME,2000-5000人,财务
USR_000259,USR_000259,,,USR_000259,,2026-02-17,2026-02-17,2026-02-17,在线沟通,非权益,8.5,新一线城市,SME,2000-5000人,财务
USR_000259,USR_000259,,,,,2026-01-29,2026-01-29,2026-01-29,置顶刷新,权益,62.6,新一线城市,SME,2000-5000人,财务
USR_000259,USR_000259,,,,USR_000259,2026-02-17,2026-02-17,2026-02-17,简历查看,非权益,46.8,新一线城市,SME,2000-5000人,财务
USR_000259,USR_000259,,,USR_000259,,2026-02-01,2026-02-01,2026-02-01,在线沟通,非权益,12.8,新一线城市,SME,2000-5000人,财务
USR_000259,USR_000259,,,,,2026-01-17,2026-01-17,2026-01-17,急聘推广,权益,17.0,新一线城市,SME,2000-5000人,财务
USR_000259,,,,,,2026-02-27,2026-02-27,2026-02-27,企业认证,非权益,27.8,新一线城市,SME,2000-5000人,财务
USR_000259,USR_000259,,,,,2026-01-12,2026-01-12,2026-01-12,置顶刷新,权益,55.8,新一线城市,SME,2000-5000人,财务
USR_000259,USR_000259,,,,USR_000259,2026-01-31,2026-01-31,2026-01-31,简历查看,非权益,10.8,新一线城市,SME,2000-5000人,财务
USR_000259,USR_000259,USR_000259,,,,2026-02-16,2026-02-16,2026-02-16,职位发布,非权益,9.0,新一线城市,SME,2000-5000人,财务
USR_000259,USR_000259,,,,USR_000259,2026-02-22,2026-02-22,2026-02-22,简历查看,非权益,13.7,新一线城市,SME,2000-5000人,财务
USR_000259,USR_000259,,,,,2026-01-08,2026-01-08,2026-01-08,企业认证,非权益,18.8,新一线城市,SME,2000-5000人,财务
USR_000259,USR_000259,,USR_000259,,,2026-01-22,2026-01-22,2026-01-22,简历搜索,非权益,29.6,新一线城市,SME,2000-5000人,财务
USR_000259,USR_000259,,,,,2026-02-13,2026-02-13,2026-02-13,急聘推广,权益,6.2,新一线城市,SME,2000-5000人,财务
USR_000259,USR_000259,,,,,2026-01-01,2026-01-01,2026-01-01,企业认证,非权益,20.2,新一线城市,SME,2000-5000人,财务
USR_000259,,,,,,2026-01-11,2026-01-11,2026-01-11,权益礼包,权益,11.5,新一线城市,SME,2000-5000人,财务
USR_000259,USR_000259,,USR_000259,,,2026-01-20,2026-01-20,2026-01-20,简历搜索,非权益,35.8,新一线城市,SME,2000-5000人,财务
USR_000259,,USR_000259,,,,2026-01-22,2026-01-22,2026-01-22,职位发布,非权益,5.1,新一线城市,SME,2000-5000人,财务
USR_000259,USR_000259,,,,,2026-01-27,2026-01-27,2026-01-27,急聘推广,权益,7.3,新一线城市,SME,2000-5000人,财务
USR_000259,,,,,USR_000259,2026-01-16,2026-01-16,2026-01-16,简历查看,非权益,8.6,新一线城市,SME,2000-5000人,财务
USR_000259,USR_000259,,USR_000259,,,2026-02-03,2026-02-03,2026-02-03,简历搜索,非权益,37.4,新一线城市,SME,2000-5000人,财务
USR_000260,,,USR_000260,,,2026-02-09,2026-02-09,2026-02-09,简历搜索,非权益,11.1,二线城市,KA,10000人以上,客服
USR_000260,USR_000260,,,,,2026-02-19,2026-02-19,2026-02-19,权益礼包,权益,17.2,二线城市,KA,10000人以上,客服
USR_000260,USR_000260,,,,USR_000260,2026-01-08,2026-01-08,2026-01-08,简历查看,非权益,11.3,二线城市,KA,10000人以上,客服
USR_000260,USR_000260,,,,,2026-01-19,2026-01-19,2026-01-19,企业认证,非权益,23.2,二线城市,KA,10000人以上,客服
USR_000260,USR_000260,,,,,2026-01-10,2026-01-10,2026-01-10,企业认证,非权益,24.3,二线城市,KA,10000人以上,客服
USR_000260,USR_000260,,,,,2026-02-28,2026-02-28,2026-02-28,权益礼包,权益,5.6,二线城市,KA,10000人以上,客服
USR_000260,USR_000260,,,,,2026-01-31,2026-01-31,2026-01-31,权益礼包,权益,19.1,二线城市,KA,10000人以上,客服
USR_000260,USR_000260,,,,,2026-02-04,2026-02-04,2026-02-04,企业认证,非权益,17.5,二线城市,KA,10000人以上,客服
USR_000260,USR_000260,USR_000260,,,,2026-01-28,2026-01-28,2026-01-28,职位发布,非权益,24.9,二线城市,KA,10000人以上,客服
USR_000260,USR_000260,,,,,2026-02-07,2026-02-07,2026-02-07,权益礼包,权益,12.8,二线城市,KA,10000人以上,客服
USR_000260,,,,,,2026-02-15,2026-02-15,2026-02-15,急聘推广,权益,19.5,二线城市,KA,10000人以上,客服
USR_000260,,,,,,2026-02-10,2026-02-10,2026-02-10,置顶刷新,权益,46.8,二线城市,KA,10000人以上,客服
USR_000260,USR_000260,,,,,2026-01-30,2026-01-30,2026-01-30,置顶刷新,权益,13.2,二线城市,KA,10000人以上,客服
USR_000261,USR_000261,,,USR_000261,,2026-02-13,2026-02-13,2026-02-13,在线沟通,非权益,10.2,四线城市,KA,10000人以上,销售
USR_000261,USR_000261,,,,USR_000261,2026-02-24,2026-02-24,2026-02-24,简历查看,非权益,12.0,四线城市,KA,10000人以上,销售
USR_000261,,,,,,2026-02-23,2026-02-23,2026-02-23,权益礼包,权益,18.7,四线城市,KA,10000人以上,销售
USR_000261,,,,,,2026-02-27,2026-02-27,2026-02-27,权益礼包,权益,24.7,四线城市,KA,10000人以上,销售
USR_000261,,,,,,2026-02-24,2026-02-24,2026-02-24,置顶刷新,权益,15.3,四线城市,KA,10000人以上,销售
USR_000261,USR_000261,,,USR_000261,,2026-01-15,2026-01-15,2026-01-15,在线沟通,非权益,31.1,四线城市,KA,10000人以上,销售
USR_000261,USR_000261,,USR_000261,,,2026-02-15,2026-02-15,2026-02-15,简历搜索,非权益,26.3,四线城市,KA,10000人以上,销售
USR_000261,USR_000261,,,,,2026-02-07,2026-02-07,2026-02-07,企业认证,非权益,9.5,四线城市,KA,10000人以上,销售
USR_000262,USR_000262,,,,,2026-02-20,2026-02-20,2026-02-20,急聘推广,权益,11.9,三线城市,SME,5000-10000人,市场
USR_000262,,,,,,2026-02-22,2026-02-22,2026-02-22,企业认证,非权益,5.8,三线城市,SME,5000-10000人,市场
USR_000262,,,,,,2026-02-10,2026-02-10,2026-02-10,企业认证,非权益,11.6,三线城市,SME,5000-10000人,市场
USR_000262,USR_000262,,,,,2026-01-01,2026-01-01,2026-01-01,急聘推广,权益,7.2,三线城市,SME,5000-10000人,市场
USR_000262,,,,,USR_000262,2026-01-02,2026-01-02,2026-01-02,简历查看,非权益,23.6,三线城市,SME,5000-10000人,市场
USR_000262,USR_000262,,,,,2026-01-20,2026-01-20,2026-01-20,急聘推广,权益,57.2,三线城市,SME,5000-10000人,市场
USR_000262,USR_000262,,,,USR_000262,2026-02-15,2026-02-15,2026-02-15,简历查看,非权益,7.1,三线城市,SME,5000-10000人,市场
USR_000263,USR_000263,,,USR_000263,,2026-02-18,2026-02-18,2026-02-18,在线沟通,非权益,7.5,新一线城市,KA,1-49人,研发
USR_000263,,,,USR_000263,,2026-01-17,2026-01-17,2026-01-17,在线沟通,非权益,40.5,新一线城市,KA,1-49人,研发
USR_000263,USR_000263,,,,,2026-02-06,2026-02-06,2026-02-06,置顶刷新,权益,27.1,新一线城市,KA,1-49人,研发
USR_000263,USR_000263,,,USR_000263,,2026-02-24,2026-02-24,2026-02-24,在线沟通,非权益,31.2,新一线城市,KA,1-49人,研发
USR_000263,,,,,,2026-02-15,2026-02-15,2026-02-15,急聘推广,权益,10.5,新一线城市,KA,1-49人,研发
USR_000264,USR_000264,,,,USR_000264,2026-02-19,2026-02-19,2026-02-19,简历查看,非权益,8.1,四线城市,SME,1-49人,销售
USR_000264,,,USR_000264,,,2026-01-31,2026-01-31,2026-01-31,简历搜索,非权益,49.8,四线城市,SME,1-49人,销售
USR_000264,USR_000264,,USR_000264,,,2026-02-09,2026-02-09,2026-02-09,简历搜索,非权益,27.9,四线城市,SME,1-49人,销售
USR_000264,USR_000264,,,USR_000264,,2026-01-20,2026-01-20,2026-01-20,在线沟通,非权益,7.2,四线城市,SME,1-49人,销售
USR_000264,,,,,USR_000264,2026-01-30,2026-01-30,2026-01-30,简历查看,非权益,21.3,四线城市,SME,1-49人,销售
USR_000264,USR_000264,,,,,2026-01-01,2026-01-01,2026-01-01,权益礼包,权益,65.0,四线城市,SME,1-49人,销售
USR_000264,USR_000264,,,,,2026-02-20,2026-02-20,2026-02-20,置顶刷新,权益,5.3,四线城市,SME,1-49人,销售
USR_000264,,,,,,2026-01-15,2026-01-15,2026-01-15,置顶刷新,权益,66.9,四线城市,SME,1-49人,销售
USR_000264,USR_000264,,,,,2026-01-30,2026-01-30,2026-01-30,企业认证,非权益,13.1,四线城市,SME,1-49人,销售
USR_000264,USR_000264,,,,USR_000264,2026-02-16,2026-02-16,2026-02-16,简历查看,非权益,30.1,四线城市,SME,1-49人,销售
USR_000264,USR_000264,,,USR_000264,,2026-02-16,2026-02-16,2026-02-16,在线沟通,非权益,19.7,四线城市,SME,1-49人,销售
USR_000264,USR_000264,USR_000264,,,,2026-02-22,2026-02-22,2026-02-22,职位发布,非权益,9.4,四线城市,SME,1-49人,销售
USR_000264,USR_000264,,,,,2026-02-07,2026-02-07,2026-02-07,企业认证,非权益,15.3,四线城市,SME,1-49人,销售
USR_000264,USR_000264,,,,USR_000264,2026-01-12,2026-01-12,2026-01-12,简历查看,非权益,8.8,四线城市,SME,1-49人,销售
USR_000264,,,,USR_000264,,2026-01-29,2026-01-29,2026-01-29,在线沟通,非权益,41.5,四线城市,SME,1-49人,销售
USR_000264,USR_000264,,USR_000264,,,2026-01-02,2026-01-02,2026-01-02,简历搜索,非权益,13.6,四线城市,SME,1-49人,销售
USR_000265,USR_000265,,,,,2026-02-05,2026-02-05,2026-02-05,权益礼包,权益,15.3,二线城市,SME,1-49人,产品
USR_000265,USR_000265,,,,,2026-01-02,2026-01-02,2026-01-02,置顶刷新,权益,8.3,二线城市,SME,1-49人,产品
USR_000265,USR_000265,,,,,2026-02-14,2026-02-14,2026-02-14,置顶刷新,权益,32.9,二线城市,SME,1-49人,产品
USR_000265,,,,,USR_000265,2026-01-23,2026-01-23,2026-01-23,简历查看,非权益,26.0,二线城市,SME,1-49人,产品
USR_000265,,,,,USR_000265,2026-02-14,2026-02-14,2026-02-14,简历查看,非权益,68.5,二线城市,SME,1-49人,产品
USR_000265,,,,,,2026-01-18,2026-01-18,2026-01-18,企业认证,非权益,6.0,二线城市,SME,1-49人,产品
USR_000265,USR_000265,,,,,2026-02-06,2026-02-06,2026-02-06,置顶刷新,权益,17.1,二线城市,SME,1-49人,产品
USR_000265,,USR_000265,,,,2026-01-07,2026-01-07,2026-01-07,职位发布,非权益,11.3,二线城市,SME,1-49人,产品
USR_000265,USR_000265,,USR_000265,,,2026-01-04,2026-01-04,2026-01-04,简历搜索,非权益,36.1,二线城市,SME,1-49人,产品
USR_000265,USR_000265,USR_000265,,,,2026-01-17,2026-01-17,2026-01-17,职位发布,非权益,25.7,二线城市,SME,1-49人,产品
USR_000265,USR_000265,USR_000265,,,,2026-02-12,2026-02-12,2026-02-12,职位发布,非权益,11.2,二线城市,SME,1-49人,产品
USR_000265,,,,USR_000265,,2026-01-15,2026-01-15,2026-01-15,在线沟通,非权益,10.3,二线城市,SME,1-49人,产品
USR_000265,USR_000265,,,USR_000265,,2026-02-21,2026-02-21,2026-02-21,在线沟通,非权益,6.5,二线城市,SME,1-49人,产品
USR_000265,USR_000265,,,,,2026-02-02,2026-02-02,2026-02-02,企业认证,非权益,25.7,二线城市,SME,1-49人,产品
USR_000265,USR_000265,,,,,2026-02-06,2026-02-06,2026-02-06,权益礼包,权益,12.2,二线城市,SME,1-49人,产品
USR_000265,USR_000265,USR_000265,,,,2026-01-23,2026-01-23,2026-01-23,职位发布,非权益,64.3,二线城市,SME,1-49人,产品
USR_000265,,USR_000265,,,,2026-02-23,2026-02-23,2026-02-23,职位发布,非权益,15.0,二线城市,SME,1-49人,产品
USR_000265,,,,,,2026-01-20,2026-01-20,2026-01-20,企业认证,非权益,6.9,二线城市,SME,1-49人,产品
USR_000265,USR_000265,,,,,2026-02-20,2026-02-20,2026-02-20,急聘推广,权益,62.8,二线城市,SME,1-49人,产品
USR_000265,,USR_000265,,,,2026-01-24,2026-01-24,2026-01-24,职位发布,非权益,45.7,二线城市,SME,1-49人,产品
USR_000265,USR_000265,USR_000265,,,,2026-02-25,2026-02-25,2026-02-25,职位发布,非权益,40.6,二线城市,SME,1-49人,产品
USR_000265,USR_000265,,,,,2026-01-10,2026-01-10,2026-01-10,权益礼包,权益,5.5,二线城市,SME,1-49人,产品
USR_000266,USR_000266,,,,USR_000266,2026-01-28,2026-01-28,2026-01-28,简历查看,非权益,47.4,三线城市,SME,500-999人,产品
USR_000266,USR_000266,,,,,2026-02-02,2026-02-02,2026-02-02,置顶刷新,权益,6.5,三线城市,SME,500-999人,产品
USR_000266,USR_000266,USR_000266,,,,2026-02-01,2026-02-01,2026-02-01,职位发布,非权益,25.1,三线城市,SME,500-999人,产品
USR_000266,USR_000266,USR_000266,,,,2026-02-22,2026-02-22,2026-02-22,职位发布,非权益,25.9,三线城市,SME,500-999人,产品
USR_000266,,,,,,2026-01-06,2026-01-06,2026-01-06,企业认证,非权益,6.1,三线城市,SME,500-999人,产品
USR_000267,USR_000267,,,,,2026-02-11,2026-02-11,2026-02-11,权益礼包,权益,21.9,三线城市,SME,5000-10000人,市场
USR_000267,USR_000267,,,,,2026-01-28,2026-01-28,2026-01-28,置顶刷新,权益,36.8,三线城市,SME,5000-10000人,市场
USR_000267,USR_000267,,,,,2026-02-05,2026-02-05,2026-02-05,置顶刷新,权益,19.7,三线城市,SME,5000-10000人,市场
USR_000268,,,USR_000268,,,2026-01-30,2026-01-30,2026-01-30,简历搜索,非权益,16.9,三线城市,SME,500-999人,运营
USR_000268,USR_000268,,,,,2026-01-29,2026-01-29,2026-01-29,权益礼包,权益,14.7,三线城市,SME,500-999人,运营
USR_000268,USR_000268,,,,,2026-02-12,2026-02-12,2026-02-12,企业认证,非权益,19.3,三线城市,SME,500-999人,运营
USR_000268,USR_000268,,,,,2026-02-20,2026-02-20,2026-02-20,权益礼包,权益,10.7,三线城市,SME,500-999人,运营
USR_000268,USR_000268,,,,,2026-01-21,2026-01-21,2026-01-21,企业认证,非权益,43.9,三线城市,SME,500-999人,运营
USR_000268,USR_000268,,,,USR_000268,2026-01-15,2026-01-15,2026-01-15,简历查看,非权益,19.1,三线城市,SME,500-999人,运营
USR_000268,,,,,,2026-02-27,2026-02-27,2026-02-27,企业认证,非权益,8.1,三线城市,SME,500-999人,运营
USR_000268,USR_000268,USR_000268,,,,2026-02-28,2026-02-28,2026-02-28,职位发布,非权益,5.8,三线城市,SME,500-999人,运营
USR_000268,,,USR_000268,,,2026-01-02,2026-01-02,2026-01-02,简历搜索,非权益,13.7,三线城市,SME,500-999人,运营
USR_000268,USR_000268,,,,USR_000268,2026-02-15,2026-02-15,2026-02-15,简历查看,非权益,13.5,三线城市,SME,500-999人,运营
USR_000268,,,,,USR_000268,2026-01-29,2026-01-29,2026-01-29,简历查看,非权益,39.7,三线城市,SME,500-999人,运营
USR_000269,USR_000269,,USR_000269,,,2026-01-01,2026-01-01,2026-01-01,简历搜索,非权益,12.4,四线城市,SME,5000-10000人,研发
USR_000269,USR_000269,,,USR_000269,,2026-02-25,2026-02-25,2026-02-25,在线沟通,非权益,64.8,四线城市,SME,5000-10000人,研发
USR_000269,USR_000269,USR_000269,,,,2026-02-13,2026-02-13,2026-02-13,职位发布,非权益,7.3,四线城市,SME,5000-10000人,研发
USR_000269,USR_000269,,,,,2026-02-03,2026-02-03,2026-02-03,权益礼包,权益,9.6,四线城市,SME,5000-10000人,研发
USR_000270,USR_000270,,,,,2026-01-24,2026-01-24,2026-01-24,企业认证,非权益,15.8,三线城市,SME,5000-10000人,市场
USR_000270,USR_000270,,,,,2026-01-10,2026-01-10,2026-01-10,置顶刷新,权益,16.2,三线城市,SME,5000-10000人,市场
USR_000270,USR_000270,,,,USR_000270,2026-02-19,2026-02-19,2026-02-19,简历查看,非权益,5.8,三线城市,SME,5000-10000人,市场
USR_000270,,,,,USR_000270,2026-01-06,2026-01-06,2026-01-06,简历查看,非权益,20.0,三线城市,SME,5000-10000人,市场
USR_000270,,,,,,2026-02-08,2026-02-08,2026-02-08,置顶刷新,权益,16.2,三线城市,SME,5000-10000人,市场
USR_000270,USR_000270,,,,,2026-02-24,2026-02-24,2026-02-24,企业认证,非权益,9.5,三线城市,SME,5000-10000人,市场
USR_000270,USR_000270,,,,,2026-02-22,2026-02-22,2026-02-22,置顶刷新,权益,11.9,三线城市,SME,5000-10000人,市场
USR_000270,USR_000270,,,,,2026-02-26,2026-02-26,2026-02-26,权益礼包,权益,7.4,三线城市,SME,5000-10000人,市场
USR_000270,USR_000270,,,,,2026-02-23,2026-02-23,2026-02-23,置顶刷新,权益,7.1,三线城市,SME,5000-10000人,市场
USR_000270,USR_000270,,USR_000270,,,2026-01-03,2026-01-03,2026-01-03,简历搜索,非权益,8.8,三线城市,SME,5000-10000人,市场
USR_000271,USR_000271,USR_000271,,,,2026-02-25,2026-02-25,2026-02-25,职位发布,非权益,5.7,四线城市,SME,5000-10000人,财务
USR_000271,USR_000271,,,,,2026-02-04,2026-02-04,2026-02-04,急聘推广,权益,58.2,四线城市,SME,5000-10000人,财务
USR_000271,USR_000271,,,,,2026-02-21,2026-02-21,2026-02-21,急聘推广,权益,17.3,四线城市,SME,5000-10000人,财务
USR_000271,USR_000271,,USR_000271,,,2026-01-30,2026-01-30,2026-01-30,简历搜索,非权益,12.9,四线城市,SME,5000-10000人,财务
USR_000271,USR_000271,,,,,2026-02-04,2026-02-04,2026-02-04,权益礼包,权益,10.0,四线城市,SME,5000-10000人,财务
USR_000271,USR_000271,,,,,2026-02-05,2026-02-05,2026-02-05,急聘推广,权益,18.5,四线城市,SME,5000-10000人,财务
USR_000271,USR_000271,,,,,2026-02-14,2026-02-14,2026-02-14,权益礼包,权益,16.8,四线城市,SME,5000-10000人,财务
USR_000271,,,,,,2026-02-21,2026-02-21,2026-02-21,权益礼包,权益,10.6,四线城市,SME,5000-10000人,财务
USR_000271,,,USR_000271,,,2026-02-18,2026-02-18,2026-02-18,简历搜索,非权益,10.4,四线城市,SME,5000-10000人,财务
USR_000271,USR_000271,,,,,2026-01-16,2026-01-16,2026-01-16,权益礼包,权益,11.9,四线城市,SME,5000-10000人,财务
USR_000271,,,,USR_000271,,2026-02-03,2026-02-03,2026-02-03,在线沟通,非权益,44.9,四线城市,SME,5000-10000人,财务
USR_000271,,USR_000271,,,,2026-01-05,2026-01-05,2026-01-05,职位发布,非权益,7.5,四线城市,SME,5000-10000人,财务
USR_000271,,,,,,2026-01-21,2026-01-21,2026-01-21,急聘推广,权益,39.8,四线城市,SME,5000-10000人,财务
USR_000271,,,USR_000271,,,2026-02-06,2026-02-06,2026-02-06,简历搜索,非权益,13.1,四线城市,SME,5000-10000人,财务
USR_000271,,,,,,2026-01-24,2026-01-24,2026-01-24,急聘推广,权益,11.6,四线城市,SME,5000-10000人,财务
USR_000272,USR_000272,,,,,2026-02-27,2026-02-27,2026-02-27,置顶刷新,权益,6.3,一线城市,SME,500-999人,产品
USR_000272,USR_000272,,,,,2026-01-18,2026-01-18,2026-01-18,置顶刷新,权益,12.6,一线城市,SME,500-999人,产品
USR_000272,,,,,,2026-01-16,2026-01-16,2026-01-16,企业认证,非权益,48.5,一线城市,SME,500-999人,产品
USR_000272,,,,,,2026-02-25,2026-02-25,2026-02-25,置顶刷新,权益,11.9,一线城市,SME,500-999人,产品
USR_000272,USR_000272,,,,,2026-01-12,2026-01-12,2026-01-12,权益礼包,权益,31.3,一线城市,SME,500-999人,产品
USR_000272,USR_000272,,USR_000272,,,2026-01-17,2026-01-17,2026-01-17,简历搜索,非权益,36.1,一线城市,SME,500-999人,产品
USR_000272,,,,,,2026-02-25,2026-02-25,2026-02-25,企业认证,非权益,44.2,一线城市,SME,500-999人,产品
USR_000272,USR_000272,,USR_000272,,,2026-02-16,2026-02-16,2026-02-16,简历搜索,非权益,18.5,一线城市,SME,500-999人,产品
USR_000272,USR_000272,USR_000272,,,,2026-03-01,2026-03-01,2026-03-01,职位发布,非权益,10.2,一线城市,SME,500-999人,产品
USR_000272,USR_000272,,,USR_000272,,2026-02-15,2026-02-15,2026-02-15,在线沟通,非权益,59.3,一线城市,SME,500-999人,产品
USR_000272,USR_000272,,,,,2026-01-04,2026-01-04,2026-01-04,权益礼包,权益,6.0,一线城市,SME,500-999人,产品
USR_000272,USR_000272,USR_000272,,,,2026-01-10,2026-01-10,2026-01-10,职位发布,非权益,35.3,一线城市,SME,500-999人,产品
USR_000272,USR_000272,,,,USR_000272,2026-02-13,2026-02-13,2026-02-13,简历查看,非权益,45.0,一线城市,SME,500-999人,产品
USR_000272,USR_000272,,USR_000272,,,2026-02-10,2026-02-10,2026-02-10,简历搜索,非权益,5.8,一线城市,SME,500-999人,产品
USR_000272,USR_000272,,,,,2026-02-20,2026-02-20,2026-02-20,急聘推广,权益,59.3,一线城市,SME,500-999人,产品
USR_000272,USR_000272,,,USR_000272,,2026-01-14,2026-01-14,2026-01-14,在线沟通,非权益,7.8,一线城市,SME,500-999人,产品
USR_000272,,USR_000272,,,,2026-02-26,2026-02-26,2026-02-26,职位发布,非权益,5.7,一线城市,SME,500-999人,产品
USR_000272,USR_000272,,,,,2026-02-23,2026-02-23,2026-02-23,急聘推广,权益,22.3,一线城市,SME,500-999人,产品
USR_000273,,,,,,2026-01-09,2026-01-09,2026-01-09,置顶刷新,权益,11.0,一线城市,KA,50-99人,研发
USR_000273,USR_000273,,,USR_000273,,2026-01-25,2026-01-25,2026-01-25,在线沟通,非权益,30.4,一线城市,KA,50-99人,研发
USR_000274,,,,,,2026-02-06,2026-02-06,2026-02-06,企业认证,非权益,52.4,五线城市,SME,1-49人,客服
USR_000274,USR_000274,USR_000274,,,,2026-01-23,2026-01-23,2026-01-23,职位发布,非权益,16.2,五线城市,SME,1-49人,客服
USR_000274,,,,,USR_000274,2026-01-23,2026-01-23,2026-01-23,简历查看,非权益,6.7,五线城市,SME,1-49人,客服
USR_000274,USR_000274,,,,USR_000274,2026-02-04,2026-02-04,2026-02-04,简历查看,非权益,7.0,五线城市,SME,1-49人,客服
USR_000274,USR_000274,,,,,2026-01-23,2026-01-23,2026-01-23,置顶刷新,权益,23.2,五线城市,SME,1-49人,客服
USR_000274,,,,,USR_000274,2026-01-04,2026-01-04,2026-01-04,简历查看,非权益,13.5,五线城市,SME,1-49人,客服
USR_000274,,,USR_000274,,,2026-02-03,2026-02-03,2026-02-03,简历搜索,非权益,7.2,五线城市,SME,1-49人,客服
USR_000274,USR_000274,,,,,2026-02-03,2026-02-03,2026-02-03,急聘推广,权益,9.2,五线城市,SME,1-49人,客服
USR_000274,USR_000274,USR_000274,,,,2026-02-26,2026-02-26,2026-02-26,职位发布,非权益,26.4,五线城市,SME,1-49人,客服
USR_000275,USR_000275,,,,USR_000275,2026-01-03,2026-01-03,2026-01-03,简历查看,非权益,5.3,三线城市,KA,50-99人,客服
USR_000275,USR_000275,,,,,2026-02-22,2026-02-22,2026-02-22,权益礼包,权益,29.6,三线城市,KA,50-99人,客服
USR_000275,USR_000275,,USR_000275,,,2026-01-01,2026-01-01,2026-01-01,简历搜索,非权益,27.3,三线城市,KA,50-99人,客服
USR_000275,USR_000275,,,,USR_000275,2026-02-22,2026-02-22,2026-02-22,简历查看,非权益,47.2,三线城市,KA,50-99人,客服
USR_000275,USR_000275,,,USR_000275,,2026-01-04,2026-01-04,2026-01-04,在线沟通,非权益,43.0,三线城市,KA,50-99人,客服
USR_000276,USR_000276,,,USR_000276,,2026-02-18,2026-02-18,2026-02-18,在线沟通,非权益,80.5,四线城市,SME,100-499人,市场
USR_000276,USR_000276,USR_000276,,,,2026-02-09,2026-02-09,2026-02-09,职位发布,非权益,5.1,四线城市,SME,100-499人,市场
USR_000276,USR_000276,,USR_000276,,,2026-02-08,2026-02-08,2026-02-08,简历搜索,非权益,7.2,四线城市,SME,100-499人,市场
USR_000276,,,,,USR_000276,2026-02-13,2026-02-13,2026-02-13,简历查看,非权益,29.0,四线城市,SME,100-499人,市场
USR_000276,USR_000276,USR_000276,,,,2026-02-02,2026-02-02,2026-02-02,职位发布,非权益,17.8,四线城市,SME,100-499人,市场
USR_000276,,,USR_000276,,,2026-02-23,2026-02-23,2026-02-23,简历搜索,非权益,48.3,四线城市,SME,100-499人,市场
USR_000276,USR_000276,USR_000276,,,,2026-01-04,2026-01-04,2026-01-04,职位发布,非权益,7.1,四线城市,SME,100-499人,市场
USR_000276,USR_000276,,,,,2026-02-12,2026-02-12,2026-02-12,权益礼包,权益,15.2,四线城市,SME,100-499人,市场
USR_000276,USR_000276,,,,,2026-02-04,2026-02-04,2026-02-04,企业认证,非权益,6.0,四线城市,SME,100-499人,市场
USR_000276,USR_000276,,,,,2026-03-01,2026-03-01,2026-03-01,置顶刷新,权益,5.2,四线城市,SME,100-499人,市场
USR_000276,USR_000276,,,,,2026-02-11,2026-02-11,2026-02-11,置顶刷新,权益,9.5,四线城市,SME,100-499人,市场
USR_000276,USR_000276,,,,,2026-02-16,2026-02-16,2026-02-16,企业认证,非权益,7.5,四线城市,SME,100-499人,市场
USR_000276,,,,,,2026-02-22,2026-02-22,2026-02-22,企业认证,非权益,25.4,四线城市,SME,100-499人,市场
USR_000276,USR_000276,,,,,2026-01-13,2026-01-13,2026-01-13,急聘推广,权益,27.6,四线城市,SME,100-499人,市场
USR_000276,USR_000276,,,,USR_000276,2026-02-13,2026-02-13,2026-02-13,简历查看,非权益,41.8,四线城市,SME,100-499人,市场
USR_000276,USR_000276,USR_000276,,,,2026-01-20,2026-01-20,2026-01-20,职位发布,非权益,15.1,四线城市,SME,100-499人,市场
USR_000276,,,,,USR_000276,2026-01-09,2026-01-09,2026-01-09,简历查看,非权益,5.1,四线城市,SME,100-499人,市场
USR_000276,USR_000276,,,,,2026-01-19,2026-01-19,2026-01-19,急聘推广,权益,16.4,四线城市,SME,100-499人,市场
USR_000276,USR_000276,,,,USR_000276,2026-02-01,2026-02-01,2026-02-01,简历查看,非权益,16.7,四线城市,SME,100-499人,市场
USR_000276,,,USR_000276,,,2026-01-04,2026-01-04,2026-01-04,简历搜索,非权益,11.2,四线城市,SME,100-499人,市场
USR_000276,USR_000276,,,,,2026-01-23,2026-01-23,2026-01-23,企业认证,非权益,45.7,四线城市,SME,100-499人,市场
USR_000276,,,,,,2026-01-29,2026-01-29,2026-01-29,急聘推广,权益,6.0,四线城市,SME,100-499人,市场
USR_000276,USR_000276,,,,USR_000276,2026-02-04,2026-02-04,2026-02-04,简历查看,非权益,65.6,四线城市,SME,100-499人,市场
USR_000276,USR_000276,,,,,2026-02-15,2026-02-15,2026-02-15,置顶刷新,权益,8.2,四线城市,SME,100-499人,市场
USR_000277,USR_000277,,,,,2026-02-21,2026-02-21,2026-02-21,置顶刷新,权益,6.7,新一线城市,KA,1-49人,客服
USR_000277,USR_000277,,,,USR_000277,2026-02-07,2026-02-07,2026-02-07,简历查看,非权益,48.2,新一线城市,KA,1-49人,客服
USR_000277,,,,,,2026-01-21,2026-01-21,2026-01-21,置顶刷新,权益,7.5,新一线城市,KA,1-49人,客服
USR_000277,USR_000277,,,,,2026-01-07,2026-01-07,2026-01-07,企业认证,非权益,42.8,新一线城市,KA,1-49人,客服
USR_000277,,,,,,2026-02-27,2026-02-27,2026-02-27,置顶刷新,权益,16.2,新一线城市,KA,1-49人,客服
USR_000277,,,USR_000277,,,2026-02-15,2026-02-15,2026-02-15,简历搜索,非权益,29.2,新一线城市,KA,1-49人,客服
USR_000277,USR_000277,,,,,2026-01-07,2026-01-07,2026-01-07,置顶刷新,权益,38.4,新一线城市,KA,1-49人,客服
USR_000277,USR_000277,,,,,2026-01-25,2026-01-25,2026-01-25,权益礼包,权益,22.2,新一线城市,KA,1-49人,客服
USR_000278,USR_000278,,,,,2026-02-09,2026-02-09,2026-02-09,置顶刷新,权益,5.6,五线城市,SME,1-49人,产品
USR_000278,,,,,,2026-01-30,2026-01-30,2026-01-30,急聘推广,权益,54.3,五线城市,SME,1-49人,产品
USR_000278,USR_000278,,,,,2026-02-17,2026-02-17,2026-02-17,企业认证,非权益,60.5,五线城市,SME,1-49人,产品
USR_000278,,,,,USR_000278,2026-01-15,2026-01-15,2026-01-15,简历查看,非权益,14.4,五线城市,SME,1-49人,产品
USR_000278,,,,,,2026-01-28,2026-01-28,2026-01-28,急聘推广,权益,10.7,五线城市,SME,1-49人,产品
USR_000278,USR_000278,USR_000278,,,,2026-01-01,2026-01-01,2026-01-01,职位发布,非权益,34.8,五线城市,SME,1-49人,产品
USR_000278,,,,,,2026-02-02,2026-02-02,2026-02-02,权益礼包,权益,7.5,五线城市,SME,1-49人,产品
USR_000278,USR_000278,,,,USR_000278,2026-01-24,2026-01-24,2026-01-24,简历查看,非权益,22.8,五线城市,SME,1-49人,产品
USR_000278,,,,,,2026-01-26,2026-01-26,2026-01-26,急聘推广,权益,14.1,五线城市,SME,1-49人,产品
USR_000278,USR_000278,,,,,2026-02-27,2026-02-27,2026-02-27,权益礼包,权益,36.4,五线城市,SME,1-49人,产品
USR_000278,,,,,USR_000278,2026-02-28,2026-02-28,2026-02-28,简历查看,非权益,15.0,五线城市,SME,1-49人,产品
USR_000278,,USR_000278,,,,2026-02-03,2026-02-03,2026-02-03,职位发布,非权益,17.1,五线城市,SME,1-49人,产品
USR_000278,USR_000278,,,,USR_000278,2026-01-04,2026-01-04,2026-01-04,简历查看,非权益,5.0,五线城市,SME,1-49人,产品
USR_000278,USR_000278,,,USR_000278,,2026-01-09,2026-01-09,2026-01-09,在线沟通,非权益,10.0,五线城市,SME,1-49人,产品
USR_000278,USR_000278,,,,USR_000278,2026-01-01,2026-01-01,2026-01-01,简历查看,非权益,14.1,五线城市,SME,1-49人,产品
USR_000278,USR_000278,,,,,2026-01-24,2026-01-24,2026-01-24,权益礼包,权益,7.4,五线城市,SME,1-49人,产品
USR_000278,USR_000278,,,,,2026-01-09,2026-01-09,2026-01-09,置顶刷新,权益,11.3,五线城市,SME,1-49人,产品
USR_000279,USR_000279,,USR_000279,,,2026-01-11,2026-01-11,2026-01-11,简历搜索,非权益,71.3,三线城市,SME,500-999人,财务
USR_000279,USR_000279,,,,,2026-02-13,2026-02-13,2026-02-13,权益礼包,权益,61.8,三线城市,SME,500-999人,财务
USR_000279,,,,USR_000279,,2026-01-12,2026-01-12,2026-01-12,在线沟通,非权益,9.6,三线城市,SME,500-999人,财务
USR_000280,,,,USR_000280,,2026-03-01,2026-03-01,2026-03-01,在线沟通,非权益,22.2,五线城市,SME,1000-2000人,客服
USR_000280,USR_000280,,USR_000280,,,2026-02-13,2026-02-13,2026-02-13,简历搜索,非权益,5.9,五线城市,SME,1000-2000人,客服
USR_000280,USR_000280,,,,,2026-01-12,2026-01-12,2026-01-12,置顶刷新,权益,28.9,五线城市,SME,1000-2000人,客服
USR_000280,USR_000280,,,,,2026-01-23,2026-01-23,2026-01-23,急聘推广,权益,8.5,五线城市,SME,1000-2000人,客服
USR_000280,,,,,,2026-01-30,2026-01-30,2026-01-30,急聘推广,权益,15.8,五线城市,SME,1000-2000人,客服
USR_000280,,,,,,2026-02-25,2026-02-25,2026-02-25,急聘推广,权益,21.2,五线城市,SME,1000-2000人,客服
USR_000280,,,USR_000280,,,2026-02-04,2026-02-04,2026-02-04,简历搜索,非权益,35.4,五线城市,SME,1000-2000人,客服
USR_000280,USR_000280,,,,,2026-01-07,2026-01-07,2026-01-07,企业认证,非权益,13.6,五线城市,SME,1000-2000人,客服
USR_000280,USR_000280,,,,,2026-02-05,2026-02-05,2026-02-05,权益礼包,权益,26.9,五线城市,SME,1000-2000人,客服
USR_000280,,,USR_000280,,,2026-02-15,2026-02-15,2026-02-15,简历搜索,非权益,10.9,五线城市,SME,1000-2000人,客服
USR_000280,USR_000280,,,USR_000280,,2026-02-02,2026-02-02,2026-02-02,在线沟通,非权益,30.1,五线城市,SME,1000-2000人,客服
USR_000280,USR_000280,,,,USR_000280,2026-02-08,2026-02-08,2026-02-08,简历查看,非权益,6.9,五线城市,SME,1000-2000人,客服
USR_000280,USR_000280,,,,,2026-02-13,2026-02-13,2026-02-13,急聘推广,权益,8.1,五线城市,SME,1000-2000人,客服
USR_000280,USR_000280,,,,,2026-01-29,2026-01-29,2026-01-29,企业认证,非权益,7.3,五线城市,SME,1000-2000人,客服
USR_000280,,,,,,2026-02-03,2026-02-03,2026-02-03,权益礼包,权益,12.2,五线城市,SME,1000-2000人,客服
USR_000280,,,USR_000280,,,2026-02-21,2026-02-21,2026-02-21,简历搜索,非权益,13.0,五线城市,SME,1000-2000人,客服
USR_000280,USR_000280,,,,USR_000280,2026-01-27,2026-01-27,2026-01-27,简历查看,非权益,7.7,五线城市,SME,1000-2000人,客服
USR_000280,,USR_000280,,,,2026-01-04,2026-01-04,2026-01-04,职位发布,非权益,33.4,五线城市,SME,1000-2000人,客服
USR_000280,USR_000280,,,,USR_000280,2026-01-31,2026-01-31,2026-01-31,简历查看,非权益,22.4,五线城市,SME,1000-2000人,客服
USR_000280,USR_000280,,,,,2026-01-10,2026-01-10,2026-01-10,权益礼包,权益,25.5,五线城市,SME,1000-2000人,客服
USR_000280,USR_000280,,,,,2026-01-25,2026-01-25,2026-01-25,置顶刷新,权益,8.1,五线城市,SME,1000-2000人,客服
USR_000280,USR_000280,,,,USR_000280,2026-01-02,2026-01-02,2026-01-02,简历查看,非权益,49.8,五线城市,SME,1000-2000人,客服
USR_000280,USR_000280,,,,,2026-01-21,2026-01-21,2026-01-21,权益礼包,权益,7.8,五线城市,SME,1000-2000人,客服
USR_000280,USR_000280,,,,,2026-01-31,2026-01-31,2026-01-31,企业认证,非权益,7.0,五线城市,SME,1000-2000人,客服
USR_000281,,,,,,2026-01-09,2026-01-09,2026-01-09,权益礼包,权益,57.8,四线城市,SME,2000-5000人,运营
USR_000281,USR_000281,,,,,2026-01-11,2026-01-11,2026-01-11,权益礼包,权益,62.9,四线城市,SME,2000-5000人,运营
USR_000281,,,,,,2026-02-23,2026-02-23,2026-02-23,权益礼包,权益,5.1,四线城市,SME,2000-5000人,运营
USR_000281,USR_000281,,,,,2026-02-08,2026-02-08,2026-02-08,企业认证,非权益,6.3,四线城市,SME,2000-5000人,运营
USR_000281,,,,,USR_000281,2026-02-23,2026-02-23,2026-02-23,简历查看,非权益,25.5,四线城市,SME,2000-5000人,运营
USR_000281,USR_000281,USR_000281,,,,2026-01-15,2026-01-15,2026-01-15,职位发布,非权益,7.0,四线城市,SME,2000-5000人,运营
USR_000281,,USR_000281,,,,2026-02-16,2026-02-16,2026-02-16,职位发布,非权益,18.4,四线城市,SME,2000-5000人,运营
USR_000281,USR_000281,,,,,2026-02-20,2026-02-20,2026-02-20,置顶刷新,权益,52.3,四线城市,SME,2000-5000人,运营
USR_000281,USR_000281,,,,,2026-01-15,2026-01-15,2026-01-15,急聘推广,权益,42.3,四线城市,SME,2000-5000人,运营
USR_000281,USR_000281,USR_000281,,,,2026-02-12,2026-02-12,2026-02-12,职位发布,非权益,10.5,四线城市,SME,2000-5000人,运营
USR_000281,,,,,,2026-02-27,2026-02-27,2026-02-27,权益礼包,权益,12.2,四线城市,SME,2000-5000人,运营
USR_000281,USR_000281,,,,,2026-01-18,2026-01-18,2026-01-18,置顶刷新,权益,34.6,四线城市,SME,2000-5000人,运营
USR_000281,USR_000281,,,,USR_000281,2026-01-11,2026-01-11,2026-01-11,简历查看,非权益,24.8,四线城市,SME,2000-5000人,运营
USR_000281,USR_000281,,USR_000281,,,2026-02-01,2026-02-01,2026-02-01,简历搜索,非权益,26.4,四线城市,SME,2000-5000人,运营
USR_000281,,,USR_000281,,,2026-01-31,2026-01-31,2026-01-31,简历搜索,非权益,5.6,四线城市,SME,2000-5000人,运营
USR_000281,USR_000281,,,,USR_000281,2026-01-15,2026-01-15,2026-01-15,简历查看,非权益,5.9,四线城市,SME,2000-5000人,运营
USR_000281,,,,USR_000281,,2026-02-13,2026-02-13,2026-02-13,在线沟通,非权益,30.1,四线城市,SME,2000-5000人,运营
USR_000281,USR_000281,,,,,2026-01-02,2026-01-02,2026-01-02,置顶刷新,权益,23.5,四线城市,SME,2000-5000人,运营
USR_000281,,,,,,2026-02-01,2026-02-01,2026-02-01,置顶刷新,权益,5.4,四线城市,SME,2000-5000人,运营
USR_000281,,,,,,2026-02-01,2026-02-01,2026-02-01,急聘推广,权益,95.3,四线城市,SME,2000-5000人,运营
USR_000281,USR_000281,,,USR_000281,,2026-02-26,2026-02-26,2026-02-26,在线沟通,非权益,7.1,四线城市,SME,2000-5000人,运营
USR_000282,USR_000282,,,,USR_000282,2026-01-09,2026-01-09,2026-01-09,简历查看,非权益,14.3,新一线城市,SME,2000-5000人,研发
USR_000282,USR_000282,,,,USR_000282,2026-02-02,2026-02-02,2026-02-02,简历查看,非权益,5.3,新一线城市,SME,2000-5000人,研发
USR_000282,USR_000282,,,,,2026-01-26,2026-01-26,2026-01-26,急聘推广,权益,9.2,新一线城市,SME,2000-5000人,研发
USR_000282,USR_000282,,,USR_000282,,2026-01-09,2026-01-09,2026-01-09,在线沟通,非权益,5.6,新一线城市,SME,2000-5000人,研发
USR_000282,USR_000282,,,USR_000282,,2026-01-12,2026-01-12,2026-01-12,在线沟通,非权益,19.8,新一线城市,SME,2000-5000人,研发
USR_000282,,,,,,2026-02-02,2026-02-02,2026-02-02,置顶刷新,权益,6.3,新一线城市,SME,2000-5000人,研发
USR_000282,USR_000282,,,,,2026-02-20,2026-02-20,2026-02-20,急聘推广,权益,16.7,新一线城市,SME,2000-5000人,研发
USR_000282,,,,,,2026-01-12,2026-01-12,2026-01-12,置顶刷新,权益,24.5,新一线城市,SME,2000-5000人,研发
USR_000283,USR_000283,USR_000283,,,,2026-01-07,2026-01-07,2026-01-07,职位发布,非权益,12.7,一线城市,SME,2000-5000人,研发
USR_000283,,,,,,2026-01-02,2026-01-02,2026-01-02,企业认证,非权益,6.0,一线城市,SME,2000-5000人,研发
USR_000283,USR_000283,USR_000283,,,,2026-01-21,2026-01-21,2026-01-21,职位发布,非权益,10.2,一线城市,SME,2000-5000人,研发
USR_000283,USR_000283,,,,,2026-01-09,2026-01-09,2026-01-09,权益礼包,权益,31.7,一线城市,SME,2000-5000人,研发
USR_000283,,,USR_000283,,,2026-02-24,2026-02-24,2026-02-24,简历搜索,非权益,40.7,一线城市,SME,2000-5000人,研发
USR_000283,USR_000283,,,,,2026-01-25,2026-01-25,2026-01-25,权益礼包,权益,46.4,一线城市,SME,2000-5000人,研发
USR_000283,USR_000283,,USR_000283,,,2026-01-31,2026-01-31,2026-01-31,简历搜索,非权益,7.3,一线城市,SME,2000-5000人,研发
USR_000283,USR_000283,,USR_000283,,,2026-01-01,2026-01-01,2026-01-01,简历搜索,非权益,15.2,一线城市,SME,2000-5000人,研发
USR_000284,,,,USR_000284,,2026-01-21,2026-01-21,2026-01-21,在线沟通,非权益,60.5,三线城市,SME,2000-5000人,销售
USR_000284,,,,,,2026-02-16,2026-02-16,2026-02-16,急聘推广,权益,27.1,三线城市,SME,2000-5000人,销售
USR_000284,USR_000284,,,,,2026-02-26,2026-02-26,2026-02-26,急聘推广,权益,12.6,三线城市,SME,2000-5000人,销售
USR_000284,USR_000284,,,,,2026-01-27,2026-01-27,2026-01-27,企业认证,非权益,37.7,三线城市,SME,2000-5000人,销售
USR_000284,USR_000284,,,,USR_000284,2026-02-23,2026-02-23,2026-02-23,简历查看,非权益,36.2,三线城市,SME,2000-5000人,销售
USR_000284,USR_000284,USR_000284,,,,2026-01-19,2026-01-19,2026-01-19,职位发布,非权益,18.1,三线城市,SME,2000-5000人,销售
USR_000284,,,,,USR_000284,2026-02-12,2026-02-12,2026-02-12,简历查看,非权益,25.0,三线城市,SME,2000-5000人,销售
USR_000284,USR_000284,,,,,2026-02-03,2026-02-03,2026-02-03,企业认证,非权益,11.9,三线城市,SME,2000-5000人,销售
USR_000284,,,USR_000284,,,2026-01-08,2026-01-08,2026-01-08,简历搜索,非权益,37.5,三线城市,SME,2000-5000人,销售
USR_000284,USR_000284,,,USR_000284,,2026-01-28,2026-01-28,2026-01-28,在线沟通,非权益,6.9,三线城市,SME,2000-5000人,销售
USR_000284,USR_000284,,,USR_000284,,2026-01-09,2026-01-09,2026-01-09,在线沟通,非权益,63.3,三线城市,SME,2000-5000人,销售
USR_000284,USR_000284,,USR_000284,,,2026-02-27,2026-02-27,2026-02-27,简历搜索,非权益,16.6,三线城市,SME,2000-5000人,销售
USR_000284,USR_000284,,,,,2026-01-25,2026-01-25,2026-01-25,权益礼包,权益,5.3,三线城市,SME,2000-5000人,销售
USR_000284,USR_000284,USR_000284,,,,2026-01-09,2026-01-09,2026-01-09,职位发布,非权益,15.1,三线城市,SME,2000-5000人,销售
USR_000284,USR_000284,,,,,2026-01-07,2026-01-07,2026-01-07,权益礼包,权益,25.1,三线城市,SME,2000-5000人,销售
USR_000285,,,,,,2026-01-18,2026-01-18,2026-01-18,置顶刷新,权益,20.8,一线城市,SME,50-99人,财务
USR_000285,,,USR_000285,,,2026-02-02,2026-02-02,2026-02-02,简历搜索,非权益,10.1,一线城市,SME,50-99人,财务
USR_000285,USR_000285,,,,,2026-02-05,2026-02-05,2026-02-05,急聘推广,权益,40.5,一线城市,SME,50-99人,财务
USR_000285,USR_000285,,,,,2026-02-21,2026-02-21,2026-02-21,权益礼包,权益,13.1,一线城市,SME,50-99人,财务
USR_000285,,,,,,2026-02-08,2026-02-08,2026-02-08,急聘推广,权益,5.7,一线城市,SME,50-99人,财务
USR_000285,USR_000285,,,,,2026-02-10,2026-02-10,2026-02-10,企业认证,非权益,25.6,一线城市,SME,50-99人,财务
USR_000285,USR_000285,,,USR_000285,,2026-01-26,2026-01-26,2026-01-26,在线沟通,非权益,16.9,一线城市,SME,50-99人,财务
USR_000285,,,,,,2026-01-04,2026-01-04,2026-01-04,企业认证,非权益,18.2,一线城市,SME,50-99人,财务
USR_000286,USR_000286,USR_000286,,,,2026-01-29,2026-01-29,2026-01-29,职位发布,非权益,35.9,新一线城市,SME,100-499人,运营
USR_000286,,USR_000286,,,,2026-01-23,2026-01-23,2026-01-23,职位发布,非权益,8.8,新一线城市,SME,100-499人,运营
USR_000286,USR_000286,,,,,2026-02-18,2026-02-18,2026-02-18,急聘推广,权益,65.6,新一线城市,SME,100-499人,运营
USR_000286,,,,,USR_000286,2026-01-08,2026-01-08,2026-01-08,简历查看,非权益,8.2,新一线城市,SME,100-499人,运营
USR_000286,USR_000286,,,,,2026-02-14,2026-02-14,2026-02-14,企业认证,非权益,11.8,新一线城市,SME,100-499人,运营
USR_000286,USR_000286,USR_000286,,,,2026-02-14,2026-02-14,2026-02-14,职位发布,非权益,30.9,新一线城市,SME,100-499人,运营
USR_000286,USR_000286,,,,,2026-01-17,2026-01-17,2026-01-17,企业认证,非权益,46.1,新一线城市,SME,100-499人,运营
USR_000286,,,USR_000286,,,2026-02-01,2026-02-01,2026-02-01,简历搜索,非权益,27.8,新一线城市,SME,100-499人,运营
USR_000286,USR_000286,,,,,2026-01-30,2026-01-30,2026-01-30,置顶刷新,权益,18.3,新一线城市,SME,100-499人,运营
USR_000286,USR_000286,,,,,2026-01-09,2026-01-09,2026-01-09,企业认证,非权益,7.5,新一线城市,SME,100-499人,运营
USR_000286,USR_000286,,USR_000286,,,2026-02-16,2026-02-16,2026-02-16,简历搜索,非权益,19.4,新一线城市,SME,100-499人,运营
USR_000286,USR_000286,,,,,2026-01-15,2026-01-15,2026-01-15,急聘推广,权益,8.9,新一线城市,SME,100-499人,运营
USR_000286,,,,,,2026-02-25,2026-02-25,2026-02-25,急聘推广,权益,17.0,新一线城市,SME,100-499人,运营
USR_000286,USR_000286,,,,,2026-03-01,2026-03-01,2026-03-01,企业认证,非权益,19.4,新一线城市,SME,100-499人,运营
USR_000286,USR_000286,,,,,2026-02-10,2026-02-10,2026-02-10,急聘推广,权益,73.0,新一线城市,SME,100-499人,运营
USR_000286,USR_000286,,,,USR_000286,2026-02-22,2026-02-22,2026-02-22,简历查看,非权益,16.5,新一线城市,SME,100-499人,运营
USR_000286,,,,,USR_000286,2026-01-04,2026-01-04,2026-01-04,简历查看,非权益,46.1,新一线城市,SME,100-499人,运营
USR_000286,,USR_000286,,,,2026-01-02,2026-01-02,2026-01-02,职位发布,非权益,7.0,新一线城市,SME,100-499人,运营
USR_000286,,,,,USR_000286,2026-01-16,2026-01-16,2026-01-16,简历查看,非权益,52.2,新一线城市,SME,100-499人,运营
USR_000286,USR_000286,,,,USR_000286,2026-01-29,2026-01-29,2026-01-29,简历查看,非权益,5.6,新一线城市,SME,100-499人,运营
USR_000286,USR_000286,,,,,2026-02-08,2026-02-08,2026-02-08,置顶刷新,权益,68.2,新一线城市,SME,100-499人,运营
USR_000287,USR_000287,,,,,2026-02-01,2026-02-01,2026-02-01,急聘推广,权益,12.0,一线城市,KA,1000-2000人,客服
USR_000287,,,,,,2026-02-15,2026-02-15,2026-02-15,急聘推广,权益,11.4,一线城市,KA,1000-2000人,客服
USR_000287,USR_000287,USR_000287,,,,2026-01-12,2026-01-12,2026-01-12,职位发布,非权益,10.0,一线城市,KA,1000-2000人,客服
USR_000288,USR_000288,USR_000288,,,,2026-01-10,2026-01-10,2026-01-10,职位发布,非权益,22.0,三线城市,SME,500-999人,销售
USR_000288,,,,,,2026-01-22,2026-01-22,2026-01-22,企业认证,非权益,6.5,三线城市,SME,500-999人,销售
USR_000288,,,,,,2026-01-31,2026-01-31,2026-01-31,权益礼包,权益,12.2,三线城市,SME,500-999人,销售
USR_000289,USR_000289,,,USR_000289,,2026-02-25,2026-02-25,2026-02-25,在线沟通,非权益,17.0,五线城市,SME,10000人以上,销售
USR_000289,USR_000289,,,,,2026-02-04,2026-02-04,2026-02-04,置顶刷新,权益,14.7,五线城市,SME,10000人以上,销售
USR_000289,,,,,,2026-02-13,2026-02-13,2026-02-13,置顶刷新,权益,31.0,五线城市,SME,10000人以上,销售
USR_000289,USR_000289,USR_000289,,,,2026-01-30,2026-01-30,2026-01-30,职位发布,非权益,5.2,五线城市,SME,10000人以上,销售
USR_000289,USR_000289,,,USR_000289,,2026-01-10,2026-01-10,2026-01-10,在线沟通,非权益,85.2,五线城市,SME,10000人以上,销售
USR_000289,USR_000289,,USR_000289,,,2026-02-11,2026-02-11,2026-02-11,简历搜索,非权益,44.9,五线城市,SME,10000人以上,销售
USR_000289,USR_000289,USR_000289,,,,2026-01-27,2026-01-27,2026-01-27,职位发布,非权益,6.8,五线城市,SME,10000人以上,销售
USR_000289,,,,,,2026-01-05,2026-01-05,2026-01-05,企业认证,非权益,21.0,五线城市,SME,10000人以上,销售
USR_000289,USR_000289,,,,,2026-02-16,2026-02-16,2026-02-16,置顶刷新,权益,48.4,五线城市,SME,10000人以上,销售
USR_000289,USR_000289,,USR_000289,,,2026-01-27,2026-01-27,2026-01-27,简历搜索,非权益,62.4,五线城市,SME,10000人以上,销售
USR_000289,,,,,USR_000289,2026-01-05,2026-01-05,2026-01-05,简历查看,非权益,22.2,五线城市,SME,10000人以上,销售
USR_000289,USR_000289,,USR_000289,,,2026-01-07,2026-01-07,2026-01-07,简历搜索,非权益,11.8,五线城市,SME,10000人以上,销售
USR_000289,USR_000289,,,,,2026-01-16,2026-01-16,2026-01-16,权益礼包,权益,14.8,五线城市,SME,10000人以上,销售
USR_000289,USR_000289,,,,,2026-01-10,2026-01-10,2026-01-10,权益礼包,权益,68.2,五线城市,SME,10000人以上,销售
USR_000289,,USR_000289,,,,2026-01-08,2026-01-08,2026-01-08,职位发布,非权益,7.7,五线城市,SME,10000人以上,销售
USR_000289,USR_000289,,,,,2026-01-23,2026-01-23,2026-01-23,企业认证,非权益,33.1,五线城市,SME,10000人以上,销售
USR_000289,USR_000289,,,,,2026-01-19,2026-01-19,2026-01-19,急聘推广,权益,48.8,五线城市,SME,10000人以上,销售
USR_000289,USR_000289,,,,,2026-01-29,2026-01-29,2026-01-29,权益礼包,权益,81.4,五线城市,SME,10000人以上,销售
USR_000289,,,USR_000289,,,2026-02-23,2026-02-23,2026-02-23,简历搜索,非权益,12.6,五线城市,SME,10000人以上,销售
USR_000289,USR_000289,,,,USR_000289,2026-01-01,2026-01-01,2026-01-01,简历查看,非权益,17.5,五线城市,SME,10000人以上,销售
USR_000289,USR_000289,,,,,2026-01-19,2026-01-19,2026-01-19,置顶刷新,权益,24.4,五线城市,SME,10000人以上,销售
USR_000289,USR_000289,,,,,2026-01-23,2026-01-23,2026-01-23,权益礼包,权益,24.5,五线城市,SME,10000人以上,销售
USR_000289,,,,USR_000289,,2026-02-19,2026-02-19,2026-02-19,在线沟通,非权益,8.1,五线城市,SME,10000人以上,销售
USR_000289,USR_000289,,,,USR_000289,2026-02-06,2026-02-06,2026-02-06,简历查看,非权益,8.9,五线城市,SME,10000人以上,销售
USR_000290,USR_000290,,USR_000290,,,2026-02-03,2026-02-03,2026-02-03,简历搜索,非权益,9.3,二线城市,SME,2000-5000人,销售
USR_000290,,,,USR_000290,,2026-02-07,2026-02-07,2026-02-07,在线沟通,非权益,7.8,二线城市,SME,2000-5000人,销售
USR_000290,,,,,,2026-01-26,2026-01-26,2026-01-26,企业认证,非权益,12.4,二线城市,SME,2000-5000人,销售
USR_000290,USR_000290,,,,USR_000290,2026-01-20,2026-01-20,2026-01-20,简历查看,非权益,21.9,二线城市,SME,2000-5000人,销售
USR_000290,,,,,,2026-02-03,2026-02-03,2026-02-03,置顶刷新,权益,12.9,二线城市,SME,2000-5000人,销售
USR_000290,,,,,,2026-02-09,2026-02-09,2026-02-09,权益礼包,权益,39.1,二线城市,SME,2000-5000人,销售
USR_000290,USR_000290,,,USR_000290,,2026-01-21,2026-01-21,2026-01-21,在线沟通,非权益,8.3,二线城市,SME,2000-5000人,销售
USR_000290,,USR_000290,,,,2026-01-31,2026-01-31,2026-01-31,职位发布,非权益,41.0,二线城市,SME,2000-5000人,销售
USR_000290,USR_000290,,,,,2026-02-02,2026-02-02,2026-02-02,急聘推广,权益,5.3,二线城市,SME,2000-5000人,销售
USR_000290,USR_000290,,USR_000290,,,2026-02-11,2026-02-11,2026-02-11,简历搜索,非权益,10.4,二线城市,SME,2000-5000人,销售
USR_000290,USR_000290,,USR_000290,,,2026-01-24,2026-01-24,2026-01-24,简历搜索,非权益,5.3,二线城市,SME,2000-5000人,销售
USR_000290,,USR_000290,,,,2026-01-28,2026-01-28,2026-01-28,职位发布,非权益,25.6,二线城市,SME,2000-5000人,销售
USR_000290,,USR_000290,,,,2026-01-26,2026-01-26,2026-01-26,职位发布,非权益,7.3,二线城市,SME,2000-5000人,销售
USR_000290,USR_000290,,USR_000290,,,2026-01-12,2026-01-12,2026-01-12,简历搜索,非权益,13.7,二线城市,SME,2000-5000人,销售
USR_000290,,,,,USR_000290,2026-02-16,2026-02-16,2026-02-16,简历查看,非权益,5.1,二线城市,SME,2000-5000人,销售
USR_000290,USR_000290,,,,,2026-02-03,2026-02-03,2026-02-03,急聘推广,权益,18.7,二线城市,SME,2000-5000人,销售
USR_000290,USR_000290,,,,,2026-01-01,2026-01-01,2026-01-01,置顶刷新,权益,19.0,二线城市,SME,2000-5000人,销售
USR_000290,USR_000290,,,,,2026-03-01,2026-03-01,2026-03-01,置顶刷新,权益,20.5,二线城市,SME,2000-5000人,销售
USR_000290,USR_000290,,,USR_000290,,2026-02-12,2026-02-12,2026-02-12,在线沟通,非权益,7.4,二线城市,SME,2000-5000人,销售
USR_000290,USR_000290,,,USR_000290,,2026-02-16,2026-02-16,2026-02-16,在线沟通,非权益,14.0,二线城市,SME,2000-5000人,销售
USR_000290,USR_000290,,,,USR_000290,2026-01-18,2026-01-18,2026-01-18,简历查看,非权益,5.0,二线城市,SME,2000-5000人,销售
USR_000290,,,USR_000290,,,2026-02-17,2026-02-17,2026-02-17,简历搜索,非权益,26.1,二线城市,SME,2000-5000人,销售
USR_000290,,,,,,2026-02-26,2026-02-26,2026-02-26,权益礼包,权益,54.4,二线城市,SME,2000-5000人,销售
USR_000291,USR_000291,,USR_000291,,,2026-02-06,2026-02-06,2026-02-06,简历搜索,非权益,18.1,四线城市,SME,2000-5000人,销售
USR_000291,USR_000291,,,,,2026-01-11,2026-01-11,2026-01-11,急聘推广,权益,8.8,四线城市,SME,2000-5000人,销售
USR_000291,USR_000291,,,,,2026-01-20,2026-01-20,2026-01-20,权益礼包,权益,5.3,四线城市,SME,2000-5000人,销售
USR_000291,USR_000291,,,,USR_000291,2026-02-17,2026-02-17,2026-02-17,简历查看,非权益,13.5,四线城市,SME,2000-5000人,销售
USR_000291,USR_000291,,,,,2026-02-19,2026-02-19,2026-02-19,企业认证,非权益,10.5,四线城市,SME,2000-5000人,销售
USR_000291,USR_000291,,,,USR_000291,2026-02-27,2026-02-27,2026-02-27,简历查看,非权益,8.0,四线城市,SME,2000-5000人,销售
USR_000291,USR_000291,,,,,2026-01-16,2026-01-16,2026-01-16,置顶刷新,权益,20.5,四线城市,SME,2000-5000人,销售
USR_000291,USR_000291,,,,,2026-01-12,2026-01-12,2026-01-12,置顶刷新,权益,14.8,四线城市,SME,2000-5000人,销售
USR_000291,,,,,USR_000291,2026-01-02,2026-01-02,2026-01-02,简历查看,非权益,16.4,四线城市,SME,2000-5000人,销售
USR_000291,USR_000291,,,,USR_000291,2026-02-19,2026-02-19,2026-02-19,简历查看,非权益,7.9,四线城市,SME,2000-5000人,销售
USR_000291,USR_000291,,,,,2026-02-02,2026-02-02,2026-02-02,急聘推广,权益,15.0,四线城市,SME,2000-5000人,销售
USR_000291,USR_000291,,,USR_000291,,2026-01-29,2026-01-29,2026-01-29,在线沟通,非权益,30.9,四线城市,SME,2000-5000人,销售
USR_000291,,,,,,2026-01-31,2026-01-31,2026-01-31,企业认证,非权益,11.3,四线城市,SME,2000-5000人,销售
USR_000291,USR_000291,,,,,2026-01-26,2026-01-26,2026-01-26,急聘推广,权益,7.6,四线城市,SME,2000-5000人,销售
USR_000291,USR_000291,,,,USR_000291,2026-01-12,2026-01-12,2026-01-12,简历查看,非权益,27.0,四线城市,SME,2000-5000人,销售
USR_000291,,,,USR_000291,,2026-01-29,2026-01-29,2026-01-29,在线沟通,非权益,25.4,四线城市,SME,2000-5000人,销售
USR_000291,USR_000291,,,,,2026-01-04,2026-01-04,2026-01-04,急聘推广,权益,15.1,四线城市,SME,2000-5000人,销售
USR_000291,USR_000291,,,,,2026-01-08,2026-01-08,2026-01-08,急聘推广,权益,36.9,四线城市,SME,2000-5000人,销售
USR_000291,USR_000291,,,,,2026-01-18,2026-01-18,2026-01-18,急聘推广,权益,6.2,四线城市,SME,2000-5000人,销售
USR_000291,USR_000291,,,,,2026-01-03,2026-01-03,2026-01-03,企业认证,非权益,14.0,四线城市,SME,2000-5000人,销售
USR_000291,USR_000291,,,USR_000291,,2026-01-26,2026-01-26,2026-01-26,在线沟通,非权益,33.3,四线城市,SME,2000-5000人,销售
USR_000291,USR_000291,,,USR_000291,,2026-02-25,2026-02-25,2026-02-25,在线沟通,非权益,12.4,四线城市,SME,2000-5000人,销售
USR_000291,USR_000291,,,,,2026-02-25,2026-02-25,2026-02-25,急聘推广,权益,92.3,四线城市,SME,2000-5000人,销售
USR_000291,USR_000291,,,,USR_000291,2026-01-25,2026-01-25,2026-01-25,简历查看,非权益,31.1,四线城市,SME,2000-5000人,销售
USR_000292,USR_000292,,,,,2026-01-05,2026-01-05,2026-01-05,企业认证,非权益,13.5,二线城市,SME,5000-10000人,市场
USR_000292,USR_000292,,,,,2026-01-30,2026-01-30,2026-01-30,置顶刷新,权益,61.5,二线城市,SME,5000-10000人,市场
USR_000292,USR_000292,,,,,2026-02-20,2026-02-20,2026-02-20,权益礼包,权益,13.4,二线城市,SME,5000-10000人,市场
USR_000292,USR_000292,,,,,2026-02-26,2026-02-26,2026-02-26,权益礼包,权益,13.0,二线城市,SME,5000-10000人,市场
USR_000292,,,,USR_000292,,2026-01-14,2026-01-14,2026-01-14,在线沟通,非权益,6.3,二线城市,SME,5000-10000人,市场
USR_000292,USR_000292,,,,,2026-02-24,2026-02-24,2026-02-24,权益礼包,权益,44.8,二线城市,SME,5000-10000人,市场
USR_000292,USR_000292,,,,,2026-02-16,2026-02-16,2026-02-16,权益礼包,权益,45.8,二线城市,SME,5000-10000人,市场
USR_000292,,,,,USR_000292,2026-01-31,2026-01-31,2026-01-31,简历查看,非权益,36.7,二线城市,SME,5000-10000人,市场
USR_000292,USR_000292,,,,,2026-01-30,2026-01-30,2026-01-30,置顶刷新,权益,9.8,二线城市,SME,5000-10000人,市场
USR_000292,,USR_000292,,,,2026-01-04,2026-01-04,2026-01-04,职位发布,非权益,12.3,二线城市,SME,5000-10000人,市场
USR_000292,USR_000292,,,USR_000292,,2026-01-16,2026-01-16,2026-01-16,在线沟通,非权益,14.1,二线城市,SME,5000-10000人,市场
USR_000292,USR_000292,,,,,2026-02-22,2026-02-22,2026-02-22,权益礼包,权益,39.1,二线城市,SME,5000-10000人,市场
USR_000293,USR_000293,,,,,2026-02-23,2026-02-23,2026-02-23,急聘推广,权益,11.3,三线城市,SME,100-499人,客服
USR_000293,,,USR_000293,,,2026-02-06,2026-02-06,2026-02-06,简历搜索,非权益,11.6,三线城市,SME,100-499人,客服
USR_000293,USR_000293,,,,,2026-01-24,2026-01-24,2026-01-24,权益礼包,权益,28.8,三线城市,SME,100-499人,客服
USR_000293,USR_000293,,,,USR_000293,2026-01-09,2026-01-09,2026-01-09,简历查看,非权益,7.2,三线城市,SME,100-499人,客服
USR_000293,USR_000293,,,,USR_000293,2026-01-15,2026-01-15,2026-01-15,简历查看,非权益,23.1,三线城市,SME,100-499人,客服
USR_000293,,,,,,2026-02-10,2026-02-10,2026-02-10,权益礼包,权益,11.3,三线城市,SME,100-499人,客服
USR_000293,USR_000293,,,USR_000293,,2026-02-03,2026-02-03,2026-02-03,在线沟通,非权益,14.5,三线城市,SME,100-499人,客服
USR_000293,,USR_000293,,,,2026-01-03,2026-01-03,2026-01-03,职位发布,非权益,24.8,三线城市,SME,100-499人,客服
USR_000293,USR_000293,,,,,2026-02-27,2026-02-27,2026-02-27,急聘推广,权益,46.6,三线城市,SME,100-499人,客服
USR_000293,USR_000293,,,,,2026-01-14,2026-01-14,2026-01-14,急聘推广,权益,19.3,三线城市,SME,100-499人,客服
USR_000293,USR_000293,,,,,2026-01-08,2026-01-08,2026-01-08,企业认证,非权益,21.2,三线城市,SME,100-499人,客服
USR_000293,USR_000293,USR_000293,,,,2026-01-11,2026-01-11,2026-01-11,职位发布,非权益,19.0,三线城市,SME,100-499人,客服
USR_000293,USR_000293,,,USR_000293,,2026-01-26,2026-01-26,2026-01-26,在线沟通,非权益,34.1,三线城市,SME,100-499人,客服
USR_000293,,USR_000293,,,,2026-01-28,2026-01-28,2026-01-28,职位发布,非权益,47.7,三线城市,SME,100-499人,客服
USR_000293,USR_000293,,,USR_000293,,2026-02-01,2026-02-01,2026-02-01,在线沟通,非权益,25.8,三线城市,SME,100-499人,客服
USR_000293,USR_000293,,,USR_000293,,2026-01-24,2026-01-24,2026-01-24,在线沟通,非权益,9.8,三线城市,SME,100-499人,客服
USR_000293,USR_000293,,,USR_000293,,2026-02-11,2026-02-11,2026-02-11,在线沟通,非权益,6.7,三线城市,SME,100-499人,客服
USR_000293,USR_000293,,USR_000293,,,2026-02-27,2026-02-27,2026-02-27,简历搜索,非权益,10.8,三线城市,SME,100-499人,客服
USR_000293,,,,,,2026-02-17,2026-02-17,2026-02-17,急聘推广,权益,34.1,三线城市,SME,100-499人,客服
USR_000293,USR_000293,USR_000293,,,,2026-02-25,2026-02-25,2026-02-25,职位发布,非权益,20.4,三线城市,SME,100-499人,客服
USR_000294,USR_000294,,,USR_000294,,2026-01-17,2026-01-17,2026-01-17,在线沟通,非权益,54.4,三线城市,KA,1-49人,产品
USR_000294,USR_000294,,,,,2026-02-21,2026-02-21,2026-02-21,急聘推广,权益,8.4,三线城市,KA,1-49人,产品
USR_000294,,,,,,2026-01-08,2026-01-08,2026-01-08,急聘推广,权益,27.0,三线城市,KA,1-49人,产品
USR_000294,USR_000294,USR_000294,,,,2026-01-29,2026-01-29,2026-01-29,职位发布,非权益,36.5,三线城市,KA,1-49人,产品
USR_000295,,USR_000295,,,,2026-01-20,2026-01-20,2026-01-20,职位发布,非权益,14.8,一线城市,SME,2000-5000人,研发
USR_000295,USR_000295,,,,USR_000295,2026-02-23,2026-02-23,2026-02-23,简历查看,非权益,16.7,一线城市,SME,2000-5000人,研发
USR_000295,USR_000295,,,,,2026-01-09,2026-01-09,2026-01-09,权益礼包,权益,11.1,一线城市,SME,2000-5000人,研发
USR_000295,USR_000295,,USR_000295,,,2026-02-12,2026-02-12,2026-02-12,简历搜索,非权益,10.9,一线城市,SME,2000-5000人,研发
USR_000295,USR_000295,,,USR_000295,,2026-02-13,2026-02-13,2026-02-13,在线沟通,非权益,8.4,一线城市,SME,2000-5000人,研发
USR_000295,USR_000295,USR_000295,,,,2026-01-29,2026-01-29,2026-01-29,职位发布,非权益,27.6,一线城市,SME,2000-5000人,研发
USR_000295,,USR_000295,,,,2026-02-11,2026-02-11,2026-02-11,职位发布,非权益,10.7,一线城市,SME,2000-5000人,研发
USR_000295,USR_000295,,,,,2026-01-14,2026-01-14,2026-01-14,企业认证,非权益,14.5,一线城市,SME,2000-5000人,研发
USR_000295,USR_000295,,,,,2026-02-19,2026-02-19,2026-02-19,企业认证,非权益,26.3,一线城市,SME,2000-5000人,研发
USR_000295,USR_000295,,,,,2026-01-26,2026-01-26,2026-01-26,企业认证,非权益,8.6,一线城市,SME,2000-5000人,研发
USR_000295,USR_000295,,,,,2026-02-22,2026-02-22,2026-02-22,企业认证,非权益,11.2,一线城市,SME,2000-5000人,研发
USR_000295,,,,USR_000295,,2026-01-12,2026-01-12,2026-01-12,在线沟通,非权益,5.1,一线城市,SME,2000-5000人,研发
USR_000295,,,USR_000295,,,2026-02-16,2026-02-16,2026-02-16,简历搜索,非权益,10.6,一线城市,SME,2000-5000人,研发
USR_000295,USR_000295,,,,,2026-02-08,2026-02-08,2026-02-08,急聘推广,权益,24.2,一线城市,SME,2000-5000人,研发
USR_000295,USR_000295,,,,,2026-01-22,2026-01-22,2026-01-22,权益礼包,权益,37.5,一线城市,SME,2000-5000人,研发
USR_000295,USR_000295,USR_000295,,,,2026-01-29,2026-01-29,2026-01-29,职位发布,非权益,7.0,一线城市,SME,2000-5000人,研发
USR_000295,USR_000295,,,,,2026-02-03,2026-02-03,2026-02-03,权益礼包,权益,20.7,一线城市,SME,2000-5000人,研发
USR_000295,USR_000295,,,,,2026-01-04,2026-01-04,2026-01-04,权益礼包,权益,30.2,一线城市,SME,2000-5000人,研发
USR_000295,,,,,,2026-02-25,2026-02-25,2026-02-25,急聘推广,权益,29.6,一线城市,SME,2000-5000人,研发
USR_000295,,,USR_000295,,,2026-02-15,2026-02-15,2026-02-15,简历搜索,非权益,29.8,一线城市,SME,2000-5000人,研发
USR_000295,USR_000295,,,,,2026-01-15,2026-01-15,2026-01-15,置顶刷新,权益,18.3,一线城市,SME,2000-5000人,研发
USR_000296,USR_000296,,,,,2026-01-15,2026-01-15,2026-01-15,急聘推广,权益,21.1,五线城市,SME,2000-5000人,运营
USR_000296,USR_000296,,,,USR_000296,2026-02-11,2026-02-11,2026-02-11,简历查看,非权益,35.3,五线城市,SME,2000-5000人,运营
USR_000296,USR_000296,,USR_000296,,,2026-02-05,2026-02-05,2026-02-05,简历搜索,非权益,7.9,五线城市,SME,2000-5000人,运营
USR_000296,,,,,USR_000296,2026-01-08,2026-01-08,2026-01-08,简历查看,非权益,7.7,五线城市,SME,2000-5000人,运营
USR_000297,,,,,,2026-01-18,2026-01-18,2026-01-18,急聘推广,权益,29.4,二线城市,SME,1-49人,研发
USR_000297,USR_000297,,,USR_000297,,2026-02-09,2026-02-09,2026-02-09,在线沟通,非权益,21.9,二线城市,SME,1-49人,研发
USR_000297,USR_000297,,,,,2026-01-06,2026-01-06,2026-01-06,企业认证,非权益,23.4,二线城市,SME,1-49人,研发
USR_000297,USR_000297,,,,,2026-01-31,2026-01-31,2026-01-31,置顶刷新,权益,49.6,二线城市,SME,1-49人,研发
USR_000297,USR_000297,,,USR_000297,,2026-02-20,2026-02-20,2026-02-20,在线沟通,非权益,18.4,二线城市,SME,1-49人,研发
USR_000297,,,,,,2026-01-26,2026-01-26,2026-01-26,企业认证,非权益,22.1,二线城市,SME,1-49人,研发
USR_000297,USR_000297,,,,,2026-01-04,2026-01-04,2026-01-04,权益礼包,权益,5.6,二线城市,SME,1-49人,研发
USR_000297,,,,,,2026-01-03,2026-01-03,2026-01-03,置顶刷新,权益,7.3,二线城市,SME,1-49人,研发
USR_000297,USR_000297,USR_000297,,,,2026-03-01,2026-03-01,2026-03-01,职位发布,非权益,9.4,二线城市,SME,1-49人,研发
USR_000297,USR_000297,,,,,2026-02-04,2026-02-04,2026-02-04,企业认证,非权益,25.8,二线城市,SME,1-49人,研发
USR_000297,,USR_000297,,,,2026-01-19,2026-01-19,2026-01-19,职位发布,非权益,20.2,二线城市,SME,1-49人,研发
USR_000297,,,,,,2026-02-25,2026-02-25,2026-02-25,置顶刷新,权益,6.6,二线城市,SME,1-49人,研发
USR_000297,USR_000297,,,USR_000297,,2026-01-24,2026-01-24,2026-01-24,在线沟通,非权益,19.9,二线城市,SME,1-49人,研发
USR_000297,USR_000297,USR_000297,,,,2026-02-27,2026-02-27,2026-02-27,职位发布,非权益,19.2,二线城市,SME,1-49人,研发
USR_000297,USR_000297,,,,,2026-01-08,2026-01-08,2026-01-08,急聘推广,权益,12.0,二线城市,SME,1-49人,研发
USR_000297,USR_000297,,,,USR_000297,2026-01-01,2026-01-01,2026-01-01,简历查看,非权益,35.1,二线城市,SME,1-49人,研发
USR_000298,USR_000298,,,,USR_000298,2026-01-17,2026-01-17,2026-01-17,简历查看,非权益,24.9,三线城市,SME,1000-2000人,客服
USR_000299,USR_000299,,,USR_000299,,2026-02-06,2026-02-06,2026-02-06,在线沟通,非权益,22.1,新一线城市,SME,1000-2000人,市场
USR_000299,USR_000299,,,,USR_000299,2026-02-21,2026-02-21,2026-02-21,简历查看,非权益,22.8,新一线城市,SME,1000-2000人,市场
USR_000299,USR_000299,USR_000299,,,,2026-01-07,2026-01-07,2026-01-07,职位发布,非权益,13.0,新一线城市,SME,1000-2000人,市场
USR_000299,USR_000299,,,,,2026-01-17,2026-01-17,2026-01-17,置顶刷新,权益,8.5,新一线城市,SME,1000-2000人,市场
USR_000299,USR_000299,,,,,2026-02-23,2026-02-23,2026-02-23,急聘推广,权益,14.8,新一线城市,SME,1000-2000人,市场
USR_000299,,,,,,2026-02-11,2026-02-11,2026-02-11,急聘推广,权益,30.9,新一线城市,SME,1000-2000人,市场
USR_000299,USR_000299,,,,,2026-02-25,2026-02-25,2026-02-25,权益礼包,权益,46.0,新一线城市,SME,1000-2000人,市场
USR_000299,USR_000299,,,,USR_000299,2026-01-23,2026-01-23,2026-01-23,简历查看,非权益,19.1,新一线城市,SME,1000-2000人,市场
USR_000300,USR_000300,,,USR_000300,,2026-02-19,2026-02-19,2026-02-19,在线沟通,非权益,11.2,一线城市,KA,2000-5000人,运营
USR_000300,,USR_000300,,,,2026-01-06,2026-01-06,2026-01-06,职位发布,非权益,61.0,一线城市,KA,2000-5000人,运营
USR_000300,,USR_000300,,,,2026-01-13,2026-01-13,2026-01-13,职位发布,非权益,36.3,一线城市,KA,2000-5000人,运营
USR_000300,USR_000300,,,USR_000300,,2026-01-27,2026-01-27,2026-01-27,在线沟通,非权益,15.3,一线城市,KA,2000-5000人,运营
USR_000300,USR_000300,USR_000300,,,,2026-02-02,2026-02-02,2026-02-02,职位发布,非权益,26.4,一线城市,KA,2000-5000人,运营
USR_000300,,,,,,2026-02-27,2026-02-27,2026-02-27,权益礼包,权益,36.4,一线城市,KA,2000-5000人,运营
USR_000300,USR_000300,,,,,2026-01-29,2026-01-29,2026-01-29,企业认证,非权益,16.8,一线城市,KA,2000-5000人,运营
USR_000300,USR_000300,,,,,2026-02-22,2026-02-22,2026-02-22,急聘推广,权益,21.2,一线城市,KA,2000-5000人,运营
USR_000300,USR_000300,,,,,2026-02-05,2026-02-05,2026-02-05,置顶刷新,权益,5.0,一线城市,KA,2000-5000人,运营
USR_000300,,,,,USR_000300,2026-02-24,2026-02-24,2026-02-24,简历查看,非权益,63.6,一线城市,KA,2000-5000人,运营
USR_000300,USR_000300,USR_000300,,,,2026-01-06,2026-01-06,2026-01-06,职位发布,非权益,7.9,一线城市,KA,2000-5000人,运营
USR_000300,USR_000300,,,,,2026-02-17,2026-02-17,2026-02-17,置顶刷新,权益,22.0,一线城市,KA,2000-5000人,运营
USR_000300,USR_000300,USR_000300,,,,2026-01-15,2026-01-15,2026-01-15,职位发布,非权益,31.0,一线城市,KA,2000-5000人,运营
USR_000300,USR_000300,,USR_000300,,,2026-02-21,2026-02-21,2026-02-21,简历搜索,非权益,7.1,一线城市,KA,2000-5000人,运营
USR_000300,USR_000300,,,,,2026-02-13,2026-02-13,2026-02-13,置顶刷新,权益,13.4,一线城市,KA,2000-5000人,运营
USR_000301,USR_000301,,USR_000301,,,2026-01-27,2026-01-27,2026-01-27,简历搜索,非权益,10.7,三线城市,SME,100-499人,行政
USR_000301,USR_000301,,USR_000301,,,2026-02-18,2026-02-18,2026-02-18,简历搜索,非权益,15.9,三线城市,SME,100-499人,行政
USR_000301,USR_000301,,,,,2026-02-20,2026-02-20,2026-02-20,置顶刷新,权益,10.9,三线城市,SME,100-499人,行政
USR_000301,,USR_000301,,,,2026-01-07,2026-01-07,2026-01-07,职位发布,非权益,6.6,三线城市,SME,100-499人,行政
USR_000301,USR_000301,,,,,2026-01-30,2026-01-30,2026-01-30,企业认证,非权益,14.5,三线城市,SME,100-499人,行政
USR_000301,USR_000301,,,,USR_000301,2026-02-18,2026-02-18,2026-02-18,简历查看,非权益,12.3,三线城市,SME,100-499人,行政
USR_000301,,,,,,2026-02-07,2026-02-07,2026-02-07,置顶刷新,权益,22.6,三线城市,SME,100-499人,行政
USR_000301,USR_000301,,,USR_000301,,2026-01-17,2026-01-17,2026-01-17,在线沟通,非权益,12.3,三线城市,SME,100-499人,行政
USR_000301,,,,,,2026-02-22,2026-02-22,2026-02-22,企业认证,非权益,7.7,三线城市,SME,100-499人,行政
USR_000301,USR_000301,,,,,2026-02-21,2026-02-21,2026-02-21,企业认证,非权益,28.6,三线城市,SME,100-499人,行政
USR_000301,,,,,,2026-01-03,2026-01-03,2026-01-03,权益礼包,权益,15.0,三线城市,SME,100-499人,行政
USR_000301,USR_000301,,,USR_000301,,2026-01-09,2026-01-09,2026-01-09,在线沟通,非权益,8.4,三线城市,SME,100-499人,行政
USR_000302,USR_000302,,,,USR_000302,2026-01-17,2026-01-17,2026-01-17,简历查看,非权益,9.1,二线城市,SME,1-49人,市场
USR_000302,,,,,USR_000302,2026-01-08,2026-01-08,2026-01-08,简历查看,非权益,19.5,二线城市,SME,1-49人,市场
USR_000302,USR_000302,,,,USR_000302,2026-01-09,2026-01-09,2026-01-09,简历查看,非权益,6.6,二线城市,SME,1-49人,市场
USR_000302,USR_000302,,USR_000302,,,2026-01-09,2026-01-09,2026-01-09,简历搜索,非权益,60.3,二线城市,SME,1-49人,市场
USR_000302,USR_000302,,,USR_000302,,2026-01-17,2026-01-17,2026-01-17,在线沟通,非权益,18.1,二线城市,SME,1-49人,市场
USR_000302,,,,,,2026-01-28,2026-01-28,2026-01-28,置顶刷新,权益,13.5,二线城市,SME,1-49人,市场
USR_000302,USR_000302,,USR_000302,,,2026-02-21,2026-02-21,2026-02-21,简历搜索,非权益,42.3,二线城市,SME,1-49人,市场
USR_000302,USR_000302,,,,,2026-02-21,2026-02-21,2026-02-21,置顶刷新,权益,44.1,二线城市,SME,1-49人,市场
USR_000302,USR_000302,,,,,2026-01-14,2026-01-14,2026-01-14,置顶刷新,权益,38.9,二线城市,SME,1-49人,市场
USR_000302,USR_000302,,,,USR_000302,2026-02-08,2026-02-08,2026-02-08,简历查看,非权益,20.4,二线城市,SME,1-49人,市场
USR_000302,,USR_000302,,,,2026-01-26,2026-01-26,2026-01-26,职位发布,非权益,44.7,二线城市,SME,1-49人,市场
USR_000302,,USR_000302,,,,2026-02-17,2026-02-17,2026-02-17,职位发布,非权益,105.1,二线城市,SME,1-49人,市场
USR_000303,USR_000303,,,,USR_000303,2026-01-31,2026-01-31,2026-01-31,简历查看,非权益,6.0,一线城市,SME,100-499人,运营
USR_000303,,,,,,2026-01-29,2026-01-29,2026-01-29,置顶刷新,权益,9.3,一线城市,SME,100-499人,运营
USR_000303,,,,,,2026-02-22,2026-02-22,2026-02-22,急聘推广,权益,15.1,一线城市,SME,100-499人,运营
USR_000303,USR_000303,,,,USR_000303,2026-02-15,2026-02-15,2026-02-15,简历查看,非权益,18.2,一线城市,SME,100-499人,运营
USR_000303,,,,USR_000303,,2026-02-21,2026-02-21,2026-02-21,在线沟通,非权益,15.8,一线城市,SME,100-499人,运营
USR_000303,USR_000303,,,,,2026-02-24,2026-02-24,2026-02-24,企业认证,非权益,12.4,一线城市,SME,100-499人,运营
USR_000303,,,,,,2026-01-28,2026-01-28,2026-01-28,企业认证,非权益,19.7,一线城市,SME,100-499人,运营
USR_000303,USR_000303,,,,,2026-02-13,2026-02-13,2026-02-13,急聘推广,权益,11.0,一线城市,SME,100-499人,运营
USR_000303,USR_000303,,,,USR_000303,2026-02-26,2026-02-26,2026-02-26,简历查看,非权益,5.3,一线城市,SME,100-499人,运营
USR_000303,USR_000303,,,,,2026-02-13,2026-02-13,2026-02-13,急聘推广,权益,11.7,一线城市,SME,100-499人,运营
USR_000304,USR_000304,,,USR_000304,,2026-01-13,2026-01-13,2026-01-13,在线沟通,非权益,39.1,新一线城市,KA,1000-2000人,产品
USR_000304,USR_000304,,,,,2026-02-13,2026-02-13,2026-02-13,权益礼包,权益,14.8,新一线城市,KA,1000-2000人,产品
USR_000304,,,USR_000304,,,2026-01-15,2026-01-15,2026-01-15,简历搜索,非权益,45.3,新一线城市,KA,1000-2000人,产品
USR_000304,,,,,USR_000304,2026-02-07,2026-02-07,2026-02-07,简历查看,非权益,5.1,新一线城市,KA,1000-2000人,产品
USR_000304,,,,,,2026-01-16,2026-01-16,2026-01-16,企业认证,非权益,9.0,新一线城市,KA,1000-2000人,产品
USR_000304,USR_000304,,,,,2026-01-02,2026-01-02,2026-01-02,急聘推广,权益,15.0,新一线城市,KA,1000-2000人,产品
USR_000304,USR_000304,,,USR_000304,,2026-02-15,2026-02-15,2026-02-15,在线沟通,非权益,9.9,新一线城市,KA,1000-2000人,产品
USR_000304,,USR_000304,,,,2026-02-10,2026-02-10,2026-02-10,职位发布,非权益,35.4,新一线城市,KA,1000-2000人,产品
USR_000304,,,,,USR_000304,2026-01-21,2026-01-21,2026-01-21,简历查看,非权益,27.2,新一线城市,KA,1000-2000人,产品
USR_000304,USR_000304,USR_000304,,,,2026-01-21,2026-01-21,2026-01-21,职位发布,非权益,8.3,新一线城市,KA,1000-2000人,产品
USR_000304,USR_000304,,,,,2026-01-31,2026-01-31,2026-01-31,急聘推广,权益,17.9,新一线城市,KA,1000-2000人,产品
USR_000304,,,,,,2026-02-28,2026-02-28,2026-02-28,急聘推广,权益,12.6,新一线城市,KA,1000-2000人,产品
USR_000304,,,,,,2026-01-23,2026-01-23,2026-01-23,急聘推广,权益,5.1,新一线城市,KA,1000-2000人,产品
USR_000304,USR_000304,,,,,2026-02-21,2026-02-21,2026-02-21,置顶刷新,权益,48.1,新一线城市,KA,1000-2000人,产品
USR_000304,USR_000304,,,USR_000304,,2026-02-23,2026-02-23,2026-02-23,在线沟通,非权益,7.1,新一线城市,KA,1000-2000人,产品
USR_000304,,,,,USR_000304,2026-01-01,2026-01-01,2026-01-01,简历查看,非权益,26.3,新一线城市,KA,1000-2000人,产品
USR_000304,USR_000304,,,,USR_000304,2026-02-05,2026-02-05,2026-02-05,简历查看,非权益,5.8,新一线城市,KA,1000-2000人,产品
USR_000304,USR_000304,,,,,2026-01-16,2026-01-16,2026-01-16,置顶刷新,权益,58.1,新一线城市,KA,1000-2000人,产品
USR_000304,USR_000304,,USR_000304,,,2026-02-25,2026-02-25,2026-02-25,简历搜索,非权益,26.0,新一线城市,KA,1000-2000人,产品
USR_000304,,,,,,2026-01-03,2026-01-03,2026-01-03,企业认证,非权益,8.2,新一线城市,KA,1000-2000人,产品
USR_000304,USR_000304,,,,,2026-01-09,2026-01-09,2026-01-09,企业认证,非权益,23.3,新一线城市,KA,1000-2000人,产品
USR_000305,,USR_000305,,,,2026-02-15,2026-02-15,2026-02-15,职位发布,非权益,19.0,五线城市,KA,1000-2000人,销售
USR_000305,,,,,,2026-01-20,2026-01-20,2026-01-20,置顶刷新,权益,20.7,五线城市,KA,1000-2000人,销售
USR_000305,,,USR_000305,,,2026-01-18,2026-01-18,2026-01-18,简历搜索,非权益,25.3,五线城市,KA,1000-2000人,销售
USR_000305,USR_000305,,USR_000305,,,2026-01-11,2026-01-11,2026-01-11,简历搜索,非权益,5.7,五线城市,KA,1000-2000人,销售
USR_000306,USR_000306,,,,,2026-02-07,2026-02-07,2026-02-07,企业认证,非权益,12.0,一线城市,SME,1000-2000人,销售
USR_000306,,,,,,2026-01-17,2026-01-17,2026-01-17,置顶刷新,权益,13.2,一线城市,SME,1000-2000人,销售
USR_000307,,USR_000307,,,,2026-01-30,2026-01-30,2026-01-30,职位发布,非权益,15.0,一线城市,SME,100-499人,市场
USR_000307,USR_000307,,,,,2026-01-01,2026-01-01,2026-01-01,置顶刷新,权益,19.8,一线城市,SME,100-499人,市场
USR_000307,USR_000307,,USR_000307,,,2026-02-15,2026-02-15,2026-02-15,简历搜索,非权益,51.2,一线城市,SME,100-499人,市场
USR_000307,USR_000307,,,,,2026-02-28,2026-02-28,2026-02-28,企业认证,非权益,7.7,一线城市,SME,100-499人,市场
USR_000307,,,,USR_000307,,2026-02-13,2026-02-13,2026-02-13,在线沟通,非权益,13.7,一线城市,SME,100-499人,市场
USR_000307,USR_000307,,,USR_000307,,2026-02-05,2026-02-05,2026-02-05,在线沟通,非权益,14.7,一线城市,SME,100-499人,市场
USR_000307,USR_000307,,USR_000307,,,2026-01-13,2026-01-13,2026-01-13,简历搜索,非权益,70.6,一线城市,SME,100-499人,市场
USR_000307,USR_000307,,USR_000307,,,2026-01-21,2026-01-21,2026-01-21,简历搜索,非权益,21.9,一线城市,SME,100-499人,市场
USR_000307,,,,USR_000307,,2026-01-31,2026-01-31,2026-01-31,在线沟通,非权益,25.2,一线城市,SME,100-499人,市场
USR_000307,,USR_000307,,,,2026-02-25,2026-02-25,2026-02-25,职位发布,非权益,8.6,一线城市,SME,100-499人,市场
USR_000307,,,,,USR_000307,2026-02-19,2026-02-19,2026-02-19,简历查看,非权益,22.7,一线城市,SME,100-499人,市场
USR_000307,USR_000307,,USR_000307,,,2026-01-02,2026-01-02,2026-01-02,简历搜索,非权益,37.9,一线城市,SME,100-499人,市场
USR_000307,USR_000307,,,,USR_000307,2026-01-07,2026-01-07,2026-01-07,简历查看,非权益,8.3,一线城市,SME,100-499人,市场
USR_000307,USR_000307,,,,USR_000307,2026-01-15,2026-01-15,2026-01-15,简历查看,非权益,36.2,一线城市,SME,100-499人,市场
USR_000307,USR_000307,,,,,2026-01-03,2026-01-03,2026-01-03,急聘推广,权益,30.5,一线城市,SME,100-499人,市场
USR_000307,USR_000307,,,,,2026-02-18,2026-02-18,2026-02-18,急聘推广,权益,10.3,一线城市,SME,100-499人,市场
USR_000307,,,,,USR_000307,2026-01-13,2026-01-13,2026-01-13,简历查看,非权益,34.9,一线城市,SME,100-499人,市场
USR_000307,,,,,,2026-02-25,2026-02-25,2026-02-25,权益礼包,权益,9.3,一线城市,SME,100-499人,市场
USR_000308,USR_000308,,USR_000308,,,2026-01-20,2026-01-20,2026-01-20,简历搜索,非权益,31.8,四线城市,SME,500-999人,研发
USR_000308,,,,,,2026-02-11,2026-02-11,2026-02-11,企业认证,非权益,5.3,四线城市,SME,500-999人,研发
USR_000308,,,,USR_000308,,2026-01-07,2026-01-07,2026-01-07,在线沟通,非权益,5.6,四线城市,SME,500-999人,研发
USR_000308,USR_000308,,,,,2026-01-29,2026-01-29,2026-01-29,急聘推广,权益,6.7,四线城市,SME,500-999人,研发
USR_000308,,USR_000308,,,,2026-02-17,2026-02-17,2026-02-17,职位发布,非权益,20.1,四线城市,SME,500-999人,研发
USR_000308,USR_000308,,,,,2026-02-05,2026-02-05,2026-02-05,急聘推广,权益,25.8,四线城市,SME,500-999人,研发
USR_000308,USR_000308,,,,,2026-01-07,2026-01-07,2026-01-07,置顶刷新,权益,6.2,四线城市,SME,500-999人,研发
USR_000308,USR_000308,USR_000308,,,,2026-02-16,2026-02-16,2026-02-16,职位发布,非权益,5.4,四线城市,SME,500-999人,研发
USR_000308,USR_000308,,USR_000308,,,2026-01-15,2026-01-15,2026-01-15,简历搜索,非权益,26.9,四线城市,SME,500-999人,研发
USR_000308,USR_000308,,,,,2026-01-21,2026-01-21,2026-01-21,置顶刷新,权益,8.6,四线城市,SME,500-999人,研发
USR_000308,USR_000308,,,,,2026-02-03,2026-02-03,2026-02-03,急聘推广,权益,24.1,四线城市,SME,500-999人,研发
USR_000308,,,,,,2026-01-04,2026-01-04,2026-01-04,急聘推广,权益,5.1,四线城市,SME,500-999人,研发
USR_000308,USR_000308,,,,,2026-02-12,2026-02-12,2026-02-12,企业认证,非权益,60.1,四线城市,SME,500-999人,研发
USR_000308,USR_000308,USR_000308,,,,2026-01-06,2026-01-06,2026-01-06,职位发布,非权益,6.7,四线城市,SME,500-999人,研发
USR_000308,,,,,,2026-02-21,2026-02-21,2026-02-21,置顶刷新,权益,57.0,四线城市,SME,500-999人,研发
USR_000308,USR_000308,USR_000308,,,,2026-01-23,2026-01-23,2026-01-23,职位发布,非权益,51.5,四线城市,SME,500-999人,研发
USR_000309,USR_000309,,,,,2026-01-10,2026-01-10,2026-01-10,急聘推广,权益,16.4,三线城市,SME,1-49人,财务
USR_000309,USR_000309,,,,,2026-02-25,2026-02-25,2026-02-25,急聘推广,权益,23.5,三线城市,SME,1-49人,财务
USR_000309,USR_000309,USR_000309,,,,2026-02-17,2026-02-17,2026-02-17,职位发布,非权益,30.6,三线城市,SME,1-49人,财务
USR_000310,,,,,,2026-01-26,2026-01-26,2026-01-26,置顶刷新,权益,6.1,新一线城市,SME,10000人以上,客服
USR_000310,USR_000310,,USR_000310,,,2026-01-13,2026-01-13,2026-01-13,简历搜索,非权益,24.4,新一线城市,SME,10000人以上,客服
USR_000310,,,,,,2026-02-20,2026-02-20,2026-02-20,权益礼包,权益,33.1,新一线城市,SME,10000人以上,客服
USR_000310,USR_000310,,,,,2026-02-25,2026-02-25,2026-02-25,权益礼包,权益,22.7,新一线城市,SME,10000人以上,客服
USR_000310,,,,,,2026-01-13,2026-01-13,2026-01-13,置顶刷新,权益,8.7,新一线城市,SME,10000人以上,客服
USR_000310,USR_000310,,,,,2026-01-22,2026-01-22,2026-01-22,急聘推广,权益,41.4,新一线城市,SME,10000人以上,客服
USR_000310,,,,,,2026-01-05,2026-01-05,2026-01-05,权益礼包,权益,9.8,新一线城市,SME,10000人以上,客服
USR_000310,,,,USR_000310,,2026-01-28,2026-01-28,2026-01-28,在线沟通,非权益,62.5,新一线城市,SME,10000人以上,客服
USR_000310,USR_000310,,,USR_000310,,2026-01-11,2026-01-11,2026-01-11,在线沟通,非权益,6.4,新一线城市,SME,10000人以上,客服
USR_000310,USR_000310,,,,USR_000310,2026-01-06,2026-01-06,2026-01-06,简历查看,非权益,11.8,新一线城市,SME,10000人以上,客服
USR_000310,USR_000310,,,,,2026-02-03,2026-02-03,2026-02-03,置顶刷新,权益,29.4,新一线城市,SME,10000人以上,客服
USR_000310,USR_000310,USR_000310,,,,2026-02-24,2026-02-24,2026-02-24,职位发布,非权益,6.9,新一线城市,SME,10000人以上,客服
USR_000310,USR_000310,,,,,2026-01-01,2026-01-01,2026-01-01,置顶刷新,权益,9.7,新一线城市,SME,10000人以上,客服
USR_000310,USR_000310,,,USR_000310,,2026-02-21,2026-02-21,2026-02-21,在线沟通,非权益,23.9,新一线城市,SME,10000人以上,客服
USR_000310,USR_000310,,,,,2026-01-13,2026-01-13,2026-01-13,急聘推广,权益,9.4,新一线城市,SME,10000人以上,客服
USR_000310,USR_000310,USR_000310,,,,2026-02-10,2026-02-10,2026-02-10,职位发布,非权益,6.5,新一线城市,SME,10000人以上,客服
USR_000310,USR_000310,,USR_000310,,,2026-02-03,2026-02-03,2026-02-03,简历搜索,非权益,9.0,新一线城市,SME,10000人以上,客服
USR_000310,,,,,,2026-01-02,2026-01-02,2026-01-02,急聘推广,权益,26.4,新一线城市,SME,10000人以上,客服
USR_000310,USR_000310,,,,,2026-01-08,2026-01-08,2026-01-08,权益礼包,权益,41.8,新一线城市,SME,10000人以上,客服
USR_000311,USR_000311,,,,,2026-01-03,2026-01-03,2026-01-03,企业认证,非权益,11.7,三线城市,SME,1-49人,市场
USR_000311,USR_000311,,,,USR_000311,2026-01-06,2026-01-06,2026-01-06,简历查看,非权益,7.8,三线城市,SME,1-49人,市场
USR_000311,USR_000311,,,,,2026-01-09,2026-01-09,2026-01-09,急聘推广,权益,15.2,三线城市,SME,1-49人,市场
USR_000311,USR_000311,,,,,2026-02-18,2026-02-18,2026-02-18,企业认证,非权益,13.7,三线城市,SME,1-49人,市场
USR_000311,,,,,USR_000311,2026-01-31,2026-01-31,2026-01-31,简历查看,非权益,18.6,三线城市,SME,1-49人,市场
USR_000311,USR_000311,,,,,2026-02-15,2026-02-15,2026-02-15,急聘推广,权益,14.2,三线城市,SME,1-49人,市场
USR_000311,USR_000311,,,,,2026-02-28,2026-02-28,2026-02-28,权益礼包,权益,23.0,三线城市,SME,1-49人,市场
USR_000311,USR_000311,,,,,2026-01-17,2026-01-17,2026-01-17,企业认证,非权益,17.8,三线城市,SME,1-49人,市场
USR_000311,,,,,,2026-01-08,2026-01-08,2026-01-08,企业认证,非权益,15.2,三线城市,SME,1-49人,市场
USR_000312,,,,,,2026-02-07,2026-02-07,2026-02-07,置顶刷新,权益,7.5,五线城市,SME,5000-10000人,市场
USR_000312,USR_000312,USR_000312,,,,2026-01-08,2026-01-08,2026-01-08,职位发布,非权益,8.9,五线城市,SME,5000-10000人,市场
USR_000312,USR_000312,,USR_000312,,,2026-02-26,2026-02-26,2026-02-26,简历搜索,非权益,10.1,五线城市,SME,5000-10000人,市场
USR_000312,USR_000312,,,USR_000312,,2026-01-19,2026-01-19,2026-01-19,在线沟通,非权益,19.1,五线城市,SME,5000-10000人,市场
USR_000312,USR_000312,,,,,2026-01-30,2026-01-30,2026-01-30,急聘推广,权益,23.5,五线城市,SME,5000-10000人,市场
USR_000312,USR_000312,,,,,2026-01-09,2026-01-09,2026-01-09,企业认证,非权益,14.8,五线城市,SME,5000-10000人,市场
USR_000312,,,,USR_000312,,2026-01-23,2026-01-23,2026-01-23,在线沟通,非权益,21.5,五线城市,SME,5000-10000人,市场
USR_000312,,,,,USR_000312,2026-01-13,2026-01-13,2026-01-13,简历查看,非权益,8.5,五线城市,SME,5000-10000人,市场
USR_000312,USR_000312,,,,,2026-01-13,2026-01-13,2026-01-13,权益礼包,权益,15.7,五线城市,SME,5000-10000人,市场
USR_000312,,,,,USR_000312,2026-01-14,2026-01-14,2026-01-14,简历查看,非权益,27.9,五线城市,SME,5000-10000人,市场
USR_000312,USR_000312,,,,,2026-01-24,2026-01-24,2026-01-24,权益礼包,权益,29.8,五线城市,SME,5000-10000人,市场
USR_000312,,,USR_000312,,,2026-02-19,2026-02-19,2026-02-19,简历搜索,非权益,36.3,五线城市,SME,5000-10000人,市场
USR_000312,USR_000312,,,,,2026-01-26,2026-01-26,2026-01-26,置顶刷新,权益,24.0,五线城市,SME,5000-10000人,市场
USR_000312,USR_000312,,,,,2026-02-18,2026-02-18,2026-02-18,企业认证,非权益,37.8,五线城市,SME,5000-10000人,市场
USR_000312,USR_000312,,USR_000312,,,2026-01-21,2026-01-21,2026-01-21,简历搜索,非权益,23.8,五线城市,SME,5000-10000人,市场
USR_000312,,,,,,2026-01-22,2026-01-22,2026-01-22,急聘推广,权益,9.8,五线城市,SME,5000-10000人,市场
USR_000312,,,,,,2026-02-15,2026-02-15,2026-02-15,急聘推广,权益,8.5,五线城市,SME,5000-10000人,市场
USR_000312,USR_000312,,,,,2026-02-12,2026-02-12,2026-02-12,权益礼包,权益,7.7,五线城市,SME,5000-10000人,市场
USR_000313,USR_000313,,,,,2026-02-20,2026-02-20,2026-02-20,企业认证,非权益,16.8,四线城市,SME,2000-5000人,研发
USR_000313,USR_000313,,,,,2026-01-18,2026-01-18,2026-01-18,权益礼包,权益,25.6,四线城市,SME,2000-5000人,研发
USR_000313,USR_000313,USR_000313,,,,2026-01-11,2026-01-11,2026-01-11,职位发布,非权益,15.7,四线城市,SME,2000-5000人,研发
USR_000313,USR_000313,,,,USR_000313,2026-02-11,2026-02-11,2026-02-11,简历查看,非权益,17.2,四线城市,SME,2000-5000人,研发
USR_000313,USR_000313,USR_000313,,,,2026-02-04,2026-02-04,2026-02-04,职位发布,非权益,63.4,四线城市,SME,2000-5000人,研发
USR_000313,USR_000313,,,,,2026-02-14,2026-02-14,2026-02-14,置顶刷新,权益,17.8,四线城市,SME,2000-5000人,研发
USR_000313,USR_000313,USR_000313,,,,2026-01-01,2026-01-01,2026-01-01,职位发布,非权益,29.5,四线城市,SME,2000-5000人,研发
USR_000313,USR_000313,,,,,2026-02-17,2026-02-17,2026-02-17,企业认证,非权益,14.0,四线城市,SME,2000-5000人,研发
USR_000313,,,,,,2026-02-03,2026-02-03,2026-02-03,权益礼包,权益,5.8,四线城市,SME,2000-5000人,研发
USR_000313,USR_000313,USR_000313,,,,2026-01-09,2026-01-09,2026-01-09,职位发布,非权益,20.0,四线城市,SME,2000-5000人,研发
USR_000313,USR_000313,,,USR_000313,,2026-01-13,2026-01-13,2026-01-13,在线沟通,非权益,9.0,四线城市,SME,2000-5000人,研发
USR_000313,USR_000313,,,,,2026-02-05,2026-02-05,2026-02-05,企业认证,非权益,46.7,四线城市,SME,2000-5000人,研发
USR_000313,,,,,,2026-01-27,2026-01-27,2026-01-27,权益礼包,权益,23.6,四线城市,SME,2000-5000人,研发
USR_000313,,,,,,2026-01-15,2026-01-15,2026-01-15,置顶刷新,权益,5.7,四线城市,SME,2000-5000人,研发
USR_000313,,,,,,2026-01-18,2026-01-18,2026-01-18,置顶刷新,权益,11.4,四线城市,SME,2000-5000人,研发
USR_000313,USR_000313,,,USR_000313,,2026-01-26,2026-01-26,2026-01-26,在线沟通,非权益,12.9,四线城市,SME,2000-5000人,研发
USR_000313,USR_000313,,USR_000313,,,2026-01-20,2026-01-20,2026-01-20,简历搜索,非权益,22.5,四线城市,SME,2000-5000人,研发
USR_000313,,,,,,2026-02-17,2026-02-17,2026-02-17,权益礼包,权益,35.1,四线城市,SME,2000-5000人,研发
USR_000313,,,,,,2026-02-24,2026-02-24,2026-02-24,权益礼包,权益,10.1,四线城市,SME,2000-5000人,研发
USR_000313,USR_000313,,,,,2026-02-10,2026-02-10,2026-02-10,置顶刷新,权益,16.0,四线城市,SME,2000-5000人,研发
USR_000313,,,,,,2026-02-10,2026-02-10,2026-02-10,置顶刷新,权益,68.1,四线城市,SME,2000-5000人,研发
USR_000314,USR_000314,,USR_000314,,,2026-01-10,2026-01-10,2026-01-10,简历搜索,非权益,15.6,一线城市,KA,50-99人,产品
USR_000314,USR_000314,,,USR_000314,,2026-01-13,2026-01-13,2026-01-13,在线沟通,非权益,8.7,一线城市,KA,50-99人,产品
USR_000314,,,,USR_000314,,2026-02-22,2026-02-22,2026-02-22,在线沟通,非权益,13.2,一线城市,KA,50-99人,产品
USR_000314,USR_000314,,,,,2026-02-07,2026-02-07,2026-02-07,置顶刷新,权益,55.1,一线城市,KA,50-99人,产品
USR_000314,USR_000314,,,,USR_000314,2026-01-19,2026-01-19,2026-01-19,简历查看,非权益,31.5,一线城市,KA,50-99人,产品
USR_000315,USR_000315,,,,,2026-01-28,2026-01-28,2026-01-28,置顶刷新,权益,16.4,一线城市,KA,5000-10000人,财务
USR_000315,USR_000315,,USR_000315,,,2026-02-13,2026-02-13,2026-02-13,简历搜索,非权益,23.8,一线城市,KA,5000-10000人,财务
USR_000315,USR_000315,,,,,2026-02-07,2026-02-07,2026-02-07,置顶刷新,权益,38.0,一线城市,KA,5000-10000人,财务
USR_000315,USR_000315,,,,,2026-01-26,2026-01-26,2026-01-26,权益礼包,权益,5.7,一线城市,KA,5000-10000人,财务
USR_000315,,USR_000315,,,,2026-02-22,2026-02-22,2026-02-22,职位发布,非权益,16.1,一线城市,KA,5000-10000人,财务
USR_000315,,,,,,2026-02-28,2026-02-28,2026-02-28,权益礼包,权益,43.0,一线城市,KA,5000-10000人,财务
USR_000315,,,,USR_000315,,2026-02-22,2026-02-22,2026-02-22,在线沟通,非权益,9.5,一线城市,KA,5000-10000人,财务
USR_000315,USR_000315,,USR_000315,,,2026-02-28,2026-02-28,2026-02-28,简历搜索,非权益,41.7,一线城市,KA,5000-10000人,财务
USR_000316,USR_000316,,,,,2026-02-15,2026-02-15,2026-02-15,置顶刷新,权益,7.1,新一线城市,SME,50-99人,研发
USR_000316,USR_000316,USR_000316,,,,2026-01-15,2026-01-15,2026-01-15,职位发布,非权益,18.2,新一线城市,SME,50-99人,研发
USR_000316,,,,,,2026-02-15,2026-02-15,2026-02-15,急聘推广,权益,12.3,新一线城市,SME,50-99人,研发
USR_000316,,,USR_000316,,,2026-01-22,2026-01-22,2026-01-22,简历搜索,非权益,15.3,新一线城市,SME,50-99人,研发
USR_000316,,,,USR_000316,,2026-01-18,2026-01-18,2026-01-18,在线沟通,非权益,48.9,新一线城市,SME,50-99人,研发
USR_000316,,,,,,2026-02-01,2026-02-01,2026-02-01,急聘推广,权益,22.7,新一线城市,SME,50-99人,研发
USR_000316,USR_000316,,USR_000316,,,2026-01-14,2026-01-14,2026-01-14,简历搜索,非权益,33.9,新一线城市,SME,50-99人,研发
USR_000316,USR_000316,,,,USR_000316,2026-02-01,2026-02-01,2026-02-01,简历查看,非权益,10.3,新一线城市,SME,50-99人,研发
USR_000316,USR_000316,,,USR_000316,,2026-02-01,2026-02-01,2026-02-01,在线沟通,非权益,6.2,新一线城市,SME,50-99人,研发
USR_000316,USR_000316,,,,,2026-02-24,2026-02-24,2026-02-24,急聘推广,权益,18.4,新一线城市,SME,50-99人,研发
USR_000316,USR_000316,USR_000316,,,,2026-02-09,2026-02-09,2026-02-09,职位发布,非权益,5.5,新一线城市,SME,50-99人,研发
USR_000316,,,,,,2026-02-04,2026-02-04,2026-02-04,急聘推广,权益,12.0,新一线城市,SME,50-99人,研发
USR_000316,USR_000316,,,,,2026-01-17,2026-01-17,2026-01-17,企业认证,非权益,15.6,新一线城市,SME,50-99人,研发
USR_000316,USR_000316,,,,USR_000316,2026-01-25,2026-01-25,2026-01-25,简历查看,非权益,18.5,新一线城市,SME,50-99人,研发
USR_000316,,,,USR_000316,,2026-01-13,2026-01-13,2026-01-13,在线沟通,非权益,13.9,新一线城市,SME,50-99人,研发
USR_000316,USR_000316,,USR_000316,,,2026-01-24,2026-01-24,2026-01-24,简历搜索,非权益,8.8,新一线城市,SME,50-99人,研发
USR_000316,USR_000316,,,,USR_000316,2026-02-05,2026-02-05,2026-02-05,简历查看,非权益,8.8,新一线城市,SME,50-99人,研发
USR_000316,USR_000316,,,,,2026-01-08,2026-01-08,2026-01-08,急聘推广,权益,77.9,新一线城市,SME,50-99人,研发
USR_000316,USR_000316,,,,,2026-01-14,2026-01-14,2026-01-14,急聘推广,权益,7.1,新一线城市,SME,50-99人,研发
USR_000316,USR_000316,,,,,2026-02-15,2026-02-15,2026-02-15,急聘推广,权益,17.4,新一线城市,SME,50-99人,研发
USR_000316,USR_000316,USR_000316,,,,2026-01-07,2026-01-07,2026-01-07,职位发布,非权益,24.5,新一线城市,SME,50-99人,研发
USR_000317,,USR_000317,,,,2026-01-12,2026-01-12,2026-01-12,职位发布,非权益,35.4,四线城市,SME,500-999人,销售
USR_000317,USR_000317,,,,,2026-01-03,2026-01-03,2026-01-03,置顶刷新,权益,24.2,四线城市,SME,500-999人,销售
USR_000317,USR_000317,,,,,2026-02-28,2026-02-28,2026-02-28,企业认证,非权益,7.3,四线城市,SME,500-999人,销售
USR_000317,USR_000317,,,,,2026-01-02,2026-01-02,2026-01-02,权益礼包,权益,33.6,四线城市,SME,500-999人,销售
USR_000317,USR_000317,,,,,2026-02-08,2026-02-08,2026-02-08,急聘推广,权益,17.3,四线城市,SME,500-999人,销售
USR_000317,,,,USR_000317,,2026-01-27,2026-01-27,2026-01-27,在线沟通,非权益,28.6,四线城市,SME,500-999人,销售
USR_000317,USR_000317,,,,,2026-01-25,2026-01-25,2026-01-25,急聘推广,权益,16.3,四线城市,SME,500-999人,销售
USR_000317,USR_000317,,,USR_000317,,2026-02-10,2026-02-10,2026-02-10,在线沟通,非权益,10.7,四线城市,SME,500-999人,销售
USR_000317,USR_000317,,,,,2026-01-16,2026-01-16,2026-01-16,置顶刷新,权益,7.5,四线城市,SME,500-999人,销售
USR_000318,USR_000318,,USR_000318,,,2026-02-05,2026-02-05,2026-02-05,简历搜索,非权益,19.3,四线城市,SME,500-999人,运营
USR_000318,USR_000318,,,,USR_000318,2026-01-13,2026-01-13,2026-01-13,简历查看,非权益,7.5,四线城市,SME,500-999人,运营
USR_000318,,,,,,2026-02-11,2026-02-11,2026-02-11,置顶刷新,权益,8.7,四线城市,SME,500-999人,运营
USR_000318,USR_000318,USR_000318,,,,2026-01-18,2026-01-18,2026-01-18,职位发布,非权益,13.6,四线城市,SME,500-999人,运营
USR_000318,USR_000318,,,,,2026-02-19,2026-02-19,2026-02-19,置顶刷新,权益,10.6,四线城市,SME,500-999人,运营
USR_000318,,,,,,2026-01-02,2026-01-02,2026-01-02,企业认证,非权益,24.5,四线城市,SME,500-999人,运营
USR_000318,,,USR_000318,,,2026-02-12,2026-02-12,2026-02-12,简历搜索,非权益,7.5,四线城市,SME,500-999人,运营
USR_000318,,USR_000318,,,,2026-01-19,2026-01-19,2026-01-19,职位发布,非权益,12.7,四线城市,SME,500-999人,运营
USR_000318,,,,,,2026-01-17,2026-01-17,2026-01-17,权益礼包,权益,28.5,四线城市,SME,500-999人,运营
USR_000318,USR_000318,,,,,2026-02-10,2026-02-10,2026-02-10,急聘推广,权益,7.8,四线城市,SME,500-999人,运营
USR_000319,USR_000319,,,,USR_000319,2026-01-25,2026-01-25,2026-01-25,简历查看,非权益,21.5,二线城市,KA,10000人以上,研发
USR_000319,USR_000319,,USR_000319,,,2026-02-13,2026-02-13,2026-02-13,简历搜索,非权益,15.1,二线城市,KA,10000人以上,研发
USR_000319,USR_000319,,USR_000319,,,2026-01-07,2026-01-07,2026-01-07,简历搜索,非权益,60.1,二线城市,KA,10000人以上,研发
USR_000319,USR_000319,,,USR_000319,,2026-02-13,2026-02-13,2026-02-13,在线沟通,非权益,5.5,二线城市,KA,10000人以上,研发
USR_000319,USR_000319,,,USR_000319,,2026-02-20,2026-02-20,2026-02-20,在线沟通,非权益,18.9,二线城市,KA,10000人以上,研发
USR_000319,USR_000319,,,USR_000319,,2026-01-12,2026-01-12,2026-01-12,在线沟通,非权益,16.8,二线城市,KA,10000人以上,研发
USR_000319,USR_000319,,,,USR_000319,2026-02-07,2026-02-07,2026-02-07,简历查看,非权益,8.0,二线城市,KA,10000人以上,研发
USR_000319,USR_000319,,,,,2026-02-15,2026-02-15,2026-02-15,置顶刷新,权益,31.2,二线城市,KA,10000人以上,研发
USR_000319,USR_000319,,USR_000319,,,2026-01-02,2026-01-02,2026-01-02,简历搜索,非权益,56.9,二线城市,KA,10000人以上,研发
USR_000319,USR_000319,USR_000319,,,,2026-02-17,2026-02-17,2026-02-17,职位发布,非权益,9.9,二线城市,KA,10000人以上,研发
USR_000319,USR_000319,,,,USR_000319,2026-01-03,2026-01-03,2026-01-03,简历查看,非权益,50.6,二线城市,KA,10000人以上,研发
USR_000319,USR_000319,,,,,2026-01-01,2026-01-01,2026-01-01,置顶刷新,权益,14.5,二线城市,KA,10000人以上,研发
USR_000319,USR_000319,,,USR_000319,,2026-02-04,2026-02-04,2026-02-04,在线沟通,非权益,6.0,二线城市,KA,10000人以上,研发
USR_000320,USR_000320,USR_000320,,,,2026-02-07,2026-02-07,2026-02-07,职位发布,非权益,5.3,四线城市,KA,10000人以上,产品
USR_000320,USR_000320,,,,,2026-02-14,2026-02-14,2026-02-14,置顶刷新,权益,25.7,四线城市,KA,10000人以上,产品
USR_000320,USR_000320,,USR_000320,,,2026-02-04,2026-02-04,2026-02-04,简历搜索,非权益,19.7,四线城市,KA,10000人以上,产品
USR_000320,USR_000320,,,,,2026-02-20,2026-02-20,2026-02-20,权益礼包,权益,7.6,四线城市,KA,10000人以上,产品
USR_000320,,,,,USR_000320,2026-01-12,2026-01-12,2026-01-12,简历查看,非权益,88.3,四线城市,KA,10000人以上,产品
USR_000320,USR_000320,,,,,2026-03-01,2026-03-01,2026-03-01,权益礼包,权益,7.2,四线城市,KA,10000人以上,产品
USR_000320,,USR_000320,,,,2026-02-28,2026-02-28,2026-02-28,职位发布,非权益,21.0,四线城市,KA,10000人以上,产品
USR_000320,,,USR_000320,,,2026-01-07,2026-01-07,2026-01-07,简历搜索,非权益,25.2,四线城市,KA,10000人以上,产品
USR_000320,USR_000320,,,,,2026-01-24,2026-01-24,2026-01-24,企业认证,非权益,42.0,四线城市,KA,10000人以上,产品
USR_000320,USR_000320,,,,,2026-02-23,2026-02-23,2026-02-23,企业认证,非权益,5.4,四线城市,KA,10000人以上,产品
USR_000320,,,,,,2026-02-17,2026-02-17,2026-02-17,置顶刷新,权益,19.1,四线城市,KA,10000人以上,产品
USR_000320,USR_000320,,,,,2026-01-16,2026-01-16,2026-01-16,权益礼包,权益,22.1,四线城市,KA,10000人以上,产品
USR_000320,USR_000320,,,,,2026-01-11,2026-01-11,2026-01-11,权益礼包,权益,16.6,四线城市,KA,10000人以上,产品
USR_000320,USR_000320,,,,,2026-01-15,2026-01-15,2026-01-15,企业认证,非权益,23.6,四线城市,KA,10000人以上,产品
USR_000320,USR_000320,,,,USR_000320,2026-01-02,2026-01-02,2026-01-02,简历查看,非权益,17.5,四线城市,KA,10000人以上,产品
USR_000320,,USR_000320,,,,2026-01-14,2026-01-14,2026-01-14,职位发布,非权益,7.8,四线城市,KA,10000人以上,产品
USR_000320,USR_000320,,,,,2026-01-10,2026-01-10,2026-01-10,权益礼包,权益,21.1,四线城市,KA,10000人以上,产品
USR_000320,USR_000320,,,,,2026-02-05,2026-02-05,2026-02-05,企业认证,非权益,28.1,四线城市,KA,10000人以上,产品
USR_000320,USR_000320,,USR_000320,,,2026-02-17,2026-02-17,2026-02-17,简历搜索,非权益,39.5,四线城市,KA,10000人以上,产品
USR_000321,USR_000321,,USR_000321,,,2026-02-11,2026-02-11,2026-02-11,简历搜索,非权益,18.9,一线城市,KA,500-999人,行政
USR_000321,USR_000321,,USR_000321,,,2026-01-23,2026-01-23,2026-01-23,简历搜索,非权益,29.6,一线城市,KA,500-999人,行政
USR_000321,,,,,,2026-01-14,2026-01-14,2026-01-14,权益礼包,权益,46.5,一线城市,KA,500-999人,行政
USR_000321,,,,,,2026-01-17,2026-01-17,2026-01-17,急聘推广,权益,22.2,一线城市,KA,500-999人,行政
USR_000321,USR_000321,,USR_000321,,,2026-02-27,2026-02-27,2026-02-27,简历搜索,非权益,6.0,一线城市,KA,500-999人,行政
USR_000321,USR_000321,,,USR_000321,,2026-01-26,2026-01-26,2026-01-26,在线沟通,非权益,26.5,一线城市,KA,500-999人,行政
USR_000321,USR_000321,,USR_000321,,,2026-01-19,2026-01-19,2026-01-19,简历搜索,非权益,11.5,一线城市,KA,500-999人,行政
USR_000322,,,,,,2026-01-08,2026-01-08,2026-01-08,置顶刷新,权益,17.1,新一线城市,SME,1000-2000人,产品
USR_000322,,,,,USR_000322,2026-02-18,2026-02-18,2026-02-18,简历查看,非权益,8.3,新一线城市,SME,1000-2000人,产品
USR_000322,USR_000322,,USR_000322,,,2026-02-03,2026-02-03,2026-02-03,简历搜索,非权益,57.8,新一线城市,SME,1000-2000人,产品
USR_000322,USR_000322,USR_000322,,,,2026-01-05,2026-01-05,2026-01-05,职位发布,非权益,7.5,新一线城市,SME,1000-2000人,产品
USR_000322,,,,,USR_000322,2026-02-12,2026-02-12,2026-02-12,简历查看,非权益,29.4,新一线城市,SME,1000-2000人,产品
USR_000322,USR_000322,,,USR_000322,,2026-01-06,2026-01-06,2026-01-06,在线沟通,非权益,7.1,新一线城市,SME,1000-2000人,产品
USR_000322,USR_000322,,,,,2026-01-15,2026-01-15,2026-01-15,置顶刷新,权益,73.0,新一线城市,SME,1000-2000人,产品
USR_000322,USR_000322,,,,,2026-01-30,2026-01-30,2026-01-30,企业认证,非权益,8.0,新一线城市,SME,1000-2000人,产品
USR_000322,USR_000322,,,,USR_000322,2026-01-30,2026-01-30,2026-01-30,简历查看,非权益,8.8,新一线城市,SME,1000-2000人,产品
USR_000322,USR_000322,,,,,2026-01-08,2026-01-08,2026-01-08,急聘推广,权益,47.5,新一线城市,SME,1000-2000人,产品
USR_000322,USR_000322,,,USR_000322,,2026-01-18,2026-01-18,2026-01-18,在线沟通,非权益,7.8,新一线城市,SME,1000-2000人,产品
USR_000322,USR_000322,,,,,2026-02-17,2026-02-17,2026-02-17,权益礼包,权益,8.3,新一线城市,SME,1000-2000人,产品
USR_000322,USR_000322,,,,,2026-02-15,2026-02-15,2026-02-15,权益礼包,权益,9.5,新一线城市,SME,1000-2000人,产品
USR_000322,USR_000322,,,,,2026-02-15,2026-02-15,2026-02-15,急聘推广,权益,12.5,新一线城市,SME,1000-2000人,产品
USR_000322,,,,,,2026-02-15,2026-02-15,2026-02-15,权益礼包,权益,33.0,新一线城市,SME,1000-2000人,产品
USR_000322,USR_000322,,,,,2026-02-11,2026-02-11,2026-02-11,急聘推广,权益,48.2,新一线城市,SME,1000-2000人,产品
USR_000322,USR_000322,,,,,2026-01-15,2026-01-15,2026-01-15,置顶刷新,权益,41.9,新一线城市,SME,1000-2000人,产品
USR_000322,USR_000322,,USR_000322,,,2026-01-23,2026-01-23,2026-01-23,简历搜索,非权益,24.3,新一线城市,SME,1000-2000人,产品
USR_000323,USR_000323,,,,,2026-01-24,2026-01-24,2026-01-24,权益礼包,权益,12.1,新一线城市,SME,500-999人,产品
USR_000324,USR_000324,,USR_000324,,,2026-02-11,2026-02-11,2026-02-11,简历搜索,非权益,12.2,新一线城市,KA,1-49人,运营
USR_000324,USR_000324,USR_000324,,,,2026-02-20,2026-02-20,2026-02-20,职位发布,非权益,16.2,新一线城市,KA,1-49人,运营
USR_000325,USR_000325,,,,,2026-02-11,2026-02-11,2026-02-11,企业认证,非权益,6.6,四线城市,KA,1-49人,销售
USR_000326,,,,,,2026-02-18,2026-02-18,2026-02-18,权益礼包,权益,31.3,五线城市,SME,5000-10000人,客服
USR_000326,,,,,USR_000326,2026-01-01,2026-01-01,2026-01-01,简历查看,非权益,55.0,五线城市,SME,5000-10000人,客服
USR_000326,USR_000326,USR_000326,,,,2026-01-08,2026-01-08,2026-01-08,职位发布,非权益,33.1,五线城市,SME,5000-10000人,客服
USR_000326,,,USR_000326,,,2026-02-04,2026-02-04,2026-02-04,简历搜索,非权益,5.2,五线城市,SME,5000-10000人,客服
USR_000326,USR_000326,,,,,2026-01-18,2026-01-18,2026-01-18,急聘推广,权益,10.5,五线城市,SME,5000-10000人,客服
USR_000326,,USR_000326,,,,2026-02-18,2026-02-18,2026-02-18,职位发布,非权益,6.6,五线城市,SME,5000-10000人,客服
USR_000326,USR_000326,USR_000326,,,,2026-01-21,2026-01-21,2026-01-21,职位发布,非权益,10.2,五线城市,SME,5000-10000人,客服
USR_000326,USR_000326,,,,USR_000326,2026-01-25,2026-01-25,2026-01-25,简历查看,非权益,30.9,五线城市,SME,5000-10000人,客服
USR_000327,,,,,,2026-01-14,2026-01-14,2026-01-14,急聘推广,权益,21.3,三线城市,KA,500-999人,市场
USR_000327,USR_000327,,,,,2026-01-25,2026-01-25,2026-01-25,权益礼包,权益,5.7,三线城市,KA,500-999人,市场
USR_000327,USR_000327,,,,USR_000327,2026-01-09,2026-01-09,2026-01-09,简历查看,非权益,14.1,三线城市,KA,500-999人,市场
USR_000327,USR_000327,,,,,2026-02-17,2026-02-17,2026-02-17,权益礼包,权益,7.4,三线城市,KA,500-999人,市场
USR_000327,USR_000327,,,,,2026-02-17,2026-02-17,2026-02-17,企业认证,非权益,11.7,三线城市,KA,500-999人,市场
USR_000327,USR_000327,,,,,2026-02-10,2026-02-10,2026-02-10,急聘推广,权益,10.3,三线城市,KA,500-999人,市场
USR_000327,USR_000327,,,,USR_000327,2026-01-04,2026-01-04,2026-01-04,简历查看,非权益,24.0,三线城市,KA,500-999人,市场
USR_000327,USR_000327,,,,,2026-02-01,2026-02-01,2026-02-01,置顶刷新,权益,10.1,三线城市,KA,500-999人,市场
USR_000327,USR_000327,,,,,2026-01-16,2026-01-16,2026-01-16,权益礼包,权益,21.4,三线城市,KA,500-999人,市场
USR_000327,USR_000327,,,,,2026-01-02,2026-01-02,2026-01-02,企业认证,非权益,6.4,三线城市,KA,500-999人,市场
USR_000327,USR_000327,,,,,2026-01-28,2026-01-28,2026-01-28,急聘推广,权益,14.2,三线城市,KA,500-999人,市场
USR_000327,USR_000327,USR_000327,,,,2026-01-23,2026-01-23,2026-01-23,职位发布,非权益,94.1,三线城市,KA,500-999人,市场
USR_000327,USR_000327,USR_000327,,,,2026-01-01,2026-01-01,2026-01-01,职位发布,非权益,64.3,三线城市,KA,500-999人,市场
USR_000327,USR_000327,USR_000327,,,,2026-02-01,2026-02-01,2026-02-01,职位发布,非权益,29.1,三线城市,KA,500-999人,市场
USR_000327,USR_000327,,,,USR_000327,2026-01-12,2026-01-12,2026-01-12,简历查看,非权益,10.9,三线城市,KA,500-999人,市场
USR_000327,USR_000327,,,,,2026-01-07,2026-01-07,2026-01-07,企业认证,非权益,7.5,三线城市,KA,500-999人,市场
USR_000328,,,,,,2026-01-07,2026-01-07,2026-01-07,置顶刷新,权益,9.0,四线城市,KA,100-499人,销售
USR_000328,USR_000328,USR_000328,,,,2026-01-21,2026-01-21,2026-01-21,职位发布,非权益,8.1,四线城市,KA,100-499人,销售
USR_000328,USR_000328,,,,USR_000328,2026-02-02,2026-02-02,2026-02-02,简历查看,非权益,17.8,四线城市,KA,100-499人,销售
USR_000328,,,,,USR_000328,2026-01-27,2026-01-27,2026-01-27,简历查看,非权益,30.2,四线城市,KA,100-499人,销售
USR_000328,,,,,,2026-02-25,2026-02-25,2026-02-25,权益礼包,权益,10.3,四线城市,KA,100-499人,销售
USR_000328,USR_000328,,,,,2026-01-13,2026-01-13,2026-01-13,企业认证,非权益,5.3,四线城市,KA,100-499人,销售
USR_000328,USR_000328,,,USR_000328,,2026-01-12,2026-01-12,2026-01-12,在线沟通,非权益,12.0,四线城市,KA,100-499人,销售
USR_000328,USR_000328,,,,,2026-01-15,2026-01-15,2026-01-15,企业认证,非权益,24.1,四线城市,KA,100-499人,销售
USR_000329,USR_000329,,USR_000329,,,2026-02-12,2026-02-12,2026-02-12,简历搜索,非权益,59.3,四线城市,KA,1-49人,运营
USR_000329,USR_000329,,,,USR_000329,2026-02-20,2026-02-20,2026-02-20,简历查看,非权益,24.1,四线城市,KA,1-49人,运营
USR_000329,USR_000329,,,,,2026-01-08,2026-01-08,2026-01-08,置顶刷新,权益,50.2,四线城市,KA,1-49人,运营
USR_000329,USR_000329,,,,USR_000329,2026-01-17,2026-01-17,2026-01-17,简历查看,非权益,9.1,四线城市,KA,1-49人,运营
USR_000329,,,,,,2026-01-14,2026-01-14,2026-01-14,急聘推广,权益,38.0,四线城市,KA,1-49人,运营
USR_000329,,,,USR_000329,,2026-01-25,2026-01-25,2026-01-25,在线沟通,非权益,19.5,四线城市,KA,1-49人,运营
USR_000329,USR_000329,USR_000329,,,,2026-01-03,2026-01-03,2026-01-03,职位发布,非权益,7.4,四线城市,KA,1-49人,运营
USR_000329,USR_000329,,,,,2026-01-18,2026-01-18,2026-01-18,企业认证,非权益,10.3,四线城市,KA,1-49人,运营
USR_000329,USR_000329,,,USR_000329,,2026-02-19,2026-02-19,2026-02-19,在线沟通,非权益,37.8,四线城市,KA,1-49人,运营
USR_000329,USR_000329,,,,USR_000329,2026-01-26,2026-01-26,2026-01-26,简历查看,非权益,50.9,四线城市,KA,1-49人,运营
USR_000329,,,,,,2026-01-19,2026-01-19,2026-01-19,企业认证,非权益,9.7,四线城市,KA,1-49人,运营
USR_000330,,,,USR_000330,,2026-02-10,2026-02-10,2026-02-10,在线沟通,非权益,34.4,四线城市,SME,500-999人,销售
USR_000330,,,,,,2026-02-22,2026-02-22,2026-02-22,急聘推广,权益,15.7,四线城市,SME,500-999人,销售
USR_000330,USR_000330,,,,,2026-01-22,2026-01-22,2026-01-22,企业认证,非权益,10.1,四线城市,SME,500-999人,销售
USR_000330,USR_000330,,USR_000330,,,2026-01-10,2026-01-10,2026-01-10,简历搜索,非权益,65.2,四线城市,SME,500-999人,销售
USR_000330,USR_000330,,,,,2026-02-06,2026-02-06,2026-02-06,置顶刷新,权益,29.6,四线城市,SME,500-999人,销售
USR_000330,USR_000330,,,,,2026-02-27,2026-02-27,2026-02-27,急聘推广,权益,9.3,四线城市,SME,500-999人,销售
USR_000330,USR_000330,,USR_000330,,,2026-02-07,2026-02-07,2026-02-07,简历搜索,非权益,42.1,四线城市,SME,500-999人,销售
USR_000330,USR_000330,,,,,2026-02-12,2026-02-12,2026-02-12,企业认证,非权益,11.1,四线城市,SME,500-999人,销售
USR_000330,,USR_000330,,,,2026-01-18,2026-01-18,2026-01-18,职位发布,非权益,10.0,四线城市,SME,500-999人,销售
USR_000330,USR_000330,,USR_000330,,,2026-01-11,2026-01-11,2026-01-11,简历搜索,非权益,24.0,四线城市,SME,500-999人,销售
USR_000330,USR_000330,,USR_000330,,,2026-01-14,2026-01-14,2026-01-14,简历搜索,非权益,62.5,四线城市,SME,500-999人,销售
USR_000330,USR_000330,,USR_000330,,,2026-01-07,2026-01-07,2026-01-07,简历搜索,非权益,39.2,四线城市,SME,500-999人,销售
USR_000330,USR_000330,,,,,2026-02-20,2026-02-20,2026-02-20,置顶刷新,权益,7.2,四线城市,SME,500-999人,销售
USR_000330,USR_000330,,,,,2026-01-29,2026-01-29,2026-01-29,置顶刷新,权益,49.8,四线城市,SME,500-999人,销售
USR_000330,USR_000330,,,USR_000330,,2026-01-21,2026-01-21,2026-01-21,在线沟通,非权益,13.1,四线城市,SME,500-999人,销售
USR_000330,USR_000330,,,,,2026-01-23,2026-01-23,2026-01-23,企业认证,非权益,32.5,四线城市,SME,500-999人,销售
USR_000330,USR_000330,,USR_000330,,,2026-02-09,2026-02-09,2026-02-09,简历搜索,非权益,15.6,四线城市,SME,500-999人,销售
USR_000330,USR_000330,,USR_000330,,,2026-01-04,2026-01-04,2026-01-04,简历搜索,非权益,25.8,四线城市,SME,500-999人,销售
USR_000330,USR_000330,,,,,2026-01-05,2026-01-05,2026-01-05,权益礼包,权益,46.3,四线城市,SME,500-999人,销售
USR_000330,,,,,,2026-02-03,2026-02-03,2026-02-03,急聘推广,权益,30.7,四线城市,SME,500-999人,销售
USR_000330,USR_000330,,,USR_000330,,2026-01-26,2026-01-26,2026-01-26,在线沟通,非权益,21.9,四线城市,SME,500-999人,销售
USR_000330,,,,,,2026-02-12,2026-02-12,2026-02-12,权益礼包,权益,6.9,四线城市,SME,500-999人,销售
USR_000331,USR_000331,,USR_000331,,,2026-01-23,2026-01-23,2026-01-23,简历搜索,非权益,5.2,四线城市,SME,10000人以上,财务
USR_000331,USR_000331,,,,,2026-01-08,2026-01-08,2026-01-08,置顶刷新,权益,7.0,四线城市,SME,10000人以上,财务
USR_000331,USR_000331,,,USR_000331,,2026-02-22,2026-02-22,2026-02-22,在线沟通,非权益,8.8,四线城市,SME,10000人以上,财务
USR_000331,,,,,USR_000331,2026-02-22,2026-02-22,2026-02-22,简历查看,非权益,14.9,四线城市,SME,10000人以上,财务
USR_000331,USR_000331,,,,,2026-02-19,2026-02-19,2026-02-19,权益礼包,权益,14.2,四线城市,SME,10000人以上,财务
USR_000331,USR_000331,,,,USR_000331,2026-02-23,2026-02-23,2026-02-23,简历查看,非权益,10.6,四线城市,SME,10000人以上,财务
USR_000331,USR_000331,,USR_000331,,,2026-01-23,2026-01-23,2026-01-23,简历搜索,非权益,6.4,四线城市,SME,10000人以上,财务
USR_000331,,,,,,2026-02-23,2026-02-23,2026-02-23,置顶刷新,权益,28.2,四线城市,SME,10000人以上,财务
USR_000331,,,,,USR_000331,2026-02-04,2026-02-04,2026-02-04,简历查看,非权益,53.3,四线城市,SME,10000人以上,财务
USR_000331,USR_000331,,USR_000331,,,2026-01-01,2026-01-01,2026-01-01,简历搜索,非权益,12.4,四线城市,SME,10000人以上,财务
USR_000331,USR_000331,,,,,2026-01-09,2026-01-09,2026-01-09,置顶刷新,权益,20.5,四线城市,SME,10000人以上,财务
USR_000331,USR_000331,,,,,2026-01-24,2026-01-24,2026-01-24,置顶刷新,权益,26.1,四线城市,SME,10000人以上,财务
USR_000331,USR_000331,,,,,2026-01-05,2026-01-05,2026-01-05,急聘推广,权益,21.1,四线城市,SME,10000人以上,财务
USR_000331,USR_000331,,,,,2026-01-28,2026-01-28,2026-01-28,急聘推广,权益,18.0,四线城市,SME,10000人以上,财务
USR_000331,USR_000331,,,,,2026-02-18,2026-02-18,2026-02-18,急聘推广,权益,21.7,四线城市,SME,10000人以上,财务
USR_000331,USR_000331,,USR_000331,,,2026-01-03,2026-01-03,2026-01-03,简历搜索,非权益,6.5,四线城市,SME,10000人以上,财务
USR_000331,USR_000331,,,,,2026-02-27,2026-02-27,2026-02-27,急聘推广,权益,14.8,四线城市,SME,10000人以上,财务
USR_000331,,USR_000331,,,,2026-03-01,2026-03-01,2026-03-01,职位发布,非权益,8.1,四线城市,SME,10000人以上,财务
USR_000331,USR_000331,,USR_000331,,,2026-02-06,2026-02-06,2026-02-06,简历搜索,非权益,15.2,四线城市,SME,10000人以上,财务
USR_000332,USR_000332,,,,USR_000332,2026-02-14,2026-02-14,2026-02-14,简历查看,非权益,23.1,二线城市,SME,100-499人,财务
USR_000332,USR_000332,,,,,2026-02-16,2026-02-16,2026-02-16,权益礼包,权益,13.7,二线城市,SME,100-499人,财务
USR_000332,USR_000332,,,,,2026-02-02,2026-02-02,2026-02-02,权益礼包,权益,9.6,二线城市,SME,100-499人,财务
USR_000332,USR_000332,,,,,2026-02-15,2026-02-15,2026-02-15,权益礼包,权益,36.1,二线城市,SME,100-499人,财务
USR_000332,,USR_000332,,,,2026-02-25,2026-02-25,2026-02-25,职位发布,非权益,31.5,二线城市,SME,100-499人,财务
USR_000332,USR_000332,,USR_000332,,,2026-03-01,2026-03-01,2026-03-01,简历搜索,非权益,16.6,二线城市,SME,100-499人,财务
USR_000332,,,,,,2026-02-14,2026-02-14,2026-02-14,企业认证,非权益,64.9,二线城市,SME,100-499人,财务
USR_000332,,USR_000332,,,,2026-02-24,2026-02-24,2026-02-24,职位发布,非权益,9.3,二线城市,SME,100-499人,财务
USR_000332,USR_000332,,,,,2026-02-22,2026-02-22,2026-02-22,企业认证,非权益,12.7,二线城市,SME,100-499人,财务
USR_000332,USR_000332,,,,,2026-01-24,2026-01-24,2026-01-24,权益礼包,权益,23.0,二线城市,SME,100-499人,财务
USR_000332,USR_000332,,,,USR_000332,2026-01-09,2026-01-09,2026-01-09,简历查看,非权益,12.1,二线城市,SME,100-499人,财务
USR_000332,USR_000332,,,,USR_000332,2026-01-30,2026-01-30,2026-01-30,简历查看,非权益,34.0,二线城市,SME,100-499人,财务
USR_000332,USR_000332,,,,,2026-01-19,2026-01-19,2026-01-19,置顶刷新,权益,8.7,二线城市,SME,100-499人,财务
USR_000332,,,,,USR_000332,2026-02-07,2026-02-07,2026-02-07,简历查看,非权益,11.0,二线城市,SME,100-499人,财务
USR_000332,USR_000332,USR_000332,,,,2026-02-02,2026-02-02,2026-02-02,职位发布,非权益,34.8,二线城市,SME,100-499人,财务
USR_000332,USR_000332,USR_000332,,,,2026-02-19,2026-02-19,2026-02-19,职位发布,非权益,7.4,二线城市,SME,100-499人,财务
USR_000332,USR_000332,,,,,2026-02-20,2026-02-20,2026-02-20,急聘推广,权益,26.8,二线城市,SME,100-499人,财务
USR_000332,USR_000332,,,,,2026-01-01,2026-01-01,2026-01-01,企业认证,非权益,14.4,二线城市,SME,100-499人,财务
USR_000332,,,,,,2026-02-17,2026-02-17,2026-02-17,权益礼包,权益,8.1,二线城市,SME,100-499人,财务
USR_000332,,,USR_000332,,,2026-01-03,2026-01-03,2026-01-03,简历搜索,非权益,5.3,二线城市,SME,100-499人,财务
USR_000332,USR_000332,,USR_000332,,,2026-01-03,2026-01-03,2026-01-03,简历搜索,非权益,8.7,二线城市,SME,100-499人,财务
USR_000332,USR_000332,,,,,2026-03-01,2026-03-01,2026-03-01,权益礼包,权益,14.9,二线城市,SME,100-499人,财务
USR_000333,USR_000333,,,,,2026-02-23,2026-02-23,2026-02-23,权益礼包,权益,16.3,五线城市,SME,2000-5000人,运营
USR_000333,USR_000333,,,,,2026-01-02,2026-01-02,2026-01-02,急聘推广,权益,7.4,五线城市,SME,2000-5000人,运营
USR_000333,USR_000333,,,USR_000333,,2026-02-06,2026-02-06,2026-02-06,在线沟通,非权益,7.6,五线城市,SME,2000-5000人,运营
USR_000333,USR_000333,,,,USR_000333,2026-02-09,2026-02-09,2026-02-09,简历查看,非权益,16.1,五线城市,SME,2000-5000人,运营
USR_000333,USR_000333,,,,,2026-02-06,2026-02-06,2026-02-06,置顶刷新,权益,30.4,五线城市,SME,2000-5000人,运营
USR_000333,USR_000333,,,,,2026-01-17,2026-01-17,2026-01-17,急聘推广,权益,10.1,五线城市,SME,2000-5000人,运营
USR_000333,USR_000333,,USR_000333,,,2026-01-26,2026-01-26,2026-01-26,简历搜索,非权益,13.3,五线城市,SME,2000-5000人,运营
USR_000333,USR_000333,,,,,2026-01-16,2026-01-16,2026-01-16,急聘推广,权益,8.0,五线城市,SME,2000-5000人,运营
USR_000333,,,,USR_000333,,2026-01-06,2026-01-06,2026-01-06,在线沟通,非权益,19.8,五线城市,SME,2000-5000人,运营
USR_000333,USR_000333,,,,,2026-01-27,2026-01-27,2026-01-27,权益礼包,权益,18.2,五线城市,SME,2000-5000人,运营
USR_000333,USR_000333,,,,,2026-01-19,2026-01-19,2026-01-19,企业认证,非权益,69.9,五线城市,SME,2000-5000人,运营
USR_000333,,,,,,2026-02-10,2026-02-10,2026-02-10,企业认证,非权益,5.2,五线城市,SME,2000-5000人,运营
USR_000333,USR_000333,,,USR_000333,,2026-01-24,2026-01-24,2026-01-24,在线沟通,非权益,31.4,五线城市,SME,2000-5000人,运营
USR_000333,,,USR_000333,,,2026-01-09,2026-01-09,2026-01-09,简历搜索,非权益,21.8,五线城市,SME,2000-5000人,运营
USR_000333,,,USR_000333,,,2026-01-19,2026-01-19,2026-01-19,简历搜索,非权益,25.2,五线城市,SME,2000-5000人,运营
USR_000333,USR_000333,,,,,2026-02-03,2026-02-03,2026-02-03,权益礼包,权益,46.0,五线城市,SME,2000-5000人,运营
USR_000333,,,USR_000333,,,2026-02-20,2026-02-20,2026-02-20,简历搜索,非权益,5.2,五线城市,SME,2000-5000人,运营
USR_000333,USR_000333,,,,,2026-02-17,2026-02-17,2026-02-17,权益礼包,权益,7.4,五线城市,SME,2000-5000人,运营
USR_000333,,,,,USR_000333,2026-02-05,2026-02-05,2026-02-05,简历查看,非权益,32.1,五线城市,SME,2000-5000人,运营
USR_000333,USR_000333,USR_000333,,,,2026-02-13,2026-02-13,2026-02-13,职位发布,非权益,7.7,五线城市,SME,2000-5000人,运营
USR_000333,,USR_000333,,,,2026-01-30,2026-01-30,2026-01-30,职位发布,非权益,5.7,五线城市,SME,2000-5000人,运营
USR_000333,USR_000333,,,,,2026-02-21,2026-02-21,2026-02-21,置顶刷新,权益,74.5,五线城市,SME,2000-5000人,运营
USR_000333,USR_000333,USR_000333,,,,2026-01-30,2026-01-30,2026-01-30,职位发布,非权益,30.1,五线城市,SME,2000-5000人,运营
USR_000333,USR_000333,,,,USR_000333,2026-02-04,2026-02-04,2026-02-04,简历查看,非权益,52.8,五线城市,SME,2000-5000人,运营
USR_000334,USR_000334,,USR_000334,,,2026-01-26,2026-01-26,2026-01-26,简历搜索,非权益,27.2,一线城市,KA,5000-10000人,销售
USR_000334,USR_000334,,,USR_000334,,2026-02-04,2026-02-04,2026-02-04,在线沟通,非权益,22.2,一线城市,KA,5000-10000人,销售
USR_000334,USR_000334,USR_000334,,,,2026-02-15,2026-02-15,2026-02-15,职位发布,非权益,9.5,一线城市,KA,5000-10000人,销售
USR_000334,USR_000334,,,,,2026-01-17,2026-01-17,2026-01-17,置顶刷新,权益,73.3,一线城市,KA,5000-10000人,销售
USR_000334,USR_000334,,,,,2026-01-26,2026-01-26,2026-01-26,置顶刷新,权益,10.3,一线城市,KA,5000-10000人,销售
USR_000334,USR_000334,,,USR_000334,,2026-02-15,2026-02-15,2026-02-15,在线沟通,非权益,26.8,一线城市,KA,5000-10000人,销售
USR_000334,,,,,,2026-02-24,2026-02-24,2026-02-24,急聘推广,权益,5.9,一线城市,KA,5000-10000人,销售
USR_000334,,USR_000334,,,,2026-02-13,2026-02-13,2026-02-13,职位发布,非权益,18.4,一线城市,KA,5000-10000人,销售
USR_000334,USR_000334,,,,,2026-02-15,2026-02-15,2026-02-15,急聘推广,权益,22.8,一线城市,KA,5000-10000人,销售
USR_000334,,,,USR_000334,,2026-02-25,2026-02-25,2026-02-25,在线沟通,非权益,82.4,一线城市,KA,5000-10000人,销售
USR_000334,USR_000334,USR_000334,,,,2026-02-24,2026-02-24,2026-02-24,职位发布,非权益,18.3,一线城市,KA,5000-10000人,销售
USR_000334,USR_000334,USR_000334,,,,2026-01-19,2026-01-19,2026-01-19,职位发布,非权益,5.2,一线城市,KA,5000-10000人,销售
USR_000334,USR_000334,USR_000334,,,,2026-01-22,2026-01-22,2026-01-22,职位发布,非权益,6.9,一线城市,KA,5000-10000人,销售
USR_000334,USR_000334,USR_000334,,,,2026-01-31,2026-01-31,2026-01-31,职位发布,非权益,45.5,一线城市,KA,5000-10000人,销售
USR_000334,,,,,,2026-01-09,2026-01-09,2026-01-09,置顶刷新,权益,55.4,一线城市,KA,5000-10000人,销售
USR_000334,USR_000334,,USR_000334,,,2026-02-28,2026-02-28,2026-02-28,简历搜索,非权益,8.5,一线城市,KA,5000-10000人,销售
USR_000334,,,,,,2026-01-04,2026-01-04,2026-01-04,置顶刷新,权益,39.3,一线城市,KA,5000-10000人,销售
USR_000334,,,,,USR_000334,2026-01-09,2026-01-09,2026-01-09,简历查看,非权益,6.8,一线城市,KA,5000-10000人,销售
USR_000334,,,USR_000334,,,2026-01-13,2026-01-13,2026-01-13,简历搜索,非权益,15.0,一线城市,KA,5000-10000人,销售
USR_000334,USR_000334,USR_000334,,,,2026-02-13,2026-02-13,2026-02-13,职位发布,非权益,39.8,一线城市,KA,5000-10000人,销售
USR_000335,,,,,USR_000335,2026-01-06,2026-01-06,2026-01-06,简历查看,非权益,8.0,三线城市,SME,10000人以上,市场
USR_000335,USR_000335,,,,,2026-01-25,2026-01-25,2026-01-25,权益礼包,权益,36.7,三线城市,SME,10000人以上,市场
USR_000335,,,,USR_000335,,2026-02-27,2026-02-27,2026-02-27,在线沟通,非权益,28.5,三线城市,SME,10000人以上,市场
USR_000335,,,,,,2026-02-28,2026-02-28,2026-02-28,置顶刷新,权益,6.1,三线城市,SME,10000人以上,市场
USR_000335,USR_000335,,,USR_000335,,2026-01-17,2026-01-17,2026-01-17,在线沟通,非权益,17.5,三线城市,SME,10000人以上,市场
USR_000335,USR_000335,,,,,2026-01-13,2026-01-13,2026-01-13,急聘推广,权益,13.0,三线城市,SME,10000人以上,市场
USR_000335,USR_000335,USR_000335,,,,2026-02-21,2026-02-21,2026-02-21,职位发布,非权益,8.7,三线城市,SME,10000人以上,市场
USR_000335,,,,,,2026-02-12,2026-02-12,2026-02-12,企业认证,非权益,20.1,三线城市,SME,10000人以上,市场
USR_000335,USR_000335,,,,USR_000335,2026-02-21,2026-02-21,2026-02-21,简历查看,非权益,26.0,三线城市,SME,10000人以上,市场
USR_000335,USR_000335,,,,,2026-01-24,2026-01-24,2026-01-24,权益礼包,权益,26.0,三线城市,SME,10000人以上,市场
USR_000335,,,,,,2026-01-15,2026-01-15,2026-01-15,急聘推广,权益,32.1,三线城市,SME,10000人以上,市场
USR_000335,USR_000335,,,,USR_000335,2026-02-04,2026-02-04,2026-02-04,简历查看,非权益,9.8,三线城市,SME,10000人以上,市场
USR_000335,USR_000335,,,,,2026-01-26,2026-01-26,2026-01-26,置顶刷新,权益,6.4,三线城市,SME,10000人以上,市场
USR_000335,USR_000335,,,,,2026-01-10,2026-01-10,2026-01-10,企业认证,非权益,26.4,三线城市,SME,10000人以上,市场
USR_000335,USR_000335,,USR_000335,,,2026-02-27,2026-02-27,2026-02-27,简历搜索,非权益,15.1,三线城市,SME,10000人以上,市场
USR_000335,USR_000335,USR_000335,,,,2026-01-22,2026-01-22,2026-01-22,职位发布,非权益,15.2,三线城市,SME,10000人以上,市场
USR_000335,,,,,,2026-02-14,2026-02-14,2026-02-14,权益礼包,权益,34.4,三线城市,SME,10000人以上,市场
USR_000335,,,,,,2026-01-10,2026-01-10,2026-01-10,急聘推广,权益,25.4,三线城市,SME,10000人以上,市场
USR_000335,USR_000335,USR_000335,,,,2026-02-06,2026-02-06,2026-02-06,职位发布,非权益,18.4,三线城市,SME,10000人以上,市场
USR_000335,USR_000335,,,,,2026-02-09,2026-02-09,2026-02-09,企业认证,非权益,26.1,三线城市,SME,10000人以上,市场
USR_000335,,,,USR_000335,,2026-02-05,2026-02-05,2026-02-05,在线沟通,非权益,5.7,三线城市,SME,10000人以上,市场
USR_000335,USR_000335,,,,,2026-02-21,2026-02-21,2026-02-21,权益礼包,权益,22.8,三线城市,SME,10000人以上,市场
USR_000335,,,,,USR_000335,2026-01-07,2026-01-07,2026-01-07,简历查看,非权益,44.2,三线城市,SME,10000人以上,市场
USR_000335,USR_000335,,,,,2026-01-13,2026-01-13,2026-01-13,企业认证,非权益,11.3,三线城市,SME,10000人以上,市场
USR_000336,,USR_000336,,,,2026-01-15,2026-01-15,2026-01-15,职位发布,非权益,32.7,四线城市,SME,5000-10000人,销售
USR_000336,USR_000336,,,,,2026-02-02,2026-02-02,2026-02-02,急聘推广,权益,17.2,四线城市,SME,5000-10000人,销售
USR_000336,USR_000336,,,,,2026-01-14,2026-01-14,2026-01-14,置顶刷新,权益,77.9,四线城市,SME,5000-10000人,销售
USR_000336,,,,USR_000336,,2026-01-19,2026-01-19,2026-01-19,在线沟通,非权益,25.4,四线城市,SME,5000-10000人,销售
USR_000336,,,USR_000336,,,2026-02-21,2026-02-21,2026-02-21,简历搜索,非权益,14.9,四线城市,SME,5000-10000人,销售
USR_000336,USR_000336,,,,,2026-02-05,2026-02-05,2026-02-05,权益礼包,权益,31.6,四线城市,SME,5000-10000人,销售
USR_000336,USR_000336,,,,,2026-01-22,2026-01-22,2026-01-22,置顶刷新,权益,6.0,四线城市,SME,5000-10000人,销售
USR_000336,USR_000336,,,,,2026-01-01,2026-01-01,2026-01-01,企业认证,非权益,20.7,四线城市,SME,5000-10000人,销售
USR_000336,USR_000336,,,,USR_000336,2026-01-21,2026-01-21,2026-01-21,简历查看,非权益,5.7,四线城市,SME,5000-10000人,销售
USR_000336,USR_000336,USR_000336,,,,2026-02-12,2026-02-12,2026-02-12,职位发布,非权益,18.4,四线城市,SME,5000-10000人,销售
USR_000336,USR_000336,,USR_000336,,,2026-02-23,2026-02-23,2026-02-23,简历搜索,非权益,10.4,四线城市,SME,5000-10000人,销售
USR_000336,,,,,,2026-02-04,2026-02-04,2026-02-04,置顶刷新,权益,14.3,四线城市,SME,5000-10000人,销售
USR_000336,,,,,,2026-02-06,2026-02-06,2026-02-06,企业认证,非权益,30.7,四线城市,SME,5000-10000人,销售
USR_000336,,,,,,2026-02-07,2026-02-07,2026-02-07,置顶刷新,权益,36.4,四线城市,SME,5000-10000人,销售
USR_000336,USR_000336,,USR_000336,,,2026-02-20,2026-02-20,2026-02-20,简历搜索,非权益,11.5,四线城市,SME,5000-10000人,销售
USR_000336,,USR_000336,,,,2026-02-07,2026-02-07,2026-02-07,职位发布,非权益,20.9,四线城市,SME,5000-10000人,销售
USR_000336,USR_000336,,,,,2026-01-05,2026-01-05,2026-01-05,置顶刷新,权益,36.8,四线城市,SME,5000-10000人,销售
USR_000336,,USR_000336,,,,2026-01-07,2026-01-07,2026-01-07,职位发布,非权益,23.6,四线城市,SME,5000-10000人,销售
USR_000337,USR_000337,,,,,2026-02-17,2026-02-17,2026-02-17,企业认证,非权益,22.9,二线城市,SME,100-499人,市场
USR_000337,USR_000337,USR_000337,,,,2026-02-14,2026-02-14,2026-02-14,职位发布,非权益,52.0,二线城市,SME,100-499人,市场
USR_000337,,,,,,2026-02-21,2026-02-21,2026-02-21,权益礼包,权益,6.0,二线城市,SME,100-499人,市场
USR_000337,USR_000337,,,,USR_000337,2026-01-17,2026-01-17,2026-01-17,简历查看,非权益,6.2,二线城市,SME,100-499人,市场
USR_000337,USR_000337,,,,,2026-02-13,2026-02-13,2026-02-13,急聘推广,权益,5.5,二线城市,SME,100-499人,市场
USR_000337,USR_000337,,USR_000337,,,2026-02-09,2026-02-09,2026-02-09,简历搜索,非权益,34.5,二线城市,SME,100-499人,市场
USR_000337,USR_000337,,,,,2026-01-12,2026-01-12,2026-01-12,企业认证,非权益,21.9,二线城市,SME,100-499人,市场
USR_000337,USR_000337,,,,,2026-01-16,2026-01-16,2026-01-16,权益礼包,权益,19.2,二线城市,SME,100-499人,市场
USR_000337,,,,,,2026-01-26,2026-01-26,2026-01-26,权益礼包,权益,23.0,二线城市,SME,100-499人,市场
USR_000338,USR_000338,,USR_000338,,,2026-02-15,2026-02-15,2026-02-15,简历搜索,非权益,8.6,一线城市,KA,5000-10000人,客服
USR_000338,USR_000338,,,,USR_000338,2026-01-28,2026-01-28,2026-01-28,简历查看,非权益,16.9,一线城市,KA,5000-10000人,客服
USR_000338,USR_000338,,,,,2026-01-13,2026-01-13,2026-01-13,企业认证,非权益,12.4,一线城市,KA,5000-10000人,客服
USR_000338,USR_000338,,,,,2026-01-12,2026-01-12,2026-01-12,置顶刷新,权益,22.8,一线城市,KA,5000-10000人,客服
USR_000338,USR_000338,USR_000338,,,,2026-02-19,2026-02-19,2026-02-19,职位发布,非权益,15.2,一线城市,KA,5000-10000人,客服
USR_000338,USR_000338,,,USR_000338,,2026-02-19,2026-02-19,2026-02-19,在线沟通,非权益,34.3,一线城市,KA,5000-10000人,客服
USR_000338,USR_000338,,,USR_000338,,2026-01-13,2026-01-13,2026-01-13,在线沟通,非权益,37.6,一线城市,KA,5000-10000人,客服
USR_000339,,,USR_000339,,,2026-02-09,2026-02-09,2026-02-09,简历搜索,非权益,8.3,四线城市,SME,100-499人,产品
USR_000339,USR_000339,,,,,2026-02-01,2026-02-01,2026-02-01,置顶刷新,权益,23.3,四线城市,SME,100-499人,产品
USR_000339,,,,USR_000339,,2026-01-23,2026-01-23,2026-01-23,在线沟通,非权益,18.7,四线城市,SME,100-499人,产品
USR_000339,USR_000339,,,,USR_000339,2026-01-02,2026-01-02,2026-01-02,简历查看,非权益,23.1,四线城市,SME,100-499人,产品
USR_000339,USR_000339,,USR_000339,,,2026-01-22,2026-01-22,2026-01-22,简历搜索,非权益,6.1,四线城市,SME,100-499人,产品
USR_000339,,,,,,2026-01-18,2026-01-18,2026-01-18,急聘推广,权益,12.5,四线城市,SME,100-499人,产品
USR_000339,,,,,,2026-01-29,2026-01-29,2026-01-29,置顶刷新,权益,20.8,四线城市,SME,100-499人,产品
USR_000339,,,,,,2026-01-14,2026-01-14,2026-01-14,急聘推广,权益,95.3,四线城市,SME,100-499人,产品
USR_000339,,,USR_000339,,,2026-03-01,2026-03-01,2026-03-01,简历搜索,非权益,13.9,四线城市,SME,100-499人,产品
USR_000339,,,USR_000339,,,2026-02-14,2026-02-14,2026-02-14,简历搜索,非权益,70.3,四线城市,SME,100-499人,产品
USR_000340,USR_000340,,USR_000340,,,2026-02-01,2026-02-01,2026-02-01,简历搜索,非权益,14.6,三线城市,KA,10000人以上,销售
USR_000340,USR_000340,,,USR_000340,,2026-02-06,2026-02-06,2026-02-06,在线沟通,非权益,5.7,三线城市,KA,10000人以上,销售
USR_000340,USR_000340,USR_000340,,,,2026-01-25,2026-01-25,2026-01-25,职位发布,非权益,12.2,三线城市,KA,10000人以上,销售
USR_000340,,,,,,2026-03-01,2026-03-01,2026-03-01,急聘推广,权益,9.5,三线城市,KA,10000人以上,销售
USR_000340,,,,USR_000340,,2026-01-27,2026-01-27,2026-01-27,在线沟通,非权益,13.9,三线城市,KA,10000人以上,销售
USR_000340,USR_000340,,USR_000340,,,2026-01-19,2026-01-19,2026-01-19,简历搜索,非权益,12.6,三线城市,KA,10000人以上,销售
USR_000340,USR_000340,,,,,2026-01-07,2026-01-07,2026-01-07,企业认证,非权益,5.3,三线城市,KA,10000人以上,销售
USR_000340,USR_000340,USR_000340,,,,2026-01-03,2026-01-03,2026-01-03,职位发布,非权益,26.1,三线城市,KA,10000人以上,销售
USR_000340,USR_000340,USR_000340,,,,2026-01-07,2026-01-07,2026-01-07,职位发布,非权益,53.5,三线城市,KA,10000人以上,销售
USR_000340,,,,USR_000340,,2026-02-16,2026-02-16,2026-02-16,在线沟通,非权益,30.5,三线城市,KA,10000人以上,销售
USR_000340,USR_000340,USR_000340,,,,2026-02-19,2026-02-19,2026-02-19,职位发布,非权益,40.3,三线城市,KA,10000人以上,销售
USR_000340,USR_000340,,,,USR_000340,2026-02-02,2026-02-02,2026-02-02,简历查看,非权益,48.3,三线城市,KA,10000人以上,销售
USR_000340,USR_000340,,,,,2026-02-21,2026-02-21,2026-02-21,企业认证,非权益,28.4,三线城市,KA,10000人以上,销售
USR_000340,USR_000340,,,,USR_000340,2026-01-11,2026-01-11,2026-01-11,简历查看,非权益,16.4,三线城市,KA,10000人以上,销售
USR_000340,USR_000340,,,,,2026-02-23,2026-02-23,2026-02-23,权益礼包,权益,20.7,三线城市,KA,10000人以上,销售
USR_000341,USR_000341,,,,,2026-01-17,2026-01-17,2026-01-17,置顶刷新,权益,17.0,二线城市,SME,500-999人,客服
USR_000341,USR_000341,USR_000341,,,,2026-01-11,2026-01-11,2026-01-11,职位发布,非权益,22.0,二线城市,SME,500-999人,客服
USR_000341,USR_000341,,,,,2026-02-06,2026-02-06,2026-02-06,权益礼包,权益,50.4,二线城市,SME,500-999人,客服
USR_000341,USR_000341,,,,,2026-01-07,2026-01-07,2026-01-07,置顶刷新,权益,11.0,二线城市,SME,500-999人,客服
USR_000341,USR_000341,,,,,2026-02-03,2026-02-03,2026-02-03,急聘推广,权益,18.4,二线城市,SME,500-999人,客服
USR_000341,USR_000341,,,,,2026-02-28,2026-02-28,2026-02-28,急聘推广,权益,24.1,二线城市,SME,500-999人,客服
USR_000341,USR_000341,,,,USR_000341,2026-02-01,2026-02-01,2026-02-01,简历查看,非权益,30.7,二线城市,SME,500-999人,客服
USR_000341,USR_000341,,,,,2026-01-12,2026-01-12,2026-01-12,置顶刷新,权益,14.4,二线城市,SME,500-999人,客服
USR_000341,USR_000341,,,,,2026-02-17,2026-02-17,2026-02-17,急聘推广,权益,14.2,二线城市,SME,500-999人,客服
USR_000341,,,,,,2026-01-21,2026-01-21,2026-01-21,企业认证,非权益,30.6,二线城市,SME,500-999人,客服
USR_000341,USR_000341,,USR_000341,,,2026-02-10,2026-02-10,2026-02-10,简历搜索,非权益,8.7,二线城市,SME,500-999人,客服
USR_000341,USR_000341,,USR_000341,,,2026-01-12,2026-01-12,2026-01-12,简历搜索,非权益,10.5,二线城市,SME,500-999人,客服
USR_000341,USR_000341,USR_000341,,,,2026-01-06,2026-01-06,2026-01-06,职位发布,非权益,31.1,二线城市,SME,500-999人,客服
USR_000341,USR_000341,,,,,2026-01-04,2026-01-04,2026-01-04,企业认证,非权益,12.5,二线城市,SME,500-999人,客服
USR_000341,USR_000341,,,,,2026-01-22,2026-01-22,2026-01-22,企业认证,非权益,8.3,二线城市,SME,500-999人,客服
USR_000341,USR_000341,USR_000341,,,,2026-01-13,2026-01-13,2026-01-13,职位发布,非权益,8.6,二线城市,SME,500-999人,客服
USR_000341,USR_000341,,,,,2026-01-14,2026-01-14,2026-01-14,急聘推广,权益,14.8,二线城市,SME,500-999人,客服
USR_000341,USR_000341,,,,,2026-02-05,2026-02-05,2026-02-05,急聘推广,权益,77.9,二线城市,SME,500-999人,客服
USR_000341,USR_000341,,USR_000341,,,2026-02-26,2026-02-26,2026-02-26,简历搜索,非权益,6.7,二线城市,SME,500-999人,客服
USR_000341,,,,,USR_000341,2026-01-11,2026-01-11,2026-01-11,简历查看,非权益,35.8,二线城市,SME,500-999人,客服
USR_000341,USR_000341,,,,USR_000341,2026-01-11,2026-01-11,2026-01-11,简历查看,非权益,37.4,二线城市,SME,500-999人,客服
USR_000341,,,USR_000341,,,2026-02-28,2026-02-28,2026-02-28,简历搜索,非权益,14.1,二线城市,SME,500-999人,客服
USR_000342,USR_000342,USR_000342,,,,2026-01-31,2026-01-31,2026-01-31,职位发布,非权益,14.9,二线城市,SME,1-49人,产品
USR_000342,USR_000342,,,,,2026-02-17,2026-02-17,2026-02-17,企业认证,非权益,64.9,二线城市,SME,1-49人,产品
USR_000342,USR_000342,,,,,2026-02-25,2026-02-25,2026-02-25,置顶刷新,权益,5.2,二线城市,SME,1-49人,产品
USR_000342,,,,USR_000342,,2026-02-03,2026-02-03,2026-02-03,在线沟通,非权益,9.5,二线城市,SME,1-49人,产品
USR_000342,USR_000342,,,,USR_000342,2026-02-14,2026-02-14,2026-02-14,简历查看,非权益,72.8,二线城市,SME,1-49人,产品
USR_000342,,,,,,2026-01-08,2026-01-08,2026-01-08,权益礼包,权益,11.8,二线城市,SME,1-49人,产品
USR_000342,USR_000342,,,USR_000342,,2026-03-01,2026-03-01,2026-03-01,在线沟通,非权益,7.7,二线城市,SME,1-49人,产品
USR_000342,USR_000342,,,USR_000342,,2026-01-02,2026-01-02,2026-01-02,在线沟通,非权益,12.3,二线城市,SME,1-49人,产品
USR_000343,USR_000343,,,,USR_000343,2026-01-15,2026-01-15,2026-01-15,简历查看,非权益,26.3,四线城市,KA,10000人以上,行政
USR_000343,USR_000343,,,,,2026-01-12,2026-01-12,2026-01-12,急聘推广,权益,10.7,四线城市,KA,10000人以上,行政
USR_000343,USR_000343,,USR_000343,,,2026-02-15,2026-02-15,2026-02-15,简历搜索,非权益,23.3,四线城市,KA,10000人以上,行政
USR_000343,,,,,,2026-02-22,2026-02-22,2026-02-22,企业认证,非权益,30.5,四线城市,KA,10000人以上,行政
USR_000343,,,,,,2026-01-22,2026-01-22,2026-01-22,企业认证,非权益,12.3,四线城市,KA,10000人以上,行政
USR_000343,USR_000343,,,,,2026-01-07,2026-01-07,2026-01-07,权益礼包,权益,36.1,四线城市,KA,10000人以上,行政
USR_000343,USR_000343,,,,,2026-01-05,2026-01-05,2026-01-05,置顶刷新,权益,19.1,四线城市,KA,10000人以上,行政
USR_000343,,,,,,2026-02-24,2026-02-24,2026-02-24,急聘推广,权益,28.1,四线城市,KA,10000人以上,行政
USR_000344,,,,,,2026-02-13,2026-02-13,2026-02-13,企业认证,非权益,33.0,二线城市,SME,500-999人,财务
USR_000344,USR_000344,,,,USR_000344,2026-01-20,2026-01-20,2026-01-20,简历查看,非权益,7.7,二线城市,SME,500-999人,财务
USR_000344,USR_000344,,USR_000344,,,2026-02-17,2026-02-17,2026-02-17,简历搜索,非权益,19.5,二线城市,SME,500-999人,财务
USR_000344,USR_000344,,,,,2026-01-19,2026-01-19,2026-01-19,急聘推广,权益,17.4,二线城市,SME,500-999人,财务
USR_000344,USR_000344,,,,USR_000344,2026-03-01,2026-03-01,2026-03-01,简历查看,非权益,33.2,二线城市,SME,500-999人,财务
USR_000344,USR_000344,,USR_000344,,,2026-02-19,2026-02-19,2026-02-19,简历搜索,非权益,8.7,二线城市,SME,500-999人,财务
USR_000344,USR_000344,,USR_000344,,,2026-02-21,2026-02-21,2026-02-21,简历搜索,非权益,42.1,二线城市,SME,500-999人,财务
USR_000344,USR_000344,,USR_000344,,,2026-01-11,2026-01-11,2026-01-11,简历搜索,非权益,27.7,二线城市,SME,500-999人,财务
USR_000344,,,,,,2026-01-10,2026-01-10,2026-01-10,企业认证,非权益,8.3,二线城市,SME,500-999人,财务
USR_000344,,,,USR_000344,,2026-01-22,2026-01-22,2026-01-22,在线沟通,非权益,60.5,二线城市,SME,500-999人,财务
USR_000344,,,USR_000344,,,2026-02-08,2026-02-08,2026-02-08,简历搜索,非权益,8.8,二线城市,SME,500-999人,财务
USR_000344,USR_000344,,,,,2026-01-12,2026-01-12,2026-01-12,置顶刷新,权益,8.9,二线城市,SME,500-999人,财务
USR_000344,USR_000344,,,,,2026-01-14,2026-01-14,2026-01-14,企业认证,非权益,13.7,二线城市,SME,500-999人,财务
USR_000344,USR_000344,,USR_000344,,,2026-02-15,2026-02-15,2026-02-15,简历搜索,非权益,98.7,二线城市,SME,500-999人,财务
USR_000345,USR_000345,USR_000345,,,,2026-01-01,2026-01-01,2026-01-01,职位发布,非权益,10.3,五线城市,SME,2000-5000人,客服
USR_000345,,,,USR_000345,,2026-01-26,2026-01-26,2026-01-26,在线沟通,非权益,66.1,五线城市,SME,2000-5000人,客服
USR_000345,USR_000345,,,USR_000345,,2026-02-14,2026-02-14,2026-02-14,在线沟通,非权益,11.6,五线城市,SME,2000-5000人,客服
USR_000345,USR_000345,,USR_000345,,,2026-01-24,2026-01-24,2026-01-24,简历搜索,非权益,53.6,五线城市,SME,2000-5000人,客服
USR_000345,USR_000345,,,,,2026-01-11,2026-01-11,2026-01-11,企业认证,非权益,12.6,五线城市,SME,2000-5000人,客服
USR_000345,USR_000345,,,,,2026-01-29,2026-01-29,2026-01-29,置顶刷新,权益,12.9,五线城市,SME,2000-5000人,客服
USR_000345,,,,,,2026-01-25,2026-01-25,2026-01-25,企业认证,非权益,39.5,五线城市,SME,2000-5000人,客服
USR_000345,USR_000345,,,,,2026-01-25,2026-01-25,2026-01-25,急聘推广,权益,53.1,五线城市,SME,2000-5000人,客服
USR_000345,,,,,,2026-02-19,2026-02-19,2026-02-19,急聘推广,权益,7.4,五线城市,SME,2000-5000人,客服
USR_000345,USR_000345,,,,,2026-01-09,2026-01-09,2026-01-09,权益礼包,权益,19.0,五线城市,SME,2000-5000人,客服
USR_000346,USR_000346,,USR_000346,,,2026-02-07,2026-02-07,2026-02-07,简历搜索,非权益,44.9,四线城市,KA,5000-10000人,行政
USR_000346,,,,,,2026-01-16,2026-01-16,2026-01-16,权益礼包,权益,15.0,四线城市,KA,5000-10000人,行政
USR_000346,USR_000346,,,,USR_000346,2026-02-28,2026-02-28,2026-02-28,简历查看,非权益,16.0,四线城市,KA,5000-10000人,行政
USR_000346,USR_000346,,,,,2026-01-19,2026-01-19,2026-01-19,置顶刷新,权益,90.6,四线城市,KA,5000-10000人,行政
USR_000346,USR_000346,,,USR_000346,,2026-01-09,2026-01-09,2026-01-09,在线沟通,非权益,18.5,四线城市,KA,5000-10000人,行政
USR_000346,USR_000346,,,,USR_000346,2026-02-28,2026-02-28,2026-02-28,简历查看,非权益,31.6,四线城市,KA,5000-10000人,行政
USR_000346,,,,,,2026-01-16,2026-01-16,2026-01-16,急聘推广,权益,17.4,四线城市,KA,5000-10000人,行政
USR_000346,USR_000346,,,,,2026-02-16,2026-02-16,2026-02-16,权益礼包,权益,5.7,四线城市,KA,5000-10000人,行政
USR_000346,USR_000346,,,USR_000346,,2026-02-21,2026-02-21,2026-02-21,在线沟通,非权益,73.6,四线城市,KA,5000-10000人,行政
USR_000346,USR_000346,,,USR_000346,,2026-01-13,2026-01-13,2026-01-13,在线沟通,非权益,27.4,四线城市,KA,5000-10000人,行政
USR_000346,USR_000346,,USR_000346,,,2026-02-15,2026-02-15,2026-02-15,简历搜索,非权益,18.9,四线城市,KA,5000-10000人,行政
USR_000346,USR_000346,USR_000346,,,,2026-01-10,2026-01-10,2026-01-10,职位发布,非权益,25.5,四线城市,KA,5000-10000人,行政
USR_000346,,USR_000346,,,,2026-02-15,2026-02-15,2026-02-15,职位发布,非权益,24.4,四线城市,KA,5000-10000人,行政
USR_000346,,USR_000346,,,,2026-02-28,2026-02-28,2026-02-28,职位发布,非权益,62.8,四线城市,KA,5000-10000人,行政
USR_000347,USR_000347,,,,,2026-02-04,2026-02-04,2026-02-04,企业认证,非权益,56.6,二线城市,SME,1-49人,产品
USR_000347,USR_000347,,,,,2026-01-10,2026-01-10,2026-01-10,权益礼包,权益,18.9,二线城市,SME,1-49人,产品
USR_000347,USR_000347,USR_000347,,,,2026-02-28,2026-02-28,2026-02-28,职位发布,非权益,27.6,二线城市,SME,1-49人,产品
USR_000348,USR_000348,,,USR_000348,,2026-01-09,2026-01-09,2026-01-09,在线沟通,非权益,14.4,五线城市,KA,500-999人,客服
USR_000348,,,,,,2026-01-31,2026-01-31,2026-01-31,置顶刷新,权益,34.8,五线城市,KA,500-999人,客服
USR_000348,USR_000348,USR_000348,,,,2026-02-28,2026-02-28,2026-02-28,职位发布,非权益,6.3,五线城市,KA,500-999人,客服
USR_000348,USR_000348,,,,,2026-02-02,2026-02-02,2026-02-02,权益礼包,权益,36.7,五线城市,KA,500-999人,客服
USR_000348,,,,,,2026-01-22,2026-01-22,2026-01-22,权益礼包,权益,10.3,五线城市,KA,500-999人,客服
USR_000348,USR_000348,,,,,2026-01-11,2026-01-11,2026-01-11,急聘推广,权益,9.9,五线城市,KA,500-999人,客服
USR_000348,USR_000348,,,,,2026-01-13,2026-01-13,2026-01-13,企业认证,非权益,15.7,五线城市,KA,500-999人,客服
USR_000348,USR_000348,,,,,2026-02-19,2026-02-19,2026-02-19,企业认证,非权益,18.3,五线城市,KA,500-999人,客服
USR_000348,USR_000348,,,,USR_000348,2026-02-26,2026-02-26,2026-02-26,简历查看,非权益,11.6,五线城市,KA,500-999人,客服
USR_000348,USR_000348,,,,,2026-02-18,2026-02-18,2026-02-18,急聘推广,权益,7.5,五线城市,KA,500-999人,客服
USR_000348,USR_000348,,,,,2026-02-25,2026-02-25,2026-02-25,企业认证,非权益,22.9,五线城市,KA,500-999人,客服
USR_000348,USR_000348,,,,,2026-01-17,2026-01-17,2026-01-17,权益礼包,权益,18.2,五线城市,KA,500-999人,客服
USR_000348,USR_000348,,,,,2026-01-07,2026-01-07,2026-01-07,置顶刷新,权益,26.8,五线城市,KA,500-999人,客服
USR_000348,USR_000348,,,,,2026-01-30,2026-01-30,2026-01-30,急聘推广,权益,30.7,五线城市,KA,500-999人,客服
USR_000348,USR_000348,,,USR_000348,,2026-01-02,2026-01-02,2026-01-02,在线沟通,非权益,9.6,五线城市,KA,500-999人,客服
USR_000348,USR_000348,USR_000348,,,,2026-02-17,2026-02-17,2026-02-17,职位发布,非权益,20.6,五线城市,KA,500-999人,客服
USR_000348,,,USR_000348,,,2026-02-02,2026-02-02,2026-02-02,简历搜索,非权益,13.2,五线城市,KA,500-999人,客服
USR_000348,USR_000348,,,,,2026-01-03,2026-01-03,2026-01-03,权益礼包,权益,14.2,五线城市,KA,500-999人,客服
USR_000348,,,,USR_000348,,2026-02-26,2026-02-26,2026-02-26,在线沟通,非权益,29.9,五线城市,KA,500-999人,客服
USR_000348,USR_000348,USR_000348,,,,2026-01-08,2026-01-08,2026-01-08,职位发布,非权益,40.6,五线城市,KA,500-999人,客服
USR_000349,USR_000349,,,,,2026-01-17,2026-01-17,2026-01-17,置顶刷新,权益,20.4,四线城市,SME,1-49人,市场
USR_000349,USR_000349,,,,,2026-02-22,2026-02-22,2026-02-22,企业认证,非权益,28.7,四线城市,SME,1-49人,市场
USR_000349,USR_000349,,,,USR_000349,2026-01-16,2026-01-16,2026-01-16,简历查看,非权益,14.6,四线城市,SME,1-49人,市场
USR_000349,USR_000349,,,USR_000349,,2026-02-24,2026-02-24,2026-02-24,在线沟通,非权益,8.9,四线城市,SME,1-49人,市场
USR_000349,USR_000349,,,,,2026-01-26,2026-01-26,2026-01-26,权益礼包,权益,29.1,四线城市,SME,1-49人,市场
USR_000349,USR_000349,USR_000349,,,,2026-02-09,2026-02-09,2026-02-09,职位发布,非权益,5.4,四线城市,SME,1-49人,市场
USR_000349,USR_000349,,,,,2026-01-10,2026-01-10,2026-01-10,置顶刷新,权益,5.6,四线城市,SME,1-49人,市场
USR_000349,USR_000349,,,,,2026-01-25,2026-01-25,2026-01-25,企业认证,非权益,20.6,四线城市,SME,1-49人,市场
USR_000349,USR_000349,USR_000349,,,,2026-01-15,2026-01-15,2026-01-15,职位发布,非权益,44.7,四线城市,SME,1-49人,市场
USR_000349,USR_000349,,,,USR_000349,2026-01-07,2026-01-07,2026-01-07,简历查看,非权益,57.8,四线城市,SME,1-49人,市场
USR_000349,USR_000349,,,,,2026-02-01,2026-02-01,2026-02-01,置顶刷新,权益,16.4,四线城市,SME,1-49人,市场
USR_000349,,,,,USR_000349,2026-02-13,2026-02-13,2026-02-13,简历查看,非权益,6.4,四线城市,SME,1-49人,市场
USR_000349,USR_000349,,,,,2026-01-12,2026-01-12,2026-01-12,企业认证,非权益,8.1,四线城市,SME,1-49人,市场
USR_000349,USR_000349,,,,,2026-01-24,2026-01-24,2026-01-24,权益礼包,权益,7.7,四线城市,SME,1-49人,市场
USR_000349,USR_000349,,,,,2026-01-22,2026-01-22,2026-01-22,权益礼包,权益,9.1,四线城市,SME,1-49人,市场
USR_000349,USR_000349,,,,,2026-02-03,2026-02-03,2026-02-03,企业认证,非权益,19.2,四线城市,SME,1-49人,市场
USR_000349,USR_000349,,,,,2026-01-30,2026-01-30,2026-01-30,急聘推广,权益,7.2,四线城市,SME,1-49人,市场
USR_000350,,,,,,2026-02-02,2026-02-02,2026-02-02,置顶刷新,权益,13.1,新一线城市,SME,50-99人,市场
USR_000350,USR_000350,,,,,2026-02-26,2026-02-26,2026-02-26,权益礼包,权益,29.2,新一线城市,SME,50-99人,市场
USR_000350,,,,,,2026-02-25,2026-02-25,2026-02-25,置顶刷新,权益,18.8,新一线城市,SME,50-99人,市场
USR_000350,USR_000350,,,,,2026-01-04,2026-01-04,2026-01-04,急聘推广,权益,54.4,新一线城市,SME,50-99人,市场
USR_000350,USR_000350,,,,,2026-01-30,2026-01-30,2026-01-30,急聘推广,权益,15.2,新一线城市,SME,50-99人,市场
USR_000350,USR_000350,,,,,2026-01-29,2026-01-29,2026-01-29,急聘推广,权益,19.8,新一线城市,SME,50-99人,市场
USR_000350,USR_000350,,USR_000350,,,2026-02-23,2026-02-23,2026-02-23,简历搜索,非权益,56.7,新一线城市,SME,50-99人,市场
USR_000350,,,,,,2026-02-05,2026-02-05,2026-02-05,急聘推广,权益,13.2,新一线城市,SME,50-99人,市场
USR_000350,USR_000350,,,,USR_000350,2026-01-04,2026-01-04,2026-01-04,简历查看,非权益,9.0,新一线城市,SME,50-99人,市场
USR_000350,USR_000350,USR_000350,,,,2026-02-17,2026-02-17,2026-02-17,职位发布,非权益,7.7,新一线城市,SME,50-99人,市场
USR_000350,USR_000350,,,,,2026-02-02,2026-02-02,2026-02-02,企业认证,非权益,15.5,新一线城市,SME,50-99人,市场
USR_000350,USR_000350,,USR_000350,,,2026-02-08,2026-02-08,2026-02-08,简历搜索,非权益,20.2,新一线城市,SME,50-99人,市场
USR_000350,,USR_000350,,,,2026-01-04,2026-01-04,2026-01-04,职位发布,非权益,12.3,新一线城市,SME,50-99人,市场
USR_000350,,,,,,2026-01-06,2026-01-06,2026-01-06,权益礼包,权益,44.6,新一线城市,SME,50-99人,市场
USR_000350,USR_000350,,,USR_000350,,2026-02-07,2026-02-07,2026-02-07,在线沟通,非权益,13.8,新一线城市,SME,50-99人,市场
USR_000351,USR_000351,,,,,2026-01-06,2026-01-06,2026-01-06,权益礼包,权益,12.3,二线城市,KA,1-49人,客服
USR_000351,USR_000351,,,USR_000351,,2026-02-27,2026-02-27,2026-02-27,在线沟通,非权益,158.8,二线城市,KA,1-49人,客服
USR_000351,USR_000351,,,,,2026-01-17,2026-01-17,2026-01-17,置顶刷新,权益,8.2,二线城市,KA,1-49人,客服
USR_000351,USR_000351,,USR_000351,,,2026-01-28,2026-01-28,2026-01-28,简历搜索,非权益,19.2,二线城市,KA,1-49人,客服
USR_000351,USR_000351,,,,,2026-01-13,2026-01-13,2026-01-13,权益礼包,权益,29.3,二线城市,KA,1-49人,客服
USR_000351,USR_000351,,,,,2026-01-22,2026-01-22,2026-01-22,置顶刷新,权益,88.8,二线城市,KA,1-49人,客服
USR_000351,,,,USR_000351,,2026-01-04,2026-01-04,2026-01-04,在线沟通,非权益,15.9,二线城市,KA,1-49人,客服
USR_000351,,,,,,2026-01-11,2026-01-11,2026-01-11,企业认证,非权益,24.8,二线城市,KA,1-49人,客服
USR_000351,,USR_000351,,,,2026-01-25,2026-01-25,2026-01-25,职位发布,非权益,20.6,二线城市,KA,1-49人,客服
USR_000351,USR_000351,,,USR_000351,,2026-02-02,2026-02-02,2026-02-02,在线沟通,非权益,30.6,二线城市,KA,1-49人,客服
USR_000351,USR_000351,,,USR_000351,,2026-02-07,2026-02-07,2026-02-07,在线沟通,非权益,5.9,二线城市,KA,1-49人,客服
USR_000351,USR_000351,,,,,2026-02-03,2026-02-03,2026-02-03,急聘推广,权益,17.5,二线城市,KA,1-49人,客服
USR_000352,USR_000352,,,,,2026-01-14,2026-01-14,2026-01-14,置顶刷新,权益,10.3,四线城市,SME,2000-5000人,运营
USR_000352,,,,,,2026-02-26,2026-02-26,2026-02-26,急聘推广,权益,31.4,四线城市,SME,2000-5000人,运营
USR_000352,,,,USR_000352,,2026-01-19,2026-01-19,2026-01-19,在线沟通,非权益,10.5,四线城市,SME,2000-5000人,运营
USR_000352,USR_000352,,,,,2026-02-05,2026-02-05,2026-02-05,置顶刷新,权益,27.3,四线城市,SME,2000-5000人,运营
USR_000352,USR_000352,USR_000352,,,,2026-01-11,2026-01-11,2026-01-11,职位发布,非权益,47.4,四线城市,SME,2000-5000人,运营
USR_000352,USR_000352,,,,,2026-02-16,2026-02-16,2026-02-16,急聘推广,权益,8.6,四线城市,SME,2000-5000人,运营
USR_000352,USR_000352,,USR_000352,,,2026-01-18,2026-01-18,2026-01-18,简历搜索,非权益,19.1,四线城市,SME,2000-5000人,运营
USR_000352,USR_000352,USR_000352,,,,2026-02-16,2026-02-16,2026-02-16,职位发布,非权益,23.7,四线城市,SME,2000-5000人,运营
USR_000352,,,USR_000352,,,2026-02-12,2026-02-12,2026-02-12,简历搜索,非权益,14.4,四线城市,SME,2000-5000人,运营
USR_000352,,,,USR_000352,,2026-02-04,2026-02-04,2026-02-04,在线沟通,非权益,25.7,四线城市,SME,2000-5000人,运营
USR_000352,USR_000352,USR_000352,,,,2026-02-28,2026-02-28,2026-02-28,职位发布,非权益,6.6,四线城市,SME,2000-5000人,运营
USR_000352,,,,,,2026-02-02,2026-02-02,2026-02-02,置顶刷新,权益,70.2,四线城市,SME,2000-5000人,运营
USR_000352,USR_000352,,,,,2026-01-11,2026-01-11,2026-01-11,置顶刷新,权益,5.2,四线城市,SME,2000-5000人,运营
USR_000353,USR_000353,,USR_000353,,,2026-01-01,2026-01-01,2026-01-01,简历搜索,非权益,31.1,五线城市,SME,1-49人,财务
USR_000353,USR_000353,,,,,2026-02-24,2026-02-24,2026-02-24,急聘推广,权益,19.0,五线城市,SME,1-49人,财务
USR_000353,,,,USR_000353,,2026-02-15,2026-02-15,2026-02-15,在线沟通,非权益,8.4,五线城市,SME,1-49人,财务
USR_000354,USR_000354,,USR_000354,,,2026-01-01,2026-01-01,2026-01-01,简历搜索,非权益,7.1,二线城市,SME,5000-10000人,产品
USR_000354,USR_000354,,,,,2026-01-24,2026-01-24,2026-01-24,置顶刷新,权益,8.9,二线城市,SME,5000-10000人,产品
USR_000354,,,,,,2026-02-27,2026-02-27,2026-02-27,企业认证,非权益,26.4,二线城市,SME,5000-10000人,产品
USR_000354,USR_000354,USR_000354,,,,2026-02-18,2026-02-18,2026-02-18,职位发布,非权益,13.5,二线城市,SME,5000-10000人,产品
USR_000355,USR_000355,,,,,2026-01-10,2026-01-10,2026-01-10,置顶刷新,权益,5.8,四线城市,SME,10000人以上,行政
USR_000355,USR_000355,,,,,2026-01-18,2026-01-18,2026-01-18,企业认证,非权益,14.0,四线城市,SME,10000人以上,行政
USR_000355,USR_000355,,,,,2026-01-25,2026-01-25,2026-01-25,置顶刷新,权益,13.7,四线城市,SME,10000人以上,行政
USR_000355,USR_000355,,,,,2026-01-30,2026-01-30,2026-01-30,企业认证,非权益,6.9,四线城市,SME,10000人以上,行政
USR_000355,USR_000355,,,,,2026-02-05,2026-02-05,2026-02-05,企业认证,非权益,21.3,四线城市,SME,10000人以上,行政
USR_000355,USR_000355,,,,,2026-01-18,2026-01-18,2026-01-18,企业认证,非权益,23.4,四线城市,SME,10000人以上,行政
USR_000355,USR_000355,,,,,2026-01-26,2026-01-26,2026-01-26,急聘推广,权益,21.2,四线城市,SME,10000人以上,行政
USR_000355,USR_000355,,,,,2026-01-27,2026-01-27,2026-01-27,置顶刷新,权益,19.7,四线城市,SME,10000人以上,行政
USR_000355,USR_000355,,,,,2026-01-07,2026-01-07,2026-01-07,企业认证,非权益,16.3,四线城市,SME,10000人以上,行政
USR_000355,USR_000355,,,,,2026-02-14,2026-02-14,2026-02-14,置顶刷新,权益,19.8,四线城市,SME,10000人以上,行政
USR_000355,,,,,,2026-01-26,2026-01-26,2026-01-26,权益礼包,权益,6.3,四线城市,SME,10000人以上,行政
USR_000355,USR_000355,,,,USR_000355,2026-01-23,2026-01-23,2026-01-23,简历查看,非权益,7.9,四线城市,SME,10000人以上,行政
USR_000355,,,,,,2026-02-23,2026-02-23,2026-02-23,急聘推广,权益,47.1,四线城市,SME,10000人以上,行政
USR_000355,USR_000355,,,,,2026-02-03,2026-02-03,2026-02-03,急聘推广,权益,36.6,四线城市,SME,10000人以上,行政
USR_000355,,,,,,2026-01-05,2026-01-05,2026-01-05,权益礼包,权益,6.1,四线城市,SME,10000人以上,行政
USR_000355,USR_000355,,,,,2026-01-21,2026-01-21,2026-01-21,急聘推广,权益,5.7,四线城市,SME,10000人以上,行政
USR_000355,USR_000355,,,,USR_000355,2026-02-27,2026-02-27,2026-02-27,简历查看,非权益,8.8,四线城市,SME,10000人以上,行政
USR_000355,USR_000355,USR_000355,,,,2026-02-21,2026-02-21,2026-02-21,职位发布,非权益,16.4,四线城市,SME,10000人以上,行政
USR_000355,USR_000355,,,,,2026-02-02,2026-02-02,2026-02-02,置顶刷新,权益,10.6,四线城市,SME,10000人以上,行政
USR_000355,,,,,,2026-02-15,2026-02-15,2026-02-15,企业认证,非权益,5.5,四线城市,SME,10000人以上,行政
USR_000355,USR_000355,,USR_000355,,,2026-01-07,2026-01-07,2026-01-07,简历搜索,非权益,5.5,四线城市,SME,10000人以上,行政
USR_000355,USR_000355,,,,,2026-01-11,2026-01-11,2026-01-11,企业认证,非权益,35.8,四线城市,SME,10000人以上,行政
USR_000355,USR_000355,,USR_000355,,,2026-02-13,2026-02-13,2026-02-13,简历搜索,非权益,51.0,四线城市,SME,10000人以上,行政
USR_000356,USR_000356,,,,USR_000356,2026-02-07,2026-02-07,2026-02-07,简历查看,非权益,13.4,二线城市,SME,1-49人,客服
USR_000356,USR_000356,,,,,2026-01-06,2026-01-06,2026-01-06,权益礼包,权益,23.8,二线城市,SME,1-49人,客服
USR_000356,,,,,,2026-01-26,2026-01-26,2026-01-26,权益礼包,权益,17.1,二线城市,SME,1-49人,客服
USR_000356,USR_000356,,,,,2026-01-01,2026-01-01,2026-01-01,急聘推广,权益,15.2,二线城市,SME,1-49人,客服
USR_000356,USR_000356,,,,,2026-02-23,2026-02-23,2026-02-23,权益礼包,权益,11.8,二线城市,SME,1-49人,客服
USR_000356,USR_000356,,,,,2026-01-13,2026-01-13,2026-01-13,急聘推广,权益,7.4,二线城市,SME,1-49人,客服
USR_000356,,,,USR_000356,,2026-02-14,2026-02-14,2026-02-14,在线沟通,非权益,13.5,二线城市,SME,1-49人,客服
USR_000356,USR_000356,,,USR_000356,,2026-02-19,2026-02-19,2026-02-19,在线沟通,非权益,12.7,二线城市,SME,1-49人,客服
USR_000356,USR_000356,,,,,2026-02-05,2026-02-05,2026-02-05,置顶刷新,权益,34.4,二线城市,SME,1-49人,客服
USR_000356,,,,,,2026-01-07,2026-01-07,2026-01-07,企业认证,非权益,6.6,二线城市,SME,1-49人,客服
USR_000356,,,,USR_000356,,2026-02-17,2026-02-17,2026-02-17,在线沟通,非权益,19.9,二线城市,SME,1-49人,客服
USR_000356,USR_000356,,,,,2026-01-24,2026-01-24,2026-01-24,企业认证,非权益,10.9,二线城市,SME,1-49人,客服
USR_000356,USR_000356,,,,,2026-02-13,2026-02-13,2026-02-13,置顶刷新,权益,9.2,二线城市,SME,1-49人,客服
USR_000356,USR_000356,,,,,2026-02-08,2026-02-08,2026-02-08,企业认证,非权益,31.4,二线城市,SME,1-49人,客服
USR_000356,,USR_000356,,,,2026-01-03,2026-01-03,2026-01-03,职位发布,非权益,6.4,二线城市,SME,1-49人,客服
USR_000356,USR_000356,,,,,2026-01-11,2026-01-11,2026-01-11,急聘推广,权益,10.1,二线城市,SME,1-49人,客服
USR_000357,USR_000357,,,,,2026-02-23,2026-02-23,2026-02-23,置顶刷新,权益,5.2,五线城市,SME,1000-2000人,市场
USR_000357,USR_000357,,USR_000357,,,2026-02-08,2026-02-08,2026-02-08,简历搜索,非权益,9.7,五线城市,SME,1000-2000人,市场
USR_000357,USR_000357,,,,USR_000357,2026-01-13,2026-01-13,2026-01-13,简历查看,非权益,100.7,五线城市,SME,1000-2000人,市场
USR_000358,,,,USR_000358,,2026-02-21,2026-02-21,2026-02-21,在线沟通,非权益,6.1,二线城市,SME,500-999人,客服
USR_000358,USR_000358,,,,,2026-01-14,2026-01-14,2026-01-14,权益礼包,权益,40.5,二线城市,SME,500-999人,客服
USR_000358,USR_000358,,,,,2026-01-31,2026-01-31,2026-01-31,置顶刷新,权益,14.4,二线城市,SME,500-999人,客服
USR_000358,,,,,,2026-02-13,2026-02-13,2026-02-13,权益礼包,权益,93.6,二线城市,SME,500-999人,客服
USR_000358,USR_000358,,,,,2026-01-26,2026-01-26,2026-01-26,置顶刷新,权益,5.9,二线城市,SME,500-999人,客服
USR_000358,USR_000358,,,,,2026-01-14,2026-01-14,2026-01-14,企业认证,非权益,36.9,二线城市,SME,500-999人,客服
USR_000358,USR_000358,,,USR_000358,,2026-02-24,2026-02-24,2026-02-24,在线沟通,非权益,22.4,二线城市,SME,500-999人,客服
USR_000358,USR_000358,,,,,2026-01-20,2026-01-20,2026-01-20,权益礼包,权益,7.0,二线城市,SME,500-999人,客服
USR_000358,USR_000358,,USR_000358,,,2026-02-04,2026-02-04,2026-02-04,简历搜索,非权益,20.5,二线城市,SME,500-999人,客服
USR_000358,USR_000358,,,,,2026-01-16,2026-01-16,2026-01-16,置顶刷新,权益,97.1,二线城市,SME,500-999人,客服
USR_000358,USR_000358,,USR_000358,,,2026-01-06,2026-01-06,2026-01-06,简历搜索,非权益,60.7,二线城市,SME,500-999人,客服
USR_000358,USR_000358,,,,,2026-02-08,2026-02-08,2026-02-08,急聘推广,权益,34.7,二线城市,SME,500-999人,客服
USR_000358,,,USR_000358,,,2026-02-17,2026-02-17,2026-02-17,简历搜索,非权益,10.7,二线城市,SME,500-999人,客服
USR_000358,USR_000358,,,,,2026-02-04,2026-02-04,2026-02-04,企业认证,非权益,8.9,二线城市,SME,500-999人,客服
USR_000358,USR_000358,USR_000358,,,,2026-01-29,2026-01-29,2026-01-29,职位发布,非权益,51.3,二线城市,SME,500-999人,客服
USR_000358,USR_000358,,,USR_000358,,2026-01-15,2026-01-15,2026-01-15,在线沟通,非权益,34.0,二线城市,SME,500-999人,客服
USR_000358,USR_000358,,,USR_000358,,2026-02-05,2026-02-05,2026-02-05,在线沟通,非权益,37.1,二线城市,SME,500-999人,客服
USR_000358,USR_000358,,,,USR_000358,2026-01-05,2026-01-05,2026-01-05,简历查看,非权益,23.2,二线城市,SME,500-999人,客服
USR_000358,USR_000358,,,,USR_000358,2026-01-25,2026-01-25,2026-01-25,简历查看,非权益,22.3,二线城市,SME,500-999人,客服
USR_000359,,,,,,2026-01-11,2026-01-11,2026-01-11,置顶刷新,权益,13.5,五线城市,KA,100-499人,行政
USR_000359,USR_000359,,,,,2026-01-17,2026-01-17,2026-01-17,急聘推广,权益,23.9,五线城市,KA,100-499人,行政
USR_000359,,,,,,2026-01-09,2026-01-09,2026-01-09,置顶刷新,权益,54.5,五线城市,KA,100-499人,行政
USR_000359,,,,,,2026-01-29,2026-01-29,2026-01-29,置顶刷新,权益,15.7,五线城市,KA,100-499人,行政
USR_000359,,,USR_000359,,,2026-02-15,2026-02-15,2026-02-15,简历搜索,非权益,26.4,五线城市,KA,100-499人,行政
USR_000359,,,,,,2026-01-23,2026-01-23,2026-01-23,急聘推广,权益,12.6,五线城市,KA,100-499人,行政
USR_000359,USR_000359,,,,,2026-01-22,2026-01-22,2026-01-22,权益礼包,权益,45.4,五线城市,KA,100-499人,行政
USR_000359,,,USR_000359,,,2026-01-15,2026-01-15,2026-01-15,简历搜索,非权益,46.5,五线城市,KA,100-499人,行政
USR_000359,USR_000359,,,,,2026-01-05,2026-01-05,2026-01-05,急聘推广,权益,14.0,五线城市,KA,100-499人,行政
USR_000359,USR_000359,USR_000359,,,,2026-01-16,2026-01-16,2026-01-16,职位发布,非权益,9.7,五线城市,KA,100-499人,行政
USR_000359,USR_000359,USR_000359,,,,2026-01-05,2026-01-05,2026-01-05,职位发布,非权益,6.4,五线城市,KA,100-499人,行政
USR_000359,,,,,,2026-02-17,2026-02-17,2026-02-17,权益礼包,权益,39.2,五线城市,KA,100-499人,行政
USR_000359,,,USR_000359,,,2026-01-16,2026-01-16,2026-01-16,简历搜索,非权益,26.6,五线城市,KA,100-499人,行政
USR_000359,USR_000359,,,,,2026-02-12,2026-02-12,2026-02-12,置顶刷新,权益,11.1,五线城市,KA,100-499人,行政
USR_000359,USR_000359,,,,USR_000359,2026-02-20,2026-02-20,2026-02-20,简历查看,非权益,13.6,五线城市,KA,100-499人,行政
USR_000359,USR_000359,,,USR_000359,,2026-01-25,2026-01-25,2026-01-25,在线沟通,非权益,24.9,五线城市,KA,100-499人,行政
USR_000359,USR_000359,,USR_000359,,,2026-02-18,2026-02-18,2026-02-18,简历搜索,非权益,43.9,五线城市,KA,100-499人,行政
USR_000359,USR_000359,USR_000359,,,,2026-01-06,2026-01-06,2026-01-06,职位发布,非权益,19.2,五线城市,KA,100-499人,行政
USR_000359,USR_000359,,,,USR_000359,2026-02-10,2026-02-10,2026-02-10,简历查看,非权益,12.4,五线城市,KA,100-499人,行政
USR_000360,,,,,,2026-01-02,2026-01-02,2026-01-02,急聘推广,权益,5.6,四线城市,SME,1-49人,行政
USR_000360,USR_000360,USR_000360,,,,2026-01-24,2026-01-24,2026-01-24,职位发布,非权益,6.4,四线城市,SME,1-49人,行政
USR_000360,USR_000360,,,,,2026-01-26,2026-01-26,2026-01-26,企业认证,非权益,10.7,四线城市,SME,1-49人,行政
USR_000360,,,,USR_000360,,2026-02-11,2026-02-11,2026-02-11,在线沟通,非权益,37.3,四线城市,SME,1-49人,行政
USR_000360,USR_000360,,,,,2026-01-07,2026-01-07,2026-01-07,置顶刷新,权益,9.7,四线城市,SME,1-49人,行政
USR_000360,USR_000360,,USR_000360,,,2026-02-16,2026-02-16,2026-02-16,简历搜索,非权益,17.1,四线城市,SME,1-49人,行政
USR_000360,,,,,,2026-02-11,2026-02-11,2026-02-11,权益礼包,权益,13.6,四线城市,SME,1-49人,行政
USR_000360,USR_000360,,,,,2026-02-07,2026-02-07,2026-02-07,急聘推广,权益,52.1,四线城市,SME,1-49人,行政
USR_000360,USR_000360,,USR_000360,,,2026-02-26,2026-02-26,2026-02-26,简历搜索,非权益,44.3,四线城市,SME,1-49人,行政
USR_000360,USR_000360,,,,,2026-02-05,2026-02-05,2026-02-05,企业认证,非权益,6.5,四线城市,SME,1-49人,行政
USR_000360,USR_000360,,,,,2026-01-03,2026-01-03,2026-01-03,企业认证,非权益,40.6,四线城市,SME,1-49人,行政
USR_000360,USR_000360,,,,,2026-01-05,2026-01-05,2026-01-05,急聘推广,权益,14.2,四线城市,SME,1-49人,行政
USR_000360,USR_000360,,,,,2026-02-04,2026-02-04,2026-02-04,权益礼包,权益,25.5,四线城市,SME,1-49人,行政
USR_000360,USR_000360,,,,,2026-02-22,2026-02-22,2026-02-22,置顶刷新,权益,24.2,四线城市,SME,1-49人,行政
USR_000360,,,USR_000360,,,2026-01-19,2026-01-19,2026-01-19,简历搜索,非权益,36.9,四线城市,SME,1-49人,行政
USR_000360,,,,,USR_000360,2026-01-11,2026-01-11,2026-01-11,简历查看,非权益,12.0,四线城市,SME,1-49人,行政
USR_000360,USR_000360,USR_000360,,,,2026-01-16,2026-01-16,2026-01-16,职位发布,非权益,46.9,四线城市,SME,1-49人,行政
USR_000361,USR_000361,,,,,2026-02-06,2026-02-06,2026-02-06,企业认证,非权益,18.3,二线城市,SME,2000-5000人,产品
USR_000361,USR_000361,,,,,2026-02-22,2026-02-22,2026-02-22,权益礼包,权益,19.5,二线城市,SME,2000-5000人,产品
USR_000361,USR_000361,,,,USR_000361,2026-01-13,2026-01-13,2026-01-13,简历查看,非权益,14.2,二线城市,SME,2000-5000人,产品
USR_000361,USR_000361,USR_000361,,,,2026-02-14,2026-02-14,2026-02-14,职位发布,非权益,9.4,二线城市,SME,2000-5000人,产品
USR_000361,USR_000361,,,USR_000361,,2026-02-02,2026-02-02,2026-02-02,在线沟通,非权益,33.5,二线城市,SME,2000-5000人,产品
USR_000361,USR_000361,,,,,2026-02-24,2026-02-24,2026-02-24,置顶刷新,权益,15.3,二线城市,SME,2000-5000人,产品
USR_000361,USR_000361,,,,,2026-01-26,2026-01-26,2026-01-26,置顶刷新,权益,18.7,二线城市,SME,2000-5000人,产品
USR_000361,USR_000361,,,,,2026-02-08,2026-02-08,2026-02-08,急聘推广,权益,5.9,二线城市,SME,2000-5000人,产品
USR_000361,USR_000361,,,,,2026-01-30,2026-01-30,2026-01-30,置顶刷新,权益,7.0,二线城市,SME,2000-5000人,产品
USR_000361,USR_000361,,,USR_000361,,2026-02-24,2026-02-24,2026-02-24,在线沟通,非权益,14.2,二线城市,SME,2000-5000人,产品
USR_000361,USR_000361,,USR_000361,,,2026-02-19,2026-02-19,2026-02-19,简历搜索,非权益,33.2,二线城市,SME,2000-5000人,产品
USR_000361,USR_000361,USR_000361,,,,2026-02-19,2026-02-19,2026-02-19,职位发布,非权益,6.7,二线城市,SME,2000-5000人,产品
USR_000361,USR_000361,,,,USR_000361,2026-02-03,2026-02-03,2026-02-03,简历查看,非权益,6.4,二线城市,SME,2000-5000人,产品
USR_000361,,,,,USR_000361,2026-02-05,2026-02-05,2026-02-05,简历查看,非权益,16.1,二线城市,SME,2000-5000人,产品
USR_000361,,USR_000361,,,,2026-01-03,2026-01-03,2026-01-03,职位发布,非权益,6.2,二线城市,SME,2000-5000人,产品
USR_000361,USR_000361,,,,,2026-02-10,2026-02-10,2026-02-10,权益礼包,权益,13.2,二线城市,SME,2000-5000人,产品
USR_000361,,,,USR_000361,,2026-01-28,2026-01-28,2026-01-28,在线沟通,非权益,46.2,二线城市,SME,2000-5000人,产品
USR_000362,,,,,,2026-01-20,2026-01-20,2026-01-20,急聘推广,权益,5.6,三线城市,SME,2000-5000人,市场
USR_000362,,,USR_000362,,,2026-02-23,2026-02-23,2026-02-23,简历搜索,非权益,58.7,三线城市,SME,2000-5000人,市场
USR_000362,USR_000362,,,,USR_000362,2026-01-02,2026-01-02,2026-01-02,简历查看,非权益,96.4,三线城市,SME,2000-5000人,市场
USR_000362,USR_000362,,,,,2026-01-17,2026-01-17,2026-01-17,企业认证,非权益,8.3,三线城市,SME,2000-5000人,市场
USR_000362,USR_000362,,,,,2026-02-16,2026-02-16,2026-02-16,置顶刷新,权益,8.8,三线城市,SME,2000-5000人,市场
USR_000362,,,,,,2026-02-11,2026-02-11,2026-02-11,置顶刷新,权益,26.8,三线城市,SME,2000-5000人,市场
USR_000362,USR_000362,,,,,2026-01-01,2026-01-01,2026-01-01,企业认证,非权益,48.2,三线城市,SME,2000-5000人,市场
USR_000362,,USR_000362,,,,2026-02-16,2026-02-16,2026-02-16,职位发布,非权益,68.7,三线城市,SME,2000-5000人,市场
USR_000362,USR_000362,,,,,2026-02-19,2026-02-19,2026-02-19,置顶刷新,权益,48.3,三线城市,SME,2000-5000人,市场
USR_000362,USR_000362,,,,,2026-02-21,2026-02-21,2026-02-21,权益礼包,权益,6.4,三线城市,SME,2000-5000人,市场
USR_000362,USR_000362,,,,USR_000362,2026-01-31,2026-01-31,2026-01-31,简历查看,非权益,8.7,三线城市,SME,2000-5000人,市场
USR_000362,USR_000362,,,USR_000362,,2026-02-21,2026-02-21,2026-02-21,在线沟通,非权益,13.8,三线城市,SME,2000-5000人,市场
USR_000362,USR_000362,,,,,2026-02-10,2026-02-10,2026-02-10,权益礼包,权益,6.7,三线城市,SME,2000-5000人,市场
USR_000362,USR_000362,,USR_000362,,,2026-02-26,2026-02-26,2026-02-26,简历搜索,非权益,8.8,三线城市,SME,2000-5000人,市场
USR_000363,USR_000363,,USR_000363,,,2026-01-08,2026-01-08,2026-01-08,简历搜索,非权益,17.4,新一线城市,KA,500-999人,产品
USR_000363,USR_000363,USR_000363,,,,2026-01-31,2026-01-31,2026-01-31,职位发布,非权益,14.4,新一线城市,KA,500-999人,产品
USR_000363,,,,,,2026-02-14,2026-02-14,2026-02-14,置顶刷新,权益,14.4,新一线城市,KA,500-999人,产品
USR_000363,USR_000363,,,,,2026-02-14,2026-02-14,2026-02-14,置顶刷新,权益,39.9,新一线城市,KA,500-999人,产品
USR_000363,USR_000363,USR_000363,,,,2026-02-16,2026-02-16,2026-02-16,职位发布,非权益,13.2,新一线城市,KA,500-999人,产品
USR_000363,USR_000363,,,,,2026-01-30,2026-01-30,2026-01-30,急聘推广,权益,38.5,新一线城市,KA,500-999人,产品
USR_000363,USR_000363,,USR_000363,,,2026-01-12,2026-01-12,2026-01-12,简历搜索,非权益,16.7,新一线城市,KA,500-999人,产品
USR_000363,USR_000363,USR_000363,,,,2026-02-23,2026-02-23,2026-02-23,职位发布,非权益,32.1,新一线城市,KA,500-999人,产品
USR_000364,USR_000364,,,,USR_000364,2026-01-08,2026-01-08,2026-01-08,简历查看,非权益,35.3,一线城市,KA,1-49人,行政
USR_000364,,,,,,2026-02-19,2026-02-19,2026-02-19,权益礼包,权益,35.5,一线城市,KA,1-49人,行政
USR_000364,USR_000364,,,,,2026-01-03,2026-01-03,2026-01-03,企业认证,非权益,47.2,一线城市,KA,1-49人,行政
USR_000364,USR_000364,USR_000364,,,,2026-02-05,2026-02-05,2026-02-05,职位发布,非权益,14.0,一线城市,KA,1-49人,行政
USR_000364,,,,,,2026-01-19,2026-01-19,2026-01-19,置顶刷新,权益,39.7,一线城市,KA,1-49人,行政
USR_000364,,,,,,2026-02-13,2026-02-13,2026-02-13,置顶刷新,权益,16.0,一线城市,KA,1-49人,行政
USR_000364,USR_000364,,,USR_000364,,2026-01-02,2026-01-02,2026-01-02,在线沟通,非权益,8.0,一线城市,KA,1-49人,行政
USR_000364,USR_000364,,,,,2026-01-07,2026-01-07,2026-01-07,权益礼包,权益,21.3,一线城市,KA,1-49人,行政
USR_000364,USR_000364,,,,,2026-02-09,2026-02-09,2026-02-09,急聘推广,权益,5.9,一线城市,KA,1-49人,行政
USR_000364,,,,,USR_000364,2026-01-23,2026-01-23,2026-01-23,简历查看,非权益,25.0,一线城市,KA,1-49人,行政
USR_000364,USR_000364,USR_000364,,,,2026-01-22,2026-01-22,2026-01-22,职位发布,非权益,5.4,一线城市,KA,1-49人,行政
USR_000364,USR_000364,,,,,2026-02-27,2026-02-27,2026-02-27,企业认证,非权益,11.6,一线城市,KA,1-49人,行政
USR_000364,USR_000364,,,USR_000364,,2026-01-15,2026-01-15,2026-01-15,在线沟通,非权益,12.7,一线城市,KA,1-49人,行政
USR_000364,,,,,USR_000364,2026-02-12,2026-02-12,2026-02-12,简历查看,非权益,45.9,一线城市,KA,1-49人,行政
USR_000364,,,,,,2026-01-07,2026-01-07,2026-01-07,置顶刷新,权益,18.5,一线城市,KA,1-49人,行政
USR_000365,USR_000365,,,,,2026-01-28,2026-01-28,2026-01-28,急聘推广,权益,18.0,新一线城市,SME,2000-5000人,销售
USR_000365,USR_000365,USR_000365,,,,2026-01-23,2026-01-23,2026-01-23,职位发布,非权益,15.9,新一线城市,SME,2000-5000人,销售
USR_000365,USR_000365,,,,,2026-01-23,2026-01-23,2026-01-23,企业认证,非权益,42.9,新一线城市,SME,2000-5000人,销售
USR_000365,USR_000365,,,USR_000365,,2026-01-13,2026-01-13,2026-01-13,在线沟通,非权益,20.4,新一线城市,SME,2000-5000人,销售
USR_000365,USR_000365,,,,,2026-01-19,2026-01-19,2026-01-19,企业认证,非权益,33.5,新一线城市,SME,2000-5000人,销售
USR_000365,,,,USR_000365,,2026-01-18,2026-01-18,2026-01-18,在线沟通,非权益,14.1,新一线城市,SME,2000-5000人,销售
USR_000366,USR_000366,,,,USR_000366,2026-02-02,2026-02-02,2026-02-02,简历查看,非权益,14.1,新一线城市,SME,2000-5000人,财务
USR_000366,USR_000366,USR_000366,,,,2026-01-10,2026-01-10,2026-01-10,职位发布,非权益,24.2,新一线城市,SME,2000-5000人,财务
USR_000366,,,,USR_000366,,2026-01-14,2026-01-14,2026-01-14,在线沟通,非权益,24.4,新一线城市,SME,2000-5000人,财务
USR_000366,USR_000366,,USR_000366,,,2026-01-19,2026-01-19,2026-01-19,简历搜索,非权益,7.5,新一线城市,SME,2000-5000人,财务
USR_000366,,USR_000366,,,,2026-01-02,2026-01-02,2026-01-02,职位发布,非权益,9.1,新一线城市,SME,2000-5000人,财务
USR_000367,USR_000367,,,,,2026-02-19,2026-02-19,2026-02-19,企业认证,非权益,32.6,新一线城市,KA,10000人以上,客服
USR_000367,USR_000367,,,,,2026-02-14,2026-02-14,2026-02-14,置顶刷新,权益,19.5,新一线城市,KA,10000人以上,客服
USR_000367,,,,,,2026-02-24,2026-02-24,2026-02-24,权益礼包,权益,10.7,新一线城市,KA,10000人以上,客服
USR_000367,,USR_000367,,,,2026-01-29,2026-01-29,2026-01-29,职位发布,非权益,11.6,新一线城市,KA,10000人以上,客服
USR_000367,,,,USR_000367,,2026-01-27,2026-01-27,2026-01-27,在线沟通,非权益,175.9,新一线城市,KA,10000人以上,客服
USR_000367,USR_000367,,,USR_000367,,2026-02-26,2026-02-26,2026-02-26,在线沟通,非权益,38.3,新一线城市,KA,10000人以上,客服
USR_000367,,,USR_000367,,,2026-02-04,2026-02-04,2026-02-04,简历搜索,非权益,16.2,新一线城市,KA,10000人以上,客服
USR_000367,USR_000367,,,,USR_000367,2026-01-13,2026-01-13,2026-01-13,简历查看,非权益,42.6,新一线城市,KA,10000人以上,客服
USR_000367,USR_000367,,,,USR_000367,2026-02-07,2026-02-07,2026-02-07,简历查看,非权益,15.1,新一线城市,KA,10000人以上,客服
USR_000367,,USR_000367,,,,2026-02-23,2026-02-23,2026-02-23,职位发布,非权益,25.4,新一线城市,KA,10000人以上,客服
USR_000367,USR_000367,,,,,2026-01-31,2026-01-31,2026-01-31,急聘推广,权益,20.0,新一线城市,KA,10000人以上,客服
USR_000367,,,,,,2026-01-19,2026-01-19,2026-01-19,急聘推广,权益,30.1,新一线城市,KA,10000人以上,客服
USR_000367,USR_000367,,,,,2026-01-28,2026-01-28,2026-01-28,企业认证,非权益,46.0,新一线城市,KA,10000人以上,客服
USR_000367,,,USR_000367,,,2026-02-18,2026-02-18,2026-02-18,简历搜索,非权益,34.8,新一线城市,KA,10000人以上,客服
USR_000367,USR_000367,,USR_000367,,,2026-01-06,2026-01-06,2026-01-06,简历搜索,非权益,7.8,新一线城市,KA,10000人以上,客服
USR_000367,USR_000367,,,USR_000367,,2026-01-01,2026-01-01,2026-01-01,在线沟通,非权益,31.8,新一线城市,KA,10000人以上,客服
USR_000367,,,,,,2026-02-12,2026-02-12,2026-02-12,置顶刷新,权益,10.2,新一线城市,KA,10000人以上,客服
USR_000367,,,,,,2026-02-24,2026-02-24,2026-02-24,权益礼包,权益,10.1,新一线城市,KA,10000人以上,客服
USR_000367,USR_000367,,,,,2026-02-25,2026-02-25,2026-02-25,急聘推广,权益,7.1,新一线城市,KA,10000人以上,客服
USR_000368,USR_000368,,,,,2026-01-30,2026-01-30,2026-01-30,置顶刷新,权益,22.5,新一线城市,SME,500-999人,市场
USR_000368,,,,,,2026-02-28,2026-02-28,2026-02-28,置顶刷新,权益,14.0,新一线城市,SME,500-999人,市场
USR_000368,USR_000368,USR_000368,,,,2026-02-23,2026-02-23,2026-02-23,职位发布,非权益,18.5,新一线城市,SME,500-999人,市场
USR_000368,,,,,,2026-01-24,2026-01-24,2026-01-24,权益礼包,权益,11.5,新一线城市,SME,500-999人,市场
USR_000368,,,,,,2026-01-02,2026-01-02,2026-01-02,急聘推广,权益,5.1,新一线城市,SME,500-999人,市场
USR_000368,USR_000368,,,,,2026-01-19,2026-01-19,2026-01-19,企业认证,非权益,8.2,新一线城市,SME,500-999人,市场
USR_000368,USR_000368,,,,,2026-02-01,2026-02-01,2026-02-01,急聘推广,权益,21.4,新一线城市,SME,500-999人,市场
USR_000368,USR_000368,,,USR_000368,,2026-02-25,2026-02-25,2026-02-25,在线沟通,非权益,22.2,新一线城市,SME,500-999人,市场
USR_000369,USR_000369,,,,,2026-01-06,2026-01-06,2026-01-06,企业认证,非权益,20.9,一线城市,SME,50-99人,市场
USR_000369,USR_000369,,,,,2026-01-24,2026-01-24,2026-01-24,企业认证,非权益,19.3,一线城市,SME,50-99人,市场
USR_000369,USR_000369,,,,,2026-02-10,2026-02-10,2026-02-10,企业认证,非权益,26.5,一线城市,SME,50-99人,市场
USR_000369,,,,,,2026-02-02,2026-02-02,2026-02-02,企业认证,非权益,16.0,一线城市,SME,50-99人,市场
USR_000369,USR_000369,,USR_000369,,,2026-01-03,2026-01-03,2026-01-03,简历搜索,非权益,58.9,一线城市,SME,50-99人,市场
USR_000369,USR_000369,,,,,2026-02-20,2026-02-20,2026-02-20,急聘推广,权益,55.0,一线城市,SME,50-99人,市场
USR_000370,USR_000370,,,,USR_000370,2026-02-25,2026-02-25,2026-02-25,简历查看,非权益,5.6,一线城市,KA,500-999人,行政
USR_000370,USR_000370,USR_000370,,,,2026-02-03,2026-02-03,2026-02-03,职位发布,非权益,53.2,一线城市,KA,500-999人,行政
USR_000370,,,,USR_000370,,2026-01-10,2026-01-10,2026-01-10,在线沟通,非权益,9.8,一线城市,KA,500-999人,行政
USR_000370,USR_000370,,,,,2026-02-26,2026-02-26,2026-02-26,置顶刷新,权益,40.0,一线城市,KA,500-999人,行政
USR_000370,,,,,,2026-02-16,2026-02-16,2026-02-16,置顶刷新,权益,20.4,一线城市,KA,500-999人,行政
USR_000370,USR_000370,,,,,2026-02-09,2026-02-09,2026-02-09,急聘推广,权益,8.7,一线城市,KA,500-999人,行政
USR_000370,USR_000370,,,,,2026-01-08,2026-01-08,2026-01-08,急聘推广,权益,16.6,一线城市,KA,500-999人,行政
USR_000370,USR_000370,,USR_000370,,,2026-01-15,2026-01-15,2026-01-15,简历搜索,非权益,5.7,一线城市,KA,500-999人,行政
USR_000370,,,,,,2026-01-31,2026-01-31,2026-01-31,企业认证,非权益,12.7,一线城市,KA,500-999人,行政
USR_000370,USR_000370,,,,,2026-01-10,2026-01-10,2026-01-10,急聘推广,权益,27.0,一线城市,KA,500-999人,行政
USR_000370,USR_000370,,,,,2026-01-14,2026-01-14,2026-01-14,置顶刷新,权益,7.8,一线城市,KA,500-999人,行政
USR_000370,USR_000370,USR_000370,,,,2026-01-20,2026-01-20,2026-01-20,职位发布,非权益,9.5,一线城市,KA,500-999人,行政
USR_000370,USR_000370,USR_000370,,,,2026-02-26,2026-02-26,2026-02-26,职位发布,非权益,22.3,一线城市,KA,500-999人,行政
USR_000370,,,,,,2026-01-03,2026-01-03,2026-01-03,企业认证,非权益,8.0,一线城市,KA,500-999人,行政
USR_000370,USR_000370,,,,USR_000370,2026-01-25,2026-01-25,2026-01-25,简历查看,非权益,15.9,一线城市,KA,500-999人,行政
USR_000370,USR_000370,,,,,2026-01-16,2026-01-16,2026-01-16,急聘推广,权益,12.7,一线城市,KA,500-999人,行政
USR_000370,USR_000370,,USR_000370,,,2026-01-24,2026-01-24,2026-01-24,简历搜索,非权益,26.6,一线城市,KA,500-999人,行政
USR_000370,USR_000370,,,,,2026-01-07,2026-01-07,2026-01-07,急聘推广,权益,24.3,一线城市,KA,500-999人,行政
USR_000370,USR_000370,,,,,2026-01-05,2026-01-05,2026-01-05,权益礼包,权益,6.6,一线城市,KA,500-999人,行政
USR_000370,USR_000370,,USR_000370,,,2026-01-15,2026-01-15,2026-01-15,简历搜索,非权益,27.8,一线城市,KA,500-999人,行政
USR_000371,,,,,,2026-01-22,2026-01-22,2026-01-22,置顶刷新,权益,17.9,一线城市,KA,500-999人,产品
USR_000371,USR_000371,,,,,2026-02-17,2026-02-17,2026-02-17,企业认证,非权益,28.8,一线城市,KA,500-999人,产品
USR_000371,,,,USR_000371,,2026-01-15,2026-01-15,2026-01-15,在线沟通,非权益,12.1,一线城市,KA,500-999人,产品
USR_000371,USR_000371,,,USR_000371,,2026-02-25,2026-02-25,2026-02-25,在线沟通,非权益,10.3,一线城市,KA,500-999人,产品
USR_000371,USR_000371,,,,,2026-01-08,2026-01-08,2026-01-08,置顶刷新,权益,11.0,一线城市,KA,500-999人,产品
USR_000371,USR_000371,,USR_000371,,,2026-02-28,2026-02-28,2026-02-28,简历搜索,非权益,9.5,一线城市,KA,500-999人,产品
USR_000371,,,,,,2026-02-28,2026-02-28,2026-02-28,企业认证,非权益,26.4,一线城市,KA,500-999人,产品
USR_000371,USR_000371,USR_000371,,,,2026-02-06,2026-02-06,2026-02-06,职位发布,非权益,22.4,一线城市,KA,500-999人,产品
USR_000371,USR_000371,USR_000371,,,,2026-01-22,2026-01-22,2026-01-22,职位发布,非权益,26.6,一线城市,KA,500-999人,产品
USR_000371,USR_000371,,,,,2026-02-24,2026-02-24,2026-02-24,置顶刷新,权益,36.0,一线城市,KA,500-999人,产品
USR_000371,USR_000371,USR_000371,,,,2026-01-22,2026-01-22,2026-01-22,职位发布,非权益,7.2,一线城市,KA,500-999人,产品
USR_000371,USR_000371,,USR_000371,,,2026-02-14,2026-02-14,2026-02-14,简历搜索,非权益,27.6,一线城市,KA,500-999人,产品
USR_000371,USR_000371,USR_000371,,,,2026-02-02,2026-02-02,2026-02-02,职位发布,非权益,27.5,一线城市,KA,500-999人,产品
USR_000371,USR_000371,,,,,2026-02-02,2026-02-02,2026-02-02,企业认证,非权益,8.8,一线城市,KA,500-999人,产品
USR_000371,,,,,,2026-01-25,2026-01-25,2026-01-25,急聘推广,权益,33.3,一线城市,KA,500-999人,产品
USR_000371,USR_000371,,,,,2026-01-23,2026-01-23,2026-01-23,急聘推广,权益,10.7,一线城市,KA,500-999人,产品
USR_000371,USR_000371,,,,,2026-01-24,2026-01-24,2026-01-24,急聘推广,权益,10.4,一线城市,KA,500-999人,产品
USR_000371,,,,,,2026-02-05,2026-02-05,2026-02-05,权益礼包,权益,11.4,一线城市,KA,500-999人,产品
USR_000371,USR_000371,USR_000371,,,,2026-01-21,2026-01-21,2026-01-21,职位发布,非权益,34.2,一线城市,KA,500-999人,产品
USR_000371,,,,,,2026-01-31,2026-01-31,2026-01-31,置顶刷新,权益,17.3,一线城市,KA,500-999人,产品
USR_000371,,,,,,2026-02-16,2026-02-16,2026-02-16,权益礼包,权益,20.5,一线城市,KA,500-999人,产品
USR_000371,USR_000371,,,,,2026-01-13,2026-01-13,2026-01-13,权益礼包,权益,13.2,一线城市,KA,500-999人,产品
USR_000371,USR_000371,,,,,2026-02-10,2026-02-10,2026-02-10,置顶刷新,权益,28.0,一线城市,KA,500-999人,产品
USR_000371,USR_000371,,USR_000371,,,2026-01-01,2026-01-01,2026-01-01,简历搜索,非权益,15.6,一线城市,KA,500-999人,产品
USR_000372,USR_000372,,,,,2026-01-31,2026-01-31,2026-01-31,企业认证,非权益,11.2,一线城市,SME,5000-10000人,销售
USR_000372,USR_000372,,,,,2026-01-09,2026-01-09,2026-01-09,权益礼包,权益,5.4,一线城市,SME,5000-10000人,销售
USR_000372,USR_000372,,,USR_000372,,2026-02-10,2026-02-10,2026-02-10,在线沟通,非权益,81.0,一线城市,SME,5000-10000人,销售
USR_000372,USR_000372,,,,,2026-02-09,2026-02-09,2026-02-09,急聘推广,权益,19.9,一线城市,SME,5000-10000人,销售
USR_000372,,,,,,2026-02-13,2026-02-13,2026-02-13,急聘推广,权益,51.7,一线城市,SME,5000-10000人,销售
USR_000372,USR_000372,,USR_000372,,,2026-02-01,2026-02-01,2026-02-01,简历搜索,非权益,12.1,一线城市,SME,5000-10000人,销售
USR_000372,USR_000372,,,,,2026-01-14,2026-01-14,2026-01-14,急聘推广,权益,18.8,一线城市,SME,5000-10000人,销售
USR_000372,,,USR_000372,,,2026-01-12,2026-01-12,2026-01-12,简历搜索,非权益,8.3,一线城市,SME,5000-10000人,销售
USR_000372,USR_000372,,USR_000372,,,2026-01-08,2026-01-08,2026-01-08,简历搜索,非权益,9.6,一线城市,SME,5000-10000人,销售
USR_000372,USR_000372,USR_000372,,,,2026-01-19,2026-01-19,2026-01-19,职位发布,非权益,11.8,一线城市,SME,5000-10000人,销售
USR_000372,,,,USR_000372,,2026-02-21,2026-02-21,2026-02-21,在线沟通,非权益,9.1,一线城市,SME,5000-10000人,销售
USR_000372,USR_000372,,,,,2026-02-03,2026-02-03,2026-02-03,权益礼包,权益,17.9,一线城市,SME,5000-10000人,销售
USR_000372,USR_000372,,,,,2026-02-06,2026-02-06,2026-02-06,权益礼包,权益,17.5,一线城市,SME,5000-10000人,销售
USR_000372,USR_000372,,,,,2026-02-16,2026-02-16,2026-02-16,急聘推广,权益,10.8,一线城市,SME,5000-10000人,销售
USR_000373,USR_000373,,,,,2026-01-09,2026-01-09,2026-01-09,企业认证,非权益,77.1,新一线城市,SME,2000-5000人,市场
USR_000373,USR_000373,,USR_000373,,,2026-02-05,2026-02-05,2026-02-05,简历搜索,非权益,17.1,新一线城市,SME,2000-5000人,市场
USR_000373,USR_000373,,,,,2026-02-01,2026-02-01,2026-02-01,权益礼包,权益,22.7,新一线城市,SME,2000-5000人,市场
USR_000373,USR_000373,,,,,2026-01-01,2026-01-01,2026-01-01,置顶刷新,权益,61.6,新一线城市,SME,2000-5000人,市场
USR_000373,USR_000373,,,,,2026-01-20,2026-01-20,2026-01-20,置顶刷新,权益,12.5,新一线城市,SME,2000-5000人,市场
USR_000373,USR_000373,,,,,2026-02-07,2026-02-07,2026-02-07,置顶刷新,权益,5.5,新一线城市,SME,2000-5000人,市场
USR_000373,USR_000373,,,,,2026-01-07,2026-01-07,2026-01-07,置顶刷新,权益,22.4,新一线城市,SME,2000-5000人,市场
USR_000373,USR_000373,,,,,2026-01-24,2026-01-24,2026-01-24,急聘推广,权益,11.2,新一线城市,SME,2000-5000人,市场
USR_000373,USR_000373,,,,,2026-02-07,2026-02-07,2026-02-07,企业认证,非权益,11.3,新一线城市,SME,2000-5000人,市场
USR_000373,,,,,,2026-02-01,2026-02-01,2026-02-01,权益礼包,权益,5.8,新一线城市,SME,2000-5000人,市场
USR_000373,USR_000373,USR_000373,,,,2026-01-27,2026-01-27,2026-01-27,职位发布,非权益,11.1,新一线城市,SME,2000-5000人,市场
USR_000373,USR_000373,,,,USR_000373,2026-02-11,2026-02-11,2026-02-11,简历查看,非权益,7.6,新一线城市,SME,2000-5000人,市场
USR_000373,,,,,,2026-01-01,2026-01-01,2026-01-01,权益礼包,权益,13.6,新一线城市,SME,2000-5000人,市场
USR_000373,,USR_000373,,,,2026-02-10,2026-02-10,2026-02-10,职位发布,非权益,29.4,新一线城市,SME,2000-5000人,市场
USR_000373,USR_000373,,,USR_000373,,2026-01-16,2026-01-16,2026-01-16,在线沟通,非权益,7.1,新一线城市,SME,2000-5000人,市场
USR_000373,USR_000373,,,,,2026-02-01,2026-02-01,2026-02-01,急聘推广,权益,7.6,新一线城市,SME,2000-5000人,市场
USR_000373,,,,,,2026-02-07,2026-02-07,2026-02-07,急聘推广,权益,50.7,新一线城市,SME,2000-5000人,市场
USR_000373,USR_000373,,,,,2026-02-08,2026-02-08,2026-02-08,权益礼包,权益,7.7,新一线城市,SME,2000-5000人,市场
USR_000373,USR_000373,,,USR_000373,,2026-02-02,2026-02-02,2026-02-02,在线沟通,非权益,57.5,新一线城市,SME,2000-5000人,市场
USR_000373,USR_000373,,USR_000373,,,2026-02-23,2026-02-23,2026-02-23,简历搜索,非权益,6.5,新一线城市,SME,2000-5000人,市场
USR_000373,,,,,USR_000373,2026-01-28,2026-01-28,2026-01-28,简历查看,非权益,27.7,新一线城市,SME,2000-5000人,市场
USR_000373,USR_000373,,USR_000373,,,2026-02-11,2026-02-11,2026-02-11,简历搜索,非权益,9.5,新一线城市,SME,2000-5000人,市场
USR_000373,,,,,USR_000373,2026-02-06,2026-02-06,2026-02-06,简历查看,非权益,10.5,新一线城市,SME,2000-5000人,市场
USR_000373,USR_000373,,USR_000373,,,2026-01-27,2026-01-27,2026-01-27,简历搜索,非权益,9.9,新一线城市,SME,2000-5000人,市场
USR_000374,,,,,USR_000374,2026-01-23,2026-01-23,2026-01-23,简历查看,非权益,11.2,三线城市,SME,2000-5000人,客服
USR_000374,USR_000374,,,,,2026-02-21,2026-02-21,2026-02-21,权益礼包,权益,22.2,三线城市,SME,2000-5000人,客服
USR_000374,USR_000374,USR_000374,,,,2026-02-07,2026-02-07,2026-02-07,职位发布,非权益,9.9,三线城市,SME,2000-5000人,客服
USR_000374,,,,,,2026-02-18,2026-02-18,2026-02-18,权益礼包,权益,20.1,三线城市,SME,2000-5000人,客服
USR_000374,USR_000374,,,,,2026-01-07,2026-01-07,2026-01-07,急聘推广,权益,29.5,三线城市,SME,2000-5000人,客服
USR_000374,USR_000374,,,,,2026-01-16,2026-01-16,2026-01-16,急聘推广,权益,14.0,三线城市,SME,2000-5000人,客服
USR_000374,USR_000374,,USR_000374,,,2026-01-30,2026-01-30,2026-01-30,简历搜索,非权益,55.0,三线城市,SME,2000-5000人,客服
USR_000374,USR_000374,,,,,2026-01-23,2026-01-23,2026-01-23,企业认证,非权益,27.7,三线城市,SME,2000-5000人,客服
USR_000374,,,,,,2026-01-07,2026-01-07,2026-01-07,权益礼包,权益,5.1,三线城市,SME,2000-5000人,客服
USR_000374,USR_000374,,,,,2026-01-04,2026-01-04,2026-01-04,置顶刷新,权益,5.5,三线城市,SME,2000-5000人,客服
USR_000374,USR_000374,,,,,2026-01-31,2026-01-31,2026-01-31,企业认证,非权益,16.5,三线城市,SME,2000-5000人,客服
USR_000374,USR_000374,,,,,2026-02-12,2026-02-12,2026-02-12,置顶刷新,权益,13.6,三线城市,SME,2000-5000人,客服
USR_000374,USR_000374,USR_000374,,,,2026-01-19,2026-01-19,2026-01-19,职位发布,非权益,13.9,三线城市,SME,2000-5000人,客服
USR_000374,USR_000374,,,,,2026-02-23,2026-02-23,2026-02-23,权益礼包,权益,19.2,三线城市,SME,2000-5000人,客服
USR_000374,,,,,,2026-02-10,2026-02-10,2026-02-10,权益礼包,权益,95.3,三线城市,SME,2000-5000人,客服
USR_000374,USR_000374,,,,,2026-02-07,2026-02-07,2026-02-07,置顶刷新,权益,26.5,三线城市,SME,2000-5000人,客服
USR_000375,,,,,,2026-02-24,2026-02-24,2026-02-24,急聘推广,权益,10.3,五线城市,SME,50-99人,研发
USR_000375,USR_000375,,,,,2026-01-24,2026-01-24,2026-01-24,权益礼包,权益,9.2,五线城市,SME,50-99人,研发
USR_000375,USR_000375,,,,,2026-02-17,2026-02-17,2026-02-17,置顶刷新,权益,30.0,五线城市,SME,50-99人,研发
USR_000375,USR_000375,USR_000375,,,,2026-02-03,2026-02-03,2026-02-03,职位发布,非权益,34.9,五线城市,SME,50-99人,研发
USR_000375,USR_000375,,,,,2026-02-19,2026-02-19,2026-02-19,急聘推广,权益,7.1,五线城市,SME,50-99人,研发
USR_000375,USR_000375,USR_000375,,,,2026-01-29,2026-01-29,2026-01-29,职位发布,非权益,40.8,五线城市,SME,50-99人,研发
USR_000375,USR_000375,USR_000375,,,,2026-02-08,2026-02-08,2026-02-08,职位发布,非权益,51.0,五线城市,SME,50-99人,研发
USR_000375,USR_000375,,,USR_000375,,2026-01-11,2026-01-11,2026-01-11,在线沟通,非权益,31.0,五线城市,SME,50-99人,研发
USR_000376,,USR_000376,,,,2026-02-09,2026-02-09,2026-02-09,职位发布,非权益,30.8,新一线城市,SME,10000人以上,研发
USR_000376,,,,,,2026-03-01,2026-03-01,2026-03-01,权益礼包,权益,15.3,新一线城市,SME,10000人以上,研发
USR_000376,USR_000376,,,,USR_000376,2026-01-28,2026-01-28,2026-01-28,简历查看,非权益,7.5,新一线城市,SME,10000人以上,研发
USR_000376,USR_000376,,USR_000376,,,2026-01-26,2026-01-26,2026-01-26,简历搜索,非权益,6.0,新一线城市,SME,10000人以上,研发
USR_000376,USR_000376,USR_000376,,,,2026-01-02,2026-01-02,2026-01-02,职位发布,非权益,9.1,新一线城市,SME,10000人以上,研发
USR_000376,USR_000376,,,,,2026-01-12,2026-01-12,2026-01-12,置顶刷新,权益,10.6,新一线城市,SME,10000人以上,研发
USR_000376,,,,USR_000376,,2026-01-12,2026-01-12,2026-01-12,在线沟通,非权益,42.5,新一线城市,SME,10000人以上,研发
USR_000376,USR_000376,,,,USR_000376,2026-02-06,2026-02-06,2026-02-06,简历查看,非权益,10.5,新一线城市,SME,10000人以上,研发
USR_000376,,,,,,2026-01-25,2026-01-25,2026-01-25,急聘推广,权益,6.3,新一线城市,SME,10000人以上,研发
USR_000376,USR_000376,USR_000376,,,,2026-01-12,2026-01-12,2026-01-12,职位发布,非权益,10.0,新一线城市,SME,10000人以上,研发
USR_000376,,USR_000376,,,,2026-01-05,2026-01-05,2026-01-05,职位发布,非权益,37.6,新一线城市,SME,10000人以上,研发
USR_000376,,,,,,2026-01-18,2026-01-18,2026-01-18,权益礼包,权益,23.7,新一线城市,SME,10000人以上,研发
USR_000376,USR_000376,,,,,2026-03-01,2026-03-01,2026-03-01,企业认证,非权益,21.3,新一线城市,SME,10000人以上,研发
USR_000376,USR_000376,,,,,2026-02-23,2026-02-23,2026-02-23,企业认证,非权益,43.1,新一线城市,SME,10000人以上,研发
USR_000377,,,,,USR_000377,2026-01-03,2026-01-03,2026-01-03,简历查看,非权益,23.7,一线城市,SME,100-499人,行政
USR_000377,USR_000377,,,,,2026-01-30,2026-01-30,2026-01-30,置顶刷新,权益,5.3,一线城市,SME,100-499人,行政
USR_000377,USR_000377,,,,,2026-02-22,2026-02-22,2026-02-22,权益礼包,权益,16.5,一线城市,SME,100-499人,行政
USR_000377,USR_000377,,,,,2026-01-10,2026-01-10,2026-01-10,企业认证,非权益,8.1,一线城市,SME,100-499人,行政
USR_000377,USR_000377,,,,USR_000377,2026-02-11,2026-02-11,2026-02-11,简历查看,非权益,12.4,一线城市,SME,100-499人,行政
USR_000377,,,,,,2026-02-05,2026-02-05,2026-02-05,企业认证,非权益,43.8,一线城市,SME,100-499人,行政
USR_000377,USR_000377,,,,USR_000377,2026-02-14,2026-02-14,2026-02-14,简历查看,非权益,11.3,一线城市,SME,100-499人,行政
USR_000377,,,,,,2026-03-01,2026-03-01,2026-03-01,企业认证,非权益,5.3,一线城市,SME,100-499人,行政
USR_000377,USR_000377,,,USR_000377,,2026-02-21,2026-02-21,2026-02-21,在线沟通,非权益,18.5,一线城市,SME,100-499人,行政
USR_000377,USR_000377,,,,USR_000377,2026-02-10,2026-02-10,2026-02-10,简历查看,非权益,48.1,一线城市,SME,100-499人,行政
USR_000377,,,USR_000377,,,2026-02-24,2026-02-24,2026-02-24,简历搜索,非权益,52.9,一线城市,SME,100-499人,行政
USR_000377,USR_000377,,,,,2026-01-13,2026-01-13,2026-01-13,企业认证,非权益,9.1,一线城市,SME,100-499人,行政
USR_000377,USR_000377,,,,,2026-02-12,2026-02-12,2026-02-12,置顶刷新,权益,23.4,一线城市,SME,100-499人,行政
USR_000377,USR_000377,,,,,2026-02-02,2026-02-02,2026-02-02,企业认证,非权益,15.8,一线城市,SME,100-499人,行政
USR_000377,,USR_000377,,,,2026-01-21,2026-01-21,2026-01-21,职位发布,非权益,65.1,一线城市,SME,100-499人,行政
USR_000377,USR_000377,,,,,2026-02-01,2026-02-01,2026-02-01,企业认证,非权益,32.7,一线城市,SME,100-499人,行政
USR_000377,USR_000377,USR_000377,,,,2026-02-26,2026-02-26,2026-02-26,职位发布,非权益,44.3,一线城市,SME,100-499人,行政
USR_000377,USR_000377,USR_000377,,,,2026-01-18,2026-01-18,2026-01-18,职位发布,非权益,20.0,一线城市,SME,100-499人,行政
USR_000377,USR_000377,,USR_000377,,,2026-01-12,2026-01-12,2026-01-12,简历搜索,非权益,15.4,一线城市,SME,100-499人,行政
USR_000378,USR_000378,,,,,2026-01-25,2026-01-25,2026-01-25,企业认证,非权益,21.6,四线城市,KA,5000-10000人,研发
USR_000378,USR_000378,,,,,2026-02-13,2026-02-13,2026-02-13,企业认证,非权益,14.8,四线城市,KA,5000-10000人,研发
USR_000378,USR_000378,USR_000378,,,,2026-01-11,2026-01-11,2026-01-11,职位发布,非权益,84.3,四线城市,KA,5000-10000人,研发
USR_000378,USR_000378,,USR_000378,,,2026-01-26,2026-01-26,2026-01-26,简历搜索,非权益,5.9,四线城市,KA,5000-10000人,研发
USR_000378,,,,,,2026-01-08,2026-01-08,2026-01-08,权益礼包,权益,56.4,四线城市,KA,5000-10000人,研发
USR_000378,USR_000378,USR_000378,,,,2026-01-28,2026-01-28,2026-01-28,职位发布,非权益,20.4,四线城市,KA,5000-10000人,研发
USR_000378,USR_000378,,,,USR_000378,2026-03-01,2026-03-01,2026-03-01,简历查看,非权益,8.1,四线城市,KA,5000-10000人,研发
USR_000378,,,,,,2026-02-20,2026-02-20,2026-02-20,急聘推广,权益,15.7,四线城市,KA,5000-10000人,研发
USR_000378,USR_000378,,,,,2026-02-13,2026-02-13,2026-02-13,急聘推广,权益,25.7,四线城市,KA,5000-10000人,研发
USR_000378,,,,USR_000378,,2026-02-03,2026-02-03,2026-02-03,在线沟通,非权益,25.0,四线城市,KA,5000-10000人,研发
USR_000378,USR_000378,,,,,2026-02-11,2026-02-11,2026-02-11,企业认证,非权益,5.8,四线城市,KA,5000-10000人,研发
USR_000378,USR_000378,,,,,2026-01-27,2026-01-27,2026-01-27,权益礼包,权益,97.3,四线城市,KA,5000-10000人,研发
USR_000378,,,,USR_000378,,2026-02-02,2026-02-02,2026-02-02,在线沟通,非权益,6.0,四线城市,KA,5000-10000人,研发
USR_000378,,USR_000378,,,,2026-02-15,2026-02-15,2026-02-15,职位发布,非权益,32.1,四线城市,KA,5000-10000人,研发
USR_000378,USR_000378,,,,,2026-01-02,2026-01-02,2026-01-02,置顶刷新,权益,71.7,四线城市,KA,5000-10000人,研发
USR_000378,USR_000378,USR_000378,,,,2026-02-16,2026-02-16,2026-02-16,职位发布,非权益,54.6,四线城市,KA,5000-10000人,研发
USR_000378,USR_000378,,,USR_000378,,2026-02-04,2026-02-04,2026-02-04,在线沟通,非权益,12.4,四线城市,KA,5000-10000人,研发
USR_000378,USR_000378,,,,,2026-03-01,2026-03-01,2026-03-01,权益礼包,权益,17.4,四线城市,KA,5000-10000人,研发
USR_000378,USR_000378,,,,,2026-01-08,2026-01-08,2026-01-08,企业认证,非权益,23.7,四线城市,KA,5000-10000人,研发
USR_000379,USR_000379,,,,,2026-01-21,2026-01-21,2026-01-21,权益礼包,权益,20.4,三线城市,SME,1-49人,财务
USR_000379,USR_000379,USR_000379,,,,2026-01-24,2026-01-24,2026-01-24,职位发布,非权益,57.3,三线城市,SME,1-49人,财务
USR_000379,,,USR_000379,,,2026-01-26,2026-01-26,2026-01-26,简历搜索,非权益,6.6,三线城市,SME,1-49人,财务
USR_000379,USR_000379,,USR_000379,,,2026-01-28,2026-01-28,2026-01-28,简历搜索,非权益,5.7,三线城市,SME,1-49人,财务
USR_000380,USR_000380,,,,USR_000380,2026-03-01,2026-03-01,2026-03-01,简历查看,非权益,53.4,五线城市,SME,2000-5000人,销售
USR_000380,,,USR_000380,,,2026-01-28,2026-01-28,2026-01-28,简历搜索,非权益,17.5,五线城市,SME,2000-5000人,销售
USR_000380,USR_000380,,,,,2026-02-26,2026-02-26,2026-02-26,置顶刷新,权益,9.0,五线城市,SME,2000-5000人,销售
USR_000380,USR_000380,,,,,2026-01-22,2026-01-22,2026-01-22,企业认证,非权益,13.9,五线城市,SME,2000-5000人,销售
USR_000380,USR_000380,USR_000380,,,,2026-02-20,2026-02-20,2026-02-20,职位发布,非权益,5.8,五线城市,SME,2000-5000人,销售
USR_000380,USR_000380,,,,USR_000380,2026-02-28,2026-02-28,2026-02-28,简历查看,非权益,6.8,五线城市,SME,2000-5000人,销售
USR_000380,USR_000380,,,,,2026-01-18,2026-01-18,2026-01-18,权益礼包,权益,105.5,五线城市,SME,2000-5000人,销售
USR_000380,USR_000380,USR_000380,,,,2026-02-06,2026-02-06,2026-02-06,职位发布,非权益,5.4,五线城市,SME,2000-5000人,销售
USR_000380,USR_000380,,,USR_000380,,2026-02-20,2026-02-20,2026-02-20,在线沟通,非权益,32.8,五线城市,SME,2000-5000人,销售
USR_000380,USR_000380,,,,USR_000380,2026-01-31,2026-01-31,2026-01-31,简历查看,非权益,8.7,五线城市,SME,2000-5000人,销售
USR_000380,,,,,,2026-02-04,2026-02-04,2026-02-04,急聘推广,权益,20.6,五线城市,SME,2000-5000人,销售
USR_000380,USR_000380,,,,,2026-02-06,2026-02-06,2026-02-06,企业认证,非权益,13.6,五线城市,SME,2000-5000人,销售
USR_000380,,,,,,2026-02-01,2026-02-01,2026-02-01,企业认证,非权益,22.8,五线城市,SME,2000-5000人,销售
USR_000380,USR_000380,,,,,2026-02-07,2026-02-07,2026-02-07,急聘推广,权益,9.3,五线城市,SME,2000-5000人,销售
USR_000380,USR_000380,,,USR_000380,,2026-01-11,2026-01-11,2026-01-11,在线沟通,非权益,23.1,五线城市,SME,2000-5000人,销售
USR_000380,,,,,,2026-02-16,2026-02-16,2026-02-16,企业认证,非权益,34.7,五线城市,SME,2000-5000人,销售
USR_000380,USR_000380,,,,,2026-02-07,2026-02-07,2026-02-07,权益礼包,权益,23.7,五线城市,SME,2000-5000人,销售
USR_000381,USR_000381,USR_000381,,,,2026-01-06,2026-01-06,2026-01-06,职位发布,非权益,8.9,新一线城市,SME,500-999人,运营
USR_000381,,,,,,2026-02-01,2026-02-01,2026-02-01,权益礼包,权益,10.4,新一线城市,SME,500-999人,运营
USR_000381,USR_000381,USR_000381,,,,2026-01-04,2026-01-04,2026-01-04,职位发布,非权益,48.0,新一线城市,SME,500-999人,运营
USR_000381,USR_000381,,,USR_000381,,2026-01-09,2026-01-09,2026-01-09,在线沟通,非权益,14.7,新一线城市,SME,500-999人,运营
USR_000381,USR_000381,,USR_000381,,,2026-01-20,2026-01-20,2026-01-20,简历搜索,非权益,8.2,新一线城市,SME,500-999人,运营
USR_000381,USR_000381,,,,,2026-02-04,2026-02-04,2026-02-04,权益礼包,权益,7.2,新一线城市,SME,500-999人,运营
USR_000381,USR_000381,,,,,2026-01-23,2026-01-23,2026-01-23,置顶刷新,权益,33.7,新一线城市,SME,500-999人,运营
USR_000381,,,,,,2026-01-28,2026-01-28,2026-01-28,置顶刷新,权益,11.8,新一线城市,SME,500-999人,运营
USR_000381,USR_000381,,,,,2026-01-30,2026-01-30,2026-01-30,企业认证,非权益,15.1,新一线城市,SME,500-999人,运营
USR_000381,USR_000381,,,USR_000381,,2026-02-26,2026-02-26,2026-02-26,在线沟通,非权益,21.2,新一线城市,SME,500-999人,运营
USR_000381,,,,,USR_000381,2026-01-26,2026-01-26,2026-01-26,简历查看,非权益,62.4,新一线城市,SME,500-999人,运营
USR_000381,,USR_000381,,,,2026-01-08,2026-01-08,2026-01-08,职位发布,非权益,9.8,新一线城市,SME,500-999人,运营
USR_000381,USR_000381,,,,,2026-02-12,2026-02-12,2026-02-12,置顶刷新,权益,27.1,新一线城市,SME,500-999人,运营
USR_000381,USR_000381,,,,,2026-01-09,2026-01-09,2026-01-09,急聘推广,权益,23.2,新一线城市,SME,500-999人,运营
USR_000381,,USR_000381,,,,2026-02-05,2026-02-05,2026-02-05,职位发布,非权益,23.7,新一线城市,SME,500-999人,运营
USR_000381,USR_000381,,,,,2026-01-04,2026-01-04,2026-01-04,急聘推广,权益,12.8,新一线城市,SME,500-999人,运营
USR_000381,USR_000381,,,,,2026-02-25,2026-02-25,2026-02-25,权益礼包,权益,5.2,新一线城市,SME,500-999人,运营
USR_000382,,,,,,2026-02-19,2026-02-19,2026-02-19,置顶刷新,权益,8.5,三线城市,SME,50-99人,销售
USR_000382,USR_000382,,USR_000382,,,2026-01-01,2026-01-01,2026-01-01,简历搜索,非权益,30.4,三线城市,SME,50-99人,销售
USR_000382,,,,,,2026-02-04,2026-02-04,2026-02-04,权益礼包,权益,18.0,三线城市,SME,50-99人,销售
USR_000382,USR_000382,,,,USR_000382,2026-01-30,2026-01-30,2026-01-30,简历查看,非权益,20.8,三线城市,SME,50-99人,销售
USR_000382,,,USR_000382,,,2026-02-23,2026-02-23,2026-02-23,简历搜索,非权益,36.4,三线城市,SME,50-99人,销售
USR_000382,USR_000382,,,,,2026-01-12,2026-01-12,2026-01-12,急聘推广,权益,29.9,三线城市,SME,50-99人,销售
USR_000382,USR_000382,,,USR_000382,,2026-01-02,2026-01-02,2026-01-02,在线沟通,非权益,42.0,三线城市,SME,50-99人,销售
USR_000382,USR_000382,,,,,2026-02-23,2026-02-23,2026-02-23,企业认证,非权益,5.1,三线城市,SME,50-99人,销售
USR_000382,USR_000382,,,,USR_000382,2026-01-08,2026-01-08,2026-01-08,简历查看,非权益,57.2,三线城市,SME,50-99人,销售
USR_000382,USR_000382,,,,,2026-01-26,2026-01-26,2026-01-26,权益礼包,权益,5.5,三线城市,SME,50-99人,销售
USR_000382,,,,USR_000382,,2026-02-22,2026-02-22,2026-02-22,在线沟通,非权益,9.9,三线城市,SME,50-99人,销售
USR_000382,USR_000382,,,,,2026-01-18,2026-01-18,2026-01-18,置顶刷新,权益,16.0,三线城市,SME,50-99人,销售
USR_000382,USR_000382,,,,,2026-02-28,2026-02-28,2026-02-28,权益礼包,权益,28.9,三线城市,SME,50-99人,销售
USR_000382,USR_000382,,,,USR_000382,2026-01-12,2026-01-12,2026-01-12,简历查看,非权益,12.9,三线城市,SME,50-99人,销售
USR_000382,USR_000382,,USR_000382,,,2026-01-27,2026-01-27,2026-01-27,简历搜索,非权益,7.6,三线城市,SME,50-99人,销售
USR_000383,,,,,USR_000383,2026-02-23,2026-02-23,2026-02-23,简历查看,非权益,11.0,四线城市,SME,1000-2000人,客服
USR_000383,USR_000383,,,,,2026-02-05,2026-02-05,2026-02-05,企业认证,非权益,13.8,四线城市,SME,1000-2000人,客服
USR_000383,USR_000383,,,,,2026-01-20,2026-01-20,2026-01-20,急聘推广,权益,12.4,四线城市,SME,1000-2000人,客服
USR_000383,,,,,,2026-01-11,2026-01-11,2026-01-11,企业认证,非权益,18.6,四线城市,SME,1000-2000人,客服
USR_000383,USR_000383,,,,,2026-01-18,2026-01-18,2026-01-18,权益礼包,权益,21.1,四线城市,SME,1000-2000人,客服
USR_000383,USR_000383,USR_000383,,,,2026-02-01,2026-02-01,2026-02-01,职位发布,非权益,11.3,四线城市,SME,1000-2000人,客服
USR_000383,USR_000383,,USR_000383,,,2026-01-11,2026-01-11,2026-01-11,简历搜索,非权益,17.7,四线城市,SME,1000-2000人,客服
USR_000383,,,,,,2026-01-01,2026-01-01,2026-01-01,急聘推广,权益,31.1,四线城市,SME,1000-2000人,客服
USR_000383,,,,,,2026-02-10,2026-02-10,2026-02-10,企业认证,非权益,58.8,四线城市,SME,1000-2000人,客服
USR_000383,USR_000383,USR_000383,,,,2026-02-18,2026-02-18,2026-02-18,职位发布,非权益,6.5,四线城市,SME,1000-2000人,客服
USR_000383,USR_000383,,,,USR_000383,2026-01-09,2026-01-09,2026-01-09,简历查看,非权益,6.2,四线城市,SME,1000-2000人,客服
USR_000383,,,,,,2026-02-12,2026-02-12,2026-02-12,权益礼包,权益,14.4,四线城市,SME,1000-2000人,客服
USR_000383,,,,,,2026-01-15,2026-01-15,2026-01-15,权益礼包,权益,15.9,四线城市,SME,1000-2000人,客服
USR_000383,USR_000383,,,,,2026-01-24,2026-01-24,2026-01-24,权益礼包,权益,55.4,四线城市,SME,1000-2000人,客服
USR_000383,,,,,,2026-02-08,2026-02-08,2026-02-08,急聘推广,权益,9.5,四线城市,SME,1000-2000人,客服
USR_000383,USR_000383,,,,,2026-02-21,2026-02-21,2026-02-21,权益礼包,权益,17.5,四线城市,SME,1000-2000人,客服
USR_000383,USR_000383,,USR_000383,,,2026-01-25,2026-01-25,2026-01-25,简历搜索,非权益,7.5,四线城市,SME,1000-2000人,客服
USR_000383,USR_000383,,,,,2026-03-01,2026-03-01,2026-03-01,置顶刷新,权益,8.2,四线城市,SME,1000-2000人,客服
USR_000383,,,,USR_000383,,2026-02-01,2026-02-01,2026-02-01,在线沟通,非权益,13.7,四线城市,SME,1000-2000人,客服
USR_000383,USR_000383,,,,,2026-01-15,2026-01-15,2026-01-15,置顶刷新,权益,27.8,四线城市,SME,1000-2000人,客服
USR_000383,,,,USR_000383,,2026-01-10,2026-01-10,2026-01-10,在线沟通,非权益,23.6,四线城市,SME,1000-2000人,客服
USR_000383,USR_000383,,USR_000383,,,2026-02-21,2026-02-21,2026-02-21,简历搜索,非权益,7.9,四线城市,SME,1000-2000人,客服
USR_000384,,,,,USR_000384,2026-01-14,2026-01-14,2026-01-14,简历查看,非权益,42.4,二线城市,SME,500-999人,行政
USR_000384,USR_000384,,,,,2026-01-12,2026-01-12,2026-01-12,企业认证,非权益,35.5,二线城市,SME,500-999人,行政
USR_000384,USR_000384,,,,,2026-01-28,2026-01-28,2026-01-28,急聘推广,权益,6.6,二线城市,SME,500-999人,行政
USR_000384,USR_000384,,USR_000384,,,2026-01-24,2026-01-24,2026-01-24,简历搜索,非权益,5.3,二线城市,SME,500-999人,行政
USR_000384,USR_000384,,,,,2026-01-03,2026-01-03,2026-01-03,置顶刷新,权益,45.0,二线城市,SME,500-999人,行政
USR_000385,USR_000385,,,,,2026-01-11,2026-01-11,2026-01-11,急聘推广,权益,5.0,新一线城市,SME,500-999人,运营
USR_000385,,,USR_000385,,,2026-02-17,2026-02-17,2026-02-17,简历搜索,非权益,7.9,新一线城市,SME,500-999人,运营
USR_000385,USR_000385,,,USR_000385,,2026-01-12,2026-01-12,2026-01-12,在线沟通,非权益,6.4,新一线城市,SME,500-999人,运营
USR_000385,,,,,,2026-02-08,2026-02-08,2026-02-08,企业认证,非权益,11.7,新一线城市,SME,500-999人,运营
USR_000385,,USR_000385,,,,2026-01-17,2026-01-17,2026-01-17,职位发布,非权益,23.9,新一线城市,SME,500-999人,运营
USR_000385,USR_000385,,,,,2026-02-26,2026-02-26,2026-02-26,权益礼包,权益,17.2,新一线城市,SME,500-999人,运营
USR_000385,USR_000385,,,,,2026-01-18,2026-01-18,2026-01-18,企业认证,非权益,34.0,新一线城市,SME,500-999人,运营
USR_000385,USR_000385,,,,,2026-02-15,2026-02-15,2026-02-15,权益礼包,权益,47.5,新一线城市,SME,500-999人,运营
USR_000385,,,,,,2026-01-20,2026-01-20,2026-01-20,置顶刷新,权益,20.3,新一线城市,SME,500-999人,运营
USR_000385,USR_000385,,USR_000385,,,2026-02-08,2026-02-08,2026-02-08,简历搜索,非权益,20.4,新一线城市,SME,500-999人,运营
USR_000385,USR_000385,,,,USR_000385,2026-01-18,2026-01-18,2026-01-18,简历查看,非权益,16.1,新一线城市,SME,500-999人,运营
USR_000385,USR_000385,,,,,2026-02-07,2026-02-07,2026-02-07,置顶刷新,权益,20.7,新一线城市,SME,500-999人,运营
USR_000385,USR_000385,,,,,2026-01-22,2026-01-22,2026-01-22,企业认证,非权益,7.4,新一线城市,SME,500-999人,运营
USR_000385,USR_000385,,,,,2026-01-21,2026-01-21,2026-01-21,企业认证,非权益,10.8,新一线城市,SME,500-999人,运营
USR_000385,,,,,USR_000385,2026-01-12,2026-01-12,2026-01-12,简历查看,非权益,18.3,新一线城市,SME,500-999人,运营
USR_000386,USR_000386,,USR_000386,,,2026-01-31,2026-01-31,2026-01-31,简历搜索,非权益,23.1,五线城市,SME,10000人以上,运营
USR_000386,,,,USR_000386,,2026-02-23,2026-02-23,2026-02-23,在线沟通,非权益,20.5,五线城市,SME,10000人以上,运营
USR_000386,,,,,,2026-02-13,2026-02-13,2026-02-13,急聘推广,权益,16.5,五线城市,SME,10000人以上,运营
USR_000386,USR_000386,,,,,2026-02-08,2026-02-08,2026-02-08,置顶刷新,权益,14.9,五线城市,SME,10000人以上,运营
USR_000386,USR_000386,,USR_000386,,,2026-02-26,2026-02-26,2026-02-26,简历搜索,非权益,81.0,五线城市,SME,10000人以上,运营
USR_000386,,,,,USR_000386,2026-02-01,2026-02-01,2026-02-01,简历查看,非权益,6.0,五线城市,SME,10000人以上,运营
USR_000386,USR_000386,,,,,2026-02-19,2026-02-19,2026-02-19,权益礼包,权益,8.1,五线城市,SME,10000人以上,运营
USR_000386,USR_000386,USR_000386,,,,2026-01-27,2026-01-27,2026-01-27,职位发布,非权益,64.7,五线城市,SME,10000人以上,运营
USR_000386,USR_000386,,,,,2026-01-15,2026-01-15,2026-01-15,权益礼包,权益,23.4,五线城市,SME,10000人以上,运营
USR_000386,,USR_000386,,,,2026-01-11,2026-01-11,2026-01-11,职位发布,非权益,22.8,五线城市,SME,10000人以上,运营
USR_000386,,,,USR_000386,,2026-01-13,2026-01-13,2026-01-13,在线沟通,非权益,29.7,五线城市,SME,10000人以上,运营
USR_000386,,,,USR_000386,,2026-01-15,2026-01-15,2026-01-15,在线沟通,非权益,48.0,五线城市,SME,10000人以上,运营
USR_000386,USR_000386,,,,,2026-02-12,2026-02-12,2026-02-12,企业认证,非权益,106.9,五线城市,SME,10000人以上,运营
USR_000386,,,USR_000386,,,2026-02-01,2026-02-01,2026-02-01,简历搜索,非权益,60.1,五线城市,SME,10000人以上,运营
USR_000386,USR_000386,,USR_000386,,,2026-01-06,2026-01-06,2026-01-06,简历搜索,非权益,8.0,五线城市,SME,10000人以上,运营
USR_000386,,,,USR_000386,,2026-02-15,2026-02-15,2026-02-15,在线沟通,非权益,8.2,五线城市,SME,10000人以上,运营
USR_000387,USR_000387,,,,,2026-01-10,2026-01-10,2026-01-10,置顶刷新,权益,21.7,二线城市,SME,10000人以上,财务
USR_000387,USR_000387,,USR_000387,,,2026-02-28,2026-02-28,2026-02-28,简历搜索,非权益,15.3,二线城市,SME,10000人以上,财务
USR_000387,USR_000387,,,,,2026-01-06,2026-01-06,2026-01-06,置顶刷新,权益,23.4,二线城市,SME,10000人以上,财务
USR_000387,USR_000387,,,,USR_000387,2026-02-05,2026-02-05,2026-02-05,简历查看,非权益,15.3,二线城市,SME,10000人以上,财务
USR_000387,USR_000387,,,,,2026-02-04,2026-02-04,2026-02-04,企业认证,非权益,8.6,二线城市,SME,10000人以上,财务
USR_000387,USR_000387,,,USR_000387,,2026-02-26,2026-02-26,2026-02-26,在线沟通,非权益,6.1,二线城市,SME,10000人以上,财务
USR_000387,USR_000387,,,,,2026-01-06,2026-01-06,2026-01-06,置顶刷新,权益,64.5,二线城市,SME,10000人以上,财务
USR_000387,USR_000387,,,,,2026-02-11,2026-02-11,2026-02-11,企业认证,非权益,21.6,二线城市,SME,10000人以上,财务
USR_000387,USR_000387,,,,,2026-01-28,2026-01-28,2026-01-28,权益礼包,权益,18.3,二线城市,SME,10000人以上,财务
USR_000387,USR_000387,,,,,2026-01-24,2026-01-24,2026-01-24,急聘推广,权益,9.8,二线城市,SME,10000人以上,财务
USR_000387,USR_000387,,,,USR_000387,2026-02-04,2026-02-04,2026-02-04,简历查看,非权益,12.4,二线城市,SME,10000人以上,财务
USR_000387,USR_000387,,,,,2026-01-28,2026-01-28,2026-01-28,权益礼包,权益,5.9,二线城市,SME,10000人以上,财务
USR_000387,USR_000387,,,,USR_000387,2026-01-25,2026-01-25,2026-01-25,简历查看,非权益,35.4,二线城市,SME,10000人以上,财务
USR_000387,,,,USR_000387,,2026-01-03,2026-01-03,2026-01-03,在线沟通,非权益,16.9,二线城市,SME,10000人以上,财务
USR_000388,USR_000388,,,,USR_000388,2026-02-05,2026-02-05,2026-02-05,简历查看,非权益,7.8,一线城市,SME,1-49人,行政
USR_000388,USR_000388,USR_000388,,,,2026-01-30,2026-01-30,2026-01-30,职位发布,非权益,6.8,一线城市,SME,1-49人,行政
USR_000388,USR_000388,,,,,2026-02-21,2026-02-21,2026-02-21,置顶刷新,权益,36.6,一线城市,SME,1-49人,行政
USR_000388,USR_000388,,USR_000388,,,2026-01-04,2026-01-04,2026-01-04,简历搜索,非权益,36.1,一线城市,SME,1-49人,行政
USR_000388,USR_000388,USR_000388,,,,2026-02-24,2026-02-24,2026-02-24,职位发布,非权益,16.6,一线城市,SME,1-49人,行政
USR_000388,USR_000388,USR_000388,,,,2026-01-17,2026-01-17,2026-01-17,职位发布,非权益,40.5,一线城市,SME,1-49人,行政
USR_000388,USR_000388,,,,USR_000388,2026-01-12,2026-01-12,2026-01-12,简历查看,非权益,10.3,一线城市,SME,1-49人,行政
USR_000388,,USR_000388,,,,2026-02-24,2026-02-24,2026-02-24,职位发布,非权益,20.2,一线城市,SME,1-49人,行政
USR_000388,USR_000388,,,,,2026-01-27,2026-01-27,2026-01-27,企业认证,非权益,22.2,一线城市,SME,1-49人,行政
USR_000388,USR_000388,,,,,2026-01-10,2026-01-10,2026-01-10,置顶刷新,权益,15.8,一线城市,SME,1-49人,行政
USR_000388,USR_000388,,,,USR_000388,2026-02-04,2026-02-04,2026-02-04,简历查看,非权益,31.0,一线城市,SME,1-49人,行政
USR_000388,USR_000388,,USR_000388,,,2026-02-27,2026-02-27,2026-02-27,简历搜索,非权益,29.9,一线城市,SME,1-49人,行政
USR_000388,USR_000388,,,,,2026-02-01,2026-02-01,2026-02-01,企业认证,非权益,14.0,一线城市,SME,1-49人,行政
USR_000388,USR_000388,,USR_000388,,,2026-01-23,2026-01-23,2026-01-23,简历搜索,非权益,25.5,一线城市,SME,1-49人,行政
USR_000388,,,,USR_000388,,2026-01-17,2026-01-17,2026-01-17,在线沟通,非权益,32.7,一线城市,SME,1-49人,行政
USR_000388,,,,,USR_000388,2026-02-28,2026-02-28,2026-02-28,简历查看,非权益,17.4,一线城市,SME,1-49人,行政
USR_000388,,,USR_000388,,,2026-02-03,2026-02-03,2026-02-03,简历搜索,非权益,8.4,一线城市,SME,1-49人,行政
USR_000388,USR_000388,,,,,2026-02-02,2026-02-02,2026-02-02,置顶刷新,权益,80.0,一线城市,SME,1-49人,行政
USR_000388,USR_000388,,,,,2026-01-18,2026-01-18,2026-01-18,置顶刷新,权益,14.0,一线城市,SME,1-49人,行政
USR_000388,,,,,,2026-01-11,2026-01-11,2026-01-11,权益礼包,权益,28.5,一线城市,SME,1-49人,行政
USR_000388,,,,,,2026-01-17,2026-01-17,2026-01-17,急聘推广,权益,11.9,一线城市,SME,1-49人,行政
USR_000388,USR_000388,,USR_000388,,,2026-01-28,2026-01-28,2026-01-28,简历搜索,非权益,32.5,一线城市,SME,1-49人,行政
USR_000389,USR_000389,,,,,2026-01-01,2026-01-01,2026-01-01,急聘推广,权益,9.2,五线城市,SME,50-99人,财务
USR_000389,USR_000389,,,,USR_000389,2026-02-10,2026-02-10,2026-02-10,简历查看,非权益,9.2,五线城市,SME,50-99人,财务
USR_000389,,,,USR_000389,,2026-02-02,2026-02-02,2026-02-02,在线沟通,非权益,13.4,五线城市,SME,50-99人,财务
USR_000389,USR_000389,,USR_000389,,,2026-02-03,2026-02-03,2026-02-03,简历搜索,非权益,8.9,五线城市,SME,50-99人,财务
USR_000389,,,,,,2026-02-17,2026-02-17,2026-02-17,置顶刷新,权益,23.8,五线城市,SME,50-99人,财务
USR_000389,,,,,,2026-02-04,2026-02-04,2026-02-04,急聘推广,权益,15.9,五线城市,SME,50-99人,财务
USR_000389,USR_000389,,,,USR_000389,2026-01-06,2026-01-06,2026-01-06,简历查看,非权益,26.2,五线城市,SME,50-99人,财务
USR_000389,USR_000389,,,USR_000389,,2026-01-22,2026-01-22,2026-01-22,在线沟通,非权益,9.8,五线城市,SME,50-99人,财务
USR_000389,,,USR_000389,,,2026-03-01,2026-03-01,2026-03-01,简历搜索,非权益,35.3,五线城市,SME,50-99人,财务
USR_000389,,,,,,2026-01-25,2026-01-25,2026-01-25,急聘推广,权益,17.7,五线城市,SME,50-99人,财务
USR_000389,USR_000389,USR_000389,,,,2026-03-01,2026-03-01,2026-03-01,职位发布,非权益,46.6,五线城市,SME,50-99人,财务
USR_000389,USR_000389,,,,,2026-01-27,2026-01-27,2026-01-27,权益礼包,权益,9.7,五线城市,SME,50-99人,财务
USR_000389,,,,,USR_000389,2026-02-14,2026-02-14,2026-02-14,简历查看,非权益,9.0,五线城市,SME,50-99人,财务
USR_000389,USR_000389,,,,,2026-01-18,2026-01-18,2026-01-18,置顶刷新,权益,100.5,五线城市,SME,50-99人,财务
USR_000389,USR_000389,,,,,2026-02-12,2026-02-12,2026-02-12,权益礼包,权益,6.4,五线城市,SME,50-99人,财务
USR_000389,USR_000389,USR_000389,,,,2026-01-11,2026-01-11,2026-01-11,职位发布,非权益,5.1,五线城市,SME,50-99人,财务
USR_000389,,,,,,2026-01-09,2026-01-09,2026-01-09,权益礼包,权益,34.6,五线城市,SME,50-99人,财务
USR_000389,USR_000389,,,,,2026-02-12,2026-02-12,2026-02-12,急聘推广,权益,29.6,五线城市,SME,50-99人,财务
USR_000389,USR_000389,,,,,2026-01-15,2026-01-15,2026-01-15,置顶刷新,权益,10.0,五线城市,SME,50-99人,财务
USR_000389,USR_000389,,USR_000389,,,2026-01-16,2026-01-16,2026-01-16,简历搜索,非权益,28.3,五线城市,SME,50-99人,财务
USR_000389,,,,,,2026-02-01,2026-02-01,2026-02-01,置顶刷新,权益,24.5,五线城市,SME,50-99人,财务
USR_000389,USR_000389,,,,,2026-01-17,2026-01-17,2026-01-17,权益礼包,权益,30.3,五线城市,SME,50-99人,财务
USR_000390,USR_000390,,,,,2026-02-19,2026-02-19,2026-02-19,权益礼包,权益,9.1,三线城市,SME,50-99人,销售
USR_000390,USR_000390,,,USR_000390,,2026-01-03,2026-01-03,2026-01-03,在线沟通,非权益,68.4,三线城市,SME,50-99人,销售
USR_000390,USR_000390,,,,,2026-02-16,2026-02-16,2026-02-16,置顶刷新,权益,7.0,三线城市,SME,50-99人,销售
USR_000390,,,,,,2026-02-21,2026-02-21,2026-02-21,企业认证,非权益,14.2,三线城市,SME,50-99人,销售
USR_000390,,,,USR_000390,,2026-01-23,2026-01-23,2026-01-23,在线沟通,非权益,8.5,三线城市,SME,50-99人,销售
USR_000390,USR_000390,,USR_000390,,,2026-03-01,2026-03-01,2026-03-01,简历搜索,非权益,21.6,三线城市,SME,50-99人,销售
USR_000390,USR_000390,,,,,2026-01-09,2026-01-09,2026-01-09,权益礼包,权益,40.1,三线城市,SME,50-99人,销售
USR_000390,USR_000390,,,,USR_000390,2026-02-05,2026-02-05,2026-02-05,简历查看,非权益,67.7,三线城市,SME,50-99人,销售
USR_000390,USR_000390,,USR_000390,,,2026-02-27,2026-02-27,2026-02-27,简历搜索,非权益,7.9,三线城市,SME,50-99人,销售
USR_000390,USR_000390,,USR_000390,,,2026-02-08,2026-02-08,2026-02-08,简历搜索,非权益,11.7,三线城市,SME,50-99人,销售
USR_000390,USR_000390,,,,,2026-02-19,2026-02-19,2026-02-19,急聘推广,权益,6.2,三线城市,SME,50-99人,销售
USR_000390,USR_000390,,,,USR_000390,2026-02-05,2026-02-05,2026-02-05,简历查看,非权益,18.9,三线城市,SME,50-99人,销售
USR_000390,USR_000390,,,,USR_000390,2026-01-28,2026-01-28,2026-01-28,简历查看,非权益,8.4,三线城市,SME,50-99人,销售
USR_000390,,,,,,2026-02-19,2026-02-19,2026-02-19,企业认证,非权益,18.1,三线城市,SME,50-99人,销售
USR_000390,,,USR_000390,,,2026-01-06,2026-01-06,2026-01-06,简历搜索,非权益,18.1,三线城市,SME,50-99人,销售
USR_000390,USR_000390,USR_000390,,,,2026-02-18,2026-02-18,2026-02-18,职位发布,非权益,18.6,三线城市,SME,50-99人,销售
USR_000390,,,,,USR_000390,2026-02-01,2026-02-01,2026-02-01,简历查看,非权益,14.5,三线城市,SME,50-99人,销售
USR_000390,,,,,,2026-01-21,2026-01-21,2026-01-21,企业认证,非权益,25.8,三线城市,SME,50-99人,销售
USR_000391,USR_000391,,,,,2026-01-10,2026-01-10,2026-01-10,企业认证,非权益,19.4,三线城市,KA,10000人以上,市场
USR_000391,USR_000391,,,,,2026-01-15,2026-01-15,2026-01-15,置顶刷新,权益,20.3,三线城市,KA,10000人以上,市场
USR_000392,USR_000392,,,,USR_000392,2026-02-06,2026-02-06,2026-02-06,简历查看,非权益,11.7,三线城市,KA,100-499人,财务
USR_000392,USR_000392,,,USR_000392,,2026-02-27,2026-02-27,2026-02-27,在线沟通,非权益,47.0,三线城市,KA,100-499人,财务
USR_000392,USR_000392,,USR_000392,,,2026-01-28,2026-01-28,2026-01-28,简历搜索,非权益,6.5,三线城市,KA,100-499人,财务
USR_000392,USR_000392,,,,,2026-01-16,2026-01-16,2026-01-16,权益礼包,权益,43.9,三线城市,KA,100-499人,财务
USR_000392,,USR_000392,,,,2026-01-30,2026-01-30,2026-01-30,职位发布,非权益,11.2,三线城市,KA,100-499人,财务
USR_000392,USR_000392,,USR_000392,,,2026-01-24,2026-01-24,2026-01-24,简历搜索,非权益,37.1,三线城市,KA,100-499人,财务
USR_000393,USR_000393,,,,,2026-01-10,2026-01-10,2026-01-10,置顶刷新,权益,13.8,一线城市,KA,1-49人,运营
USR_000393,USR_000393,,,,,2026-01-30,2026-01-30,2026-01-30,权益礼包,权益,13.6,一线城市,KA,1-49人,运营
USR_000393,,USR_000393,,,,2026-02-25,2026-02-25,2026-02-25,职位发布,非权益,11.3,一线城市,KA,1-49人,运营
USR_000393,USR_000393,,,,,2026-01-21,2026-01-21,2026-01-21,置顶刷新,权益,25.0,一线城市,KA,1-49人,运营
USR_000393,USR_000393,,,,,2026-02-13,2026-02-13,2026-02-13,企业认证,非权益,39.5,一线城市,KA,1-49人,运营
USR_000393,USR_000393,,,USR_000393,,2026-02-20,2026-02-20,2026-02-20,在线沟通,非权益,6.7,一线城市,KA,1-49人,运营
USR_000393,USR_000393,,USR_000393,,,2026-01-15,2026-01-15,2026-01-15,简历搜索,非权益,10.3,一线城市,KA,1-49人,运营
USR_000393,,,,,USR_000393,2026-02-08,2026-02-08,2026-02-08,简历查看,非权益,29.5,一线城市,KA,1-49人,运营
USR_000393,USR_000393,,,USR_000393,,2026-02-18,2026-02-18,2026-02-18,在线沟通,非权益,15.0,一线城市,KA,1-49人,运营
USR_000393,USR_000393,,USR_000393,,,2026-01-23,2026-01-23,2026-01-23,简历搜索,非权益,10.3,一线城市,KA,1-49人,运营
USR_000393,USR_000393,,,,USR_000393,2026-01-10,2026-01-10,2026-01-10,简历查看,非权益,18.3,一线城市,KA,1-49人,运营
USR_000393,,,USR_000393,,,2026-01-31,2026-01-31,2026-01-31,简历搜索,非权益,26.9,一线城市,KA,1-49人,运营
USR_000393,USR_000393,,,USR_000393,,2026-01-08,2026-01-08,2026-01-08,在线沟通,非权益,13.1,一线城市,KA,1-49人,运营
USR_000393,,,,,,2026-02-22,2026-02-22,2026-02-22,急聘推广,权益,11.1,一线城市,KA,1-49人,运营
USR_000394,,USR_000394,,,,2026-02-18,2026-02-18,2026-02-18,职位发布,非权益,13.1,二线城市,SME,50-99人,研发
USR_000394,,,,,,2026-01-29,2026-01-29,2026-01-29,置顶刷新,权益,5.7,二线城市,SME,50-99人,研发
USR_000394,USR_000394,,,,USR_000394,2026-02-05,2026-02-05,2026-02-05,简历查看,非权益,56.2,二线城市,SME,50-99人,研发
USR_000394,USR_000394,,,USR_000394,,2026-02-01,2026-02-01,2026-02-01,在线沟通,非权益,17.1,二线城市,SME,50-99人,研发
USR_000394,,,USR_000394,,,2026-02-08,2026-02-08,2026-02-08,简历搜索,非权益,8.9,二线城市,SME,50-99人,研发
USR_000394,,,,USR_000394,,2026-02-17,2026-02-17,2026-02-17,在线沟通,非权益,44.7,二线城市,SME,50-99人,研发
USR_000394,,,USR_000394,,,2026-02-17,2026-02-17,2026-02-17,简历搜索,非权益,17.8,二线城市,SME,50-99人,研发
USR_000394,,,,,,2026-02-28,2026-02-28,2026-02-28,企业认证,非权益,9.8,二线城市,SME,50-99人,研发
USR_000395,,USR_000395,,,,2026-02-05,2026-02-05,2026-02-05,职位发布,非权益,16.7,二线城市,SME,100-499人,销售
USR_000395,USR_000395,,,,,2026-03-01,2026-03-01,2026-03-01,企业认证,非权益,8.9,二线城市,SME,100-499人,销售
USR_000395,USR_000395,,USR_000395,,,2026-01-21,2026-01-21,2026-01-21,简历搜索,非权益,7.7,二线城市,SME,100-499人,销售
USR_000395,USR_000395,,,,,2026-01-04,2026-01-04,2026-01-04,急聘推广,权益,58.2,二线城市,SME,100-499人,销售
USR_000395,,,USR_000395,,,2026-01-25,2026-01-25,2026-01-25,简历搜索,非权益,22.3,二线城市,SME,100-499人,销售
USR_000395,USR_000395,,,,,2026-02-01,2026-02-01,2026-02-01,置顶刷新,权益,64.3,二线城市,SME,100-499人,销售
USR_000395,,,,,,2026-02-16,2026-02-16,2026-02-16,置顶刷新,权益,42.8,二线城市,SME,100-499人,销售
USR_000395,USR_000395,,USR_000395,,,2026-02-09,2026-02-09,2026-02-09,简历搜索,非权益,10.7,二线城市,SME,100-499人,销售
USR_000395,USR_000395,,USR_000395,,,2026-02-13,2026-02-13,2026-02-13,简历搜索,非权益,22.5,二线城市,SME,100-499人,销售
USR_000395,USR_000395,,,,,2026-02-28,2026-02-28,2026-02-28,置顶刷新,权益,26.6,二线城市,SME,100-499人,销售
USR_000395,USR_000395,,,,,2026-02-08,2026-02-08,2026-02-08,置顶刷新,权益,9.6,二线城市,SME,100-499人,销售
USR_000395,,,USR_000395,,,2026-02-13,2026-02-13,2026-02-13,简历搜索,非权益,9.6,二线城市,SME,100-499人,销售
USR_000395,USR_000395,,,,USR_000395,2026-02-01,2026-02-01,2026-02-01,简历查看,非权益,68.4,二线城市,SME,100-499人,销售
USR_000395,USR_000395,,,USR_000395,,2026-01-06,2026-01-06,2026-01-06,在线沟通,非权益,54.9,二线城市,SME,100-499人,销售
USR_000395,USR_000395,,,USR_000395,,2026-03-01,2026-03-01,2026-03-01,在线沟通,非权益,10.0,二线城市,SME,100-499人,销售
USR_000395,USR_000395,,,,,2026-01-14,2026-01-14,2026-01-14,置顶刷新,权益,24.2,二线城市,SME,100-499人,销售
USR_000395,USR_000395,,USR_000395,,,2026-01-20,2026-01-20,2026-01-20,简历搜索,非权益,60.5,二线城市,SME,100-499人,销售
USR_000395,USR_000395,USR_000395,,,,2026-01-16,2026-01-16,2026-01-16,职位发布,非权益,5.1,二线城市,SME,100-499人,销售
USR_000395,USR_000395,,USR_000395,,,2026-02-07,2026-02-07,2026-02-07,简历搜索,非权益,44.7,二线城市,SME,100-499人,销售
USR_000395,USR_000395,USR_000395,,,,2026-02-14,2026-02-14,2026-02-14,职位发布,非权益,16.5,二线城市,SME,100-499人,销售
USR_000395,USR_000395,,USR_000395,,,2026-02-08,2026-02-08,2026-02-08,简历搜索,非权益,13.5,二线城市,SME,100-499人,销售
USR_000395,USR_000395,,,,USR_000395,2026-01-16,2026-01-16,2026-01-16,简历查看,非权益,24.5,二线城市,SME,100-499人,销售
USR_000395,USR_000395,,,,USR_000395,2026-02-19,2026-02-19,2026-02-19,简历查看,非权益,35.2,二线城市,SME,100-499人,销售
USR_000395,,,USR_000395,,,2026-01-06,2026-01-06,2026-01-06,简历搜索,非权益,15.7,二线城市,SME,100-499人,销售
USR_000396,,,,,,2026-02-03,2026-02-03,2026-02-03,权益礼包,权益,27.6,三线城市,SME,5000-10000人,研发
USR_000396,,USR_000396,,,,2026-01-14,2026-01-14,2026-01-14,职位发布,非权益,21.9,三线城市,SME,5000-10000人,研发
USR_000396,USR_000396,,,,USR_000396,2026-02-08,2026-02-08,2026-02-08,简历查看,非权益,67.4,三线城市,SME,5000-10000人,研发
USR_000396,USR_000396,,,,,2026-02-07,2026-02-07,2026-02-07,企业认证,非权益,27.1,三线城市,SME,5000-10000人,研发
USR_000396,USR_000396,,,,USR_000396,2026-01-27,2026-01-27,2026-01-27,简历查看,非权益,11.4,三线城市,SME,5000-10000人,研发
USR_000396,USR_000396,,USR_000396,,,2026-02-01,2026-02-01,2026-02-01,简历搜索,非权益,33.0,三线城市,SME,5000-10000人,研发
USR_000396,,,,,,2026-02-19,2026-02-19,2026-02-19,企业认证,非权益,34.2,三线城市,SME,5000-10000人,研发
USR_000397,,,,,,2026-01-25,2026-01-25,2026-01-25,急聘推广,权益,32.6,新一线城市,SME,5000-10000人,市场
USR_000397,USR_000397,USR_000397,,,,2026-01-22,2026-01-22,2026-01-22,职位发布,非权益,19.1,新一线城市,SME,5000-10000人,市场
USR_000397,,,,,,2026-01-11,2026-01-11,2026-01-11,急聘推广,权益,23.4,新一线城市,SME,5000-10000人,市场
USR_000397,USR_000397,,,,,2026-01-07,2026-01-07,2026-01-07,权益礼包,权益,30.7,新一线城市,SME,5000-10000人,市场
USR_000397,USR_000397,,,,,2026-01-04,2026-01-04,2026-01-04,急聘推广,权益,8.6,新一线城市,SME,5000-10000人,市场
USR_000398,USR_000398,,USR_000398,,,2026-02-10,2026-02-10,2026-02-10,简历搜索,非权益,52.9,五线城市,SME,10000人以上,市场
USR_000399,,USR_000399,,,,2026-01-13,2026-01-13,2026-01-13,职位发布,非权益,27.9,三线城市,SME,50-99人,客服
USR_000399,USR_000399,,,,,2026-02-25,2026-02-25,2026-02-25,急聘推广,权益,15.3,三线城市,SME,50-99人,客服
USR_000399,,,,,USR_000399,2026-02-17,2026-02-17,2026-02-17,简历查看,非权益,5.2,三线城市,SME,50-99人,客服
USR_000399,,,,,USR_000399,2026-01-11,2026-01-11,2026-01-11,简历查看,非权益,9.9,三线城市,SME,50-99人,客服
USR_000399,USR_000399,,,,,2026-02-21,2026-02-21,2026-02-21,急聘推广,权益,6.2,三线城市,SME,50-99人,客服
USR_000399,,,,,,2026-02-02,2026-02-02,2026-02-02,置顶刷新,权益,37.6,三线城市,SME,50-99人,客服
USR_000399,USR_000399,,,,,2026-02-21,2026-02-21,2026-02-21,权益礼包,权益,36.0,三线城市,SME,50-99人,客服
USR_000399,USR_000399,,,USR_000399,,2026-01-20,2026-01-20,2026-01-20,在线沟通,非权益,15.3,三线城市,SME,50-99人,客服
USR_000399,,,,,,2026-01-09,2026-01-09,2026-01-09,急聘推广,权益,22.4,三线城市,SME,50-99人,客服
USR_000400,USR_000400,,,,USR_000400,2026-02-15,2026-02-15,2026-02-15,简历查看,非权益,36.0,五线城市,SME,10000人以上,销售
USR_000400,,USR_000400,,,,2026-01-03,2026-01-03,2026-01-03,职位发布,非权益,14.9,五线城市,SME,10000人以上,销售
USR_000400,USR_000400,,,USR_000400,,2026-01-17,2026-01-17,2026-01-17,在线沟通,非权益,34.1,五线城市,SME,10000人以上,销售
USR_000400,USR_000400,,,,,2026-02-19,2026-02-19,2026-02-19,企业认证,非权益,17.5,五线城市,SME,10000人以上,销售
USR_000400,USR_000400,,,,,2026-01-02,2026-01-02,2026-01-02,权益礼包,权益,5.7,五线城市,SME,10000人以上,销售
USR_000400,USR_000400,,,,,2026-01-31,2026-01-31,2026-01-31,权益礼包,权益,10.3,五线城市,SME,10000人以上,销售
USR_000400,USR_000400,,,,,2026-03-01,2026-03-01,2026-03-01,置顶刷新,权益,5.7,五线城市,SME,10000人以上,销售
USR_000400,USR_000400,,,,USR_000400,2026-01-16,2026-01-16,2026-01-16,简历查看,非权益,12.8,五线城市,SME,10000人以上,销售
USR_000400,USR_000400,,USR_000400,,,2026-02-20,2026-02-20,2026-02-20,简历搜索,非权益,13.1,五线城市,SME,10000人以上,销售
USR_000400,,,,USR_000400,,2026-01-09,2026-01-09,2026-01-09,在线沟通,非权益,10.2,五线城市,SME,10000人以上,销售
USR_000400,USR_000400,,,,,2026-01-26,2026-01-26,2026-01-26,急聘推广,权益,10.8,五线城市,SME,10000人以上,销售
USR_000400,USR_000400,,,,,2026-02-09,2026-02-09,2026-02-09,企业认证,非权益,8.4,五线城市,SME,10000人以上,销售
USR_000400,USR_000400,USR_000400,,,,2026-02-21,2026-02-21,2026-02-21,职位发布,非权益,20.4,五线城市,SME,10000人以上,销售
USR_000400,USR_000400,,,,USR_000400,2026-01-07,2026-01-07,2026-01-07,简历查看,非权益,14.5,五线城市,SME,10000人以上,销售
USR_000400,,,,,,2026-01-16,2026-01-16,2026-01-16,置顶刷新,权益,9.5,五线城市,SME,10000人以上,销售
USR_000400,USR_000400,,,,,2026-02-08,2026-02-08,2026-02-08,急聘推广,权益,85.0,五线城市,SME,10000人以上,销售
USR_000401,,,,,,2026-01-21,2026-01-21,2026-01-21,权益礼包,权益,26.7,三线城市,SME,1-49人,研发
USR_000402,USR_000402,,,,,2026-01-28,2026-01-28,2026-01-28,企业认证,非权益,28.8,五线城市,SME,2000-5000人,产品
USR_000402,USR_000402,USR_000402,,,,2026-01-21,2026-01-21,2026-01-21,职位发布,非权益,7.9,五线城市,SME,2000-5000人,产品
USR_000402,USR_000402,,,,,2026-01-19,2026-01-19,2026-01-19,急聘推广,权益,110.6,五线城市,SME,2000-5000人,产品
USR_000403,USR_000403,,,,,2026-01-12,2026-01-12,2026-01-12,置顶刷新,权益,11.3,二线城市,SME,2000-5000人,运营
USR_000403,USR_000403,,USR_000403,,,2026-02-06,2026-02-06,2026-02-06,简历搜索,非权益,21.0,二线城市,SME,2000-5000人,运营
USR_000404,,,,USR_000404,,2026-02-20,2026-02-20,2026-02-20,在线沟通,非权益,19.2,新一线城市,KA,2000-5000人,产品
USR_000404,,,USR_000404,,,2026-02-02,2026-02-02,2026-02-02,简历搜索,非权益,13.9,新一线城市,KA,2000-5000人,产品
USR_000404,USR_000404,,,,,2026-01-13,2026-01-13,2026-01-13,急聘推广,权益,34.8,新一线城市,KA,2000-5000人,产品
USR_000404,,,,USR_000404,,2026-01-19,2026-01-19,2026-01-19,在线沟通,非权益,37.2,新一线城市,KA,2000-5000人,产品
USR_000404,USR_000404,,USR_000404,,,2026-02-20,2026-02-20,2026-02-20,简历搜索,非权益,16.1,新一线城市,KA,2000-5000人,产品
USR_000404,USR_000404,,,,,2026-01-15,2026-01-15,2026-01-15,急聘推广,权益,9.3,新一线城市,KA,2000-5000人,产品
USR_000404,,,,,,2026-02-26,2026-02-26,2026-02-26,企业认证,非权益,5.0,新一线城市,KA,2000-5000人,产品
USR_000404,USR_000404,,,USR_000404,,2026-01-24,2026-01-24,2026-01-24,在线沟通,非权益,6.0,新一线城市,KA,2000-5000人,产品
USR_000404,USR_000404,,,,USR_000404,2026-01-07,2026-01-07,2026-01-07,简历查看,非权益,7.3,新一线城市,KA,2000-5000人,产品
USR_000404,USR_000404,,,,,2026-01-06,2026-01-06,2026-01-06,企业认证,非权益,5.5,新一线城市,KA,2000-5000人,产品
USR_000404,,USR_000404,,,,2026-01-31,2026-01-31,2026-01-31,职位发布,非权益,9.2,新一线城市,KA,2000-5000人,产品
USR_000404,USR_000404,,USR_000404,,,2026-01-17,2026-01-17,2026-01-17,简历搜索,非权益,22.9,新一线城市,KA,2000-5000人,产品
USR_000404,USR_000404,,,,,2026-02-08,2026-02-08,2026-02-08,急聘推广,权益,22.3,新一线城市,KA,2000-5000人,产品
USR_000404,USR_000404,USR_000404,,,,2026-01-04,2026-01-04,2026-01-04,职位发布,非权益,7.3,新一线城市,KA,2000-5000人,产品
USR_000404,USR_000404,,,,,2026-02-16,2026-02-16,2026-02-16,急聘推广,权益,5.3,新一线城市,KA,2000-5000人,产品
USR_000404,USR_000404,,,,,2026-02-20,2026-02-20,2026-02-20,置顶刷新,权益,5.0,新一线城市,KA,2000-5000人,产品
USR_000404,USR_000404,,,,,2026-02-05,2026-02-05,2026-02-05,置顶刷新,权益,9.9,新一线城市,KA,2000-5000人,产品
USR_000404,USR_000404,,,,,2026-01-28,2026-01-28,2026-01-28,置顶刷新,权益,8.9,新一线城市,KA,2000-5000人,产品
USR_000404,USR_000404,,,,,2026-01-02,2026-01-02,2026-01-02,急聘推广,权益,19.9,新一线城市,KA,2000-5000人,产品
USR_000404,,,USR_000404,,,2026-02-08,2026-02-08,2026-02-08,简历搜索,非权益,21.6,新一线城市,KA,2000-5000人,产品
USR_000404,USR_000404,,USR_000404,,,2026-02-06,2026-02-06,2026-02-06,简历搜索,非权益,35.0,新一线城市,KA,2000-5000人,产品
USR_000404,,,,,,2026-02-12,2026-02-12,2026-02-12,权益礼包,权益,6.8,新一线城市,KA,2000-5000人,产品
USR_000404,USR_000404,,,,,2026-02-20,2026-02-20,2026-02-20,企业认证,非权益,7.3,新一线城市,KA,2000-5000人,产品
USR_000404,USR_000404,,,,USR_000404,2026-02-12,2026-02-12,2026-02-12,简历查看,非权益,18.4,新一线城市,KA,2000-5000人,产品
USR_000405,USR_000405,,USR_000405,,,2026-02-04,2026-02-04,2026-02-04,简历搜索,非权益,5.2,五线城市,SME,2000-5000人,财务
USR_000405,,,,,,2026-03-01,2026-03-01,2026-03-01,权益礼包,权益,65.6,五线城市,SME,2000-5000人,财务
USR_000405,USR_000405,,,,,2026-02-27,2026-02-27,2026-02-27,置顶刷新,权益,15.0,五线城市,SME,2000-5000人,财务
USR_000405,USR_000405,,,,,2026-02-23,2026-02-23,2026-02-23,置顶刷新,权益,32.5,五线城市,SME,2000-5000人,财务
USR_000405,,,,USR_000405,,2026-02-10,2026-02-10,2026-02-10,在线沟通,非权益,34.9,五线城市,SME,2000-5000人,财务
USR_000405,,,USR_000405,,,2026-01-01,2026-01-01,2026-01-01,简历搜索,非权益,17.4,五线城市,SME,2000-5000人,财务
USR_000405,USR_000405,,USR_000405,,,2026-01-11,2026-01-11,2026-01-11,简历搜索,非权益,34.3,五线城市,SME,2000-5000人,财务
USR_000405,USR_000405,,,USR_000405,,2026-02-08,2026-02-08,2026-02-08,在线沟通,非权益,12.5,五线城市,SME,2000-5000人,财务
USR_000405,USR_000405,,,USR_000405,,2026-02-25,2026-02-25,2026-02-25,在线沟通,非权益,20.9,五线城市,SME,2000-5000人,财务
USR_000405,USR_000405,,,,USR_000405,2026-02-16,2026-02-16,2026-02-16,简历查看,非权益,13.4,五线城市,SME,2000-5000人,财务
USR_000405,USR_000405,,,,,2026-02-15,2026-02-15,2026-02-15,置顶刷新,权益,8.6,五线城市,SME,2000-5000人,财务
USR_000405,,,,,,2026-02-14,2026-02-14,2026-02-14,置顶刷新,权益,29.9,五线城市,SME,2000-5000人,财务
USR_000405,USR_000405,,,,,2026-02-25,2026-02-25,2026-02-25,急聘推广,权益,10.6,五线城市,SME,2000-5000人,财务
USR_000406,USR_000406,,,,USR_000406,2026-02-28,2026-02-28,2026-02-28,简历查看,非权益,83.2,五线城市,SME,2000-5000人,运营
USR_000406,USR_000406,,,,,2026-01-02,2026-01-02,2026-01-02,企业认证,非权益,9.9,五线城市,SME,2000-5000人,运营
USR_000406,USR_000406,,USR_000406,,,2026-01-16,2026-01-16,2026-01-16,简历搜索,非权益,19.7,五线城市,SME,2000-5000人,运营
USR_000406,USR_000406,,,,,2026-01-20,2026-01-20,2026-01-20,权益礼包,权益,35.4,五线城市,SME,2000-5000人,运营
USR_000406,USR_000406,,,,,2026-01-13,2026-01-13,2026-01-13,急聘推广,权益,16.7,五线城市,SME,2000-5000人,运营
USR_000406,,,,,USR_000406,2026-01-15,2026-01-15,2026-01-15,简历查看,非权益,21.3,五线城市,SME,2000-5000人,运营
USR_000406,USR_000406,,,,,2026-01-30,2026-01-30,2026-01-30,权益礼包,权益,31.3,五线城市,SME,2000-5000人,运营
USR_000406,,,USR_000406,,,2026-01-11,2026-01-11,2026-01-11,简历搜索,非权益,14.0,五线城市,SME,2000-5000人,运营
USR_000406,,,,,,2026-01-07,2026-01-07,2026-01-07,权益礼包,权益,24.0,五线城市,SME,2000-5000人,运营
USR_000406,USR_000406,,USR_000406,,,2026-03-01,2026-03-01,2026-03-01,简历搜索,非权益,19.1,五线城市,SME,2000-5000人,运营
USR_000406,USR_000406,,USR_000406,,,2026-02-13,2026-02-13,2026-02-13,简历搜索,非权益,26.6,五线城市,SME,2000-5000人,运营
USR_000406,USR_000406,,,,,2026-01-10,2026-01-10,2026-01-10,权益礼包,权益,22.6,五线城市,SME,2000-5000人,运营
USR_000406,USR_000406,,,,,2026-02-03,2026-02-03,2026-02-03,权益礼包,权益,34.4,五线城市,SME,2000-5000人,运营
USR_000406,USR_000406,,,,,2026-01-01,2026-01-01,2026-01-01,急聘推广,权益,32.8,五线城市,SME,2000-5000人,运营
USR_000406,,,USR_000406,,,2026-01-24,2026-01-24,2026-01-24,简历搜索,非权益,22.0,五线城市,SME,2000-5000人,运营
USR_000406,,,,,,2026-02-06,2026-02-06,2026-02-06,企业认证,非权益,9.0,五线城市,SME,2000-5000人,运营
USR_000406,USR_000406,,,,,2026-01-30,2026-01-30,2026-01-30,急聘推广,权益,10.5,五线城市,SME,2000-5000人,运营
USR_000406,USR_000406,,USR_000406,,,2026-01-25,2026-01-25,2026-01-25,简历搜索,非权益,28.7,五线城市,SME,2000-5000人,运营
USR_000406,,,,USR_000406,,2026-02-07,2026-02-07,2026-02-07,在线沟通,非权益,10.3,五线城市,SME,2000-5000人,运营
USR_000406,USR_000406,,,,USR_000406,2026-01-05,2026-01-05,2026-01-05,简历查看,非权益,15.4,五线城市,SME,2000-5000人,运营
USR_000407,,,,,,2026-02-08,2026-02-08,2026-02-08,急聘推广,权益,24.2,二线城市,SME,5000-10000人,研发
USR_000407,USR_000407,,,,,2026-02-04,2026-02-04,2026-02-04,企业认证,非权益,14.0,二线城市,SME,5000-10000人,研发
USR_000407,USR_000407,,USR_000407,,,2026-02-06,2026-02-06,2026-02-06,简历搜索,非权益,34.5,二线城市,SME,5000-10000人,研发
USR_000407,USR_000407,USR_000407,,,,2026-01-05,2026-01-05,2026-01-05,职位发布,非权益,9.6,二线城市,SME,5000-10000人,研发
USR_000407,USR_000407,,,,,2026-01-21,2026-01-21,2026-01-21,急聘推广,权益,33.5,二线城市,SME,5000-10000人,研发
USR_000407,,,,,USR_000407,2026-01-29,2026-01-29,2026-01-29,简历查看,非权益,94.0,二线城市,SME,5000-10000人,研发
USR_000407,USR_000407,,USR_000407,,,2026-02-06,2026-02-06,2026-02-06,简历搜索,非权益,9.1,二线城市,SME,5000-10000人,研发
USR_000407,USR_000407,USR_000407,,,,2026-02-28,2026-02-28,2026-02-28,职位发布,非权益,25.6,二线城市,SME,5000-10000人,研发
USR_000407,,,,,,2026-01-18,2026-01-18,2026-01-18,急聘推广,权益,13.0,二线城市,SME,5000-10000人,研发
USR_000408,,,,,USR_000408,2026-02-24,2026-02-24,2026-02-24,简历查看,非权益,9.5,四线城市,SME,10000人以上,市场
USR_000408,USR_000408,,USR_000408,,,2026-01-02,2026-01-02,2026-01-02,简历搜索,非权益,31.6,四线城市,SME,10000人以上,市场
USR_000408,USR_000408,,,,USR_000408,2026-02-13,2026-02-13,2026-02-13,简历查看,非权益,32.2,四线城市,SME,10000人以上,市场
USR_000408,,,,USR_000408,,2026-01-12,2026-01-12,2026-01-12,在线沟通,非权益,41.1,四线城市,SME,10000人以上,市场
USR_000408,,,,,,2026-01-04,2026-01-04,2026-01-04,权益礼包,权益,14.4,四线城市,SME,10000人以上,市场
USR_000408,USR_000408,,,,,2026-02-18,2026-02-18,2026-02-18,急聘推广,权益,23.3,四线城市,SME,10000人以上,市场
USR_000408,,,,,,2026-01-20,2026-01-20,2026-01-20,企业认证,非权益,26.9,四线城市,SME,10000人以上,市场
USR_000408,USR_000408,,,,,2026-02-19,2026-02-19,2026-02-19,置顶刷新,权益,30.9,四线城市,SME,10000人以上,市场
USR_000408,USR_000408,,,,,2026-02-11,2026-02-11,2026-02-11,企业认证,非权益,11.2,四线城市,SME,10000人以上,市场
USR_000408,USR_000408,,,USR_000408,,2026-01-25,2026-01-25,2026-01-25,在线沟通,非权益,16.5,四线城市,SME,10000人以上,市场
USR_000408,USR_000408,,,,USR_000408,2026-01-08,2026-01-08,2026-01-08,简历查看,非权益,8.2,四线城市,SME,10000人以上,市场
USR_000408,USR_000408,,,USR_000408,,2026-02-24,2026-02-24,2026-02-24,在线沟通,非权益,50.4,四线城市,SME,10000人以上,市场
USR_000408,USR_000408,,,,,2026-02-22,2026-02-22,2026-02-22,企业认证,非权益,18.8,四线城市,SME,10000人以上,市场
USR_000408,,,,,,2026-01-28,2026-01-28,2026-01-28,急聘推广,权益,8.5,四线城市,SME,10000人以上,市场
USR_000408,,,USR_000408,,,2026-01-12,2026-01-12,2026-01-12,简历搜索,非权益,13.4,四线城市,SME,10000人以上,市场
USR_000408,USR_000408,,,,,2026-02-07,2026-02-07,2026-02-07,置顶刷新,权益,5.5,四线城市,SME,10000人以上,市场
USR_000409,USR_000409,,USR_000409,,,2026-01-17,2026-01-17,2026-01-17,简历搜索,非权益,5.6,四线城市,SME,5000-10000人,财务
USR_000409,USR_000409,,,USR_000409,,2026-01-28,2026-01-28,2026-01-28,在线沟通,非权益,14.4,四线城市,SME,5000-10000人,财务
USR_000409,USR_000409,,,USR_000409,,2026-02-01,2026-02-01,2026-02-01,在线沟通,非权益,53.9,四线城市,SME,5000-10000人,财务
USR_000409,USR_000409,,,,,2026-01-17,2026-01-17,2026-01-17,企业认证,非权益,45.8,四线城市,SME,5000-10000人,财务
USR_000409,USR_000409,USR_000409,,,,2026-01-23,2026-01-23,2026-01-23,职位发布,非权益,7.0,四线城市,SME,5000-10000人,财务
USR_000409,USR_000409,,,,,2026-01-16,2026-01-16,2026-01-16,企业认证,非权益,12.0,四线城市,SME,5000-10000人,财务
USR_000409,,USR_000409,,,,2026-01-24,2026-01-24,2026-01-24,职位发布,非权益,8.1,四线城市,SME,5000-10000人,财务
USR_000409,USR_000409,USR_000409,,,,2026-01-31,2026-01-31,2026-01-31,职位发布,非权益,11.9,四线城市,SME,5000-10000人,财务
USR_000409,,,USR_000409,,,2026-01-01,2026-01-01,2026-01-01,简历搜索,非权益,13.9,四线城市,SME,5000-10000人,财务
USR_000409,USR_000409,,,,,2026-02-15,2026-02-15,2026-02-15,权益礼包,权益,7.8,四线城市,SME,5000-10000人,财务
USR_000409,USR_000409,USR_000409,,,,2026-02-17,2026-02-17,2026-02-17,职位发布,非权益,7.6,四线城市,SME,5000-10000人,财务
USR_000409,USR_000409,,,USR_000409,,2026-02-09,2026-02-09,2026-02-09,在线沟通,非权益,63.5,四线城市,SME,5000-10000人,财务
USR_000410,USR_000410,,,,,2026-01-10,2026-01-10,2026-01-10,企业认证,非权益,44.0,二线城市,SME,2000-5000人,客服
USR_000410,USR_000410,,,USR_000410,,2026-02-26,2026-02-26,2026-02-26,在线沟通,非权益,9.1,二线城市,SME,2000-5000人,客服
USR_000410,USR_000410,,USR_000410,,,2026-02-22,2026-02-22,2026-02-22,简历搜索,非权益,12.3,二线城市,SME,2000-5000人,客服
USR_000410,USR_000410,,,,,2026-02-16,2026-02-16,2026-02-16,急聘推广,权益,42.3,二线城市,SME,2000-5000人,客服
USR_000410,USR_000410,,,,,2026-02-03,2026-02-03,2026-02-03,急聘推广,权益,105.7,二线城市,SME,2000-5000人,客服
USR_000410,USR_000410,,USR_000410,,,2026-01-04,2026-01-04,2026-01-04,简历搜索,非权益,34.8,二线城市,SME,2000-5000人,客服
USR_000410,USR_000410,USR_000410,,,,2026-02-09,2026-02-09,2026-02-09,职位发布,非权益,6.6,二线城市,SME,2000-5000人,客服
USR_000410,USR_000410,,,,,2026-01-23,2026-01-23,2026-01-23,企业认证,非权益,5.2,二线城市,SME,2000-5000人,客服
USR_000410,,,,,,2026-02-07,2026-02-07,2026-02-07,置顶刷新,权益,20.9,二线城市,SME,2000-5000人,客服
USR_000410,USR_000410,,,,,2026-02-12,2026-02-12,2026-02-12,置顶刷新,权益,35.8,二线城市,SME,2000-5000人,客服
USR_000410,,USR_000410,,,,2026-02-19,2026-02-19,2026-02-19,职位发布,非权益,35.1,二线城市,SME,2000-5000人,客服
USR_000410,USR_000410,USR_000410,,,,2026-01-07,2026-01-07,2026-01-07,职位发布,非权益,20.7,二线城市,SME,2000-5000人,客服
USR_000410,USR_000410,,,,,2026-02-13,2026-02-13,2026-02-13,置顶刷新,权益,6.7,二线城市,SME,2000-5000人,客服
USR_000410,,,USR_000410,,,2026-02-15,2026-02-15,2026-02-15,简历搜索,非权益,22.9,二线城市,SME,2000-5000人,客服
USR_000410,USR_000410,,,,,2026-01-05,2026-01-05,2026-01-05,权益礼包,权益,22.0,二线城市,SME,2000-5000人,客服
USR_000411,USR_000411,USR_000411,,,,2026-02-19,2026-02-19,2026-02-19,职位发布,非权益,26.7,四线城市,SME,100-499人,销售
USR_000411,,,USR_000411,,,2026-01-20,2026-01-20,2026-01-20,简历搜索,非权益,8.7,四线城市,SME,100-499人,销售
USR_000411,,,USR_000411,,,2026-01-15,2026-01-15,2026-01-15,简历搜索,非权益,47.2,四线城市,SME,100-499人,销售
USR_000411,USR_000411,,,,,2026-01-31,2026-01-31,2026-01-31,权益礼包,权益,23.5,四线城市,SME,100-499人,销售
USR_000411,USR_000411,,,USR_000411,,2026-03-01,2026-03-01,2026-03-01,在线沟通,非权益,47.6,四线城市,SME,100-499人,销售
USR_000411,,,,,,2026-01-20,2026-01-20,2026-01-20,企业认证,非权益,7.7,四线城市,SME,100-499人,销售
USR_000411,,USR_000411,,,,2026-01-19,2026-01-19,2026-01-19,职位发布,非权益,13.1,四线城市,SME,100-499人,销售
USR_000411,,,,,,2026-03-01,2026-03-01,2026-03-01,企业认证,非权益,19.9,四线城市,SME,100-499人,销售
USR_000411,USR_000411,,,USR_000411,,2026-02-01,2026-02-01,2026-02-01,在线沟通,非权益,27.5,四线城市,SME,100-499人,销售
USR_000411,USR_000411,USR_000411,,,,2026-01-05,2026-01-05,2026-01-05,职位发布,非权益,40.0,四线城市,SME,100-499人,销售
USR_000411,USR_000411,,,,,2026-02-06,2026-02-06,2026-02-06,权益礼包,权益,7.1,四线城市,SME,100-499人,销售
USR_000411,,,,,,2026-01-02,2026-01-02,2026-01-02,急聘推广,权益,50.8,四线城市,SME,100-499人,销售
USR_000411,USR_000411,,,,USR_000411,2026-01-11,2026-01-11,2026-01-11,简历查看,非权益,8.0,四线城市,SME,100-499人,销售
USR_000411,,,,,,2026-02-23,2026-02-23,2026-02-23,企业认证,非权益,23.4,四线城市,SME,100-499人,销售
USR_000411,USR_000411,USR_000411,,,,2026-02-11,2026-02-11,2026-02-11,职位发布,非权益,6.7,四线城市,SME,100-499人,销售
USR_000411,USR_000411,,,,USR_000411,2026-02-21,2026-02-21,2026-02-21,简历查看,非权益,24.5,四线城市,SME,100-499人,销售
USR_000411,,USR_000411,,,,2026-01-03,2026-01-03,2026-01-03,职位发布,非权益,32.3,四线城市,SME,100-499人,销售
USR_000411,,,,USR_000411,,2026-01-24,2026-01-24,2026-01-24,在线沟通,非权益,20.7,四线城市,SME,100-499人,销售
USR_000412,USR_000412,,,,,2026-01-10,2026-01-10,2026-01-10,急聘推广,权益,6.3,二线城市,SME,500-999人,研发
USR_000412,USR_000412,,,,,2026-01-15,2026-01-15,2026-01-15,急聘推广,权益,13.3,二线城市,SME,500-999人,研发
USR_000412,,USR_000412,,,,2026-01-16,2026-01-16,2026-01-16,职位发布,非权益,12.0,二线城市,SME,500-999人,研发
USR_000412,USR_000412,,,,,2026-02-23,2026-02-23,2026-02-23,权益礼包,权益,19.7,二线城市,SME,500-999人,研发
USR_000412,USR_000412,,,USR_000412,,2026-01-25,2026-01-25,2026-01-25,在线沟通,非权益,10.7,二线城市,SME,500-999人,研发
USR_000412,USR_000412,USR_000412,,,,2026-02-13,2026-02-13,2026-02-13,职位发布,非权益,8.1,二线城市,SME,500-999人,研发
USR_000412,,,,,,2026-02-02,2026-02-02,2026-02-02,置顶刷新,权益,8.6,二线城市,SME,500-999人,研发
USR_000412,,,,,,2026-02-06,2026-02-06,2026-02-06,企业认证,非权益,32.0,二线城市,SME,500-999人,研发
USR_000412,USR_000412,,,,,2026-02-04,2026-02-04,2026-02-04,置顶刷新,权益,7.4,二线城市,SME,500-999人,研发
USR_000412,USR_000412,,USR_000412,,,2026-02-19,2026-02-19,2026-02-19,简历搜索,非权益,13.9,二线城市,SME,500-999人,研发
USR_000412,USR_000412,USR_000412,,,,2026-02-02,2026-02-02,2026-02-02,职位发布,非权益,14.9,二线城市,SME,500-999人,研发
USR_000412,USR_000412,,,,,2026-02-04,2026-02-04,2026-02-04,权益礼包,权益,13.1,二线城市,SME,500-999人,研发
USR_000412,USR_000412,USR_000412,,,,2026-01-25,2026-01-25,2026-01-25,职位发布,非权益,27.6,二线城市,SME,500-999人,研发
USR_000412,USR_000412,,,USR_000412,,2026-02-14,2026-02-14,2026-02-14,在线沟通,非权益,19.9,二线城市,SME,500-999人,研发
USR_000412,USR_000412,,USR_000412,,,2026-01-20,2026-01-20,2026-01-20,简历搜索,非权益,5.6,二线城市,SME,500-999人,研发
USR_000412,,,USR_000412,,,2026-01-06,2026-01-06,2026-01-06,简历搜索,非权益,87.4,二线城市,SME,500-999人,研发
USR_000412,USR_000412,,,,,2026-01-11,2026-01-11,2026-01-11,置顶刷新,权益,23.6,二线城市,SME,500-999人,研发
USR_000412,USR_000412,,,,,2026-02-24,2026-02-24,2026-02-24,急聘推广,权益,42.3,二线城市,SME,500-999人,研发
USR_000412,USR_000412,,,,,2026-01-29,2026-01-29,2026-01-29,置顶刷新,权益,16.2,二线城市,SME,500-999人,研发
USR_000412,USR_000412,,,,,2026-02-22,2026-02-22,2026-02-22,权益礼包,权益,16.0,二线城市,SME,500-999人,研发
USR_000413,USR_000413,,USR_000413,,,2026-01-19,2026-01-19,2026-01-19,简历搜索,非权益,18.3,新一线城市,KA,500-999人,行政
USR_000413,USR_000413,,,,,2026-01-14,2026-01-14,2026-01-14,企业认证,非权益,62.2,新一线城市,KA,500-999人,行政
USR_000413,USR_000413,,,,USR_000413,2026-02-02,2026-02-02,2026-02-02,简历查看,非权益,27.9,新一线城市,KA,500-999人,行政
USR_000413,,,,,,2026-01-30,2026-01-30,2026-01-30,企业认证,非权益,11.5,新一线城市,KA,500-999人,行政
USR_000413,USR_000413,,,,,2026-01-25,2026-01-25,2026-01-25,企业认证,非权益,37.4,新一线城市,KA,500-999人,行政
USR_000413,,USR_000413,,,,2026-02-01,2026-02-01,2026-02-01,职位发布,非权益,6.1,新一线城市,KA,500-999人,行政
USR_000413,USR_000413,,,,,2026-01-04,2026-01-04,2026-01-04,急聘推广,权益,49.2,新一线城市,KA,500-999人,行政
USR_000413,USR_000413,,,USR_000413,,2026-02-04,2026-02-04,2026-02-04,在线沟通,非权益,70.2,新一线城市,KA,500-999人,行政
USR_000413,USR_000413,USR_000413,,,,2026-01-18,2026-01-18,2026-01-18,职位发布,非权益,7.4,新一线城市,KA,500-999人,行政
USR_000413,USR_000413,,,,USR_000413,2026-01-17,2026-01-17,2026-01-17,简历查看,非权益,18.0,新一线城市,KA,500-999人,行政
USR_000413,USR_000413,,,,USR_000413,2026-01-25,2026-01-25,2026-01-25,简历查看,非权益,34.9,新一线城市,KA,500-999人,行政
USR_000413,,,,,,2026-01-01,2026-01-01,2026-01-01,权益礼包,权益,13.6,新一线城市,KA,500-999人,行政
USR_000414,,,,USR_000414,,2026-01-29,2026-01-29,2026-01-29,在线沟通,非权益,16.6,五线城市,SME,50-99人,行政
USR_000414,USR_000414,,,,,2026-01-05,2026-01-05,2026-01-05,权益礼包,权益,43.9,五线城市,SME,50-99人,行政
USR_000414,,,,,,2026-01-20,2026-01-20,2026-01-20,置顶刷新,权益,26.6,五线城市,SME,50-99人,行政
USR_000414,,USR_000414,,,,2026-02-09,2026-02-09,2026-02-09,职位发布,非权益,11.0,五线城市,SME,50-99人,行政
USR_000414,,USR_000414,,,,2026-01-10,2026-01-10,2026-01-10,职位发布,非权益,13.0,五线城市,SME,50-99人,行政
USR_000414,USR_000414,,,,USR_000414,2026-02-23,2026-02-23,2026-02-23,简历查看,非权益,7.4,五线城市,SME,50-99人,行政
USR_000414,USR_000414,,,USR_000414,,2026-02-18,2026-02-18,2026-02-18,在线沟通,非权益,42.4,五线城市,SME,50-99人,行政
USR_000414,USR_000414,,,,USR_000414,2026-02-27,2026-02-27,2026-02-27,简历查看,非权益,13.6,五线城市,SME,50-99人,行政
USR_000414,USR_000414,,,,,2026-02-22,2026-02-22,2026-02-22,置顶刷新,权益,69.6,五线城市,SME,50-99人,行政
USR_000414,USR_000414,,,,,2026-02-16,2026-02-16,2026-02-16,企业认证,非权益,43.2,五线城市,SME,50-99人,行政
USR_000414,USR_000414,,,,,2026-02-19,2026-02-19,2026-02-19,急聘推广,权益,28.9,五线城市,SME,50-99人,行政
USR_000414,USR_000414,USR_000414,,,,2026-01-03,2026-01-03,2026-01-03,职位发布,非权益,11.1,五线城市,SME,50-99人,行政
USR_000414,USR_000414,,,,USR_000414,2026-02-05,2026-02-05,2026-02-05,简历查看,非权益,12.1,五线城市,SME,50-99人,行政
USR_000414,USR_000414,,,USR_000414,,2026-01-08,2026-01-08,2026-01-08,在线沟通,非权益,46.5,五线城市,SME,50-99人,行政
USR_000414,USR_000414,USR_000414,,,,2026-03-01,2026-03-01,2026-03-01,职位发布,非权益,37.8,五线城市,SME,50-99人,行政
USR_000414,USR_000414,,,,,2026-02-08,2026-02-08,2026-02-08,置顶刷新,权益,39.4,五线城市,SME,50-99人,行政
USR_000414,USR_000414,USR_000414,,,,2026-01-11,2026-01-11,2026-01-11,职位发布,非权益,16.8,五线城市,SME,50-99人,行政
USR_000414,USR_000414,,,,,2026-02-02,2026-02-02,2026-02-02,置顶刷新,权益,16.8,五线城市,SME,50-99人,行政
USR_000414,USR_000414,,,,,2026-01-23,2026-01-23,2026-01-23,急聘推广,权益,27.2,五线城市,SME,50-99人,行政
USR_000414,,,,,,2026-02-05,2026-02-05,2026-02-05,急聘推广,权益,22.9,五线城市,SME,50-99人,行政
USR_000414,USR_000414,USR_000414,,,,2026-01-28,2026-01-28,2026-01-28,职位发布,非权益,8.9,五线城市,SME,50-99人,行政
USR_000415,,,,,,2026-01-28,2026-01-28,2026-01-28,急聘推广,权益,10.7,一线城市,SME,2000-5000人,财务
USR_000415,,,,,USR_000415,2026-02-13,2026-02-13,2026-02-13,简历查看,非权益,39.9,一线城市,SME,2000-5000人,财务
USR_000415,USR_000415,,,,,2026-01-06,2026-01-06,2026-01-06,急聘推广,权益,16.9,一线城市,SME,2000-5000人,财务
USR_000415,USR_000415,,,USR_000415,,2026-01-09,2026-01-09,2026-01-09,在线沟通,非权益,22.7,一线城市,SME,2000-5000人,财务
USR_000415,,,,USR_000415,,2026-01-16,2026-01-16,2026-01-16,在线沟通,非权益,29.3,一线城市,SME,2000-5000人,财务
USR_000415,,,,USR_000415,,2026-01-12,2026-01-12,2026-01-12,在线沟通,非权益,20.0,一线城市,SME,2000-5000人,财务
USR_000415,USR_000415,,,,,2026-01-19,2026-01-19,2026-01-19,企业认证,非权益,59.5,一线城市,SME,2000-5000人,财务
USR_000415,,,,,,2026-01-31,2026-01-31,2026-01-31,置顶刷新,权益,10.4,一线城市,SME,2000-5000人,财务
USR_000415,USR_000415,,,,,2026-01-09,2026-01-09,2026-01-09,权益礼包,权益,22.2,一线城市,SME,2000-5000人,财务
USR_000415,USR_000415,,,,USR_000415,2026-01-21,2026-01-21,2026-01-21,简历查看,非权益,34.7,一线城市,SME,2000-5000人,财务
USR_000415,USR_000415,,,,,2026-02-26,2026-02-26,2026-02-26,急聘推广,权益,12.5,一线城市,SME,2000-5000人,财务
USR_000416,USR_000416,,,,,2026-02-21,2026-02-21,2026-02-21,权益礼包,权益,7.1,一线城市,SME,50-99人,运营
USR_000417,USR_000417,,,,,2026-01-14,2026-01-14,2026-01-14,急聘推广,权益,14.0,二线城市,KA,1000-2000人,产品
USR_000417,,,,,,2026-02-09,2026-02-09,2026-02-09,急聘推广,权益,5.5,二线城市,KA,1000-2000人,产品
USR_000417,USR_000417,,,,USR_000417,2026-02-14,2026-02-14,2026-02-14,简历查看,非权益,11.9,二线城市,KA,1000-2000人,产品
USR_000417,,,,,,2026-02-11,2026-02-11,2026-02-11,企业认证,非权益,56.7,二线城市,KA,1000-2000人,产品
USR_000417,USR_000417,,,,,2026-02-15,2026-02-15,2026-02-15,急聘推广,权益,24.2,二线城市,KA,1000-2000人,产品
USR_000417,USR_000417,,USR_000417,,,2026-02-17,2026-02-17,2026-02-17,简历搜索,非权益,8.2,二线城市,KA,1000-2000人,产品
USR_000417,,,USR_000417,,,2026-02-23,2026-02-23,2026-02-23,简历搜索,非权益,8.2,二线城市,KA,1000-2000人,产品
USR_000417,USR_000417,,,,,2026-01-14,2026-01-14,2026-01-14,企业认证,非权益,21.8,二线城市,KA,1000-2000人,产品
USR_000417,USR_000417,,,,,2026-02-14,2026-02-14,2026-02-14,企业认证,非权益,22.8,二线城市,KA,1000-2000人,产品
USR_000417,USR_000417,,,,USR_000417,2026-02-26,2026-02-26,2026-02-26,简历查看,非权益,35.6,二线城市,KA,1000-2000人,产品
USR_000417,USR_000417,,,,,2026-02-13,2026-02-13,2026-02-13,权益礼包,权益,15.1,二线城市,KA,1000-2000人,产品
USR_000417,,,,USR_000417,,2026-02-18,2026-02-18,2026-02-18,在线沟通,非权益,9.4,二线城市,KA,1000-2000人,产品
USR_000417,USR_000417,USR_000417,,,,2026-02-08,2026-02-08,2026-02-08,职位发布,非权益,24.1,二线城市,KA,1000-2000人,产品
USR_000417,USR_000417,,,,,2026-02-24,2026-02-24,2026-02-24,企业认证,非权益,5.2,二线城市,KA,1000-2000人,产品
USR_000417,USR_000417,,USR_000417,,,2026-01-14,2026-01-14,2026-01-14,简历搜索,非权益,9.8,二线城市,KA,1000-2000人,产品
USR_000418,,,,,,2026-01-12,2026-01-12,2026-01-12,权益礼包,权益,5.2,一线城市,SME,5000-10000人,产品
USR_000418,USR_000418,,USR_000418,,,2026-02-23,2026-02-23,2026-02-23,简历搜索,非权益,88.6,一线城市,SME,5000-10000人,产品
USR_000418,USR_000418,,,,,2026-01-11,2026-01-11,2026-01-11,企业认证,非权益,12.9,一线城市,SME,5000-10000人,产品
USR_000418,,,,,,2026-02-18,2026-02-18,2026-02-18,企业认证,非权益,29.7,一线城市,SME,5000-10000人,产品
USR_000418,USR_000418,,,,USR_000418,2026-02-27,2026-02-27,2026-02-27,简历查看,非权益,16.2,一线城市,SME,5000-10000人,产品
USR_000418,,,,,USR_000418,2026-01-24,2026-01-24,2026-01-24,简历查看,非权益,19.4,一线城市,SME,5000-10000人,产品
USR_000418,USR_000418,,,,,2026-01-25,2026-01-25,2026-01-25,急聘推广,权益,19.3,一线城市,SME,5000-10000人,产品
USR_000418,USR_000418,,,,,2026-01-23,2026-01-23,2026-01-23,置顶刷新,权益,11.2,一线城市,SME,5000-10000人,产品
USR_000418,,,,,,2026-01-12,2026-01-12,2026-01-12,权益礼包,权益,6.2,一线城市,SME,5000-10000人,产品
USR_000418,USR_000418,,,,,2026-01-29,2026-01-29,2026-01-29,企业认证,非权益,18.0,一线城市,SME,5000-10000人,产品
USR_000418,USR_000418,,,,,2026-01-12,2026-01-12,2026-01-12,权益礼包,权益,61.8,一线城市,SME,5000-10000人,产品
USR_000418,USR_000418,USR_000418,,,,2026-01-10,2026-01-10,2026-01-10,职位发布,非权益,28.7,一线城市,SME,5000-10000人,产品
USR_000418,USR_000418,,,USR_000418,,2026-01-10,2026-01-10,2026-01-10,在线沟通,非权益,5.4,一线城市,SME,5000-10000人,产品
USR_000418,,,,USR_000418,,2026-02-06,2026-02-06,2026-02-06,在线沟通,非权益,30.9,一线城市,SME,5000-10000人,产品
USR_000418,,,,,,2026-01-31,2026-01-31,2026-01-31,急聘推广,权益,7.3,一线城市,SME,5000-10000人,产品
USR_000418,USR_000418,,USR_000418,,,2026-01-16,2026-01-16,2026-01-16,简历搜索,非权益,49.4,一线城市,SME,5000-10000人,产品
USR_000418,USR_000418,,,USR_000418,,2026-02-11,2026-02-11,2026-02-11,在线沟通,非权益,6.7,一线城市,SME,5000-10000人,产品
USR_000418,USR_000418,,,,,2026-02-28,2026-02-28,2026-02-28,企业认证,非权益,18.6,一线城市,SME,5000-10000人,产品
USR_000418,USR_000418,,USR_000418,,,2026-02-02,2026-02-02,2026-02-02,简历搜索,非权益,51.3,一线城市,SME,5000-10000人,产品
USR_000418,USR_000418,,,,,2026-02-03,2026-02-03,2026-02-03,权益礼包,权益,45.4,一线城市,SME,5000-10000人,产品
USR_000418,USR_000418,,,USR_000418,,2026-02-23,2026-02-23,2026-02-23,在线沟通,非权益,27.7,一线城市,SME,5000-10000人,产品
USR_000418,USR_000418,,,,,2026-01-11,2026-01-11,2026-01-11,企业认证,非权益,12.4,一线城市,SME,5000-10000人,产品
USR_000418,,,,,,2026-02-23,2026-02-23,2026-02-23,权益礼包,权益,61.2,一线城市,SME,5000-10000人,产品
USR_000419,USR_000419,,,,,2026-02-14,2026-02-14,2026-02-14,权益礼包,权益,5.7,新一线城市,KA,2000-5000人,财务
USR_000420,,,,USR_000420,,2026-02-21,2026-02-21,2026-02-21,在线沟通,非权益,7.2,三线城市,SME,50-99人,市场
USR_000420,,,,,,2026-02-10,2026-02-10,2026-02-10,置顶刷新,权益,31.8,三线城市,SME,50-99人,市场
USR_000420,USR_000420,,,USR_000420,,2026-01-19,2026-01-19,2026-01-19,在线沟通,非权益,11.7,三线城市,SME,50-99人,市场
USR_000420,USR_000420,,USR_000420,,,2026-01-23,2026-01-23,2026-01-23,简历搜索,非权益,17.1,三线城市,SME,50-99人,市场
USR_000420,,,USR_000420,,,2026-01-10,2026-01-10,2026-01-10,简历搜索,非权益,13.6,三线城市,SME,50-99人,市场
USR_000420,USR_000420,,USR_000420,,,2026-01-19,2026-01-19,2026-01-19,简历搜索,非权益,6.1,三线城市,SME,50-99人,市场
USR_000420,,,,,,2026-01-25,2026-01-25,2026-01-25,企业认证,非权益,27.3,三线城市,SME,50-99人,市场
USR_000420,USR_000420,,,,,2026-01-05,2026-01-05,2026-01-05,急聘推广,权益,26.3,三线城市,SME,50-99人,市场
USR_000420,USR_000420,,USR_000420,,,2026-01-05,2026-01-05,2026-01-05,简历搜索,非权益,30.5,三线城市,SME,50-99人,市场
USR_000420,,,,USR_000420,,2026-02-08,2026-02-08,2026-02-08,在线沟通,非权益,34.5,三线城市,SME,50-99人,市场
USR_000420,USR_000420,,,,,2026-01-27,2026-01-27,2026-01-27,权益礼包,权益,65.4,三线城市,SME,50-99人,市场
USR_000420,,,,,,2026-02-02,2026-02-02,2026-02-02,权益礼包,权益,23.9,三线城市,SME,50-99人,市场
USR_000420,,,,,USR_000420,2026-02-26,2026-02-26,2026-02-26,简历查看,非权益,11.9,三线城市,SME,50-99人,市场
USR_000420,USR_000420,,,,USR_000420,2026-03-01,2026-03-01,2026-03-01,简历查看,非权益,11.9,三线城市,SME,50-99人,市场
USR_000420,USR_000420,,USR_000420,,,2026-02-16,2026-02-16,2026-02-16,简历搜索,非权益,15.2,三线城市,SME,50-99人,市场
USR_000420,USR_000420,USR_000420,,,,2026-02-05,2026-02-05,2026-02-05,职位发布,非权益,6.5,三线城市,SME,50-99人,市场
USR_000420,,USR_000420,,,,2026-01-26,2026-01-26,2026-01-26,职位发布,非权益,7.1,三线城市,SME,50-99人,市场
USR_000420,USR_000420,,USR_000420,,,2026-01-27,2026-01-27,2026-01-27,简历搜索,非权益,7.9,三线城市,SME,50-99人,市场
USR_000420,USR_000420,USR_000420,,,,2026-02-08,2026-02-08,2026-02-08,职位发布,非权益,15.8,三线城市,SME,50-99人,市场
USR_000420,USR_000420,,,,,2026-02-17,2026-02-17,2026-02-17,置顶刷新,权益,30.1,三线城市,SME,50-99人,市场
USR_000421,USR_000421,,,USR_000421,,2026-02-08,2026-02-08,2026-02-08,在线沟通,非权益,17.3,新一线城市,KA,50-99人,产品
USR_000421,USR_000421,,,USR_000421,,2026-02-07,2026-02-07,2026-02-07,在线沟通,非权益,5.1,新一线城市,KA,50-99人,产品
USR_000421,USR_000421,,,,,2026-02-13,2026-02-13,2026-02-13,权益礼包,权益,14.0,新一线城市,KA,50-99人,产品
USR_000421,USR_000421,USR_000421,,,,2026-01-16,2026-01-16,2026-01-16,职位发布,非权益,27.0,新一线城市,KA,50-99人,产品
USR_000421,USR_000421,,USR_000421,,,2026-02-21,2026-02-21,2026-02-21,简历搜索,非权益,54.7,新一线城市,KA,50-99人,产品
USR_000421,USR_000421,,,,,2026-02-09,2026-02-09,2026-02-09,权益礼包,权益,21.9,新一线城市,KA,50-99人,产品
USR_000421,USR_000421,,,,USR_000421,2026-01-24,2026-01-24,2026-01-24,简历查看,非权益,5.1,新一线城市,KA,50-99人,产品
USR_000421,,,,USR_000421,,2026-02-26,2026-02-26,2026-02-26,在线沟通,非权益,12.3,新一线城市,KA,50-99人,产品
USR_000422,USR_000422,,,,,2026-01-14,2026-01-14,2026-01-14,置顶刷新,权益,22.9,四线城市,SME,1-49人,研发
USR_000422,USR_000422,,,,,2026-01-03,2026-01-03,2026-01-03,急聘推广,权益,5.4,四线城市,SME,1-49人,研发
USR_000422,USR_000422,,,,,2026-02-18,2026-02-18,2026-02-18,急聘推广,权益,83.3,四线城市,SME,1-49人,研发
USR_000422,,,,,USR_000422,2026-02-23,2026-02-23,2026-02-23,简历查看,非权益,11.5,四线城市,SME,1-49人,研发
USR_000422,USR_000422,,,,,2026-01-02,2026-01-02,2026-01-02,企业认证,非权益,10.7,四线城市,SME,1-49人,研发
USR_000422,USR_000422,,,,,2026-01-11,2026-01-11,2026-01-11,权益礼包,权益,53.3,四线城市,SME,1-49人,研发
USR_000422,USR_000422,,,,,2026-01-26,2026-01-26,2026-01-26,权益礼包,权益,25.3,四线城市,SME,1-49人,研发
USR_000422,USR_000422,,,,,2026-03-01,2026-03-01,2026-03-01,急聘推广,权益,10.5,四线城市,SME,1-49人,研发
USR_000422,USR_000422,,USR_000422,,,2026-02-26,2026-02-26,2026-02-26,简历搜索,非权益,5.7,四线城市,SME,1-49人,研发
USR_000422,,,,,,2026-02-08,2026-02-08,2026-02-08,企业认证,非权益,29.0,四线城市,SME,1-49人,研发
USR_000423,,,,USR_000423,,2026-02-06,2026-02-06,2026-02-06,在线沟通,非权益,25.2,一线城市,SME,2000-5000人,市场
USR_000423,USR_000423,,,,,2026-01-04,2026-01-04,2026-01-04,急聘推广,权益,5.6,一线城市,SME,2000-5000人,市场
USR_000423,USR_000423,,,,,2026-02-24,2026-02-24,2026-02-24,急聘推广,权益,34.9,一线城市,SME,2000-5000人,市场
USR_000423,,,,,,2026-02-17,2026-02-17,2026-02-17,企业认证,非权益,7.5,一线城市,SME,2000-5000人,市场
USR_000423,USR_000423,,,,,2026-02-07,2026-02-07,2026-02-07,企业认证,非权益,19.7,一线城市,SME,2000-5000人,市场
USR_000423,USR_000423,,,,,2026-01-10,2026-01-10,2026-01-10,置顶刷新,权益,10.1,一线城市,SME,2000-5000人,市场
USR_000423,USR_000423,,USR_000423,,,2026-02-04,2026-02-04,2026-02-04,简历搜索,非权益,50.6,一线城市,SME,2000-5000人,市场
USR_000423,,,,,USR_000423,2026-01-21,2026-01-21,2026-01-21,简历查看,非权益,33.4,一线城市,SME,2000-5000人,市场
USR_000423,,,,,,2026-01-27,2026-01-27,2026-01-27,置顶刷新,权益,74.0,一线城市,SME,2000-5000人,市场
USR_000423,USR_000423,,,,,2026-01-15,2026-01-15,2026-01-15,急聘推广,权益,27.7,一线城市,SME,2000-5000人,市场
USR_000423,USR_000423,USR_000423,,,,2026-01-19,2026-01-19,2026-01-19,职位发布,非权益,10.5,一线城市,SME,2000-5000人,市场
USR_000423,,,,USR_000423,,2026-02-06,2026-02-06,2026-02-06,在线沟通,非权益,16.9,一线城市,SME,2000-5000人,市场
USR_000423,USR_000423,USR_000423,,,,2026-02-19,2026-02-19,2026-02-19,职位发布,非权益,17.4,一线城市,SME,2000-5000人,市场
USR_000423,USR_000423,USR_000423,,,,2026-01-06,2026-01-06,2026-01-06,职位发布,非权益,14.8,一线城市,SME,2000-5000人,市场
USR_000423,USR_000423,,,,,2026-01-03,2026-01-03,2026-01-03,企业认证,非权益,31.3,一线城市,SME,2000-5000人,市场
USR_000423,,,,,,2026-02-06,2026-02-06,2026-02-06,权益礼包,权益,20.4,一线城市,SME,2000-5000人,市场
USR_000423,USR_000423,,,,,2026-02-13,2026-02-13,2026-02-13,企业认证,非权益,19.3,一线城市,SME,2000-5000人,市场
USR_000423,USR_000423,,,,,2026-02-02,2026-02-02,2026-02-02,企业认证,非权益,59.2,一线城市,SME,2000-5000人,市场
USR_000423,USR_000423,USR_000423,,,,2026-02-20,2026-02-20,2026-02-20,职位发布,非权益,6.4,一线城市,SME,2000-5000人,市场
USR_000423,USR_000423,,,USR_000423,,2026-02-19,2026-02-19,2026-02-19,在线沟通,非权益,5.8,一线城市,SME,2000-5000人,市场
USR_000423,USR_000423,,,,USR_000423,2026-01-18,2026-01-18,2026-01-18,简历查看,非权益,7.1,一线城市,SME,2000-5000人,市场
USR_000423,USR_000423,,,,,2026-01-01,2026-01-01,2026-01-01,企业认证,非权益,8.1,一线城市,SME,2000-5000人,市场
USR_000423,USR_000423,,,,,2026-02-28,2026-02-28,2026-02-28,权益礼包,权益,5.9,一线城市,SME,2000-5000人,市场
USR_000423,USR_000423,,,,,2026-01-18,2026-01-18,2026-01-18,企业认证,非权益,34.6,一线城市,SME,2000-5000人,市场
USR_000424,USR_000424,,,,,2026-01-30,2026-01-30,2026-01-30,企业认证,非权益,23.4,五线城市,SME,5000-10000人,销售
USR_000424,,,,,USR_000424,2026-01-18,2026-01-18,2026-01-18,简历查看,非权益,14.4,五线城市,SME,5000-10000人,销售
USR_000424,USR_000424,,,,USR_000424,2026-01-25,2026-01-25,2026-01-25,简历查看,非权益,22.0,五线城市,SME,5000-10000人,销售
USR_000424,USR_000424,,,,,2026-01-18,2026-01-18,2026-01-18,权益礼包,权益,32.9,五线城市,SME,5000-10000人,销售
USR_000424,USR_000424,,,USR_000424,,2026-02-16,2026-02-16,2026-02-16,在线沟通,非权益,15.3,五线城市,SME,5000-10000人,销售
USR_000424,USR_000424,,,,,2026-01-07,2026-01-07,2026-01-07,企业认证,非权益,6.2,五线城市,SME,5000-10000人,销售
USR_000424,,,,,,2026-02-09,2026-02-09,2026-02-09,企业认证,非权益,6.8,五线城市,SME,5000-10000人,销售
USR_000425,USR_000425,USR_000425,,,,2026-02-14,2026-02-14,2026-02-14,职位发布,非权益,28.0,五线城市,SME,1000-2000人,客服
USR_000425,USR_000425,,,,,2026-01-12,2026-01-12,2026-01-12,企业认证,非权益,24.4,五线城市,SME,1000-2000人,客服
USR_000425,,,,,,2026-01-24,2026-01-24,2026-01-24,企业认证,非权益,15.2,五线城市,SME,1000-2000人,客服
USR_000425,USR_000425,,,,,2026-02-07,2026-02-07,2026-02-07,企业认证,非权益,15.2,五线城市,SME,1000-2000人,客服
USR_000425,USR_000425,,,,,2026-02-18,2026-02-18,2026-02-18,企业认证,非权益,11.8,五线城市,SME,1000-2000人,客服
USR_000425,USR_000425,,,,USR_000425,2026-02-07,2026-02-07,2026-02-07,简历查看,非权益,28.7,五线城市,SME,1000-2000人,客服
USR_000425,,,,,,2026-02-08,2026-02-08,2026-02-08,急聘推广,权益,25.6,五线城市,SME,1000-2000人,客服
USR_000425,,USR_000425,,,,2026-02-08,2026-02-08,2026-02-08,职位发布,非权益,20.2,五线城市,SME,1000-2000人,客服
USR_000425,USR_000425,,,,USR_000425,2026-02-04,2026-02-04,2026-02-04,简历查看,非权益,26.3,五线城市,SME,1000-2000人,客服
USR_000425,USR_000425,USR_000425,,,,2026-02-16,2026-02-16,2026-02-16,职位发布,非权益,6.5,五线城市,SME,1000-2000人,客服
USR_000425,,,,,,2026-03-01,2026-03-01,2026-03-01,急聘推广,权益,10.8,五线城市,SME,1000-2000人,客服
USR_000425,USR_000425,,,,,2026-02-08,2026-02-08,2026-02-08,企业认证,非权益,12.2,五线城市,SME,1000-2000人,客服
USR_000425,USR_000425,,USR_000425,,,2026-01-12,2026-01-12,2026-01-12,简历搜索,非权益,5.7,五线城市,SME,1000-2000人,客服
USR_000425,USR_000425,USR_000425,,,,2026-01-15,2026-01-15,2026-01-15,职位发布,非权益,7.2,五线城市,SME,1000-2000人,客服
USR_000426,USR_000426,,,,,2026-02-06,2026-02-06,2026-02-06,置顶刷新,权益,25.0,四线城市,SME,500-999人,市场
USR_000427,,,,,,2026-01-29,2026-01-29,2026-01-29,急聘推广,权益,30.5,一线城市,KA,10000人以上,运营
USR_000428,,,,,USR_000428,2026-01-03,2026-01-03,2026-01-03,简历查看,非权益,35.8,五线城市,SME,500-999人,市场
USR_000428,USR_000428,USR_000428,,,,2026-02-10,2026-02-10,2026-02-10,职位发布,非权益,20.3,五线城市,SME,500-999人,市场
USR_000428,USR_000428,,,,USR_000428,2026-02-04,2026-02-04,2026-02-04,简历查看,非权益,32.8,五线城市,SME,500-999人,市场
USR_000428,USR_000428,USR_000428,,,,2026-02-19,2026-02-19,2026-02-19,职位发布,非权益,33.9,五线城市,SME,500-999人,市场
USR_000428,USR_000428,,,,,2026-02-10,2026-02-10,2026-02-10,企业认证,非权益,5.4,五线城市,SME,500-999人,市场
USR_000428,USR_000428,,,,,2026-02-23,2026-02-23,2026-02-23,急聘推广,权益,12.6,五线城市,SME,500-999人,市场
USR_000428,USR_000428,,,USR_000428,,2026-02-18,2026-02-18,2026-02-18,在线沟通,非权益,13.7,五线城市,SME,500-999人,市场
USR_000428,USR_000428,,,,USR_000428,2026-01-21,2026-01-21,2026-01-21,简历查看,非权益,9.2,五线城市,SME,500-999人,市场
USR_000428,USR_000428,,,,,2026-02-19,2026-02-19,2026-02-19,权益礼包,权益,7.9,五线城市,SME,500-999人,市场
USR_000428,USR_000428,,,,USR_000428,2026-02-06,2026-02-06,2026-02-06,简历查看,非权益,33.6,五线城市,SME,500-999人,市场
USR_000428,USR_000428,,,,USR_000428,2026-01-30,2026-01-30,2026-01-30,简历查看,非权益,26.1,五线城市,SME,500-999人,市场
USR_000428,USR_000428,,,USR_000428,,2026-02-01,2026-02-01,2026-02-01,在线沟通,非权益,43.3,五线城市,SME,500-999人,市场
USR_000429,,,,,,2026-01-07,2026-01-07,2026-01-07,置顶刷新,权益,52.0,三线城市,SME,1000-2000人,销售
USR_000429,,,USR_000429,,,2026-01-07,2026-01-07,2026-01-07,简历搜索,非权益,12.3,三线城市,SME,1000-2000人,销售
USR_000430,,,,,USR_000430,2026-01-04,2026-01-04,2026-01-04,简历查看,非权益,36.7,二线城市,KA,100-499人,销售
USR_000430,USR_000430,,USR_000430,,,2026-01-23,2026-01-23,2026-01-23,简历搜索,非权益,40.7,二线城市,KA,100-499人,销售
USR_000430,USR_000430,,USR_000430,,,2026-01-12,2026-01-12,2026-01-12,简历搜索,非权益,27.9,二线城市,KA,100-499人,销售
USR_000430,,,USR_000430,,,2026-01-07,2026-01-07,2026-01-07,简历搜索,非权益,15.0,二线城市,KA,100-499人,销售
USR_000430,USR_000430,,,,,2026-01-29,2026-01-29,2026-01-29,置顶刷新,权益,9.8,二线城市,KA,100-499人,销售
USR_000430,USR_000430,,,,,2026-01-08,2026-01-08,2026-01-08,企业认证,非权益,6.7,二线城市,KA,100-499人,销售
USR_000430,USR_000430,,,,,2026-01-02,2026-01-02,2026-01-02,企业认证,非权益,14.6,二线城市,KA,100-499人,销售
USR_000430,,,,,,2026-02-23,2026-02-23,2026-02-23,权益礼包,权益,25.8,二线城市,KA,100-499人,销售
USR_000430,USR_000430,,,,,2026-02-04,2026-02-04,2026-02-04,企业认证,非权益,12.6,二线城市,KA,100-499人,销售
USR_000430,,,,,,2026-02-03,2026-02-03,2026-02-03,急聘推广,权益,59.9,二线城市,KA,100-499人,销售
USR_000430,USR_000430,USR_000430,,,,2026-01-06,2026-01-06,2026-01-06,职位发布,非权益,16.6,二线城市,KA,100-499人,销售
USR_000430,USR_000430,,,,,2026-02-02,2026-02-02,2026-02-02,急聘推广,权益,5.9,二线城市,KA,100-499人,销售
USR_000431,USR_000431,USR_000431,,,,2026-01-05,2026-01-05,2026-01-05,职位发布,非权益,13.4,四线城市,SME,500-999人,行政
USR_000431,,,,,,2026-02-09,2026-02-09,2026-02-09,置顶刷新,权益,24.4,四线城市,SME,500-999人,行政
USR_000431,,,,,,2026-02-18,2026-02-18,2026-02-18,置顶刷新,权益,7.9,四线城市,SME,500-999人,行政
USR_000431,USR_000431,,,USR_000431,,2026-02-10,2026-02-10,2026-02-10,在线沟通,非权益,8.7,四线城市,SME,500-999人,行政
USR_000431,,,,USR_000431,,2026-01-27,2026-01-27,2026-01-27,在线沟通,非权益,14.8,四线城市,SME,500-999人,行政
USR_000431,USR_000431,USR_000431,,,,2026-01-02,2026-01-02,2026-01-02,职位发布,非权益,28.4,四线城市,SME,500-999人,行政
USR_000431,USR_000431,,,,,2026-01-04,2026-01-04,2026-01-04,急聘推广,权益,13.1,四线城市,SME,500-999人,行政
USR_000431,USR_000431,USR_000431,,,,2026-01-11,2026-01-11,2026-01-11,职位发布,非权益,9.3,四线城市,SME,500-999人,行政
USR_000431,,,,,USR_000431,2026-02-13,2026-02-13,2026-02-13,简历查看,非权益,6.0,四线城市,SME,500-999人,行政
USR_000431,USR_000431,USR_000431,,,,2026-01-21,2026-01-21,2026-01-21,职位发布,非权益,8.1,四线城市,SME,500-999人,行政
USR_000431,USR_000431,,,,,2026-02-04,2026-02-04,2026-02-04,急聘推广,权益,32.2,四线城市,SME,500-999人,行政
USR_000431,USR_000431,,,,,2026-01-29,2026-01-29,2026-01-29,权益礼包,权益,11.6,四线城市,SME,500-999人,行政
USR_000431,USR_000431,,,,,2026-02-01,2026-02-01,2026-02-01,急聘推广,权益,7.0,四线城市,SME,500-999人,行政
USR_000431,,USR_000431,,,,2026-02-26,2026-02-26,2026-02-26,职位发布,非权益,17.5,四线城市,SME,500-999人,行政
USR_000431,USR_000431,USR_000431,,,,2026-02-07,2026-02-07,2026-02-07,职位发布,非权益,13.9,四线城市,SME,500-999人,行政
USR_000432,USR_000432,,,,,2026-01-24,2026-01-24,2026-01-24,权益礼包,权益,34.9,新一线城市,SME,2000-5000人,客服
USR_000432,USR_000432,,,USR_000432,,2026-01-09,2026-01-09,2026-01-09,在线沟通,非权益,39.7,新一线城市,SME,2000-5000人,客服
USR_000432,,,,,,2026-02-14,2026-02-14,2026-02-14,急聘推广,权益,61.4,新一线城市,SME,2000-5000人,客服
USR_000432,USR_000432,,,USR_000432,,2026-02-02,2026-02-02,2026-02-02,在线沟通,非权益,44.6,新一线城市,SME,2000-5000人,客服
USR_000432,,,,,,2026-02-08,2026-02-08,2026-02-08,权益礼包,权益,6.2,新一线城市,SME,2000-5000人,客服
USR_000432,USR_000432,,,,,2026-01-28,2026-01-28,2026-01-28,急聘推广,权益,17.6,新一线城市,SME,2000-5000人,客服
USR_000432,USR_000432,,,,,2026-02-26,2026-02-26,2026-02-26,急聘推广,权益,5.2,新一线城市,SME,2000-5000人,客服
USR_000432,USR_000432,,,,,2026-01-31,2026-01-31,2026-01-31,权益礼包,权益,7.0,新一线城市,SME,2000-5000人,客服
USR_000432,USR_000432,,,,,2026-02-26,2026-02-26,2026-02-26,企业认证,非权益,56.2,新一线城市,SME,2000-5000人,客服
USR_000432,USR_000432,USR_000432,,,,2026-01-31,2026-01-31,2026-01-31,职位发布,非权益,38.0,新一线城市,SME,2000-5000人,客服
USR_000432,,,,,,2026-02-18,2026-02-18,2026-02-18,企业认证,非权益,23.2,新一线城市,SME,2000-5000人,客服
USR_000433,USR_000433,,USR_000433,,,2026-02-16,2026-02-16,2026-02-16,简历搜索,非权益,24.5,三线城市,KA,5000-10000人,市场
USR_000433,USR_000433,,,,,2026-01-07,2026-01-07,2026-01-07,权益礼包,权益,9.4,三线城市,KA,5000-10000人,市场
USR_000433,USR_000433,,,,,2026-01-03,2026-01-03,2026-01-03,急聘推广,权益,13.6,三线城市,KA,5000-10000人,市场
USR_000433,USR_000433,,,,,2026-01-30,2026-01-30,2026-01-30,急聘推广,权益,5.2,三线城市,KA,5000-10000人,市场
USR_000433,,,,,,2026-02-24,2026-02-24,2026-02-24,权益礼包,权益,8.2,三线城市,KA,5000-10000人,市场
USR_000433,USR_000433,,,,,2026-01-21,2026-01-21,2026-01-21,权益礼包,权益,16.0,三线城市,KA,5000-10000人,市场
USR_000433,USR_000433,,,,USR_000433,2026-01-22,2026-01-22,2026-01-22,简历查看,非权益,13.5,三线城市,KA,5000-10000人,市场
USR_000433,,,,,USR_000433,2026-02-21,2026-02-21,2026-02-21,简历查看,非权益,5.2,三线城市,KA,5000-10000人,市场
USR_000433,USR_000433,,,,,2026-01-28,2026-01-28,2026-01-28,急聘推广,权益,82.0,三线城市,KA,5000-10000人,市场
USR_000433,USR_000433,,,,USR_000433,2026-01-27,2026-01-27,2026-01-27,简历查看,非权益,5.9,三线城市,KA,5000-10000人,市场
USR_000433,,,,USR_000433,,2026-01-13,2026-01-13,2026-01-13,在线沟通,非权益,12.6,三线城市,KA,5000-10000人,市场
USR_000433,USR_000433,,,,,2026-02-21,2026-02-21,2026-02-21,企业认证,非权益,6.6,三线城市,KA,5000-10000人,市场
USR_000433,USR_000433,USR_000433,,,,2026-01-04,2026-01-04,2026-01-04,职位发布,非权益,31.1,三线城市,KA,5000-10000人,市场
USR_000433,USR_000433,USR_000433,,,,2026-01-30,2026-01-30,2026-01-30,职位发布,非权益,8.4,三线城市,KA,5000-10000人,市场
USR_000433,,,,,,2026-02-07,2026-02-07,2026-02-07,企业认证,非权益,27.1,三线城市,KA,5000-10000人,市场
USR_000433,,,,,,2026-02-09,2026-02-09,2026-02-09,权益礼包,权益,10.1,三线城市,KA,5000-10000人,市场
USR_000433,,,,,,2026-01-31,2026-01-31,2026-01-31,企业认证,非权益,15.3,三线城市,KA,5000-10000人,市场
USR_000433,,,,,USR_000433,2026-01-28,2026-01-28,2026-01-28,简历查看,非权益,12.4,三线城市,KA,5000-10000人,市场
USR_000433,USR_000433,,,,USR_000433,2026-02-03,2026-02-03,2026-02-03,简历查看,非权益,19.0,三线城市,KA,5000-10000人,市场
USR_000433,USR_000433,,,,,2026-02-19,2026-02-19,2026-02-19,权益礼包,权益,13.1,三线城市,KA,5000-10000人,市场
USR_000434,USR_000434,,,,,2026-01-07,2026-01-07,2026-01-07,企业认证,非权益,25.2,三线城市,SME,10000人以上,行政
USR_000435,USR_000435,,,,,2026-02-22,2026-02-22,2026-02-22,置顶刷新,权益,45.8,一线城市,SME,5000-10000人,运营
USR_000435,USR_000435,,USR_000435,,,2026-02-07,2026-02-07,2026-02-07,简历搜索,非权益,21.5,一线城市,SME,5000-10000人,运营
USR_000435,,,,,,2026-02-09,2026-02-09,2026-02-09,置顶刷新,权益,8.7,一线城市,SME,5000-10000人,运营
USR_000435,USR_000435,,,,,2026-01-08,2026-01-08,2026-01-08,置顶刷新,权益,16.4,一线城市,SME,5000-10000人,运营
USR_000435,USR_000435,,USR_000435,,,2026-02-27,2026-02-27,2026-02-27,简历搜索,非权益,34.5,一线城市,SME,5000-10000人,运营
USR_000435,USR_000435,,,,USR_000435,2026-01-29,2026-01-29,2026-01-29,简历查看,非权益,13.4,一线城市,SME,5000-10000人,运营
USR_000435,USR_000435,,,USR_000435,,2026-01-21,2026-01-21,2026-01-21,在线沟通,非权益,7.1,一线城市,SME,5000-10000人,运营
USR_000435,USR_000435,USR_000435,,,,2026-02-03,2026-02-03,2026-02-03,职位发布,非权益,18.1,一线城市,SME,5000-10000人,运营
USR_000435,USR_000435,,,USR_000435,,2026-01-13,2026-01-13,2026-01-13,在线沟通,非权益,15.2,一线城市,SME,5000-10000人,运营
USR_000435,USR_000435,,USR_000435,,,2026-01-07,2026-01-07,2026-01-07,简历搜索,非权益,20.0,一线城市,SME,5000-10000人,运营
USR_000435,USR_000435,,,,,2026-01-27,2026-01-27,2026-01-27,企业认证,非权益,20.4,一线城市,SME,5000-10000人,运营
USR_000435,,,,USR_000435,,2026-01-07,2026-01-07,2026-01-07,在线沟通,非权益,43.5,一线城市,SME,5000-10000人,运营
USR_000435,USR_000435,,,,,2026-01-28,2026-01-28,2026-01-28,权益礼包,权益,16.2,一线城市,SME,5000-10000人,运营
USR_000435,USR_000435,,USR_000435,,,2026-02-06,2026-02-06,2026-02-06,简历搜索,非权益,31.8,一线城市,SME,5000-10000人,运营
USR_000435,,,,,,2026-01-12,2026-01-12,2026-01-12,急聘推广,权益,7.9,一线城市,SME,5000-10000人,运营
USR_000435,USR_000435,,,,,2026-01-04,2026-01-04,2026-01-04,权益礼包,权益,18.1,一线城市,SME,5000-10000人,运营
USR_000436,USR_000436,,USR_000436,,,2026-01-28,2026-01-28,2026-01-28,简历搜索,非权益,25.6,四线城市,SME,2000-5000人,市场
USR_000436,,,,USR_000436,,2026-01-29,2026-01-29,2026-01-29,在线沟通,非权益,14.4,四线城市,SME,2000-5000人,市场
USR_000436,,USR_000436,,,,2026-02-24,2026-02-24,2026-02-24,职位发布,非权益,19.3,四线城市,SME,2000-5000人,市场
USR_000436,USR_000436,,,,,2026-02-15,2026-02-15,2026-02-15,急聘推广,权益,14.5,四线城市,SME,2000-5000人,市场
USR_000436,USR_000436,,,,,2026-02-22,2026-02-22,2026-02-22,权益礼包,权益,46.6,四线城市,SME,2000-5000人,市场
USR_000436,,,,USR_000436,,2026-01-04,2026-01-04,2026-01-04,在线沟通,非权益,13.5,四线城市,SME,2000-5000人,市场
USR_000436,USR_000436,,,,,2026-02-14,2026-02-14,2026-02-14,急聘推广,权益,9.8,四线城市,SME,2000-5000人,市场
USR_000436,USR_000436,USR_000436,,,,2026-01-30,2026-01-30,2026-01-30,职位发布,非权益,12.3,四线城市,SME,2000-5000人,市场
USR_000436,,,,,USR_000436,2026-01-27,2026-01-27,2026-01-27,简历查看,非权益,11.8,四线城市,SME,2000-5000人,市场
USR_000436,USR_000436,,,USR_000436,,2026-01-19,2026-01-19,2026-01-19,在线沟通,非权益,8.8,四线城市,SME,2000-5000人,市场
USR_000436,USR_000436,,,,,2026-01-03,2026-01-03,2026-01-03,企业认证,非权益,5.8,四线城市,SME,2000-5000人,市场
USR_000436,USR_000436,,,,,2026-01-01,2026-01-01,2026-01-01,急聘推广,权益,12.2,四线城市,SME,2000-5000人,市场
USR_000436,USR_000436,,,,USR_000436,2026-02-01,2026-02-01,2026-02-01,简历查看,非权益,8.1,四线城市,SME,2000-5000人,市场
USR_000436,USR_000436,,,,,2026-02-28,2026-02-28,2026-02-28,企业认证,非权益,28.6,四线城市,SME,2000-5000人,市场
USR_000436,,,,,,2026-02-24,2026-02-24,2026-02-24,企业认证,非权益,17.4,四线城市,SME,2000-5000人,市场
USR_000436,USR_000436,,,,USR_000436,2026-02-18,2026-02-18,2026-02-18,简历查看,非权益,25.4,四线城市,SME,2000-5000人,市场
USR_000436,USR_000436,,,,,2026-01-06,2026-01-06,2026-01-06,置顶刷新,权益,39.8,四线城市,SME,2000-5000人,市场
USR_000436,,,,,,2026-01-26,2026-01-26,2026-01-26,置顶刷新,权益,39.4,四线城市,SME,2000-5000人,市场
USR_000436,USR_000436,,,USR_000436,,2026-01-30,2026-01-30,2026-01-30,在线沟通,非权益,13.1,四线城市,SME,2000-5000人,市场
USR_000436,USR_000436,USR_000436,,,,2026-01-19,2026-01-19,2026-01-19,职位发布,非权益,21.1,四线城市,SME,2000-5000人,市场
USR_000436,,,,,,2026-02-12,2026-02-12,2026-02-12,置顶刷新,权益,32.3,四线城市,SME,2000-5000人,市场
USR_000436,USR_000436,,,,,2026-02-20,2026-02-20,2026-02-20,企业认证,非权益,13.4,四线城市,SME,2000-5000人,市场
USR_000436,,USR_000436,,,,2026-02-17,2026-02-17,2026-02-17,职位发布,非权益,29.9,四线城市,SME,2000-5000人,市场
USR_000437,USR_000437,,,,,2026-02-15,2026-02-15,2026-02-15,权益礼包,权益,28.2,新一线城市,SME,1-49人,产品
USR_000437,,,,,,2026-01-28,2026-01-28,2026-01-28,急聘推广,权益,26.2,新一线城市,SME,1-49人,产品
USR_000437,USR_000437,USR_000437,,,,2026-01-13,2026-01-13,2026-01-13,职位发布,非权益,11.8,新一线城市,SME,1-49人,产品
USR_000437,,,,,,2026-02-12,2026-02-12,2026-02-12,权益礼包,权益,7.2,新一线城市,SME,1-49人,产品
USR_000437,,,,,,2026-02-05,2026-02-05,2026-02-05,权益礼包,权益,8.7,新一线城市,SME,1-49人,产品
USR_000437,USR_000437,,,,USR_000437,2026-02-09,2026-02-09,2026-02-09,简历查看,非权益,29.8,新一线城市,SME,1-49人,产品
USR_000437,USR_000437,,,,,2026-02-06,2026-02-06,2026-02-06,企业认证,非权益,9.9,新一线城市,SME,1-49人,产品
USR_000437,,,,,,2026-02-14,2026-02-14,2026-02-14,企业认证,非权益,29.1,新一线城市,SME,1-49人,产品
USR_000437,USR_000437,,,,USR_000437,2026-01-08,2026-01-08,2026-01-08,简历查看,非权益,5.2,新一线城市,SME,1-49人,产品
USR_000437,USR_000437,,,USR_000437,,2026-01-12,2026-01-12,2026-01-12,在线沟通,非权益,12.3,新一线城市,SME,1-49人,产品
USR_000437,USR_000437,,,,,2026-01-02,2026-01-02,2026-01-02,置顶刷新,权益,23.5,新一线城市,SME,1-49人,产品
USR_000437,USR_000437,,,,,2026-02-17,2026-02-17,2026-02-17,置顶刷新,权益,37.3,新一线城市,SME,1-49人,产品
USR_000437,,,,,,2026-01-23,2026-01-23,2026-01-23,置顶刷新,权益,18.6,新一线城市,SME,1-49人,产品
USR_000438,,,USR_000438,,,2026-01-29,2026-01-29,2026-01-29,简历搜索,非权益,21.8,二线城市,KA,5000-10000人,客服
USR_000438,,,,,,2026-02-05,2026-02-05,2026-02-05,企业认证,非权益,13.5,二线城市,KA,5000-10000人,客服
USR_000438,USR_000438,,,,,2026-01-02,2026-01-02,2026-01-02,企业认证,非权益,22.6,二线城市,KA,5000-10000人,客服
USR_000438,USR_000438,,,,,2026-02-28,2026-02-28,2026-02-28,急聘推广,权益,62.7,二线城市,KA,5000-10000人,客服
USR_000438,USR_000438,,,USR_000438,,2026-01-17,2026-01-17,2026-01-17,在线沟通,非权益,9.3,二线城市,KA,5000-10000人,客服
USR_000438,,,,,,2026-01-30,2026-01-30,2026-01-30,急聘推广,权益,49.4,二线城市,KA,5000-10000人,客服
USR_000438,,USR_000438,,,,2026-02-07,2026-02-07,2026-02-07,职位发布,非权益,27.5,二线城市,KA,5000-10000人,客服
USR_000438,USR_000438,,USR_000438,,,2026-02-20,2026-02-20,2026-02-20,简历搜索,非权益,22.8,二线城市,KA,5000-10000人,客服
USR_000438,USR_000438,,USR_000438,,,2026-01-14,2026-01-14,2026-01-14,简历搜索,非权益,17.9,二线城市,KA,5000-10000人,客服
USR_000438,USR_000438,,USR_000438,,,2026-01-09,2026-01-09,2026-01-09,简历搜索,非权益,13.7,二线城市,KA,5000-10000人,客服
USR_000438,,,USR_000438,,,2026-02-05,2026-02-05,2026-02-05,简历搜索,非权益,5.5,二线城市,KA,5000-10000人,客服
USR_000438,USR_000438,,,,,2026-01-03,2026-01-03,2026-01-03,企业认证,非权益,35.4,二线城市,KA,5000-10000人,客服
USR_000438,,,,,,2026-02-23,2026-02-23,2026-02-23,置顶刷新,权益,28.7,二线城市,KA,5000-10000人,客服
USR_000438,USR_000438,,,USR_000438,,2026-01-15,2026-01-15,2026-01-15,在线沟通,非权益,22.4,二线城市,KA,5000-10000人,客服
USR_000438,USR_000438,,,,USR_000438,2026-02-14,2026-02-14,2026-02-14,简历查看,非权益,8.0,二线城市,KA,5000-10000人,客服
USR_000438,,,,,,2026-02-01,2026-02-01,2026-02-01,置顶刷新,权益,18.4,二线城市,KA,5000-10000人,客服
USR_000438,USR_000438,,USR_000438,,,2026-02-19,2026-02-19,2026-02-19,简历搜索,非权益,21.7,二线城市,KA,5000-10000人,客服
USR_000438,USR_000438,USR_000438,,,,2026-02-17,2026-02-17,2026-02-17,职位发布,非权益,8.2,二线城市,KA,5000-10000人,客服
USR_000438,,,USR_000438,,,2026-01-19,2026-01-19,2026-01-19,简历搜索,非权益,44.6,二线城市,KA,5000-10000人,客服
USR_000439,,,,,,2026-02-20,2026-02-20,2026-02-20,急聘推广,权益,57.9,二线城市,SME,1-49人,运营
USR_000439,,,,,,2026-01-07,2026-01-07,2026-01-07,企业认证,非权益,8.5,二线城市,SME,1-49人,运营
USR_000439,USR_000439,,,,,2026-01-19,2026-01-19,2026-01-19,急聘推广,权益,6.7,二线城市,SME,1-49人,运营
USR_000439,USR_000439,,,,,2026-02-04,2026-02-04,2026-02-04,权益礼包,权益,28.2,二线城市,SME,1-49人,运营
USR_000439,USR_000439,,,,,2026-02-08,2026-02-08,2026-02-08,权益礼包,权益,12.9,二线城市,SME,1-49人,运营
USR_000439,,,,,,2026-02-20,2026-02-20,2026-02-20,企业认证,非权益,25.8,二线城市,SME,1-49人,运营
USR_000439,USR_000439,,,,,2026-01-22,2026-01-22,2026-01-22,权益礼包,权益,14.1,二线城市,SME,1-49人,运营
USR_000439,USR_000439,,,,,2026-02-05,2026-02-05,2026-02-05,权益礼包,权益,10.4,二线城市,SME,1-49人,运营
USR_000439,USR_000439,,USR_000439,,,2026-01-17,2026-01-17,2026-01-17,简历搜索,非权益,38.8,二线城市,SME,1-49人,运营
USR_000439,,,,,,2026-01-28,2026-01-28,2026-01-28,急聘推广,权益,5.8,二线城市,SME,1-49人,运营
USR_000439,USR_000439,,,,,2026-01-11,2026-01-11,2026-01-11,置顶刷新,权益,35.5,二线城市,SME,1-49人,运营
USR_000439,USR_000439,USR_000439,,,,2026-01-31,2026-01-31,2026-01-31,职位发布,非权益,36.4,二线城市,SME,1-49人,运营
USR_000440,USR_000440,USR_000440,,,,2026-01-19,2026-01-19,2026-01-19,职位发布,非权益,7.9,二线城市,SME,1000-2000人,产品
USR_000440,USR_000440,,,,,2026-01-10,2026-01-10,2026-01-10,急聘推广,权益,30.7,二线城市,SME,1000-2000人,产品
USR_000441,,,,USR_000441,,2026-01-11,2026-01-11,2026-01-11,在线沟通,非权益,8.9,五线城市,SME,1000-2000人,行政
USR_000441,,USR_000441,,,,2026-02-20,2026-02-20,2026-02-20,职位发布,非权益,10.1,五线城市,SME,1000-2000人,行政
USR_000441,,USR_000441,,,,2026-02-08,2026-02-08,2026-02-08,职位发布,非权益,22.6,五线城市,SME,1000-2000人,行政
USR_000441,,,USR_000441,,,2026-02-21,2026-02-21,2026-02-21,简历搜索,非权益,12.3,五线城市,SME,1000-2000人,行政
USR_000441,USR_000441,,,,,2026-02-28,2026-02-28,2026-02-28,急聘推广,权益,23.4,五线城市,SME,1000-2000人,行政
USR_000441,USR_000441,,,,,2026-01-09,2026-01-09,2026-01-09,权益礼包,权益,30.3,五线城市,SME,1000-2000人,行政
USR_000441,,,,,USR_000441,2026-01-20,2026-01-20,2026-01-20,简历查看,非权益,11.7,五线城市,SME,1000-2000人,行政
USR_000441,,USR_000441,,,,2026-01-19,2026-01-19,2026-01-19,职位发布,非权益,15.7,五线城市,SME,1000-2000人,行政
USR_000442,,,,,USR_000442,2026-01-01,2026-01-01,2026-01-01,简历查看,非权益,22.1,五线城市,SME,50-99人,产品
USR_000442,,,,,USR_000442,2026-01-15,2026-01-15,2026-01-15,简历查看,非权益,18.3,五线城市,SME,50-99人,产品
USR_000442,USR_000442,,,,,2026-02-16,2026-02-16,2026-02-16,置顶刷新,权益,47.7,五线城市,SME,50-99人,产品
USR_000442,,,,,,2026-01-24,2026-01-24,2026-01-24,企业认证,非权益,5.6,五线城市,SME,50-99人,产品
USR_000442,USR_000442,,USR_000442,,,2026-01-22,2026-01-22,2026-01-22,简历搜索,非权益,58.8,五线城市,SME,50-99人,产品
USR_000442,,,,,,2026-01-25,2026-01-25,2026-01-25,权益礼包,权益,5.8,五线城市,SME,50-99人,产品
USR_000442,USR_000442,USR_000442,,,,2026-02-28,2026-02-28,2026-02-28,职位发布,非权益,33.5,五线城市,SME,50-99人,产品
USR_000442,,,,,,2026-02-06,2026-02-06,2026-02-06,企业认证,非权益,49.8,五线城市,SME,50-99人,产品
USR_000442,,,,,,2026-01-13,2026-01-13,2026-01-13,权益礼包,权益,15.8,五线城市,SME,50-99人,产品
USR_000442,,,,,,2026-02-21,2026-02-21,2026-02-21,权益礼包,权益,16.5,五线城市,SME,50-99人,产品
USR_000443,USR_000443,,USR_000443,,,2026-02-15,2026-02-15,2026-02-15,简历搜索,非权益,7.8,一线城市,KA,5000-10000人,运营
USR_000443,,USR_000443,,,,2026-01-12,2026-01-12,2026-01-12,职位发布,非权益,15.2,一线城市,KA,5000-10000人,运营
USR_000443,,,USR_000443,,,2026-01-12,2026-01-12,2026-01-12,简历搜索,非权益,29.0,一线城市,KA,5000-10000人,运营
USR_000443,USR_000443,,,,,2026-01-30,2026-01-30,2026-01-30,权益礼包,权益,20.6,一线城市,KA,5000-10000人,运营
USR_000443,,USR_000443,,,,2026-01-18,2026-01-18,2026-01-18,职位发布,非权益,42.3,一线城市,KA,5000-10000人,运营
USR_000443,USR_000443,,,,,2026-02-11,2026-02-11,2026-02-11,企业认证,非权益,37.0,一线城市,KA,5000-10000人,运营
USR_000443,USR_000443,,,,,2026-01-26,2026-01-26,2026-01-26,急聘推广,权益,10.3,一线城市,KA,5000-10000人,运营
USR_000443,,,USR_000443,,,2026-01-04,2026-01-04,2026-01-04,简历搜索,非权益,10.3,一线城市,KA,5000-10000人,运营
USR_000443,,,,,,2026-01-03,2026-01-03,2026-01-03,急聘推广,权益,22.4,一线城市,KA,5000-10000人,运营
USR_000443,USR_000443,,,,,2026-01-05,2026-01-05,2026-01-05,权益礼包,权益,6.3,一线城市,KA,5000-10000人,运营
USR_000443,USR_000443,,,USR_000443,,2026-02-23,2026-02-23,2026-02-23,在线沟通,非权益,10.5,一线城市,KA,5000-10000人,运营
USR_000443,USR_000443,,,,,2026-01-29,2026-01-29,2026-01-29,急聘推广,权益,7.0,一线城市,KA,5000-10000人,运营
USR_000443,USR_000443,,,,,2026-01-01,2026-01-01,2026-01-01,企业认证,非权益,15.6,一线城市,KA,5000-10000人,运营
USR_000443,USR_000443,,,USR_000443,,2026-01-04,2026-01-04,2026-01-04,在线沟通,非权益,22.3,一线城市,KA,5000-10000人,运营
USR_000443,,USR_000443,,,,2026-01-09,2026-01-09,2026-01-09,职位发布,非权益,42.8,一线城市,KA,5000-10000人,运营
USR_000443,,USR_000443,,,,2026-02-10,2026-02-10,2026-02-10,职位发布,非权益,18.8,一线城市,KA,5000-10000人,运营
USR_000443,,,,USR_000443,,2026-01-29,2026-01-29,2026-01-29,在线沟通,非权益,19.0,一线城市,KA,5000-10000人,运营
USR_000443,,USR_000443,,,,2026-01-01,2026-01-01,2026-01-01,职位发布,非权益,5.3,一线城市,KA,5000-10000人,运营
USR_000443,USR_000443,,USR_000443,,,2026-01-15,2026-01-15,2026-01-15,简历搜索,非权益,31.7,一线城市,KA,5000-10000人,运营
USR_000444,,USR_000444,,,,2026-02-19,2026-02-19,2026-02-19,职位发布,非权益,19.8,四线城市,KA,100-499人,销售
USR_000444,USR_000444,,,,,2026-01-21,2026-01-21,2026-01-21,权益礼包,权益,10.7,四线城市,KA,100-499人,销售
USR_000444,USR_000444,,,,,2026-01-11,2026-01-11,2026-01-11,企业认证,非权益,10.0,四线城市,KA,100-499人,销售
USR_000444,,,,,USR_000444,2026-01-01,2026-01-01,2026-01-01,简历查看,非权益,5.6,四线城市,KA,100-499人,销售
USR_000444,USR_000444,,,USR_000444,,2026-02-20,2026-02-20,2026-02-20,在线沟通,非权益,58.2,四线城市,KA,100-499人,销售
USR_000444,USR_000444,,,,,2026-01-20,2026-01-20,2026-01-20,权益礼包,权益,14.3,四线城市,KA,100-499人,销售
USR_000444,,,USR_000444,,,2026-01-22,2026-01-22,2026-01-22,简历搜索,非权益,11.4,四线城市,KA,100-499人,销售
USR_000444,USR_000444,,USR_000444,,,2026-01-31,2026-01-31,2026-01-31,简历搜索,非权益,5.4,四线城市,KA,100-499人,销售
USR_000444,USR_000444,,,,,2026-01-19,2026-01-19,2026-01-19,企业认证,非权益,14.3,四线城市,KA,100-499人,销售
USR_000444,,,,,,2026-02-02,2026-02-02,2026-02-02,置顶刷新,权益,17.1,四线城市,KA,100-499人,销售
USR_000444,USR_000444,,,,,2026-02-16,2026-02-16,2026-02-16,权益礼包,权益,22.0,四线城市,KA,100-499人,销售
USR_000444,USR_000444,,USR_000444,,,2026-01-18,2026-01-18,2026-01-18,简历搜索,非权益,9.5,四线城市,KA,100-499人,销售
USR_000444,,,,,,2026-01-23,2026-01-23,2026-01-23,置顶刷新,权益,12.8,四线城市,KA,100-499人,销售
USR_000444,,,,,,2026-02-11,2026-02-11,2026-02-11,置顶刷新,权益,8.5,四线城市,KA,100-499人,销售
USR_000445,USR_000445,,,,,2026-01-10,2026-01-10,2026-01-10,急聘推广,权益,42.0,五线城市,KA,2000-5000人,研发
USR_000445,USR_000445,,USR_000445,,,2026-02-24,2026-02-24,2026-02-24,简历搜索,非权益,13.4,五线城市,KA,2000-5000人,研发
USR_000445,USR_000445,,,,,2026-01-28,2026-01-28,2026-01-28,置顶刷新,权益,30.8,五线城市,KA,2000-5000人,研发
USR_000445,USR_000445,,,,,2026-01-23,2026-01-23,2026-01-23,急聘推广,权益,17.2,五线城市,KA,2000-5000人,研发
USR_000445,USR_000445,,USR_000445,,,2026-01-15,2026-01-15,2026-01-15,简历搜索,非权益,7.1,五线城市,KA,2000-5000人,研发
USR_000446,USR_000446,,USR_000446,,,2026-02-07,2026-02-07,2026-02-07,简历搜索,非权益,16.3,一线城市,SME,500-999人,财务
USR_000446,,,,,,2026-01-01,2026-01-01,2026-01-01,急聘推广,权益,23.6,一线城市,SME,500-999人,财务
USR_000446,USR_000446,,,,,2026-02-20,2026-02-20,2026-02-20,权益礼包,权益,12.9,一线城市,SME,500-999人,财务
USR_000447,USR_000447,,,,USR_000447,2026-02-24,2026-02-24,2026-02-24,简历查看,非权益,5.9,五线城市,SME,5000-10000人,研发
USR_000447,USR_000447,,,,,2026-01-13,2026-01-13,2026-01-13,置顶刷新,权益,29.2,五线城市,SME,5000-10000人,研发
USR_000447,USR_000447,,,,,2026-02-19,2026-02-19,2026-02-19,置顶刷新,权益,22.3,五线城市,SME,5000-10000人,研发
USR_000447,,,,,,2026-02-24,2026-02-24,2026-02-24,权益礼包,权益,17.5,五线城市,SME,5000-10000人,研发
USR_000447,USR_000447,,,,USR_000447,2026-02-19,2026-02-19,2026-02-19,简历查看,非权益,30.8,五线城市,SME,5000-10000人,研发
USR_000447,,,,,,2026-01-06,2026-01-06,2026-01-06,急聘推广,权益,5.6,五线城市,SME,5000-10000人,研发
USR_000447,USR_000447,,USR_000447,,,2026-01-03,2026-01-03,2026-01-03,简历搜索,非权益,6.8,五线城市,SME,5000-10000人,研发
USR_000447,,,,,,2026-02-18,2026-02-18,2026-02-18,急聘推广,权益,15.3,五线城市,SME,5000-10000人,研发
USR_000447,USR_000447,,,USR_000447,,2026-02-10,2026-02-10,2026-02-10,在线沟通,非权益,27.8,五线城市,SME,5000-10000人,研发
USR_000447,USR_000447,,,,,2026-01-23,2026-01-23,2026-01-23,急聘推广,权益,16.2,五线城市,SME,5000-10000人,研发
USR_000447,USR_000447,,,,,2026-02-14,2026-02-14,2026-02-14,置顶刷新,权益,16.9,五线城市,SME,5000-10000人,研发
USR_000447,USR_000447,,USR_000447,,,2026-01-20,2026-01-20,2026-01-20,简历搜索,非权益,18.1,五线城市,SME,5000-10000人,研发
USR_000447,,,USR_000447,,,2026-02-19,2026-02-19,2026-02-19,简历搜索,非权益,12.6,五线城市,SME,5000-10000人,研发
USR_000448,USR_000448,,,,,2026-02-07,2026-02-07,2026-02-07,急聘推广,权益,14.4,二线城市,SME,1000-2000人,产品
USR_000448,,,,,,2026-02-12,2026-02-12,2026-02-12,急聘推广,权益,13.8,二线城市,SME,1000-2000人,产品
USR_000448,,USR_000448,,,,2026-01-03,2026-01-03,2026-01-03,职位发布,非权益,6.5,二线城市,SME,1000-2000人,产品
USR_000448,USR_000448,,,,,2026-01-27,2026-01-27,2026-01-27,置顶刷新,权益,10.0,二线城市,SME,1000-2000人,产品
USR_000448,,,,,,2026-01-08,2026-01-08,2026-01-08,急聘推广,权益,17.5,二线城市,SME,1000-2000人,产品
USR_000448,USR_000448,,,,,2026-01-18,2026-01-18,2026-01-18,急聘推广,权益,18.3,二线城市,SME,1000-2000人,产品
USR_000448,USR_000448,,,,,2026-02-24,2026-02-24,2026-02-24,企业认证,非权益,10.1,二线城市,SME,1000-2000人,产品
USR_000448,USR_000448,,,,USR_000448,2026-02-10,2026-02-10,2026-02-10,简历查看,非权益,9.5,二线城市,SME,1000-2000人,产品
USR_000448,USR_000448,,,,,2026-01-13,2026-01-13,2026-01-13,置顶刷新,权益,16.8,二线城市,SME,1000-2000人,产品
USR_000448,USR_000448,,,,,2026-02-19,2026-02-19,2026-02-19,企业认证,非权益,51.1,二线城市,SME,1000-2000人,产品
USR_000448,USR_000448,,,,,2026-01-29,2026-01-29,2026-01-29,企业认证,非权益,41.1,二线城市,SME,1000-2000人,产品
USR_000448,USR_000448,,,,,2026-02-13,2026-02-13,2026-02-13,置顶刷新,权益,38.8,二线城市,SME,1000-2000人,产品
USR_000448,USR_000448,,,,,2026-02-25,2026-02-25,2026-02-25,急聘推广,权益,32.0,二线城市,SME,1000-2000人,产品
USR_000448,,,,,,2026-02-18,2026-02-18,2026-02-18,权益礼包,权益,8.1,二线城市,SME,1000-2000人,产品
USR_000448,USR_000448,,,,,2026-02-01,2026-02-01,2026-02-01,企业认证,非权益,12.1,二线城市,SME,1000-2000人,产品
USR_000448,,,,,,2026-02-17,2026-02-17,2026-02-17,置顶刷新,权益,8.5,二线城市,SME,1000-2000人,产品
USR_000448,USR_000448,USR_000448,,,,2026-01-10,2026-01-10,2026-01-10,职位发布,非权益,10.9,二线城市,SME,1000-2000人,产品
USR_000448,USR_000448,,USR_000448,,,2026-02-15,2026-02-15,2026-02-15,简历搜索,非权益,21.9,二线城市,SME,1000-2000人,产品
USR_000448,USR_000448,,,,,2026-01-11,2026-01-11,2026-01-11,权益礼包,权益,8.2,二线城市,SME,1000-2000人,产品
USR_000448,,,,,,2026-02-22,2026-02-22,2026-02-22,企业认证,非权益,7.0,二线城市,SME,1000-2000人,产品
USR_000448,,,,,,2026-02-11,2026-02-11,2026-02-11,企业认证,非权益,5.3,二线城市,SME,1000-2000人,产品
USR_000448,USR_000448,,,,USR_000448,2026-01-20,2026-01-20,2026-01-20,简历查看,非权益,10.5,二线城市,SME,1000-2000人,产品
USR_000448,,,,,,2026-02-27,2026-02-27,2026-02-27,急聘推广,权益,15.8,二线城市,SME,1000-2000人,产品
USR_000448,USR_000448,,,,USR_000448,2026-01-06,2026-01-06,2026-01-06,简历查看,非权益,16.5,二线城市,SME,1000-2000人,产品
USR_000449,,USR_000449,,,,2026-02-25,2026-02-25,2026-02-25,职位发布,非权益,12.2,三线城市,SME,1000-2000人,市场
USR_000449,USR_000449,,,USR_000449,,2026-01-20,2026-01-20,2026-01-20,在线沟通,非权益,17.7,三线城市,SME,1000-2000人,市场
USR_000449,USR_000449,,,,,2026-02-18,2026-02-18,2026-02-18,权益礼包,权益,14.4,三线城市,SME,1000-2000人,市场
USR_000449,USR_000449,,,,,2026-02-06,2026-02-06,2026-02-06,急聘推广,权益,7.9,三线城市,SME,1000-2000人,市场
USR_000449,,,,,,2026-01-29,2026-01-29,2026-01-29,置顶刷新,权益,56.7,三线城市,SME,1000-2000人,市场
USR_000449,USR_000449,,USR_000449,,,2026-02-21,2026-02-21,2026-02-21,简历搜索,非权益,28.9,三线城市,SME,1000-2000人,市场
USR_000449,USR_000449,,,USR_000449,,2026-02-11,2026-02-11,2026-02-11,在线沟通,非权益,6.1,三线城市,SME,1000-2000人,市场
USR_000449,USR_000449,,,,,2026-01-31,2026-01-31,2026-01-31,急聘推广,权益,17.7,三线城市,SME,1000-2000人,市场
USR_000449,,,,,,2026-01-06,2026-01-06,2026-01-06,企业认证,非权益,24.2,三线城市,SME,1000-2000人,市场
USR_000449,USR_000449,USR_000449,,,,2026-02-03,2026-02-03,2026-02-03,职位发布,非权益,24.3,三线城市,SME,1000-2000人,市场
USR_000449,,,,,,2026-02-08,2026-02-08,2026-02-08,置顶刷新,权益,25.7,三线城市,SME,1000-2000人,市场
USR_000449,,,,,,2026-01-27,2026-01-27,2026-01-27,置顶刷新,权益,17.0,三线城市,SME,1000-2000人,市场
USR_000449,,,,,,2026-02-17,2026-02-17,2026-02-17,置顶刷新,权益,15.4,三线城市,SME,1000-2000人,市场
USR_000449,USR_000449,,,,USR_000449,2026-01-15,2026-01-15,2026-01-15,简历查看,非权益,8.2,三线城市,SME,1000-2000人,市场
USR_000449,USR_000449,,,USR_000449,,2026-01-26,2026-01-26,2026-01-26,在线沟通,非权益,14.0,三线城市,SME,1000-2000人,市场
USR_000449,USR_000449,,,,,2026-01-05,2026-01-05,2026-01-05,权益礼包,权益,27.0,三线城市,SME,1000-2000人,市场
USR_000449,USR_000449,,,,,2026-01-04,2026-01-04,2026-01-04,急聘推广,权益,8.3,三线城市,SME,1000-2000人,市场
USR_000449,,,,USR_000449,,2026-01-03,2026-01-03,2026-01-03,在线沟通,非权益,9.0,三线城市,SME,1000-2000人,市场
USR_000449,USR_000449,,,,,2026-01-21,2026-01-21,2026-01-21,企业认证,非权益,11.5,三线城市,SME,1000-2000人,市场
USR_000449,,,,,,2026-02-13,2026-02-13,2026-02-13,企业认证,非权益,12.2,三线城市,SME,1000-2000人,市场
USR_000450,USR_000450,USR_000450,,,,2026-03-01,2026-03-01,2026-03-01,职位发布,非权益,12.7,三线城市,SME,500-999人,产品
USR_000450,USR_000450,,,,,2026-02-03,2026-02-03,2026-02-03,急聘推广,权益,9.7,三线城市,SME,500-999人,产品
USR_000450,,,,,,2026-02-05,2026-02-05,2026-02-05,置顶刷新,权益,30.2,三线城市,SME,500-999人,产品
USR_000450,,,,USR_000450,,2026-02-09,2026-02-09,2026-02-09,在线沟通,非权益,19.2,三线城市,SME,500-999人,产品
USR_000450,,,,,,2026-01-18,2026-01-18,2026-01-18,权益礼包,权益,29.7,三线城市,SME,500-999人,产品
USR_000450,USR_000450,,,,,2026-02-07,2026-02-07,2026-02-07,权益礼包,权益,6.4,三线城市,SME,500-999人,产品
USR_000450,,,,,,2026-01-14,2026-01-14,2026-01-14,企业认证,非权益,25.4,三线城市,SME,500-999人,产品
USR_000450,,,USR_000450,,,2026-02-19,2026-02-19,2026-02-19,简历搜索,非权益,45.9,三线城市,SME,500-999人,产品
USR_000450,USR_000450,,,,USR_000450,2026-02-27,2026-02-27,2026-02-27,简历查看,非权益,16.2,三线城市,SME,500-999人,产品
USR_000450,,,,USR_000450,,2026-02-09,2026-02-09,2026-02-09,在线沟通,非权益,48.8,三线城市,SME,500-999人,产品
USR_000450,,,USR_000450,,,2026-02-06,2026-02-06,2026-02-06,简历搜索,非权益,18.1,三线城市,SME,500-999人,产品
USR_000450,USR_000450,,,,USR_000450,2026-01-27,2026-01-27,2026-01-27,简历查看,非权益,10.6,三线城市,SME,500-999人,产品
USR_000451,USR_000451,,,USR_000451,,2026-02-02,2026-02-02,2026-02-02,在线沟通,非权益,5.2,五线城市,SME,1-49人,市场
USR_000451,USR_000451,,,,,2026-02-02,2026-02-02,2026-02-02,置顶刷新,权益,55.2,五线城市,SME,1-49人,市场
USR_000451,USR_000451,,,,,2026-01-11,2026-01-11,2026-01-11,权益礼包,权益,27.4,五线城市,SME,1-49人,市场
USR_000451,USR_000451,,,,,2026-01-30,2026-01-30,2026-01-30,企业认证,非权益,18.5,五线城市,SME,1-49人,市场
USR_000451,,,,,,2026-02-12,2026-02-12,2026-02-12,置顶刷新,权益,8.7,五线城市,SME,1-49人,市场
USR_000451,USR_000451,,,USR_000451,,2026-01-15,2026-01-15,2026-01-15,在线沟通,非权益,6.9,五线城市,SME,1-49人,市场
USR_000451,USR_000451,,,,,2026-01-31,2026-01-31,2026-01-31,企业认证,非权益,21.3,五线城市,SME,1-49人,市场
USR_000451,,USR_000451,,,,2026-01-11,2026-01-11,2026-01-11,职位发布,非权益,32.6,五线城市,SME,1-49人,市场
USR_000451,USR_000451,,,,USR_000451,2026-02-05,2026-02-05,2026-02-05,简历查看,非权益,6.3,五线城市,SME,1-49人,市场
USR_000451,,,USR_000451,,,2026-02-02,2026-02-02,2026-02-02,简历搜索,非权益,46.8,五线城市,SME,1-49人,市场
USR_000451,USR_000451,,,,,2026-01-07,2026-01-07,2026-01-07,急聘推广,权益,8.7,五线城市,SME,1-49人,市场
USR_000451,USR_000451,,,,,2026-02-06,2026-02-06,2026-02-06,企业认证,非权益,6.0,五线城市,SME,1-49人,市场
USR_000451,USR_000451,,,,,2026-01-08,2026-01-08,2026-01-08,企业认证,非权益,45.6,五线城市,SME,1-49人,市场
USR_000452,,,,,,2026-01-22,2026-01-22,2026-01-22,企业认证,非权益,5.4,五线城市,SME,500-999人,客服
USR_000452,USR_000452,,,,,2026-02-07,2026-02-07,2026-02-07,权益礼包,权益,18.4,五线城市,SME,500-999人,客服
USR_000452,,,,,,2026-01-19,2026-01-19,2026-01-19,置顶刷新,权益,37.0,五线城市,SME,500-999人,客服
USR_000452,USR_000452,,,,,2026-01-22,2026-01-22,2026-01-22,置顶刷新,权益,13.4,五线城市,SME,500-999人,客服
USR_000452,,,,USR_000452,,2026-02-04,2026-02-04,2026-02-04,在线沟通,非权益,16.2,五线城市,SME,500-999人,客服
USR_000452,,,,USR_000452,,2026-02-16,2026-02-16,2026-02-16,在线沟通,非权益,6.3,五线城市,SME,500-999人,客服
USR_000452,,,,,,2026-02-16,2026-02-16,2026-02-16,急聘推广,权益,31.8,五线城市,SME,500-999人,客服
USR_000452,USR_000452,,,USR_000452,,2026-01-05,2026-01-05,2026-01-05,在线沟通,非权益,6.0,五线城市,SME,500-999人,客服
USR_000452,,,,,USR_000452,2026-01-15,2026-01-15,2026-01-15,简历查看,非权益,7.3,五线城市,SME,500-999人,客服
USR_000452,USR_000452,,,,,2026-01-29,2026-01-29,2026-01-29,企业认证,非权益,35.0,五线城市,SME,500-999人,客服
USR_000452,USR_000452,,,USR_000452,,2026-01-28,2026-01-28,2026-01-28,在线沟通,非权益,12.3,五线城市,SME,500-999人,客服
USR_000452,USR_000452,,,,,2026-01-16,2026-01-16,2026-01-16,急聘推广,权益,14.4,五线城市,SME,500-999人,客服
USR_000452,USR_000452,USR_000452,,,,2026-01-10,2026-01-10,2026-01-10,职位发布,非权益,39.1,五线城市,SME,500-999人,客服
USR_000452,USR_000452,USR_000452,,,,2026-02-13,2026-02-13,2026-02-13,职位发布,非权益,14.6,五线城市,SME,500-999人,客服
USR_000452,,USR_000452,,,,2026-01-04,2026-01-04,2026-01-04,职位发布,非权益,21.4,五线城市,SME,500-999人,客服
USR_000452,,,,,,2026-01-02,2026-01-02,2026-01-02,企业认证,非权益,42.2,五线城市,SME,500-999人,客服
USR_000452,USR_000452,,,,USR_000452,2026-01-06,2026-01-06,2026-01-06,简历查看,非权益,71.6,五线城市,SME,500-999人,客服
USR_000453,USR_000453,,,USR_000453,,2026-02-13,2026-02-13,2026-02-13,在线沟通,非权益,5.3,三线城市,KA,2000-5000人,产品
USR_000453,USR_000453,,USR_000453,,,2026-01-27,2026-01-27,2026-01-27,简历搜索,非权益,99.2,三线城市,KA,2000-5000人,产品
USR_000453,,,USR_000453,,,2026-02-21,2026-02-21,2026-02-21,简历搜索,非权益,6.2,三线城市,KA,2000-5000人,产品
USR_000453,USR_000453,,,,,2026-01-29,2026-01-29,2026-01-29,权益礼包,权益,34.0,三线城市,KA,2000-5000人,产品
USR_000453,USR_000453,,,,,2026-01-30,2026-01-30,2026-01-30,置顶刷新,权益,16.2,三线城市,KA,2000-5000人,产品
USR_000453,USR_000453,,,,,2026-02-27,2026-02-27,2026-02-27,急聘推广,权益,40.1,三线城市,KA,2000-5000人,产品
USR_000453,USR_000453,,,,,2026-02-02,2026-02-02,2026-02-02,置顶刷新,权益,7.4,三线城市,KA,2000-5000人,产品
USR_000453,USR_000453,,,,USR_000453,2026-01-25,2026-01-25,2026-01-25,简历查看,非权益,18.4,三线城市,KA,2000-5000人,产品
USR_000453,USR_000453,,,,,2026-02-05,2026-02-05,2026-02-05,置顶刷新,权益,13.3,三线城市,KA,2000-5000人,产品
USR_000453,USR_000453,,,,USR_000453,2026-01-26,2026-01-26,2026-01-26,简历查看,非权益,9.8,三线城市,KA,2000-5000人,产品
USR_000453,,,,USR_000453,,2026-02-12,2026-02-12,2026-02-12,在线沟通,非权益,11.1,三线城市,KA,2000-5000人,产品
USR_000453,,,,USR_000453,,2026-02-22,2026-02-22,2026-02-22,在线沟通,非权益,14.8,三线城市,KA,2000-5000人,产品
USR_000453,USR_000453,,,,,2026-02-06,2026-02-06,2026-02-06,急聘推广,权益,14.7,三线城市,KA,2000-5000人,产品
USR_000453,USR_000453,,USR_000453,,,2026-01-31,2026-01-31,2026-01-31,简历搜索,非权益,43.5,三线城市,KA,2000-5000人,产品
USR_000453,USR_000453,,,USR_000453,,2026-01-07,2026-01-07,2026-01-07,在线沟通,非权益,20.3,三线城市,KA,2000-5000人,产品
USR_000453,USR_000453,USR_000453,,,,2026-02-26,2026-02-26,2026-02-26,职位发布,非权益,34.6,三线城市,KA,2000-5000人,产品
USR_000453,,,,,,2026-01-27,2026-01-27,2026-01-27,置顶刷新,权益,9.8,三线城市,KA,2000-5000人,产品
USR_000453,USR_000453,USR_000453,,,,2026-02-17,2026-02-17,2026-02-17,职位发布,非权益,8.3,三线城市,KA,2000-5000人,产品
USR_000453,,,,USR_000453,,2026-01-07,2026-01-07,2026-01-07,在线沟通,非权益,6.6,三线城市,KA,2000-5000人,产品
USR_000453,,USR_000453,,,,2026-01-11,2026-01-11,2026-01-11,职位发布,非权益,10.5,三线城市,KA,2000-5000人,产品
USR_000453,USR_000453,,,,,2026-02-06,2026-02-06,2026-02-06,急聘推广,权益,14.6,三线城市,KA,2000-5000人,产品
USR_000453,USR_000453,,USR_000453,,,2026-01-07,2026-01-07,2026-01-07,简历搜索,非权益,13.1,三线城市,KA,2000-5000人,产品
USR_000453,,,,,,2026-01-07,2026-01-07,2026-01-07,置顶刷新,权益,54.2,三线城市,KA,2000-5000人,产品
USR_000454,,USR_000454,,,,2026-02-28,2026-02-28,2026-02-28,职位发布,非权益,32.5,五线城市,KA,2000-5000人,客服
USR_000454,USR_000454,,,USR_000454,,2026-01-24,2026-01-24,2026-01-24,在线沟通,非权益,36.4,五线城市,KA,2000-5000人,客服
USR_000454,USR_000454,,USR_000454,,,2026-02-12,2026-02-12,2026-02-12,简历搜索,非权益,39.2,五线城市,KA,2000-5000人,客服
USR_000454,USR_000454,,,,,2026-01-10,2026-01-10,2026-01-10,急聘推广,权益,13.8,五线城市,KA,2000-5000人,客服
USR_000454,USR_000454,,,,,2026-02-03,2026-02-03,2026-02-03,权益礼包,权益,11.0,五线城市,KA,2000-5000人,客服
USR_000454,USR_000454,,,,,2026-01-31,2026-01-31,2026-01-31,权益礼包,权益,17.3,五线城市,KA,2000-5000人,客服
USR_000454,USR_000454,USR_000454,,,,2026-01-08,2026-01-08,2026-01-08,职位发布,非权益,25.3,五线城市,KA,2000-5000人,客服
USR_000454,USR_000454,,,,USR_000454,2026-01-30,2026-01-30,2026-01-30,简历查看,非权益,17.6,五线城市,KA,2000-5000人,客服
USR_000454,USR_000454,,,,,2026-01-05,2026-01-05,2026-01-05,急聘推广,权益,7.6,五线城市,KA,2000-5000人,客服
USR_000455,USR_000455,,,,,2026-02-17,2026-02-17,2026-02-17,企业认证,非权益,59.6,一线城市,SME,100-499人,客服
USR_000455,USR_000455,,,,,2026-01-15,2026-01-15,2026-01-15,权益礼包,权益,18.8,一线城市,SME,100-499人,客服
USR_000455,USR_000455,,,USR_000455,,2026-01-02,2026-01-02,2026-01-02,在线沟通,非权益,21.1,一线城市,SME,100-499人,客服
USR_000455,,,,,,2026-01-04,2026-01-04,2026-01-04,权益礼包,权益,8.6,一线城市,SME,100-499人,客服
USR_000455,USR_000455,,,,,2026-02-02,2026-02-02,2026-02-02,置顶刷新,权益,11.2,一线城市,SME,100-499人,客服
USR_000455,,USR_000455,,,,2026-02-13,2026-02-13,2026-02-13,职位发布,非权益,8.3,一线城市,SME,100-499人,客服
USR_000455,USR_000455,,USR_000455,,,2026-02-24,2026-02-24,2026-02-24,简历搜索,非权益,20.7,一线城市,SME,100-499人,客服
USR_000455,USR_000455,USR_000455,,,,2026-02-19,2026-02-19,2026-02-19,职位发布,非权益,14.6,一线城市,SME,100-499人,客服
USR_000455,USR_000455,,,USR_000455,,2026-02-02,2026-02-02,2026-02-02,在线沟通,非权益,33.0,一线城市,SME,100-499人,客服
USR_000455,USR_000455,,,,,2026-02-06,2026-02-06,2026-02-06,急聘推广,权益,8.0,一线城市,SME,100-499人,客服
USR_000455,USR_000455,,,USR_000455,,2026-02-05,2026-02-05,2026-02-05,在线沟通,非权益,10.1,一线城市,SME,100-499人,客服
USR_000455,USR_000455,,,,,2026-02-13,2026-02-13,2026-02-13,企业认证,非权益,9.3,一线城市,SME,100-499人,客服
USR_000455,USR_000455,,,,,2026-02-18,2026-02-18,2026-02-18,权益礼包,权益,33.9,一线城市,SME,100-499人,客服
USR_000455,,,,,,2026-01-14,2026-01-14,2026-01-14,急聘推广,权益,5.1,一线城市,SME,100-499人,客服
USR_000455,USR_000455,,USR_000455,,,2026-01-01,2026-01-01,2026-01-01,简历搜索,非权益,59.0,一线城市,SME,100-499人,客服
USR_000455,USR_000455,,USR_000455,,,2026-02-22,2026-02-22,2026-02-22,简历搜索,非权益,11.9,一线城市,SME,100-499人,客服
USR_000456,USR_000456,,,,,2026-01-24,2026-01-24,2026-01-24,企业认证,非权益,5.5,一线城市,SME,5000-10000人,研发
USR_000456,USR_000456,,,,USR_000456,2026-02-26,2026-02-26,2026-02-26,简历查看,非权益,13.4,一线城市,SME,5000-10000人,研发
USR_000456,USR_000456,,,,,2026-02-27,2026-02-27,2026-02-27,置顶刷新,权益,10.0,一线城市,SME,5000-10000人,研发
USR_000456,USR_000456,USR_000456,,,,2026-02-18,2026-02-18,2026-02-18,职位发布,非权益,8.5,一线城市,SME,5000-10000人,研发
USR_000457,USR_000457,,,,USR_000457,2026-02-01,2026-02-01,2026-02-01,简历查看,非权益,5.3,二线城市,SME,50-99人,行政
USR_000457,USR_000457,,,,,2026-01-13,2026-01-13,2026-01-13,急聘推广,权益,6.5,二线城市,SME,50-99人,行政
USR_000457,,,USR_000457,,,2026-02-12,2026-02-12,2026-02-12,简历搜索,非权益,54.9,二线城市,SME,50-99人,行政
USR_000457,,,,,,2026-01-17,2026-01-17,2026-01-17,权益礼包,权益,18.9,二线城市,SME,50-99人,行政
USR_000457,USR_000457,,,,,2026-03-01,2026-03-01,2026-03-01,权益礼包,权益,17.3,二线城市,SME,50-99人,行政
USR_000457,USR_000457,,USR_000457,,,2026-01-19,2026-01-19,2026-01-19,简历搜索,非权益,15.5,二线城市,SME,50-99人,行政
USR_000457,USR_000457,,USR_000457,,,2026-01-04,2026-01-04,2026-01-04,简历搜索,非权益,55.1,二线城市,SME,50-99人,行政
USR_000457,USR_000457,,,,,2026-02-02,2026-02-02,2026-02-02,权益礼包,权益,15.6,二线城市,SME,50-99人,行政
USR_000458,,,,,,2026-01-05,2026-01-05,2026-01-05,置顶刷新,权益,43.9,三线城市,SME,5000-10000人,销售
USR_000458,USR_000458,,,,,2026-03-01,2026-03-01,2026-03-01,企业认证,非权益,8.2,三线城市,SME,5000-10000人,销售
USR_000458,USR_000458,,,,,2026-01-28,2026-01-28,2026-01-28,企业认证,非权益,15.1,三线城市,SME,5000-10000人,销售
USR_000458,USR_000458,,,,,2026-02-21,2026-02-21,2026-02-21,置顶刷新,权益,8.8,三线城市,SME,5000-10000人,销售
USR_000458,USR_000458,,,USR_000458,,2026-01-02,2026-01-02,2026-01-02,在线沟通,非权益,22.6,三线城市,SME,5000-10000人,销售
USR_000458,USR_000458,USR_000458,,,,2026-01-03,2026-01-03,2026-01-03,职位发布,非权益,20.0,三线城市,SME,5000-10000人,销售
USR_000458,USR_000458,,,,USR_000458,2026-01-23,2026-01-23,2026-01-23,简历查看,非权益,5.4,三线城市,SME,5000-10000人,销售
USR_000458,USR_000458,,,,USR_000458,2026-02-20,2026-02-20,2026-02-20,简历查看,非权益,12.4,三线城市,SME,5000-10000人,销售
USR_000458,,,USR_000458,,,2026-01-26,2026-01-26,2026-01-26,简历搜索,非权益,22.0,三线城市,SME,5000-10000人,销售
USR_000458,USR_000458,,,,USR_000458,2026-02-11,2026-02-11,2026-02-11,简历查看,非权益,43.9,三线城市,SME,5000-10000人,销售
USR_000458,USR_000458,,,,,2026-02-20,2026-02-20,2026-02-20,权益礼包,权益,14.4,三线城市,SME,5000-10000人,销售
USR_000459,USR_000459,,,,USR_000459,2026-01-31,2026-01-31,2026-01-31,简历查看,非权益,6.4,一线城市,SME,100-499人,市场
USR_000459,USR_000459,,,,,2026-02-03,2026-02-03,2026-02-03,企业认证,非权益,11.2,一线城市,SME,100-499人,市场
USR_000459,USR_000459,,,USR_000459,,2026-01-11,2026-01-11,2026-01-11,在线沟通,非权益,7.4,一线城市,SME,100-499人,市场
USR_000459,,,USR_000459,,,2026-02-21,2026-02-21,2026-02-21,简历搜索,非权益,9.8,一线城市,SME,100-499人,市场
USR_000459,,,USR_000459,,,2026-02-06,2026-02-06,2026-02-06,简历搜索,非权益,8.5,一线城市,SME,100-499人,市场
USR_000459,USR_000459,,,,USR_000459,2026-01-08,2026-01-08,2026-01-08,简历查看,非权益,53.5,一线城市,SME,100-499人,市场
USR_000459,,USR_000459,,,,2026-02-27,2026-02-27,2026-02-27,职位发布,非权益,11.8,一线城市,SME,100-499人,市场
USR_000459,USR_000459,,,,,2026-02-03,2026-02-03,2026-02-03,权益礼包,权益,44.9,一线城市,SME,100-499人,市场
USR_000459,USR_000459,,,,,2026-02-27,2026-02-27,2026-02-27,急聘推广,权益,24.2,一线城市,SME,100-499人,市场
USR_000459,USR_000459,,,,USR_000459,2026-01-11,2026-01-11,2026-01-11,简历查看,非权益,23.0,一线城市,SME,100-499人,市场
USR_000459,USR_000459,,,,,2026-02-07,2026-02-07,2026-02-07,置顶刷新,权益,5.0,一线城市,SME,100-499人,市场
USR_000459,,,,,,2026-02-25,2026-02-25,2026-02-25,急聘推广,权益,11.8,一线城市,SME,100-499人,市场
USR_000459,USR_000459,,USR_000459,,,2026-02-09,2026-02-09,2026-02-09,简历搜索,非权益,15.3,一线城市,SME,100-499人,市场
USR_000459,USR_000459,,,,,2026-01-31,2026-01-31,2026-01-31,急聘推广,权益,5.1,一线城市,SME,100-499人,市场
USR_000459,USR_000459,,,,,2026-02-05,2026-02-05,2026-02-05,急聘推广,权益,8.7,一线城市,SME,100-499人,市场
USR_000459,,,,,USR_000459,2026-02-27,2026-02-27,2026-02-27,简历查看,非权益,25.8,一线城市,SME,100-499人,市场
USR_000459,USR_000459,,,,USR_000459,2026-02-04,2026-02-04,2026-02-04,简历查看,非权益,29.1,一线城市,SME,100-499人,市场
USR_000459,USR_000459,,,,,2026-02-13,2026-02-13,2026-02-13,企业认证,非权益,11.2,一线城市,SME,100-499人,市场
USR_000459,USR_000459,USR_000459,,,,2026-02-22,2026-02-22,2026-02-22,职位发布,非权益,33.1,一线城市,SME,100-499人,市场
USR_000459,USR_000459,,,,,2026-02-21,2026-02-21,2026-02-21,企业认证,非权益,42.4,一线城市,SME,100-499人,市场
USR_000459,USR_000459,,,,,2026-01-16,2026-01-16,2026-01-16,企业认证,非权益,16.8,一线城市,SME,100-499人,市场
USR_000459,USR_000459,,,,,2026-02-08,2026-02-08,2026-02-08,急聘推广,权益,9.5,一线城市,SME,100-499人,市场
USR_000459,USR_000459,,,,USR_000459,2026-01-12,2026-01-12,2026-01-12,简历查看,非权益,7.0,一线城市,SME,100-499人,市场
USR_000460,,,USR_000460,,,2026-01-18,2026-01-18,2026-01-18,简历搜索,非权益,30.3,新一线城市,KA,5000-10000人,财务
USR_000460,USR_000460,,USR_000460,,,2026-01-03,2026-01-03,2026-01-03,简历搜索,非权益,43.1,新一线城市,KA,5000-10000人,财务
USR_000460,,,,,,2026-02-09,2026-02-09,2026-02-09,权益礼包,权益,17.3,新一线城市,KA,5000-10000人,财务
USR_000460,USR_000460,,,USR_000460,,2026-02-07,2026-02-07,2026-02-07,在线沟通,非权益,29.6,新一线城市,KA,5000-10000人,财务
USR_000460,USR_000460,,,,,2026-01-02,2026-01-02,2026-01-02,置顶刷新,权益,7.3,新一线城市,KA,5000-10000人,财务
USR_000460,USR_000460,,USR_000460,,,2026-02-17,2026-02-17,2026-02-17,简历搜索,非权益,12.2,新一线城市,KA,5000-10000人,财务
USR_000460,USR_000460,,USR_000460,,,2026-02-16,2026-02-16,2026-02-16,简历搜索,非权益,28.2,新一线城市,KA,5000-10000人,财务
USR_000460,USR_000460,,USR_000460,,,2026-02-23,2026-02-23,2026-02-23,简历搜索,非权益,16.8,新一线城市,KA,5000-10000人,财务
USR_000460,,,,,,2026-01-04,2026-01-04,2026-01-04,权益礼包,权益,15.9,新一线城市,KA,5000-10000人,财务
USR_000460,USR_000460,,,,USR_000460,2026-01-20,2026-01-20,2026-01-20,简历查看,非权益,19.9,新一线城市,KA,5000-10000人,财务
USR_000460,USR_000460,,USR_000460,,,2026-01-18,2026-01-18,2026-01-18,简历搜索,非权益,9.6,新一线城市,KA,5000-10000人,财务
USR_000461,USR_000461,,,,,2026-02-24,2026-02-24,2026-02-24,企业认证,非权益,8.8,四线城市,KA,2000-5000人,销售
USR_000461,USR_000461,,,,,2026-01-20,2026-01-20,2026-01-20,企业认证,非权益,12.3,四线城市,KA,2000-5000人,销售
USR_000461,USR_000461,,,,,2026-01-12,2026-01-12,2026-01-12,权益礼包,权益,45.9,四线城市,KA,2000-5000人,销售
USR_000461,USR_000461,,,,,2026-02-25,2026-02-25,2026-02-25,权益礼包,权益,10.5,四线城市,KA,2000-5000人,销售
USR_000461,USR_000461,,,,,2026-01-31,2026-01-31,2026-01-31,企业认证,非权益,8.0,四线城市,KA,2000-5000人,销售
USR_000461,USR_000461,,,,,2026-02-17,2026-02-17,2026-02-17,置顶刷新,权益,32.2,四线城市,KA,2000-5000人,销售
USR_000461,USR_000461,,,,USR_000461,2026-02-14,2026-02-14,2026-02-14,简历查看,非权益,17.7,四线城市,KA,2000-5000人,销售
USR_000461,USR_000461,,,,,2026-01-31,2026-01-31,2026-01-31,权益礼包,权益,77.6,四线城市,KA,2000-5000人,销售
USR_000461,USR_000461,,,,USR_000461,2026-02-05,2026-02-05,2026-02-05,简历查看,非权益,7.0,四线城市,KA,2000-5000人,销售
USR_000461,USR_000461,,,USR_000461,,2026-01-29,2026-01-29,2026-01-29,在线沟通,非权益,57.8,四线城市,KA,2000-5000人,销售
USR_000461,USR_000461,,,,,2026-01-24,2026-01-24,2026-01-24,急聘推广,权益,16.8,四线城市,KA,2000-5000人,销售
USR_000461,USR_000461,,USR_000461,,,2026-01-12,2026-01-12,2026-01-12,简历搜索,非权益,9.5,四线城市,KA,2000-5000人,销售
USR_000461,USR_000461,,,,USR_000461,2026-01-08,2026-01-08,2026-01-08,简历查看,非权益,34.0,四线城市,KA,2000-5000人,销售
USR_000461,USR_000461,,,,,2026-01-11,2026-01-11,2026-01-11,急聘推广,权益,21.6,四线城市,KA,2000-5000人,销售
USR_000461,USR_000461,,,USR_000461,,2026-02-25,2026-02-25,2026-02-25,在线沟通,非权益,50.9,四线城市,KA,2000-5000人,销售
USR_000461,,,,,,2026-01-31,2026-01-31,2026-01-31,权益礼包,权益,23.2,四线城市,KA,2000-5000人,销售
USR_000461,USR_000461,,,,,2026-02-04,2026-02-04,2026-02-04,置顶刷新,权益,15.0,四线城市,KA,2000-5000人,销售
USR_000461,USR_000461,USR_000461,,,,2026-02-12,2026-02-12,2026-02-12,职位发布,非权益,10.8,四线城市,KA,2000-5000人,销售
USR_000461,,,USR_000461,,,2026-02-02,2026-02-02,2026-02-02,简历搜索,非权益,11.9,四线城市,KA,2000-5000人,销售
USR_000461,USR_000461,,,,,2026-01-13,2026-01-13,2026-01-13,急聘推广,权益,42.7,四线城市,KA,2000-5000人,销售
USR_000461,USR_000461,,,,,2026-01-19,2026-01-19,2026-01-19,置顶刷新,权益,46.5,四线城市,KA,2000-5000人,销售
USR_000461,,,,,USR_000461,2026-02-19,2026-02-19,2026-02-19,简历查看,非权益,15.1,四线城市,KA,2000-5000人,销售
USR_000461,USR_000461,,,USR_000461,,2026-01-14,2026-01-14,2026-01-14,在线沟通,非权益,14.0,四线城市,KA,2000-5000人,销售
USR_000461,USR_000461,,USR_000461,,,2026-01-07,2026-01-07,2026-01-07,简历搜索,非权益,13.2,四线城市,KA,2000-5000人,销售
USR_000462,,,,,,2026-02-17,2026-02-17,2026-02-17,企业认证,非权益,6.4,二线城市,SME,1000-2000人,产品
USR_000462,USR_000462,,,,,2026-01-26,2026-01-26,2026-01-26,置顶刷新,权益,21.5,二线城市,SME,1000-2000人,产品
USR_000462,USR_000462,USR_000462,,,,2026-01-06,2026-01-06,2026-01-06,职位发布,非权益,7.4,二线城市,SME,1000-2000人,产品
USR_000462,USR_000462,,,,,2026-01-14,2026-01-14,2026-01-14,急聘推广,权益,9.2,二线城市,SME,1000-2000人,产品
USR_000462,USR_000462,,,,USR_000462,2026-02-23,2026-02-23,2026-02-23,简历查看,非权益,11.2,二线城市,SME,1000-2000人,产品
USR_000462,USR_000462,,,,,2026-01-09,2026-01-09,2026-01-09,企业认证,非权益,5.9,二线城市,SME,1000-2000人,产品
USR_000462,USR_000462,,USR_000462,,,2026-01-16,2026-01-16,2026-01-16,简历搜索,非权益,7.2,二线城市,SME,1000-2000人,产品
USR_000462,,,,,,2026-02-02,2026-02-02,2026-02-02,企业认证,非权益,25.7,二线城市,SME,1000-2000人,产品
USR_000462,,,,,,2026-02-17,2026-02-17,2026-02-17,企业认证,非权益,5.5,二线城市,SME,1000-2000人,产品
USR_000462,,,,,USR_000462,2026-02-28,2026-02-28,2026-02-28,简历查看,非权益,22.8,二线城市,SME,1000-2000人,产品
USR_000462,USR_000462,,,,USR_000462,2026-02-24,2026-02-24,2026-02-24,简历查看,非权益,5.8,二线城市,SME,1000-2000人,产品
USR_000462,,USR_000462,,,,2026-01-31,2026-01-31,2026-01-31,职位发布,非权益,9.1,二线城市,SME,1000-2000人,产品
USR_000462,USR_000462,,,,USR_000462,2026-01-27,2026-01-27,2026-01-27,简历查看,非权益,10.3,二线城市,SME,1000-2000人,产品
USR_000462,USR_000462,,,,,2026-01-18,2026-01-18,2026-01-18,急聘推广,权益,16.3,二线城市,SME,1000-2000人,产品
USR_000462,USR_000462,,USR_000462,,,2026-01-07,2026-01-07,2026-01-07,简历搜索,非权益,73.6,二线城市,SME,1000-2000人,产品
USR_000462,USR_000462,,USR_000462,,,2026-02-26,2026-02-26,2026-02-26,简历搜索,非权益,16.2,二线城市,SME,1000-2000人,产品
USR_000462,USR_000462,,,,USR_000462,2026-01-14,2026-01-14,2026-01-14,简历查看,非权益,12.2,二线城市,SME,1000-2000人,产品
USR_000462,USR_000462,,,USR_000462,,2026-01-12,2026-01-12,2026-01-12,在线沟通,非权益,5.1,二线城市,SME,1000-2000人,产品
USR_000462,USR_000462,,,,USR_000462,2026-03-01,2026-03-01,2026-03-01,简历查看,非权益,5.4,二线城市,SME,1000-2000人,产品
USR_000462,,,,,,2026-01-07,2026-01-07,2026-01-07,置顶刷新,权益,9.2,二线城市,SME,1000-2000人,产品
USR_000462,USR_000462,,USR_000462,,,2026-02-01,2026-02-01,2026-02-01,简历搜索,非权益,17.2,二线城市,SME,1000-2000人,产品
USR_000462,USR_000462,,,USR_000462,,2026-02-23,2026-02-23,2026-02-23,在线沟通,非权益,26.7,二线城市,SME,1000-2000人,产品
USR_000462,USR_000462,USR_000462,,,,2026-01-11,2026-01-11,2026-01-11,职位发布,非权益,31.3,二线城市,SME,1000-2000人,产品
USR_000463,USR_000463,USR_000463,,,,2026-01-22,2026-01-22,2026-01-22,职位发布,非权益,11.3,二线城市,SME,1-49人,产品
USR_000463,USR_000463,,,,,2026-02-24,2026-02-24,2026-02-24,权益礼包,权益,21.2,二线城市,SME,1-49人,产品
USR_000463,USR_000463,USR_000463,,,,2026-02-24,2026-02-24,2026-02-24,职位发布,非权益,14.2,二线城市,SME,1-49人,产品
USR_000463,USR_000463,,,,,2026-02-01,2026-02-01,2026-02-01,企业认证,非权益,37.9,二线城市,SME,1-49人,产品
USR_000463,USR_000463,,,,,2026-03-01,2026-03-01,2026-03-01,企业认证,非权益,6.5,二线城市,SME,1-49人,产品
USR_000463,USR_000463,,,,,2026-01-25,2026-01-25,2026-01-25,企业认证,非权益,78.8,二线城市,SME,1-49人,产品
USR_000463,USR_000463,,,,,2026-02-02,2026-02-02,2026-02-02,置顶刷新,权益,6.7,二线城市,SME,1-49人,产品
USR_000463,USR_000463,,,,,2026-02-26,2026-02-26,2026-02-26,权益礼包,权益,9.3,二线城市,SME,1-49人,产品
USR_000463,USR_000463,,,,USR_000463,2026-02-04,2026-02-04,2026-02-04,简历查看,非权益,15.0,二线城市,SME,1-49人,产品
USR_000463,USR_000463,,USR_000463,,,2026-02-22,2026-02-22,2026-02-22,简历搜索,非权益,11.3,二线城市,SME,1-49人,产品
USR_000463,USR_000463,,USR_000463,,,2026-01-18,2026-01-18,2026-01-18,简历搜索,非权益,5.1,二线城市,SME,1-49人,产品
USR_000463,USR_000463,,,,,2026-02-25,2026-02-25,2026-02-25,置顶刷新,权益,6.0,二线城市,SME,1-49人,产品
USR_000464,USR_000464,,,,,2026-01-31,2026-01-31,2026-01-31,企业认证,非权益,13.9,新一线城市,KA,1000-2000人,销售
USR_000464,USR_000464,,,,,2026-01-11,2026-01-11,2026-01-11,置顶刷新,权益,22.5,新一线城市,KA,1000-2000人,销售
USR_000464,USR_000464,USR_000464,,,,2026-01-09,2026-01-09,2026-01-09,职位发布,非权益,10.8,新一线城市,KA,1000-2000人,销售
USR_000464,USR_000464,,,,,2026-02-20,2026-02-20,2026-02-20,急聘推广,权益,20.5,新一线城市,KA,1000-2000人,销售
USR_000464,USR_000464,USR_000464,,,,2026-01-16,2026-01-16,2026-01-16,职位发布,非权益,45.3,新一线城市,KA,1000-2000人,销售
USR_000464,USR_000464,,,,,2026-01-31,2026-01-31,2026-01-31,置顶刷新,权益,17.9,新一线城市,KA,1000-2000人,销售
USR_000464,USR_000464,USR_000464,,,,2026-02-07,2026-02-07,2026-02-07,职位发布,非权益,21.8,新一线城市,KA,1000-2000人,销售
USR_000465,USR_000465,,,USR_000465,,2026-02-06,2026-02-06,2026-02-06,在线沟通,非权益,57.7,四线城市,SME,100-499人,运营
USR_000465,USR_000465,USR_000465,,,,2026-02-02,2026-02-02,2026-02-02,职位发布,非权益,21.4,四线城市,SME,100-499人,运营
USR_000465,,USR_000465,,,,2026-02-22,2026-02-22,2026-02-22,职位发布,非权益,22.7,四线城市,SME,100-499人,运营
USR_000466,USR_000466,,,,,2026-01-24,2026-01-24,2026-01-24,企业认证,非权益,15.3,一线城市,KA,5000-10000人,客服
USR_000466,USR_000466,,,,,2026-02-27,2026-02-27,2026-02-27,权益礼包,权益,7.4,一线城市,KA,5000-10000人,客服
USR_000466,USR_000466,,,,,2026-02-23,2026-02-23,2026-02-23,置顶刷新,权益,13.1,一线城市,KA,5000-10000人,客服
USR_000466,USR_000466,,,,,2026-01-30,2026-01-30,2026-01-30,权益礼包,权益,16.5,一线城市,KA,5000-10000人,客服
USR_000466,USR_000466,USR_000466,,,,2026-02-02,2026-02-02,2026-02-02,职位发布,非权益,13.8,一线城市,KA,5000-10000人,客服
USR_000466,,,,,,2026-01-11,2026-01-11,2026-01-11,急聘推广,权益,8.7,一线城市,KA,5000-10000人,客服
USR_000466,USR_000466,,,,USR_000466,2026-01-13,2026-01-13,2026-01-13,简历查看,非权益,39.7,一线城市,KA,5000-10000人,客服
USR_000466,,,,,,2026-02-21,2026-02-21,2026-02-21,急聘推广,权益,56.6,一线城市,KA,5000-10000人,客服
USR_000466,USR_000466,,,,,2026-01-19,2026-01-19,2026-01-19,急聘推广,权益,11.2,一线城市,KA,5000-10000人,客服
USR_000466,,,,USR_000466,,2026-01-07,2026-01-07,2026-01-07,在线沟通,非权益,89.2,一线城市,KA,5000-10000人,客服
USR_000466,,,USR_000466,,,2026-02-14,2026-02-14,2026-02-14,简历搜索,非权益,40.3,一线城市,KA,5000-10000人,客服
USR_000466,USR_000466,,,,,2026-01-15,2026-01-15,2026-01-15,企业认证,非权益,8.1,一线城市,KA,5000-10000人,客服
USR_000466,USR_000466,,,,,2026-02-15,2026-02-15,2026-02-15,急聘推广,权益,11.6,一线城市,KA,5000-10000人,客服
USR_000466,USR_000466,,USR_000466,,,2026-02-27,2026-02-27,2026-02-27,简历搜索,非权益,6.2,一线城市,KA,5000-10000人,客服
USR_000466,USR_000466,,,,,2026-01-27,2026-01-27,2026-01-27,置顶刷新,权益,33.6,一线城市,KA,5000-10000人,客服
USR_000466,,,,USR_000466,,2026-01-05,2026-01-05,2026-01-05,在线沟通,非权益,60.7,一线城市,KA,5000-10000人,客服
USR_000466,,,USR_000466,,,2026-02-11,2026-02-11,2026-02-11,简历搜索,非权益,53.8,一线城市,KA,5000-10000人,客服
USR_000466,,,,,,2026-01-14,2026-01-14,2026-01-14,置顶刷新,权益,31.7,一线城市,KA,5000-10000人,客服
USR_000466,USR_000466,,USR_000466,,,2026-01-08,2026-01-08,2026-01-08,简历搜索,非权益,19.2,一线城市,KA,5000-10000人,客服
USR_000466,USR_000466,,,,USR_000466,2026-02-12,2026-02-12,2026-02-12,简历查看,非权益,27.0,一线城市,KA,5000-10000人,客服
USR_000466,USR_000466,,,,,2026-01-29,2026-01-29,2026-01-29,置顶刷新,权益,15.2,一线城市,KA,5000-10000人,客服
USR_000466,USR_000466,USR_000466,,,,2026-01-15,2026-01-15,2026-01-15,职位发布,非权益,7.7,一线城市,KA,5000-10000人,客服
USR_000467,USR_000467,USR_000467,,,,2026-01-03,2026-01-03,2026-01-03,职位发布,非权益,17.5,五线城市,SME,100-499人,产品
USR_000467,USR_000467,,,,,2026-02-19,2026-02-19,2026-02-19,急聘推广,权益,36.4,五线城市,SME,100-499人,产品
USR_000467,USR_000467,,USR_000467,,,2026-01-31,2026-01-31,2026-01-31,简历搜索,非权益,46.7,五线城市,SME,100-499人,产品
USR_000467,USR_000467,,,USR_000467,,2026-01-13,2026-01-13,2026-01-13,在线沟通,非权益,5.8,五线城市,SME,100-499人,产品
USR_000467,,,USR_000467,,,2026-01-05,2026-01-05,2026-01-05,简历搜索,非权益,45.3,五线城市,SME,100-499人,产品
USR_000467,USR_000467,,,,,2026-01-12,2026-01-12,2026-01-12,置顶刷新,权益,17.6,五线城市,SME,100-499人,产品
USR_000467,USR_000467,,,,,2026-01-28,2026-01-28,2026-01-28,权益礼包,权益,18.0,五线城市,SME,100-499人,产品
USR_000467,,,,USR_000467,,2026-02-19,2026-02-19,2026-02-19,在线沟通,非权益,34.3,五线城市,SME,100-499人,产品
USR_000467,USR_000467,,,,,2026-01-10,2026-01-10,2026-01-10,企业认证,非权益,12.4,五线城市,SME,100-499人,产品
USR_000467,USR_000467,,,,USR_000467,2026-01-19,2026-01-19,2026-01-19,简历查看,非权益,12.0,五线城市,SME,100-499人,产品
USR_000467,USR_000467,,,,,2026-01-27,2026-01-27,2026-01-27,企业认证,非权益,10.4,五线城市,SME,100-499人,产品
USR_000467,USR_000467,,,USR_000467,,2026-02-18,2026-02-18,2026-02-18,在线沟通,非权益,17.8,五线城市,SME,100-499人,产品
USR_000467,USR_000467,,,,,2026-01-11,2026-01-11,2026-01-11,企业认证,非权益,8.5,五线城市,SME,100-499人,产品
USR_000467,USR_000467,,,,,2026-01-01,2026-01-01,2026-01-01,企业认证,非权益,6.0,五线城市,SME,100-499人,产品
USR_000467,USR_000467,,USR_000467,,,2026-01-19,2026-01-19,2026-01-19,简历搜索,非权益,21.1,五线城市,SME,100-499人,产品
USR_000467,USR_000467,,,,USR_000467,2026-02-26,2026-02-26,2026-02-26,简历查看,非权益,35.9,五线城市,SME,100-499人,产品
USR_000467,USR_000467,,,,,2026-01-27,2026-01-27,2026-01-27,权益礼包,权益,45.1,五线城市,SME,100-499人,产品
USR_000467,USR_000467,,,USR_000467,,2026-01-18,2026-01-18,2026-01-18,在线沟通,非权益,34.7,五线城市,SME,100-499人,产品
USR_000467,USR_000467,,,,USR_000467,2026-02-23,2026-02-23,2026-02-23,简历查看,非权益,7.0,五线城市,SME,100-499人,产品
USR_000468,USR_000468,,,,,2026-02-20,2026-02-20,2026-02-20,急聘推广,权益,9.2,新一线城市,SME,100-499人,市场
USR_000468,USR_000468,,,,,2026-01-04,2026-01-04,2026-01-04,企业认证,非权益,26.2,新一线城市,SME,100-499人,市场
USR_000468,,,,,USR_000468,2026-02-08,2026-02-08,2026-02-08,简历查看,非权益,7.6,新一线城市,SME,100-499人,市场
USR_000468,,,,,,2026-01-19,2026-01-19,2026-01-19,置顶刷新,权益,7.6,新一线城市,SME,100-499人,市场
USR_000468,,,USR_000468,,,2026-01-17,2026-01-17,2026-01-17,简历搜索,非权益,21.3,新一线城市,SME,100-499人,市场
USR_000468,USR_000468,USR_000468,,,,2026-02-14,2026-02-14,2026-02-14,职位发布,非权益,17.6,新一线城市,SME,100-499人,市场
USR_000469,USR_000469,,,,,2026-01-20,2026-01-20,2026-01-20,急聘推广,权益,6.6,五线城市,KA,5000-10000人,行政
USR_000469,USR_000469,,USR_000469,,,2026-01-07,2026-01-07,2026-01-07,简历搜索,非权益,22.6,五线城市,KA,5000-10000人,行政
USR_000469,USR_000469,,,,USR_000469,2026-02-20,2026-02-20,2026-02-20,简历查看,非权益,40.1,五线城市,KA,5000-10000人,行政
USR_000469,USR_000469,,,,,2026-01-15,2026-01-15,2026-01-15,企业认证,非权益,14.9,五线城市,KA,5000-10000人,行政
USR_000469,,,,,USR_000469,2026-01-16,2026-01-16,2026-01-16,简历查看,非权益,6.3,五线城市,KA,5000-10000人,行政
USR_000469,USR_000469,,,,USR_000469,2026-01-12,2026-01-12,2026-01-12,简历查看,非权益,18.7,五线城市,KA,5000-10000人,行政
USR_000469,USR_000469,,USR_000469,,,2026-01-31,2026-01-31,2026-01-31,简历搜索,非权益,30.5,五线城市,KA,5000-10000人,行政
USR_000469,,,,,,2026-01-09,2026-01-09,2026-01-09,权益礼包,权益,58.3,五线城市,KA,5000-10000人,行政
USR_000469,USR_000469,,,,,2026-02-25,2026-02-25,2026-02-25,急聘推广,权益,25.7,五线城市,KA,5000-10000人,行政
USR_000469,USR_000469,,,,,2026-01-20,2026-01-20,2026-01-20,权益礼包,权益,38.8,五线城市,KA,5000-10000人,行政
USR_000469,USR_000469,USR_000469,,,,2026-01-21,2026-01-21,2026-01-21,职位发布,非权益,8.1,五线城市,KA,5000-10000人,行政
USR_000469,USR_000469,,,USR_000469,,2026-01-27,2026-01-27,2026-01-27,在线沟通,非权益,5.9,五线城市,KA,5000-10000人,行政
USR_000469,,,,,USR_000469,2026-01-22,2026-01-22,2026-01-22,简历查看,非权益,37.8,五线城市,KA,5000-10000人,行政
USR_000470,USR_000470,USR_000470,,,,2026-01-06,2026-01-06,2026-01-06,职位发布,非权益,27.3,二线城市,SME,100-499人,财务
USR_000470,USR_000470,,,,,2026-02-02,2026-02-02,2026-02-02,权益礼包,权益,5.6,二线城市,SME,100-499人,财务
USR_000470,USR_000470,,,,,2026-01-03,2026-01-03,2026-01-03,急聘推广,权益,12.5,二线城市,SME,100-499人,财务
USR_000470,,USR_000470,,,,2026-01-23,2026-01-23,2026-01-23,职位发布,非权益,69.5,二线城市,SME,100-499人,财务
USR_000470,USR_000470,,USR_000470,,,2026-01-01,2026-01-01,2026-01-01,简历搜索,非权益,12.1,二线城市,SME,100-499人,财务
USR_000470,USR_000470,,,,,2026-01-18,2026-01-18,2026-01-18,置顶刷新,权益,25.1,二线城市,SME,100-499人,财务
USR_000470,USR_000470,,,USR_000470,,2026-02-01,2026-02-01,2026-02-01,在线沟通,非权益,7.9,二线城市,SME,100-499人,财务
USR_000470,USR_000470,,,,,2026-02-11,2026-02-11,2026-02-11,企业认证,非权益,7.0,二线城市,SME,100-499人,财务
USR_000470,USR_000470,,,,,2026-01-22,2026-01-22,2026-01-22,置顶刷新,权益,28.2,二线城市,SME,100-499人,财务
USR_000470,USR_000470,USR_000470,,,,2026-02-10,2026-02-10,2026-02-10,职位发布,非权益,35.2,二线城市,SME,100-499人,财务
USR_000470,USR_000470,,,,,2026-01-19,2026-01-19,2026-01-19,企业认证,非权益,17.6,二线城市,SME,100-499人,财务
USR_000470,USR_000470,,,,USR_000470,2026-02-25,2026-02-25,2026-02-25,简历查看,非权益,141.2,二线城市,SME,100-499人,财务
USR_000470,USR_000470,,,,,2026-02-15,2026-02-15,2026-02-15,急聘推广,权益,39.1,二线城市,SME,100-499人,财务
USR_000470,USR_000470,USR_000470,,,,2026-01-22,2026-01-22,2026-01-22,职位发布,非权益,44.9,二线城市,SME,100-499人,财务
USR_000470,USR_000470,,,USR_000470,,2026-01-04,2026-01-04,2026-01-04,在线沟通,非权益,29.3,二线城市,SME,100-499人,财务
USR_000470,,,,,USR_000470,2026-02-27,2026-02-27,2026-02-27,简历查看,非权益,34.3,二线城市,SME,100-499人,财务
USR_000470,USR_000470,,,,,2026-01-26,2026-01-26,2026-01-26,置顶刷新,权益,7.8,二线城市,SME,100-499人,财务
USR_000470,USR_000470,,,,USR_000470,2026-02-17,2026-02-17,2026-02-17,简历查看,非权益,15.4,二线城市,SME,100-499人,财务
USR_000470,,,,USR_000470,,2026-01-16,2026-01-16,2026-01-16,在线沟通,非权益,31.7,二线城市,SME,100-499人,财务
USR_000470,USR_000470,,USR_000470,,,2026-01-14,2026-01-14,2026-01-14,简历搜索,非权益,11.3,二线城市,SME,100-499人,财务
USR_000470,USR_000470,,,,,2026-01-21,2026-01-21,2026-01-21,企业认证,非权益,21.3,二线城市,SME,100-499人,财务
USR_000470,USR_000470,,,,,2026-01-11,2026-01-11,2026-01-11,急聘推广,权益,16.4,二线城市,SME,100-499人,财务
USR_000470,,,,USR_000470,,2026-02-25,2026-02-25,2026-02-25,在线沟通,非权益,17.2,二线城市,SME,100-499人,财务
USR_000471,USR_000471,,,USR_000471,,2026-01-25,2026-01-25,2026-01-25,在线沟通,非权益,17.7,五线城市,SME,1000-2000人,客服
USR_000471,,,,,,2026-01-07,2026-01-07,2026-01-07,权益礼包,权益,6.6,五线城市,SME,1000-2000人,客服
USR_000471,USR_000471,,,,,2026-02-03,2026-02-03,2026-02-03,企业认证,非权益,6.2,五线城市,SME,1000-2000人,客服
USR_000471,USR_000471,,,,,2026-01-10,2026-01-10,2026-01-10,置顶刷新,权益,27.1,五线城市,SME,1000-2000人,客服
USR_000471,,,USR_000471,,,2026-02-03,2026-02-03,2026-02-03,简历搜索,非权益,14.5,五线城市,SME,1000-2000人,客服
USR_000471,USR_000471,,,,,2026-01-14,2026-01-14,2026-01-14,急聘推广,权益,14.9,五线城市,SME,1000-2000人,客服
USR_000471,,USR_000471,,,,2026-01-19,2026-01-19,2026-01-19,职位发布,非权益,8.9,五线城市,SME,1000-2000人,客服
USR_000471,USR_000471,,USR_000471,,,2026-02-23,2026-02-23,2026-02-23,简历搜索,非权益,11.6,五线城市,SME,1000-2000人,客服
USR_000471,USR_000471,,USR_000471,,,2026-02-10,2026-02-10,2026-02-10,简历搜索,非权益,7.5,五线城市,SME,1000-2000人,客服
USR_000471,,,,,,2026-02-26,2026-02-26,2026-02-26,急聘推广,权益,24.0,五线城市,SME,1000-2000人,客服
USR_000471,,,USR_000471,,,2026-01-07,2026-01-07,2026-01-07,简历搜索,非权益,37.0,五线城市,SME,1000-2000人,客服
USR_000471,,,,USR_000471,,2026-01-24,2026-01-24,2026-01-24,在线沟通,非权益,7.2,五线城市,SME,1000-2000人,客服
USR_000471,USR_000471,,,,USR_000471,2026-01-15,2026-01-15,2026-01-15,简历查看,非权益,32.0,五线城市,SME,1000-2000人,客服
USR_000471,USR_000471,,,,,2026-02-12,2026-02-12,2026-02-12,企业认证,非权益,14.5,五线城市,SME,1000-2000人,客服
USR_000471,USR_000471,,USR_000471,,,2026-02-21,2026-02-21,2026-02-21,简历搜索,非权益,45.0,五线城市,SME,1000-2000人,客服
USR_000471,USR_000471,,,,USR_000471,2026-02-06,2026-02-06,2026-02-06,简历查看,非权益,18.5,五线城市,SME,1000-2000人,客服
USR_000471,,USR_000471,,,,2026-02-24,2026-02-24,2026-02-24,职位发布,非权益,59.3,五线城市,SME,1000-2000人,客服
USR_000471,USR_000471,,,USR_000471,,2026-01-31,2026-01-31,2026-01-31,在线沟通,非权益,12.3,五线城市,SME,1000-2000人,客服
USR_000471,,,,,,2026-02-02,2026-02-02,2026-02-02,急聘推广,权益,18.2,五线城市,SME,1000-2000人,客服
USR_000471,,,,,USR_000471,2026-02-22,2026-02-22,2026-02-22,简历查看,非权益,21.4,五线城市,SME,1000-2000人,客服
USR_000471,,,,,,2026-02-21,2026-02-21,2026-02-21,权益礼包,权益,39.1,五线城市,SME,1000-2000人,客服
USR_000471,,,USR_000471,,,2026-01-12,2026-01-12,2026-01-12,简历搜索,非权益,6.6,五线城市,SME,1000-2000人,客服
USR_000471,USR_000471,,USR_000471,,,2026-01-10,2026-01-10,2026-01-10,简历搜索,非权益,7.2,五线城市,SME,1000-2000人,客服
USR_000472,,,,USR_000472,,2026-01-21,2026-01-21,2026-01-21,在线沟通,非权益,40.7,新一线城市,SME,10000人以上,产品
USR_000472,,,,,USR_000472,2026-01-11,2026-01-11,2026-01-11,简历查看,非权益,13.3,新一线城市,SME,10000人以上,产品
USR_000472,,,,USR_000472,,2026-01-18,2026-01-18,2026-01-18,在线沟通,非权益,48.7,新一线城市,SME,10000人以上,产品
USR_000472,USR_000472,,,,,2026-01-30,2026-01-30,2026-01-30,急聘推广,权益,23.6,新一线城市,SME,10000人以上,产品
USR_000472,USR_000472,,,,,2026-02-02,2026-02-02,2026-02-02,权益礼包,权益,19.6,新一线城市,SME,10000人以上,产品
USR_000472,USR_000472,,,,,2026-01-02,2026-01-02,2026-01-02,权益礼包,权益,9.2,新一线城市,SME,10000人以上,产品
USR_000472,,,USR_000472,,,2026-01-23,2026-01-23,2026-01-23,简历搜索,非权益,15.1,新一线城市,SME,10000人以上,产品
USR_000472,USR_000472,,,,,2026-01-14,2026-01-14,2026-01-14,置顶刷新,权益,21.0,新一线城市,SME,10000人以上,产品
USR_000472,USR_000472,,,,,2026-01-03,2026-01-03,2026-01-03,置顶刷新,权益,9.6,新一线城市,SME,10000人以上,产品
USR_000472,USR_000472,,,,,2026-02-12,2026-02-12,2026-02-12,企业认证,非权益,15.3,新一线城市,SME,10000人以上,产品
USR_000472,,,,,,2026-01-07,2026-01-07,2026-01-07,权益礼包,权益,13.2,新一线城市,SME,10000人以上,产品
USR_000472,USR_000472,,,,,2026-01-26,2026-01-26,2026-01-26,企业认证,非权益,18.6,新一线城市,SME,10000人以上,产品
USR_000472,,,,,,2026-02-26,2026-02-26,2026-02-26,权益礼包,权益,29.0,新一线城市,SME,10000人以上,产品
USR_000472,USR_000472,,,,,2026-01-17,2026-01-17,2026-01-17,置顶刷新,权益,16.8,新一线城市,SME,10000人以上,产品
USR_000472,USR_000472,,,,,2026-01-24,2026-01-24,2026-01-24,权益礼包,权益,39.9,新一线城市,SME,10000人以上,产品
USR_000472,USR_000472,,,,,2026-02-19,2026-02-19,2026-02-19,企业认证,非权益,80.5,新一线城市,SME,10000人以上,产品
USR_000472,USR_000472,,,,,2026-02-28,2026-02-28,2026-02-28,急聘推广,权益,18.6,新一线城市,SME,10000人以上,产品
USR_000472,USR_000472,,,,USR_000472,2026-01-03,2026-01-03,2026-01-03,简历查看,非权益,18.8,新一线城市,SME,10000人以上,产品
USR_000472,USR_000472,USR_000472,,,,2026-02-18,2026-02-18,2026-02-18,职位发布,非权益,42.9,新一线城市,SME,10000人以上,产品
USR_000473,USR_000473,,,,,2026-02-20,2026-02-20,2026-02-20,置顶刷新,权益,37.2,二线城市,KA,500-999人,研发
USR_000473,,,,,,2026-01-27,2026-01-27,2026-01-27,置顶刷新,权益,15.4,二线城市,KA,500-999人,研发
USR_000473,,,USR_000473,,,2026-01-20,2026-01-20,2026-01-20,简历搜索,非权益,9.9,二线城市,KA,500-999人,研发
USR_000473,USR_000473,,,,,2026-01-03,2026-01-03,2026-01-03,权益礼包,权益,35.6,二线城市,KA,500-999人,研发
USR_000473,USR_000473,,,,,2026-02-05,2026-02-05,2026-02-05,企业认证,非权益,9.7,二线城市,KA,500-999人,研发
USR_000473,USR_000473,,,,,2026-02-23,2026-02-23,2026-02-23,急聘推广,权益,88.5,二线城市,KA,500-999人,研发
USR_000473,USR_000473,,,,,2026-02-22,2026-02-22,2026-02-22,企业认证,非权益,36.6,二线城市,KA,500-999人,研发
USR_000473,USR_000473,,,,,2026-01-30,2026-01-30,2026-01-30,置顶刷新,权益,5.3,二线城市,KA,500-999人,研发
USR_000473,,,,USR_000473,,2026-01-20,2026-01-20,2026-01-20,在线沟通,非权益,37.6,二线城市,KA,500-999人,研发
USR_000473,USR_000473,,,,,2026-01-12,2026-01-12,2026-01-12,置顶刷新,权益,33.3,二线城市,KA,500-999人,研发
USR_000473,,,,,,2026-01-07,2026-01-07,2026-01-07,急聘推广,权益,21.7,二线城市,KA,500-999人,研发
USR_000473,USR_000473,,,,,2026-01-07,2026-01-07,2026-01-07,权益礼包,权益,9.8,二线城市,KA,500-999人,研发
USR_000473,USR_000473,,,,,2026-01-21,2026-01-21,2026-01-21,急聘推广,权益,37.3,二线城市,KA,500-999人,研发
USR_000473,,,,,USR_000473,2026-02-23,2026-02-23,2026-02-23,简历查看,非权益,12.3,二线城市,KA,500-999人,研发
USR_000473,USR_000473,,,,USR_000473,2026-02-25,2026-02-25,2026-02-25,简历查看,非权益,6.3,二线城市,KA,500-999人,研发
USR_000473,USR_000473,,,USR_000473,,2026-01-12,2026-01-12,2026-01-12,在线沟通,非权益,17.8,二线城市,KA,500-999人,研发
USR_000473,,,,,,2026-01-18,2026-01-18,2026-01-18,企业认证,非权益,18.3,二线城市,KA,500-999人,研发
USR_000473,USR_000473,,,,,2026-02-24,2026-02-24,2026-02-24,置顶刷新,权益,7.2,二线城市,KA,500-999人,研发
USR_000473,USR_000473,,,,,2026-02-15,2026-02-15,2026-02-15,权益礼包,权益,16.2,二线城市,KA,500-999人,研发
USR_000474,USR_000474,,,,,2026-02-11,2026-02-11,2026-02-11,权益礼包,权益,7.8,三线城市,SME,10000人以上,财务
USR_000474,USR_000474,,,,,2026-02-22,2026-02-22,2026-02-22,置顶刷新,权益,24.1,三线城市,SME,10000人以上,财务
USR_000474,USR_000474,,,USR_000474,,2026-01-15,2026-01-15,2026-01-15,在线沟通,非权益,10.9,三线城市,SME,10000人以上,财务
USR_000474,,,USR_000474,,,2026-02-18,2026-02-18,2026-02-18,简历搜索,非权益,30.8,三线城市,SME,10000人以上,财务
USR_000474,,,,USR_000474,,2026-03-01,2026-03-01,2026-03-01,在线沟通,非权益,10.3,三线城市,SME,10000人以上,财务
USR_000474,,,,,,2026-02-21,2026-02-21,2026-02-21,急聘推广,权益,31.5,三线城市,SME,10000人以上,财务
USR_000474,USR_000474,,,,,2026-01-11,2026-01-11,2026-01-11,置顶刷新,权益,48.7,三线城市,SME,10000人以上,财务
USR_000474,USR_000474,,,,,2026-01-25,2026-01-25,2026-01-25,置顶刷新,权益,27.2,三线城市,SME,10000人以上,财务
USR_000474,,,,,,2026-01-15,2026-01-15,2026-01-15,企业认证,非权益,6.5,三线城市,SME,10000人以上,财务
USR_000474,USR_000474,,,,,2026-01-31,2026-01-31,2026-01-31,企业认证,非权益,24.1,三线城市,SME,10000人以上,财务
USR_000474,USR_000474,,,,,2026-02-13,2026-02-13,2026-02-13,企业认证,非权益,27.7,三线城市,SME,10000人以上,财务
USR_000474,USR_000474,,,,,2026-02-27,2026-02-27,2026-02-27,企业认证,非权益,49.8,三线城市,SME,10000人以上,财务
USR_000474,USR_000474,,,,USR_000474,2026-02-19,2026-02-19,2026-02-19,简历查看,非权益,17.6,三线城市,SME,10000人以上,财务
USR_000474,USR_000474,,,,USR_000474,2026-03-01,2026-03-01,2026-03-01,简历查看,非权益,12.9,三线城市,SME,10000人以上,财务
USR_000474,,,,,,2026-02-23,2026-02-23,2026-02-23,急聘推广,权益,10.9,三线城市,SME,10000人以上,财务
USR_000474,USR_000474,USR_000474,,,,2026-01-11,2026-01-11,2026-01-11,职位发布,非权益,14.7,三线城市,SME,10000人以上,财务
USR_000474,,,,,,2026-02-27,2026-02-27,2026-02-27,企业认证,非权益,10.0,三线城市,SME,10000人以上,财务
USR_000474,USR_000474,,,,,2026-02-28,2026-02-28,2026-02-28,权益礼包,权益,30.6,三线城市,SME,10000人以上,财务
USR_000474,USR_000474,,,,,2026-02-18,2026-02-18,2026-02-18,急聘推广,权益,9.4,三线城市,SME,10000人以上,财务
USR_000474,,,,,,2026-01-19,2026-01-19,2026-01-19,置顶刷新,权益,13.0,三线城市,SME,10000人以上,财务
USR_000474,USR_000474,,,USR_000474,,2026-02-03,2026-02-03,2026-02-03,在线沟通,非权益,30.5,三线城市,SME,10000人以上,财务
USR_000474,USR_000474,,,USR_000474,,2026-02-13,2026-02-13,2026-02-13,在线沟通,非权益,67.8,三线城市,SME,10000人以上,财务
USR_000474,USR_000474,,USR_000474,,,2026-02-25,2026-02-25,2026-02-25,简历搜索,非权益,15.5,三线城市,SME,10000人以上,财务
USR_000475,USR_000475,,USR_000475,,,2026-01-19,2026-01-19,2026-01-19,简历搜索,非权益,11.0,新一线城市,SME,1-49人,行政
USR_000475,USR_000475,,,,USR_000475,2026-02-22,2026-02-22,2026-02-22,简历查看,非权益,21.6,新一线城市,SME,1-49人,行政
USR_000475,,,,,,2026-02-23,2026-02-23,2026-02-23,企业认证,非权益,16.1,新一线城市,SME,1-49人,行政
USR_000475,USR_000475,,,USR_000475,,2026-02-05,2026-02-05,2026-02-05,在线沟通,非权益,10.2,新一线城市,SME,1-49人,行政
USR_000475,USR_000475,,,,,2026-02-09,2026-02-09,2026-02-09,急聘推广,权益,12.0,新一线城市,SME,1-49人,行政
USR_000475,USR_000475,,,USR_000475,,2026-01-20,2026-01-20,2026-01-20,在线沟通,非权益,30.7,新一线城市,SME,1-49人,行政
USR_000475,USR_000475,,,,,2026-01-26,2026-01-26,2026-01-26,急聘推广,权益,5.0,新一线城市,SME,1-49人,行政
USR_000475,USR_000475,,,USR_000475,,2026-02-24,2026-02-24,2026-02-24,在线沟通,非权益,14.7,新一线城市,SME,1-49人,行政
USR_000475,USR_000475,,,,,2026-02-27,2026-02-27,2026-02-27,企业认证,非权益,15.2,新一线城市,SME,1-49人,行政
USR_000475,USR_000475,,,,,2026-01-29,2026-01-29,2026-01-29,企业认证,非权益,39.9,新一线城市,SME,1-49人,行政
USR_000475,,USR_000475,,,,2026-01-18,2026-01-18,2026-01-18,职位发布,非权益,20.0,新一线城市,SME,1-49人,行政
USR_000475,USR_000475,,,,USR_000475,2026-01-27,2026-01-27,2026-01-27,简历查看,非权益,13.1,新一线城市,SME,1-49人,行政
USR_000475,USR_000475,USR_000475,,,,2026-01-10,2026-01-10,2026-01-10,职位发布,非权益,23.9,新一线城市,SME,1-49人,行政
USR_000475,USR_000475,,,USR_000475,,2026-02-18,2026-02-18,2026-02-18,在线沟通,非权益,20.5,新一线城市,SME,1-49人,行政
USR_000475,USR_000475,,,USR_000475,,2026-01-22,2026-01-22,2026-01-22,在线沟通,非权益,6.2,新一线城市,SME,1-49人,行政
USR_000475,,,,,,2026-01-14,2026-01-14,2026-01-14,企业认证,非权益,36.3,新一线城市,SME,1-49人,行政
USR_000475,USR_000475,,,,,2026-01-12,2026-01-12,2026-01-12,置顶刷新,权益,31.4,新一线城市,SME,1-49人,行政
USR_000475,,,,,USR_000475,2026-01-29,2026-01-29,2026-01-29,简历查看,非权益,9.3,新一线城市,SME,1-49人,行政
USR_000475,,,,,,2026-01-08,2026-01-08,2026-01-08,置顶刷新,权益,9.0,新一线城市,SME,1-49人,行政
USR_000475,USR_000475,,,,USR_000475,2026-02-14,2026-02-14,2026-02-14,简历查看,非权益,13.1,新一线城市,SME,1-49人,行政
USR_000475,USR_000475,,USR_000475,,,2026-01-03,2026-01-03,2026-01-03,简历搜索,非权益,24.2,新一线城市,SME,1-49人,行政
USR_000475,,,,,,2026-02-14,2026-02-14,2026-02-14,急聘推广,权益,13.0,新一线城市,SME,1-49人,行政
USR_000475,USR_000475,,,USR_000475,,2026-01-11,2026-01-11,2026-01-11,在线沟通,非权益,13.1,新一线城市,SME,1-49人,行政
USR_000476,USR_000476,,USR_000476,,,2026-02-13,2026-02-13,2026-02-13,简历搜索,非权益,52.0,四线城市,SME,2000-5000人,财务
USR_000476,USR_000476,,,,,2026-01-24,2026-01-24,2026-01-24,急聘推广,权益,5.8,四线城市,SME,2000-5000人,财务
USR_000476,USR_000476,,,,,2026-02-19,2026-02-19,2026-02-19,企业认证,非权益,49.0,四线城市,SME,2000-5000人,财务
USR_000476,USR_000476,,,,,2026-01-13,2026-01-13,2026-01-13,权益礼包,权益,38.6,四线城市,SME,2000-5000人,财务
USR_000476,USR_000476,USR_000476,,,,2026-02-27,2026-02-27,2026-02-27,职位发布,非权益,13.7,四线城市,SME,2000-5000人,财务
USR_000476,USR_000476,,,,,2026-01-02,2026-01-02,2026-01-02,权益礼包,权益,17.7,四线城市,SME,2000-5000人,财务
USR_000476,USR_000476,,,USR_000476,,2026-02-09,2026-02-09,2026-02-09,在线沟通,非权益,31.8,四线城市,SME,2000-5000人,财务
USR_000476,USR_000476,,USR_000476,,,2026-02-05,2026-02-05,2026-02-05,简历搜索,非权益,10.5,四线城市,SME,2000-5000人,财务
USR_000476,,,,,,2026-02-15,2026-02-15,2026-02-15,急聘推广,权益,31.8,四线城市,SME,2000-5000人,财务
USR_000476,,USR_000476,,,,2026-01-24,2026-01-24,2026-01-24,职位发布,非权益,5.7,四线城市,SME,2000-5000人,财务
USR_000476,,,USR_000476,,,2026-02-25,2026-02-25,2026-02-25,简历搜索,非权益,41.0,四线城市,SME,2000-5000人,财务
USR_000476,USR_000476,,,,,2026-01-25,2026-01-25,2026-01-25,权益礼包,权益,12.0,四线城市,SME,2000-5000人,财务
USR_000476,USR_000476,,USR_000476,,,2026-02-17,2026-02-17,2026-02-17,简历搜索,非权益,11.3,四线城市,SME,2000-5000人,财务
USR_000476,,,USR_000476,,,2026-01-29,2026-01-29,2026-01-29,简历搜索,非权益,47.1,四线城市,SME,2000-5000人,财务
USR_000477,USR_000477,,,,,2026-02-06,2026-02-06,2026-02-06,急聘推广,权益,13.7,二线城市,SME,10000人以上,研发
USR_000477,USR_000477,,,,,2026-02-02,2026-02-02,2026-02-02,急聘推广,权益,6.0,二线城市,SME,10000人以上,研发
USR_000477,,,USR_000477,,,2026-01-13,2026-01-13,2026-01-13,简历搜索,非权益,20.9,二线城市,SME,10000人以上,研发
USR_000477,USR_000477,,,USR_000477,,2026-02-08,2026-02-08,2026-02-08,在线沟通,非权益,12.6,二线城市,SME,10000人以上,研发
USR_000477,USR_000477,,,,,2026-01-23,2026-01-23,2026-01-23,权益礼包,权益,40.1,二线城市,SME,10000人以上,研发
USR_000477,,,,,,2026-01-16,2026-01-16,2026-01-16,企业认证,非权益,11.9,二线城市,SME,10000人以上,研发
USR_000477,,,,,,2026-02-13,2026-02-13,2026-02-13,企业认证,非权益,32.7,二线城市,SME,10000人以上,研发
USR_000477,,,,,,2026-02-17,2026-02-17,2026-02-17,权益礼包,权益,6.6,二线城市,SME,10000人以上,研发
USR_000478,USR_000478,,,,,2026-01-29,2026-01-29,2026-01-29,置顶刷新,权益,15.8,四线城市,SME,1-49人,行政
USR_000478,USR_000478,,,,,2026-02-13,2026-02-13,2026-02-13,急聘推广,权益,59.3,四线城市,SME,1-49人,行政
USR_000478,USR_000478,USR_000478,,,,2026-02-01,2026-02-01,2026-02-01,职位发布,非权益,70.4,四线城市,SME,1-49人,行政
USR_000478,USR_000478,,,,,2026-01-16,2026-01-16,2026-01-16,企业认证,非权益,23.9,四线城市,SME,1-49人,行政
USR_000478,USR_000478,,,,,2026-02-23,2026-02-23,2026-02-23,权益礼包,权益,5.5,四线城市,SME,1-49人,行政
USR_000478,USR_000478,USR_000478,,,,2026-01-30,2026-01-30,2026-01-30,职位发布,非权益,11.6,四线城市,SME,1-49人,行政
USR_000478,,,,,,2026-01-16,2026-01-16,2026-01-16,急聘推广,权益,40.1,四线城市,SME,1-49人,行政
USR_000478,USR_000478,,,,,2026-03-01,2026-03-01,2026-03-01,置顶刷新,权益,71.5,四线城市,SME,1-49人,行政
USR_000478,USR_000478,,,USR_000478,,2026-03-01,2026-03-01,2026-03-01,在线沟通,非权益,103.4,四线城市,SME,1-49人,行政
USR_000478,,USR_000478,,,,2026-01-07,2026-01-07,2026-01-07,职位发布,非权益,7.4,四线城市,SME,1-49人,行政
USR_000478,,,,,,2026-02-24,2026-02-24,2026-02-24,企业认证,非权益,54.7,四线城市,SME,1-49人,行政
USR_000478,USR_000478,,USR_000478,,,2026-01-14,2026-01-14,2026-01-14,简历搜索,非权益,20.7,四线城市,SME,1-49人,行政
USR_000478,USR_000478,,USR_000478,,,2026-02-05,2026-02-05,2026-02-05,简历搜索,非权益,14.9,四线城市,SME,1-49人,行政
USR_000478,USR_000478,,,,,2026-01-11,2026-01-11,2026-01-11,急聘推广,权益,12.3,四线城市,SME,1-49人,行政
USR_000478,USR_000478,,USR_000478,,,2026-02-06,2026-02-06,2026-02-06,简历搜索,非权益,6.2,四线城市,SME,1-49人,行政
USR_000478,USR_000478,,,,,2026-01-01,2026-01-01,2026-01-01,急聘推广,权益,21.0,四线城市,SME,1-49人,行政
USR_000478,,,USR_000478,,,2026-02-27,2026-02-27,2026-02-27,简历搜索,非权益,5.6,四线城市,SME,1-49人,行政
USR_000478,,,,USR_000478,,2026-01-15,2026-01-15,2026-01-15,在线沟通,非权益,19.8,四线城市,SME,1-49人,行政
USR_000478,USR_000478,,USR_000478,,,2026-01-07,2026-01-07,2026-01-07,简历搜索,非权益,19.9,四线城市,SME,1-49人,行政
USR_000478,,,,,,2026-01-21,2026-01-21,2026-01-21,权益礼包,权益,14.3,四线城市,SME,1-49人,行政
USR_000478,USR_000478,,,,USR_000478,2026-02-26,2026-02-26,2026-02-26,简历查看,非权益,7.6,四线城市,SME,1-49人,行政
USR_000478,USR_000478,,,,,2026-02-16,2026-02-16,2026-02-16,急聘推广,权益,19.0,四线城市,SME,1-49人,行政
USR_000478,USR_000478,,USR_000478,,,2026-01-19,2026-01-19,2026-01-19,简历搜索,非权益,20.4,四线城市,SME,1-49人,行政
USR_000479,USR_000479,,,,USR_000479,2026-02-02,2026-02-02,2026-02-02,简历查看,非权益,21.8,一线城市,SME,10000人以上,市场
USR_000479,USR_000479,,,USR_000479,,2026-01-12,2026-01-12,2026-01-12,在线沟通,非权益,25.7,一线城市,SME,10000人以上,市场
USR_000479,USR_000479,USR_000479,,,,2026-02-05,2026-02-05,2026-02-05,职位发布,非权益,15.6,一线城市,SME,10000人以上,市场
USR_000479,,,,,,2026-02-21,2026-02-21,2026-02-21,置顶刷新,权益,7.7,一线城市,SME,10000人以上,市场
USR_000479,USR_000479,,,USR_000479,,2026-02-19,2026-02-19,2026-02-19,在线沟通,非权益,17.9,一线城市,SME,10000人以上,市场
USR_000479,USR_000479,,,USR_000479,,2026-02-25,2026-02-25,2026-02-25,在线沟通,非权益,31.0,一线城市,SME,10000人以上,市场
USR_000479,USR_000479,,,,,2026-02-02,2026-02-02,2026-02-02,权益礼包,权益,29.4,一线城市,SME,10000人以上,市场
USR_000479,,,,,,2026-02-03,2026-02-03,2026-02-03,置顶刷新,权益,8.3,一线城市,SME,10000人以上,市场
USR_000479,USR_000479,USR_000479,,,,2026-01-05,2026-01-05,2026-01-05,职位发布,非权益,25.8,一线城市,SME,10000人以上,市场
USR_000479,USR_000479,USR_000479,,,,2026-02-06,2026-02-06,2026-02-06,职位发布,非权益,9.8,一线城市,SME,10000人以上,市场
USR_000479,USR_000479,,,,,2026-02-25,2026-02-25,2026-02-25,急聘推广,权益,23.0,一线城市,SME,10000人以上,市场
USR_000479,USR_000479,,USR_000479,,,2026-01-09,2026-01-09,2026-01-09,简历搜索,非权益,8.9,一线城市,SME,10000人以上,市场
USR_000480,USR_000480,,,,,2026-02-06,2026-02-06,2026-02-06,急聘推广,权益,17.5,四线城市,KA,10000人以上,行政
USR_000480,USR_000480,,USR_000480,,,2026-02-20,2026-02-20,2026-02-20,简历搜索,非权益,14.1,四线城市,KA,10000人以上,行政
USR_000480,USR_000480,USR_000480,,,,2026-01-09,2026-01-09,2026-01-09,职位发布,非权益,74.0,四线城市,KA,10000人以上,行政
USR_000480,USR_000480,,,,,2026-01-31,2026-01-31,2026-01-31,急聘推广,权益,17.4,四线城市,KA,10000人以上,行政
USR_000480,USR_000480,,,USR_000480,,2026-01-10,2026-01-10,2026-01-10,在线沟通,非权益,26.3,四线城市,KA,10000人以上,行政
USR_000480,USR_000480,,USR_000480,,,2026-02-14,2026-02-14,2026-02-14,简历搜索,非权益,53.1,四线城市,KA,10000人以上,行政
USR_000480,,,,,,2026-02-04,2026-02-04,2026-02-04,置顶刷新,权益,56.8,四线城市,KA,10000人以上,行政
USR_000480,USR_000480,,,,,2026-02-06,2026-02-06,2026-02-06,权益礼包,权益,38.5,四线城市,KA,10000人以上,行政
USR_000480,USR_000480,,,USR_000480,,2026-02-19,2026-02-19,2026-02-19,在线沟通,非权益,13.9,四线城市,KA,10000人以上,行政
USR_000480,USR_000480,,,,USR_000480,2026-01-09,2026-01-09,2026-01-09,简历查看,非权益,41.4,四线城市,KA,10000人以上,行政
USR_000480,USR_000480,,,,USR_000480,2026-01-13,2026-01-13,2026-01-13,简历查看,非权益,12.8,四线城市,KA,10000人以上,行政
USR_000480,USR_000480,,,,,2026-01-22,2026-01-22,2026-01-22,权益礼包,权益,8.9,四线城市,KA,10000人以上,行政
USR_000480,USR_000480,,,,,2026-01-31,2026-01-31,2026-01-31,急聘推广,权益,11.4,四线城市,KA,10000人以上,行政
USR_000480,USR_000480,,,,,2026-02-01,2026-02-01,2026-02-01,急聘推广,权益,22.4,四线城市,KA,10000人以上,行政
USR_000480,,,,,,2026-01-29,2026-01-29,2026-01-29,急聘推广,权益,32.8,四线城市,KA,10000人以上,行政
USR_000480,USR_000480,,,USR_000480,,2026-01-06,2026-01-06,2026-01-06,在线沟通,非权益,8.4,四线城市,KA,10000人以上,行政
USR_000480,,,USR_000480,,,2026-02-18,2026-02-18,2026-02-18,简历搜索,非权益,69.6,四线城市,KA,10000人以上,行政
USR_000480,USR_000480,USR_000480,,,,2026-01-28,2026-01-28,2026-01-28,职位发布,非权益,7.7,四线城市,KA,10000人以上,行政
USR_000480,USR_000480,USR_000480,,,,2026-02-04,2026-02-04,2026-02-04,职位发布,非权益,71.6,四线城市,KA,10000人以上,行政
USR_000480,USR_000480,USR_000480,,,,2026-01-01,2026-01-01,2026-01-01,职位发布,非权益,25.1,四线城市,KA,10000人以上,行政
USR_000480,,,USR_000480,,,2026-01-28,2026-01-28,2026-01-28,简历搜索,非权益,23.7,四线城市,KA,10000人以上,行政
USR_000480,USR_000480,,,,USR_000480,2026-02-11,2026-02-11,2026-02-11,简历查看,非权益,21.3,四线城市,KA,10000人以上,行政
USR_000480,USR_000480,USR_000480,,,,2026-01-26,2026-01-26,2026-01-26,职位发布,非权益,13.9,四线城市,KA,10000人以上,行政
USR_000480,USR_000480,,,,,2026-01-07,2026-01-07,2026-01-07,权益礼包,权益,20.3,四线城市,KA,10000人以上,行政
USR_000481,USR_000481,,,,,2026-02-13,2026-02-13,2026-02-13,权益礼包,权益,38.9,三线城市,SME,5000-10000人,运营
USR_000481,USR_000481,,,,,2026-01-01,2026-01-01,2026-01-01,急聘推广,权益,11.8,三线城市,SME,5000-10000人,运营
USR_000481,,USR_000481,,,,2026-01-28,2026-01-28,2026-01-28,职位发布,非权益,83.2,三线城市,SME,5000-10000人,运营
USR_000481,,,,,USR_000481,2026-02-12,2026-02-12,2026-02-12,简历查看,非权益,6.0,三线城市,SME,5000-10000人,运营
USR_000481,,,,,,2026-02-07,2026-02-07,2026-02-07,权益礼包,权益,11.1,三线城市,SME,5000-10000人,运营
USR_000481,USR_000481,,,,,2026-02-01,2026-02-01,2026-02-01,置顶刷新,权益,33.3,三线城市,SME,5000-10000人,运营
USR_000481,USR_000481,,,,,2026-02-25,2026-02-25,2026-02-25,权益礼包,权益,7.6,三线城市,SME,5000-10000人,运营
USR_000481,,,,,,2026-02-17,2026-02-17,2026-02-17,权益礼包,权益,8.9,三线城市,SME,5000-10000人,运营
USR_000481,USR_000481,,,,,2026-02-10,2026-02-10,2026-02-10,急聘推广,权益,20.5,三线城市,SME,5000-10000人,运营
USR_000482,USR_000482,,,,,2026-01-08,2026-01-08,2026-01-08,企业认证,非权益,16.9,五线城市,SME,50-99人,客服
USR_000482,USR_000482,,,,,2026-01-23,2026-01-23,2026-01-23,置顶刷新,权益,22.2,五线城市,SME,50-99人,客服
USR_000482,USR_000482,,,,,2026-01-04,2026-01-04,2026-01-04,权益礼包,权益,22.9,五线城市,SME,50-99人,客服
USR_000482,USR_000482,,,,,2026-01-03,2026-01-03,2026-01-03,权益礼包,权益,15.7,五线城市,SME,50-99人,客服
USR_000482,USR_000482,,,,,2026-02-03,2026-02-03,2026-02-03,急聘推广,权益,8.5,五线城市,SME,50-99人,客服
USR_000482,USR_000482,,,,,2026-01-13,2026-01-13,2026-01-13,置顶刷新,权益,10.7,五线城市,SME,50-99人,客服
USR_000482,USR_000482,,,USR_000482,,2026-02-01,2026-02-01,2026-02-01,在线沟通,非权益,28.3,五线城市,SME,50-99人,客服
USR_000482,USR_000482,,,,,2026-01-09,2026-01-09,2026-01-09,急聘推广,权益,11.2,五线城市,SME,50-99人,客服
USR_000482,USR_000482,,USR_000482,,,2026-01-14,2026-01-14,2026-01-14,简历搜索,非权益,28.6,五线城市,SME,50-99人,客服
USR_000482,USR_000482,,,,,2026-01-24,2026-01-24,2026-01-24,权益礼包,权益,42.9,五线城市,SME,50-99人,客服
USR_000482,USR_000482,,,,,2026-01-23,2026-01-23,2026-01-23,急聘推广,权益,25.8,五线城市,SME,50-99人,客服
USR_000482,,,,,,2026-01-10,2026-01-10,2026-01-10,置顶刷新,权益,35.5,五线城市,SME,50-99人,客服
USR_000482,USR_000482,USR_000482,,,,2026-02-20,2026-02-20,2026-02-20,职位发布,非权益,47.7,五线城市,SME,50-99人,客服
USR_000483,,USR_000483,,,,2026-02-16,2026-02-16,2026-02-16,职位发布,非权益,20.9,新一线城市,KA,2000-5000人,财务
USR_000483,USR_000483,,,,,2026-02-25,2026-02-25,2026-02-25,急聘推广,权益,16.4,新一线城市,KA,2000-5000人,财务
USR_000483,USR_000483,,,,,2026-02-16,2026-02-16,2026-02-16,企业认证,非权益,9.8,新一线城市,KA,2000-5000人,财务
USR_000483,,,,,,2026-01-31,2026-01-31,2026-01-31,企业认证,非权益,23.3,新一线城市,KA,2000-5000人,财务
USR_000483,USR_000483,,USR_000483,,,2026-01-03,2026-01-03,2026-01-03,简历搜索,非权益,7.0,新一线城市,KA,2000-5000人,财务
USR_000484,USR_000484,,,,,2026-02-18,2026-02-18,2026-02-18,企业认证,非权益,15.9,三线城市,KA,10000人以上,客服
USR_000484,,,,,,2026-03-01,2026-03-01,2026-03-01,权益礼包,权益,45.4,三线城市,KA,10000人以上,客服
USR_000484,USR_000484,,,,,2026-02-24,2026-02-24,2026-02-24,置顶刷新,权益,30.3,三线城市,KA,10000人以上,客服
USR_000484,USR_000484,USR_000484,,,,2026-02-14,2026-02-14,2026-02-14,职位发布,非权益,17.6,三线城市,KA,10000人以上,客服
USR_000484,USR_000484,,,,USR_000484,2026-02-04,2026-02-04,2026-02-04,简历查看,非权益,41.9,三线城市,KA,10000人以上,客服
USR_000484,,,,,,2026-02-08,2026-02-08,2026-02-08,权益礼包,权益,22.2,三线城市,KA,10000人以上,客服
USR_000484,,,,,,2026-01-27,2026-01-27,2026-01-27,置顶刷新,权益,32.4,三线城市,KA,10000人以上,客服
USR_000484,USR_000484,,USR_000484,,,2026-02-04,2026-02-04,2026-02-04,简历搜索,非权益,25.9,三线城市,KA,10000人以上,客服
USR_000484,USR_000484,,,USR_000484,,2026-02-06,2026-02-06,2026-02-06,在线沟通,非权益,44.8,三线城市,KA,10000人以上,客服
USR_000484,USR_000484,,,USR_000484,,2026-01-15,2026-01-15,2026-01-15,在线沟通,非权益,18.9,三线城市,KA,10000人以上,客服
USR_000484,,,,,,2026-01-01,2026-01-01,2026-01-01,权益礼包,权益,23.8,三线城市,KA,10000人以上,客服
USR_000484,,,,,,2026-02-02,2026-02-02,2026-02-02,企业认证,非权益,15.8,三线城市,KA,10000人以上,客服
USR_000484,USR_000484,,,,USR_000484,2026-01-14,2026-01-14,2026-01-14,简历查看,非权益,13.2,三线城市,KA,10000人以上,客服
USR_000484,USR_000484,,,,,2026-01-02,2026-01-02,2026-01-02,急聘推广,权益,16.7,三线城市,KA,10000人以上,客服
USR_000485,USR_000485,,,,USR_000485,2026-01-15,2026-01-15,2026-01-15,简历查看,非权益,10.2,四线城市,SME,10000人以上,研发
USR_000485,USR_000485,,,,,2026-01-15,2026-01-15,2026-01-15,权益礼包,权益,50.1,四线城市,SME,10000人以上,研发
USR_000485,USR_000485,,,,,2026-02-22,2026-02-22,2026-02-22,企业认证,非权益,38.6,四线城市,SME,10000人以上,研发
USR_000485,USR_000485,,,,,2026-01-17,2026-01-17,2026-01-17,企业认证,非权益,21.9,四线城市,SME,10000人以上,研发
USR_000485,USR_000485,,,USR_000485,,2026-02-06,2026-02-06,2026-02-06,在线沟通,非权益,25.9,四线城市,SME,10000人以上,研发
USR_000485,USR_000485,,USR_000485,,,2026-01-30,2026-01-30,2026-01-30,简历搜索,非权益,30.7,四线城市,SME,10000人以上,研发
USR_000485,USR_000485,USR_000485,,,,2026-02-03,2026-02-03,2026-02-03,职位发布,非权益,42.8,四线城市,SME,10000人以上,研发
USR_000485,,USR_000485,,,,2026-01-20,2026-01-20,2026-01-20,职位发布,非权益,60.5,四线城市,SME,10000人以上,研发
USR_000485,USR_000485,,,,USR_000485,2026-01-12,2026-01-12,2026-01-12,简历查看,非权益,7.8,四线城市,SME,10000人以上,研发
USR_000485,,,,,,2026-01-01,2026-01-01,2026-01-01,企业认证,非权益,24.8,四线城市,SME,10000人以上,研发
USR_000485,USR_000485,,,,USR_000485,2026-02-16,2026-02-16,2026-02-16,简历查看,非权益,9.7,四线城市,SME,10000人以上,研发
USR_000485,USR_000485,,USR_000485,,,2026-01-31,2026-01-31,2026-01-31,简历搜索,非权益,53.3,四线城市,SME,10000人以上,研发
USR_000485,,,,,,2026-02-02,2026-02-02,2026-02-02,企业认证,非权益,12.4,四线城市,SME,10000人以上,研发
USR_000485,,,,,USR_000485,2026-02-25,2026-02-25,2026-02-25,简历查看,非权益,23.7,四线城市,SME,10000人以上,研发
USR_000485,USR_000485,,USR_000485,,,2026-01-14,2026-01-14,2026-01-14,简历搜索,非权益,16.6,四线城市,SME,10000人以上,研发
USR_000485,USR_000485,,,,,2026-01-17,2026-01-17,2026-01-17,置顶刷新,权益,33.0,四线城市,SME,10000人以上,研发
USR_000485,USR_000485,USR_000485,,,,2026-01-15,2026-01-15,2026-01-15,职位发布,非权益,11.0,四线城市,SME,10000人以上,研发
USR_000485,USR_000485,,,,USR_000485,2026-01-21,2026-01-21,2026-01-21,简历查看,非权益,49.0,四线城市,SME,10000人以上,研发
USR_000485,USR_000485,,,,,2026-02-27,2026-02-27,2026-02-27,权益礼包,权益,11.4,四线城市,SME,10000人以上,研发
USR_000485,USR_000485,,,,,2026-02-17,2026-02-17,2026-02-17,权益礼包,权益,9.7,四线城市,SME,10000人以上,研发
USR_000485,,,,,,2026-02-23,2026-02-23,2026-02-23,急聘推广,权益,6.3,四线城市,SME,10000人以上,研发
USR_000485,,,,,,2026-02-27,2026-02-27,2026-02-27,置顶刷新,权益,5.3,四线城市,SME,10000人以上,研发
USR_000485,USR_000485,,,,,2026-02-20,2026-02-20,2026-02-20,企业认证,非权益,37.2,四线城市,SME,10000人以上,研发
USR_000485,USR_000485,,,,,2026-01-30,2026-01-30,2026-01-30,急聘推广,权益,50.0,四线城市,SME,10000人以上,研发
USR_000486,USR_000486,,,,,2026-01-26,2026-01-26,2026-01-26,急聘推广,权益,17.6,一线城市,KA,500-999人,市场
USR_000486,USR_000486,,,,,2026-01-07,2026-01-07,2026-01-07,急聘推广,权益,19.3,一线城市,KA,500-999人,市场
USR_000486,,,,,,2026-02-24,2026-02-24,2026-02-24,企业认证,非权益,54.4,一线城市,KA,500-999人,市场
USR_000486,USR_000486,USR_000486,,,,2026-01-30,2026-01-30,2026-01-30,职位发布,非权益,24.7,一线城市,KA,500-999人,市场
USR_000486,USR_000486,,,USR_000486,,2026-02-15,2026-02-15,2026-02-15,在线沟通,非权益,17.8,一线城市,KA,500-999人,市场
USR_000486,USR_000486,,,,,2026-03-01,2026-03-01,2026-03-01,权益礼包,权益,30.0,一线城市,KA,500-999人,市场
USR_000486,USR_000486,,,,,2026-01-08,2026-01-08,2026-01-08,企业认证,非权益,15.3,一线城市,KA,500-999人,市场
USR_000486,USR_000486,,,,USR_000486,2026-01-18,2026-01-18,2026-01-18,简历查看,非权益,7.0,一线城市,KA,500-999人,市场
USR_000486,USR_000486,,,,,2026-02-13,2026-02-13,2026-02-13,急聘推广,权益,5.2,一线城市,KA,500-999人,市场
USR_000486,USR_000486,,,,USR_000486,2026-02-03,2026-02-03,2026-02-03,简历查看,非权益,16.2,一线城市,KA,500-999人,市场
USR_000486,USR_000486,,,,USR_000486,2026-02-01,2026-02-01,2026-02-01,简历查看,非权益,57.1,一线城市,KA,500-999人,市场
USR_000486,USR_000486,USR_000486,,,,2026-01-05,2026-01-05,2026-01-05,职位发布,非权益,17.7,一线城市,KA,500-999人,市场
USR_000486,,USR_000486,,,,2026-02-23,2026-02-23,2026-02-23,职位发布,非权益,36.9,一线城市,KA,500-999人,市场
USR_000486,USR_000486,,,,USR_000486,2026-02-18,2026-02-18,2026-02-18,简历查看,非权益,78.5,一线城市,KA,500-999人,市场
USR_000486,USR_000486,,,,,2026-02-04,2026-02-04,2026-02-04,企业认证,非权益,94.5,一线城市,KA,500-999人,市场
USR_000486,USR_000486,,,,,2026-01-03,2026-01-03,2026-01-03,急聘推广,权益,13.9,一线城市,KA,500-999人,市场
USR_000486,USR_000486,,USR_000486,,,2026-01-18,2026-01-18,2026-01-18,简历搜索,非权益,96.5,一线城市,KA,500-999人,市场
USR_000487,USR_000487,,,,USR_000487,2026-02-13,2026-02-13,2026-02-13,简历查看,非权益,24.4,一线城市,SME,50-99人,销售
USR_000487,USR_000487,,USR_000487,,,2026-01-12,2026-01-12,2026-01-12,简历搜索,非权益,7.8,一线城市,SME,50-99人,销售
USR_000487,USR_000487,,,,,2026-02-02,2026-02-02,2026-02-02,权益礼包,权益,11.0,一线城市,SME,50-99人,销售
USR_000487,,,,,,2026-01-20,2026-01-20,2026-01-20,权益礼包,权益,14.0,一线城市,SME,50-99人,销售
USR_000487,,USR_000487,,,,2026-02-07,2026-02-07,2026-02-07,职位发布,非权益,48.3,一线城市,SME,50-99人,销售
USR_000487,,,,,,2026-02-24,2026-02-24,2026-02-24,置顶刷新,权益,8.0,一线城市,SME,50-99人,销售
USR_000487,,,,,,2026-01-24,2026-01-24,2026-01-24,置顶刷新,权益,5.6,一线城市,SME,50-99人,销售
USR_000487,USR_000487,,,,,2026-02-11,2026-02-11,2026-02-11,权益礼包,权益,14.8,一线城市,SME,50-99人,销售
USR_000487,,,,,,2026-01-28,2026-01-28,2026-01-28,急聘推广,权益,19.9,一线城市,SME,50-99人,销售
USR_000487,USR_000487,,,,,2026-01-05,2026-01-05,2026-01-05,急聘推广,权益,6.2,一线城市,SME,50-99人,销售
USR_000487,USR_000487,,,,,2026-01-28,2026-01-28,2026-01-28,置顶刷新,权益,5.2,一线城市,SME,50-99人,销售
USR_000487,USR_000487,,,,,2026-02-07,2026-02-07,2026-02-07,急聘推广,权益,28.4,一线城市,SME,50-99人,销售
USR_000487,USR_000487,,,,,2026-02-03,2026-02-03,2026-02-03,急聘推广,权益,21.6,一线城市,SME,50-99人,销售
USR_000487,USR_000487,,USR_000487,,,2026-02-02,2026-02-02,2026-02-02,简历搜索,非权益,18.3,一线城市,SME,50-99人,销售
USR_000488,USR_000488,,,USR_000488,,2026-02-01,2026-02-01,2026-02-01,在线沟通,非权益,15.1,四线城市,KA,1-49人,市场
USR_000488,USR_000488,,,,,2026-01-10,2026-01-10,2026-01-10,急聘推广,权益,33.0,四线城市,KA,1-49人,市场
USR_000488,USR_000488,,USR_000488,,,2026-01-05,2026-01-05,2026-01-05,简历搜索,非权益,19.4,四线城市,KA,1-49人,市场
USR_000488,USR_000488,,,,,2026-02-22,2026-02-22,2026-02-22,权益礼包,权益,5.8,四线城市,KA,1-49人,市场
USR_000488,USR_000488,,,,,2026-03-01,2026-03-01,2026-03-01,权益礼包,权益,14.2,四线城市,KA,1-49人,市场
USR_000488,USR_000488,,USR_000488,,,2026-01-16,2026-01-16,2026-01-16,简历搜索,非权益,8.9,四线城市,KA,1-49人,市场
USR_000488,USR_000488,,,,,2026-02-04,2026-02-04,2026-02-04,急聘推广,权益,25.8,四线城市,KA,1-49人,市场
USR_000488,,,,,,2026-02-26,2026-02-26,2026-02-26,企业认证,非权益,70.0,四线城市,KA,1-49人,市场
USR_000488,USR_000488,,,,,2026-02-18,2026-02-18,2026-02-18,急聘推广,权益,45.4,四线城市,KA,1-49人,市场
USR_000488,USR_000488,USR_000488,,,,2026-01-29,2026-01-29,2026-01-29,职位发布,非权益,21.0,四线城市,KA,1-49人,市场
USR_000488,USR_000488,,,USR_000488,,2026-02-10,2026-02-10,2026-02-10,在线沟通,非权益,11.7,四线城市,KA,1-49人,市场
USR_000488,USR_000488,,USR_000488,,,2026-01-04,2026-01-04,2026-01-04,简历搜索,非权益,5.3,四线城市,KA,1-49人,市场
USR_000488,USR_000488,USR_000488,,,,2026-01-15,2026-01-15,2026-01-15,职位发布,非权益,17.8,四线城市,KA,1-49人,市场
USR_000489,USR_000489,USR_000489,,,,2026-02-11,2026-02-11,2026-02-11,职位发布,非权益,72.1,五线城市,SME,10000人以上,产品
USR_000489,USR_000489,,,USR_000489,,2026-02-13,2026-02-13,2026-02-13,在线沟通,非权益,7.8,五线城市,SME,10000人以上,产品
USR_000489,,,,,,2026-01-07,2026-01-07,2026-01-07,企业认证,非权益,5.4,五线城市,SME,10000人以上,产品
USR_000489,,,,,,2026-01-27,2026-01-27,2026-01-27,急聘推广,权益,7.4,五线城市,SME,10000人以上,产品
USR_000489,USR_000489,,,,,2026-01-15,2026-01-15,2026-01-15,置顶刷新,权益,41.7,五线城市,SME,10000人以上,产品
USR_000490,USR_000490,,,,,2026-01-23,2026-01-23,2026-01-23,权益礼包,权益,6.6,三线城市,SME,500-999人,运营
USR_000490,,,,,,2026-01-13,2026-01-13,2026-01-13,权益礼包,权益,5.2,三线城市,SME,500-999人,运营
USR_000490,USR_000490,USR_000490,,,,2026-01-22,2026-01-22,2026-01-22,职位发布,非权益,12.8,三线城市,SME,500-999人,运营
USR_000490,USR_000490,,,,,2026-01-11,2026-01-11,2026-01-11,企业认证,非权益,7.6,三线城市,SME,500-999人,运营
USR_000490,USR_000490,,,,,2026-02-25,2026-02-25,2026-02-25,企业认证,非权益,6.4,三线城市,SME,500-999人,运营
USR_000490,USR_000490,,,,USR_000490,2026-02-07,2026-02-07,2026-02-07,简历查看,非权益,10.1,三线城市,SME,500-999人,运营
USR_000490,USR_000490,,,,,2026-01-17,2026-01-17,2026-01-17,权益礼包,权益,15.3,三线城市,SME,500-999人,运营
USR_000490,,,,USR_000490,,2026-02-11,2026-02-11,2026-02-11,在线沟通,非权益,11.6,三线城市,SME,500-999人,运营
USR_000491,,,,,,2026-01-17,2026-01-17,2026-01-17,企业认证,非权益,16.3,一线城市,SME,100-499人,客服
USR_000491,USR_000491,,,,,2026-01-29,2026-01-29,2026-01-29,权益礼包,权益,8.9,一线城市,SME,100-499人,客服
USR_000491,USR_000491,,,,,2026-01-14,2026-01-14,2026-01-14,权益礼包,权益,48.7,一线城市,SME,100-499人,客服
USR_000491,,,,USR_000491,,2026-02-24,2026-02-24,2026-02-24,在线沟通,非权益,6.1,一线城市,SME,100-499人,客服
USR_000491,USR_000491,,,,USR_000491,2026-01-02,2026-01-02,2026-01-02,简历查看,非权益,25.9,一线城市,SME,100-499人,客服
USR_000491,USR_000491,,,,,2026-01-14,2026-01-14,2026-01-14,置顶刷新,权益,20.8,一线城市,SME,100-499人,客服
USR_000491,USR_000491,,USR_000491,,,2026-01-28,2026-01-28,2026-01-28,简历搜索,非权益,24.6,一线城市,SME,100-499人,客服
USR_000491,USR_000491,,,,USR_000491,2026-02-10,2026-02-10,2026-02-10,简历查看,非权益,18.8,一线城市,SME,100-499人,客服
USR_000491,USR_000491,,,,,2026-02-15,2026-02-15,2026-02-15,置顶刷新,权益,23.5,一线城市,SME,100-499人,客服
USR_000492,USR_000492,,,,USR_000492,2026-01-27,2026-01-27,2026-01-27,简历查看,非权益,7.7,一线城市,SME,1000-2000人,市场
USR_000492,,,,,,2026-02-16,2026-02-16,2026-02-16,置顶刷新,权益,27.6,一线城市,SME,1000-2000人,市场
USR_000492,USR_000492,,USR_000492,,,2026-01-07,2026-01-07,2026-01-07,简历搜索,非权益,17.0,一线城市,SME,1000-2000人,市场
USR_000492,USR_000492,,,USR_000492,,2026-01-13,2026-01-13,2026-01-13,在线沟通,非权益,10.8,一线城市,SME,1000-2000人,市场
USR_000492,,,,,USR_000492,2026-02-12,2026-02-12,2026-02-12,简历查看,非权益,5.2,一线城市,SME,1000-2000人,市场
USR_000493,,,,,,2026-01-15,2026-01-15,2026-01-15,权益礼包,权益,22.2,二线城市,SME,500-999人,财务
USR_000494,USR_000494,,,,USR_000494,2026-01-18,2026-01-18,2026-01-18,简历查看,非权益,20.4,二线城市,KA,100-499人,研发
USR_000494,USR_000494,,USR_000494,,,2026-01-30,2026-01-30,2026-01-30,简历搜索,非权益,14.0,二线城市,KA,100-499人,研发
USR_000494,,,,,USR_000494,2026-01-31,2026-01-31,2026-01-31,简历查看,非权益,10.7,二线城市,KA,100-499人,研发
USR_000494,,,,,,2026-01-07,2026-01-07,2026-01-07,置顶刷新,权益,25.9,二线城市,KA,100-499人,研发
USR_000494,USR_000494,,,,,2026-02-13,2026-02-13,2026-02-13,权益礼包,权益,18.8,二线城市,KA,100-499人,研发
USR_000494,,,USR_000494,,,2026-02-03,2026-02-03,2026-02-03,简历搜索,非权益,108.5,二线城市,KA,100-499人,研发
USR_000494,USR_000494,,,,,2026-01-01,2026-01-01,2026-01-01,急聘推广,权益,6.5,二线城市,KA,100-499人,研发
USR_000494,USR_000494,,,,,2026-01-21,2026-01-21,2026-01-21,置顶刷新,权益,22.5,二线城市,KA,100-499人,研发
USR_000494,USR_000494,,,,,2026-01-02,2026-01-02,2026-01-02,权益礼包,权益,9.4,二线城市,KA,100-499人,研发
USR_000494,USR_000494,,USR_000494,,,2026-01-02,2026-01-02,2026-01-02,简历搜索,非权益,57.1,二线城市,KA,100-499人,研发
USR_000494,USR_000494,,USR_000494,,,2026-02-03,2026-02-03,2026-02-03,简历搜索,非权益,8.4,二线城市,KA,100-499人,研发
USR_000494,,,,,,2026-01-28,2026-01-28,2026-01-28,急聘推广,权益,5.9,二线城市,KA,100-499人,研发
USR_000494,USR_000494,,,,,2026-02-09,2026-02-09,2026-02-09,企业认证,非权益,11.6,二线城市,KA,100-499人,研发
USR_000494,,USR_000494,,,,2026-02-21,2026-02-21,2026-02-21,职位发布,非权益,6.2,二线城市,KA,100-499人,研发
USR_000494,,,,USR_000494,,2026-02-03,2026-02-03,2026-02-03,在线沟通,非权益,23.2,二线城市,KA,100-499人,研发
USR_000494,,,,,USR_000494,2026-02-04,2026-02-04,2026-02-04,简历查看,非权益,40.7,二线城市,KA,100-499人,研发
USR_000494,USR_000494,,,,,2026-02-16,2026-02-16,2026-02-16,企业认证,非权益,70.5,二线城市,KA,100-499人,研发
USR_000494,USR_000494,,,USR_000494,,2026-01-22,2026-01-22,2026-01-22,在线沟通,非权益,50.9,二线城市,KA,100-499人,研发
USR_000494,USR_000494,,,,,2026-01-15,2026-01-15,2026-01-15,急聘推广,权益,19.9,二线城市,KA,100-499人,研发
USR_000494,USR_000494,,,,USR_000494,2026-01-19,2026-01-19,2026-01-19,简历查看,非权益,10.0,二线城市,KA,100-499人,研发
USR_000494,USR_000494,USR_000494,,,,2026-02-07,2026-02-07,2026-02-07,职位发布,非权益,16.3,二线城市,KA,100-499人,研发
USR_000494,USR_000494,,,USR_000494,,2026-02-10,2026-02-10,2026-02-10,在线沟通,非权益,14.6,二线城市,KA,100-499人,研发
USR_000494,,USR_000494,,,,2026-01-28,2026-01-28,2026-01-28,职位发布,非权益,6.8,二线城市,KA,100-499人,研发
USR_000494,USR_000494,,USR_000494,,,2026-01-14,2026-01-14,2026-01-14,简历搜索,非权益,13.4,二线城市,KA,100-499人,研发
USR_000495,,,,USR_000495,,2026-01-30,2026-01-30,2026-01-30,在线沟通,非权益,42.0,五线城市,KA,1-49人,财务
USR_000495,,,,,,2026-02-16,2026-02-16,2026-02-16,急聘推广,权益,39.3,五线城市,KA,1-49人,财务
USR_000495,USR_000495,,,,USR_000495,2026-02-22,2026-02-22,2026-02-22,简历查看,非权益,60.4,五线城市,KA,1-49人,财务
USR_000495,USR_000495,USR_000495,,,,2026-02-14,2026-02-14,2026-02-14,职位发布,非权益,7.1,五线城市,KA,1-49人,财务
USR_000495,USR_000495,USR_000495,,,,2026-02-27,2026-02-27,2026-02-27,职位发布,非权益,6.8,五线城市,KA,1-49人,财务
USR_000495,,,,,,2026-01-31,2026-01-31,2026-01-31,置顶刷新,权益,28.3,五线城市,KA,1-49人,财务
USR_000495,USR_000495,,USR_000495,,,2026-01-18,2026-01-18,2026-01-18,简历搜索,非权益,5.2,五线城市,KA,1-49人,财务
USR_000495,USR_000495,,,,,2026-01-04,2026-01-04,2026-01-04,急聘推广,权益,37.5,五线城市,KA,1-49人,财务
USR_000495,USR_000495,,,,,2026-01-09,2026-01-09,2026-01-09,置顶刷新,权益,12.8,五线城市,KA,1-49人,财务
USR_000495,,USR_000495,,,,2026-02-27,2026-02-27,2026-02-27,职位发布,非权益,56.0,五线城市,KA,1-49人,财务
USR_000495,USR_000495,,USR_000495,,,2026-02-18,2026-02-18,2026-02-18,简历搜索,非权益,8.2,五线城市,KA,1-49人,财务
USR_000495,USR_000495,,,,,2026-02-05,2026-02-05,2026-02-05,急聘推广,权益,7.4,五线城市,KA,1-49人,财务
USR_000495,USR_000495,,,,,2026-02-10,2026-02-10,2026-02-10,企业认证,非权益,6.7,五线城市,KA,1-49人,财务
USR_000495,USR_000495,,,USR_000495,,2026-02-26,2026-02-26,2026-02-26,在线沟通,非权益,17.9,五线城市,KA,1-49人,财务
USR_000495,USR_000495,,,,USR_000495,2026-03-01,2026-03-01,2026-03-01,简历查看,非权益,13.4,五线城市,KA,1-49人,财务
USR_000495,USR_000495,,USR_000495,,,2026-02-27,2026-02-27,2026-02-27,简历搜索,非权益,17.7,五线城市,KA,1-49人,财务
USR_000495,,,,USR_000495,,2026-01-12,2026-01-12,2026-01-12,在线沟通,非权益,20.7,五线城市,KA,1-49人,财务
USR_000495,,,,,USR_000495,2026-01-14,2026-01-14,2026-01-14,简历查看,非权益,26.8,五线城市,KA,1-49人,财务
USR_000496,USR_000496,,,,USR_000496,2026-02-02,2026-02-02,2026-02-02,简历查看,非权益,47.6,五线城市,KA,1000-2000人,客服
USR_000496,USR_000496,,USR_000496,,,2026-02-28,2026-02-28,2026-02-28,简历搜索,非权益,34.0,五线城市,KA,1000-2000人,客服
USR_000496,USR_000496,,,USR_000496,,2026-02-17,2026-02-17,2026-02-17,在线沟通,非权益,22.0,五线城市,KA,1000-2000人,客服
USR_000496,,,,USR_000496,,2026-02-06,2026-02-06,2026-02-06,在线沟通,非权益,32.2,五线城市,KA,1000-2000人,客服
USR_000496,,,,,,2026-01-12,2026-01-12,2026-01-12,企业认证,非权益,5.2,五线城市,KA,1000-2000人,客服
USR_000496,USR_000496,,,,,2026-01-15,2026-01-15,2026-01-15,急聘推广,权益,8.3,五线城市,KA,1000-2000人,客服
USR_000496,USR_000496,USR_000496,,,,2026-03-01,2026-03-01,2026-03-01,职位发布,非权益,18.2,五线城市,KA,1000-2000人,客服
USR_000496,,,,,,2026-02-23,2026-02-23,2026-02-23,企业认证,非权益,27.6,五线城市,KA,1000-2000人,客服
USR_000497,,,,,,2026-02-18,2026-02-18,2026-02-18,企业认证,非权益,6.9,四线城市,SME,2000-5000人,产品
USR_000497,USR_000497,,,USR_000497,,2026-03-01,2026-03-01,2026-03-01,在线沟通,非权益,7.4,四线城市,SME,2000-5000人,产品
USR_000497,,,,,,2026-01-05,2026-01-05,2026-01-05,急聘推广,权益,19.5,四线城市,SME,2000-5000人,产品
USR_000498,,,,,,2026-02-09,2026-02-09,2026-02-09,权益礼包,权益,31.2,新一线城市,SME,50-99人,运营
USR_000498,USR_000498,,USR_000498,,,2026-01-09,2026-01-09,2026-01-09,简历搜索,非权益,63.1,新一线城市,SME,50-99人,运营
USR_000498,,,,USR_000498,,2026-01-14,2026-01-14,2026-01-14,在线沟通,非权益,20.8,新一线城市,SME,50-99人,运营
USR_000498,USR_000498,,,,,2026-01-20,2026-01-20,2026-01-20,企业认证,非权益,35.5,新一线城市,SME,50-99人,运营
USR_000498,USR_000498,,,,,2026-01-31,2026-01-31,2026-01-31,权益礼包,权益,27.2,新一线城市,SME,50-99人,运营
USR_000498,USR_000498,,,,,2026-01-23,2026-01-23,2026-01-23,权益礼包,权益,8.8,新一线城市,SME,50-99人,运营
USR_000498,,,USR_000498,,,2026-01-29,2026-01-29,2026-01-29,简历搜索,非权益,5.2,新一线城市,SME,50-99人,运营
USR_000499,USR_000499,,,,,2026-01-16,2026-01-16,2026-01-16,置顶刷新,权益,23.0,四线城市,KA,2000-5000人,财务
USR_000499,USR_000499,,,,,2026-01-04,2026-01-04,2026-01-04,置顶刷新,权益,11.5,四线城市,KA,2000-5000人,财务
USR_000499,,,,,USR_000499,2026-01-30,2026-01-30,2026-01-30,简历查看,非权益,117.5,四线城市,KA,2000-5000人,财务
USR_000499,USR_000499,,,,USR_000499,2026-02-27,2026-02-27,2026-02-27,简历查看,非权益,8.9,四线城市,KA,2000-5000人,财务
USR_000499,,,,,USR_000499,2026-02-07,2026-02-07,2026-02-07,简历查看,非权益,9.3,四线城市,KA,2000-5000人,财务
USR_000499,USR_000499,,,,USR_000499,2026-01-23,2026-01-23,2026-01-23,简历查看,非权益,29.0,四线城市,KA,2000-5000人,财务
USR_000499,USR_000499,,,,,2026-02-27,2026-02-27,2026-02-27,权益礼包,权益,42.4,四线城市,KA,2000-5000人,财务
USR_000499,USR_000499,,,USR_000499,,2026-01-24,2026-01-24,2026-01-24,在线沟通,非权益,12.6,四线城市,KA,2000-5000人,财务
USR_000499,USR_000499,,,,,2026-01-30,2026-01-30,2026-01-30,置顶刷新,权益,12.4,四线城市,KA,2000-5000人,财务
USR_000499,,,,,,2026-01-20,2026-01-20,2026-01-20,急聘推广,权益,25.2,四线城市,KA,2000-5000人,财务
USR_000499,USR_000499,,,,USR_000499,2026-01-25,2026-01-25,2026-01-25,简历查看,非权益,38.0,四线城市,KA,2000-5000人,财务
USR_000499,USR_000499,,,USR_000499,,2026-02-15,2026-02-15,2026-02-15,在线沟通,非权益,19.6,四线城市,KA,2000-5000人,财务
USR_000499,USR_000499,,,,,2026-01-22,2026-01-22,2026-01-22,权益礼包,权益,29.6,四线城市,KA,2000-5000人,财务
USR_000499,,,,,,2026-02-05,2026-02-05,2026-02-05,急聘推广,权益,7.1,四线城市,KA,2000-5000人,财务
USR_000500,USR_000500,,,,,2026-01-31,2026-01-31,2026-01-31,权益礼包,权益,5.2,三线城市,SME,1000-2000人,客服
USR_000500,USR_000500,USR_000500,,,,2026-01-22,2026-01-22,2026-01-22,职位发布,非权益,15.1,三线城市,SME,1000-2000人,客服
USR_000500,,,,,,2026-01-21,2026-01-21,2026-01-21,急聘推广,权益,18.3,三线城市,SME,1000-2000人,客服
USR_000500,USR_000500,,,,,2026-02-05,2026-02-05,2026-02-05,权益礼包,权益,23.3,三线城市,SME,1000-2000人,客服
USR_000500,USR_000500,USR_000500,,,,2026-01-30,2026-01-30,2026-01-30,职位发布,非权益,42.2,三线城市,SME,1000-2000人,客服
USR_000500,USR_000500,,,,,2026-01-08,2026-01-08,2026-01-08,权益礼包,权益,58.3,三线城市,SME,1000-2000人,客服
USR_000501,USR_000501,,,,,2026-02-01,2026-02-01,2026-02-01,置顶刷新,权益,11.7,四线城市,SME,50-99人,市场
USR_000501,USR_000501,,,USR_000501,,2026-01-24,2026-01-24,2026-01-24,在线沟通,非权益,34.2,四线城市,SME,50-99人,市场
USR_000501,,USR_000501,,,,2026-01-04,2026-01-04,2026-01-04,职位发布,非权益,13.5,四线城市,SME,50-99人,市场
USR_000501,USR_000501,,,,,2026-02-05,2026-02-05,2026-02-05,置顶刷新,权益,29.4,四线城市,SME,50-99人,市场
USR_000501,USR_000501,,,,,2026-01-23,2026-01-23,2026-01-23,权益礼包,权益,14.9,四线城市,SME,50-99人,市场
USR_000501,USR_000501,,,,,2026-01-03,2026-01-03,2026-01-03,权益礼包,权益,7.9,四线城市,SME,50-99人,市场
USR_000501,USR_000501,,,,USR_000501,2026-02-16,2026-02-16,2026-02-16,简历查看,非权益,40.6,四线城市,SME,50-99人,市场
USR_000501,,,,,,2026-01-15,2026-01-15,2026-01-15,置顶刷新,权益,21.5,四线城市,SME,50-99人,市场
USR_000501,,,,USR_000501,,2026-02-23,2026-02-23,2026-02-23,在线沟通,非权益,21.3,四线城市,SME,50-99人,市场
USR_000501,USR_000501,,,,,2026-02-17,2026-02-17,2026-02-17,置顶刷新,权益,27.4,四线城市,SME,50-99人,市场
USR_000501,USR_000501,,,,USR_000501,2026-02-17,2026-02-17,2026-02-17,简历查看,非权益,16.6,四线城市,SME,50-99人,市场
USR_000501,,USR_000501,,,,2026-01-13,2026-01-13,2026-01-13,职位发布,非权益,33.4,四线城市,SME,50-99人,市场
USR_000501,USR_000501,,,,,2026-01-14,2026-01-14,2026-01-14,急聘推广,权益,13.2,四线城市,SME,50-99人,市场
USR_000501,USR_000501,,USR_000501,,,2026-01-15,2026-01-15,2026-01-15,简历搜索,非权益,14.0,四线城市,SME,50-99人,市场
USR_000501,USR_000501,,USR_000501,,,2026-02-20,2026-02-20,2026-02-20,简历搜索,非权益,10.3,四线城市,SME,50-99人,市场
USR_000501,,,,,,2026-02-01,2026-02-01,2026-02-01,置顶刷新,权益,13.1,四线城市,SME,50-99人,市场
USR_000501,USR_000501,,,USR_000501,,2026-02-18,2026-02-18,2026-02-18,在线沟通,非权益,6.3,四线城市,SME,50-99人,市场
USR_000501,USR_000501,USR_000501,,,,2026-02-08,2026-02-08,2026-02-08,职位发布,非权益,44.2,四线城市,SME,50-99人,市场
USR_000501,,,,,,2026-01-17,2026-01-17,2026-01-17,急聘推广,权益,10.1,四线城市,SME,50-99人,市场
USR_000501,USR_000501,USR_000501,,,,2026-01-21,2026-01-21,2026-01-21,职位发布,非权益,28.5,四线城市,SME,50-99人,市场
USR_000501,USR_000501,,USR_000501,,,2026-01-04,2026-01-04,2026-01-04,简历搜索,非权益,6.2,四线城市,SME,50-99人,市场
USR_000502,USR_000502,,,USR_000502,,2026-01-28,2026-01-28,2026-01-28,在线沟通,非权益,5.4,四线城市,SME,2000-5000人,客服
USR_000502,USR_000502,USR_000502,,,,2026-02-21,2026-02-21,2026-02-21,职位发布,非权益,9.0,四线城市,SME,2000-5000人,客服
USR_000502,,,,,,2026-02-23,2026-02-23,2026-02-23,权益礼包,权益,45.5,四线城市,SME,2000-5000人,客服
USR_000502,USR_000502,,,,,2026-02-05,2026-02-05,2026-02-05,权益礼包,权益,20.3,四线城市,SME,2000-5000人,客服
USR_000502,,,,USR_000502,,2026-02-17,2026-02-17,2026-02-17,在线沟通,非权益,26.0,四线城市,SME,2000-5000人,客服
USR_000502,USR_000502,,,USR_000502,,2026-01-15,2026-01-15,2026-01-15,在线沟通,非权益,28.5,四线城市,SME,2000-5000人,客服
USR_000502,USR_000502,USR_000502,,,,2026-02-05,2026-02-05,2026-02-05,职位发布,非权益,44.7,四线城市,SME,2000-5000人,客服
USR_000502,USR_000502,,USR_000502,,,2026-01-21,2026-01-21,2026-01-21,简历搜索,非权益,10.6,四线城市,SME,2000-5000人,客服
USR_000502,,,,,,2026-02-25,2026-02-25,2026-02-25,企业认证,非权益,26.5,四线城市,SME,2000-5000人,客服
USR_000502,USR_000502,,USR_000502,,,2026-01-24,2026-01-24,2026-01-24,简历搜索,非权益,43.9,四线城市,SME,2000-5000人,客服
USR_000502,USR_000502,USR_000502,,,,2026-01-02,2026-01-02,2026-01-02,职位发布,非权益,13.2,四线城市,SME,2000-5000人,客服
USR_000502,,,,,,2026-02-12,2026-02-12,2026-02-12,置顶刷新,权益,8.4,四线城市,SME,2000-5000人,客服
USR_000502,USR_000502,,,,USR_000502,2026-02-10,2026-02-10,2026-02-10,简历查看,非权益,16.8,四线城市,SME,2000-5000人,客服
USR_000502,USR_000502,USR_000502,,,,2026-02-25,2026-02-25,2026-02-25,职位发布,非权益,7.4,四线城市,SME,2000-5000人,客服
USR_000502,USR_000502,,,,,2026-01-21,2026-01-21,2026-01-21,权益礼包,权益,72.9,四线城市,SME,2000-5000人,客服
USR_000502,USR_000502,,,,,2026-01-24,2026-01-24,2026-01-24,权益礼包,权益,20.5,四线城市,SME,2000-5000人,客服
USR_000502,USR_000502,,,,USR_000502,2026-02-28,2026-02-28,2026-02-28,简历查看,非权益,39.2,四线城市,SME,2000-5000人,客服
USR_000502,,,,USR_000502,,2026-01-17,2026-01-17,2026-01-17,在线沟通,非权益,14.0,四线城市,SME,2000-5000人,客服
USR_000502,USR_000502,,,,,2026-01-12,2026-01-12,2026-01-12,企业认证,非权益,50.2,四线城市,SME,2000-5000人,客服
USR_000503,,,,USR_000503,,2026-01-28,2026-01-28,2026-01-28,在线沟通,非权益,20.9,四线城市,SME,1000-2000人,财务
USR_000503,USR_000503,,USR_000503,,,2026-02-04,2026-02-04,2026-02-04,简历搜索,非权益,35.8,四线城市,SME,1000-2000人,财务
USR_000503,,,,,,2026-01-04,2026-01-04,2026-01-04,置顶刷新,权益,44.4,四线城市,SME,1000-2000人,财务
USR_000503,USR_000503,,,,,2026-01-22,2026-01-22,2026-01-22,企业认证,非权益,32.2,四线城市,SME,1000-2000人,财务
USR_000503,USR_000503,,,,,2026-02-18,2026-02-18,2026-02-18,置顶刷新,权益,37.0,四线城市,SME,1000-2000人,财务
USR_000504,,,,,USR_000504,2026-02-05,2026-02-05,2026-02-05,简历查看,非权益,6.8,新一线城市,SME,50-99人,客服
USR_000504,USR_000504,,,,USR_000504,2026-02-16,2026-02-16,2026-02-16,简历查看,非权益,11.4,新一线城市,SME,50-99人,客服
USR_000504,USR_000504,,,,,2026-02-10,2026-02-10,2026-02-10,权益礼包,权益,25.1,新一线城市,SME,50-99人,客服
USR_000504,USR_000504,,,,,2026-01-27,2026-01-27,2026-01-27,急聘推广,权益,12.5,新一线城市,SME,50-99人,客服
USR_000504,,USR_000504,,,,2026-02-06,2026-02-06,2026-02-06,职位发布,非权益,8.4,新一线城市,SME,50-99人,客服
USR_000504,USR_000504,,,,,2026-01-22,2026-01-22,2026-01-22,置顶刷新,权益,6.0,新一线城市,SME,50-99人,客服
USR_000504,USR_000504,,,USR_000504,,2026-01-31,2026-01-31,2026-01-31,在线沟通,非权益,16.4,新一线城市,SME,50-99人,客服
USR_000504,USR_000504,,,,,2026-01-29,2026-01-29,2026-01-29,置顶刷新,权益,6.7,新一线城市,SME,50-99人,客服
USR_000504,USR_000504,USR_000504,,,,2026-01-25,2026-01-25,2026-01-25,职位发布,非权益,8.7,新一线城市,SME,50-99人,客服
USR_000504,USR_000504,,USR_000504,,,2026-02-09,2026-02-09,2026-02-09,简历搜索,非权益,5.3,新一线城市,SME,50-99人,客服
USR_000504,USR_000504,,,,USR_000504,2026-01-18,2026-01-18,2026-01-18,简历查看,非权益,20.8,新一线城市,SME,50-99人,客服
USR_000504,USR_000504,,,,USR_000504,2026-02-20,2026-02-20,2026-02-20,简历查看,非权益,6.0,新一线城市,SME,50-99人,客服
USR_000504,USR_000504,,USR_000504,,,2026-01-22,2026-01-22,2026-01-22,简历搜索,非权益,24.2,新一线城市,SME,50-99人,客服
USR_000504,,,USR_000504,,,2026-01-03,2026-01-03,2026-01-03,简历搜索,非权益,76.0,新一线城市,SME,50-99人,客服
USR_000504,,USR_000504,,,,2026-02-07,2026-02-07,2026-02-07,职位发布,非权益,61.4,新一线城市,SME,50-99人,客服
USR_000504,,,USR_000504,,,2026-01-11,2026-01-11,2026-01-11,简历搜索,非权益,6.4,新一线城市,SME,50-99人,客服
USR_000504,,,USR_000504,,,2026-01-04,2026-01-04,2026-01-04,简历搜索,非权益,17.1,新一线城市,SME,50-99人,客服
USR_000504,USR_000504,,USR_000504,,,2026-01-16,2026-01-16,2026-01-16,简历搜索,非权益,14.1,新一线城市,SME,50-99人,客服
USR_000504,,,,,,2026-01-21,2026-01-21,2026-01-21,权益礼包,权益,6.7,新一线城市,SME,50-99人,客服
USR_000504,,USR_000504,,,,2026-02-18,2026-02-18,2026-02-18,职位发布,非权益,11.8,新一线城市,SME,50-99人,客服
USR_000504,USR_000504,,,,,2026-01-04,2026-01-04,2026-01-04,置顶刷新,权益,5.3,新一线城市,SME,50-99人,客服
USR_000504,USR_000504,,,USR_000504,,2026-02-08,2026-02-08,2026-02-08,在线沟通,非权益,8.9,新一线城市,SME,50-99人,客服
USR_000505,USR_000505,USR_000505,,,,2026-01-25,2026-01-25,2026-01-25,职位发布,非权益,5.1,三线城市,SME,1-49人,行政
USR_000505,,,USR_000505,,,2026-01-26,2026-01-26,2026-01-26,简历搜索,非权益,21.1,三线城市,SME,1-49人,行政
USR_000505,USR_000505,,,,,2026-02-07,2026-02-07,2026-02-07,权益礼包,权益,22.4,三线城市,SME,1-49人,行政
USR_000505,,USR_000505,,,,2026-02-13,2026-02-13,2026-02-13,职位发布,非权益,8.5,三线城市,SME,1-49人,行政
USR_000505,USR_000505,,USR_000505,,,2026-02-05,2026-02-05,2026-02-05,简历搜索,非权益,9.2,三线城市,SME,1-49人,行政
USR_000505,,,,,,2026-01-26,2026-01-26,2026-01-26,企业认证,非权益,8.1,三线城市,SME,1-49人,行政
USR_000505,USR_000505,,,,,2026-02-06,2026-02-06,2026-02-06,企业认证,非权益,13.9,三线城市,SME,1-49人,行政
USR_000505,USR_000505,,,,,2026-01-19,2026-01-19,2026-01-19,权益礼包,权益,21.3,三线城市,SME,1-49人,行政
USR_000505,USR_000505,,,USR_000505,,2026-01-02,2026-01-02,2026-01-02,在线沟通,非权益,22.6,三线城市,SME,1-49人,行政
USR_000506,USR_000506,,,,,2026-01-16,2026-01-16,2026-01-16,急聘推广,权益,11.9,一线城市,SME,5000-10000人,财务
USR_000506,USR_000506,,,,,2026-02-24,2026-02-24,2026-02-24,置顶刷新,权益,12.5,一线城市,SME,5000-10000人,财务
USR_000506,,,,,,2026-01-25,2026-01-25,2026-01-25,权益礼包,权益,6.1,一线城市,SME,5000-10000人,财务
USR_000506,,USR_000506,,,,2026-02-18,2026-02-18,2026-02-18,职位发布,非权益,25.3,一线城市,SME,5000-10000人,财务
USR_000506,USR_000506,,,,,2026-01-16,2026-01-16,2026-01-16,急聘推广,权益,16.7,一线城市,SME,5000-10000人,财务
USR_000506,USR_000506,,USR_000506,,,2026-02-16,2026-02-16,2026-02-16,简历搜索,非权益,19.5,一线城市,SME,5000-10000人,财务
USR_000506,,,,,USR_000506,2026-02-02,2026-02-02,2026-02-02,简历查看,非权益,6.5,一线城市,SME,5000-10000人,财务
USR_000506,USR_000506,,,,,2026-01-04,2026-01-04,2026-01-04,权益礼包,权益,37.2,一线城市,SME,5000-10000人,财务
USR_000506,USR_000506,,,,,2026-02-15,2026-02-15,2026-02-15,企业认证,非权益,16.8,一线城市,SME,5000-10000人,财务
USR_000506,USR_000506,USR_000506,,,,2026-01-09,2026-01-09,2026-01-09,职位发布,非权益,8.3,一线城市,SME,5000-10000人,财务
USR_000506,USR_000506,USR_000506,,,,2026-02-21,2026-02-21,2026-02-21,职位发布,非权益,28.6,一线城市,SME,5000-10000人,财务
USR_000506,,,,,,2026-02-18,2026-02-18,2026-02-18,企业认证,非权益,36.2,一线城市,SME,5000-10000人,财务
USR_000506,USR_000506,,,,,2026-03-01,2026-03-01,2026-03-01,企业认证,非权益,10.4,一线城市,SME,5000-10000人,财务
USR_000506,USR_000506,,,,,2026-01-04,2026-01-04,2026-01-04,权益礼包,权益,30.3,一线城市,SME,5000-10000人,财务
USR_000506,USR_000506,,,,,2026-01-13,2026-01-13,2026-01-13,急聘推广,权益,13.2,一线城市,SME,5000-10000人,财务
USR_000506,USR_000506,,,,,2026-01-11,2026-01-11,2026-01-11,企业认证,非权益,5.9,一线城市,SME,5000-10000人,财务
USR_000507,USR_000507,,,,USR_000507,2026-02-14,2026-02-14,2026-02-14,简历查看,非权益,28.2,三线城市,SME,500-999人,产品
USR_000507,USR_000507,,USR_000507,,,2026-02-16,2026-02-16,2026-02-16,简历搜索,非权益,10.8,三线城市,SME,500-999人,产品
USR_000507,,,,,,2026-02-16,2026-02-16,2026-02-16,企业认证,非权益,8.6,三线城市,SME,500-999人,产品
USR_000507,,,,,,2026-01-31,2026-01-31,2026-01-31,权益礼包,权益,5.2,三线城市,SME,500-999人,产品
USR_000508,USR_000508,,,,,2026-02-06,2026-02-06,2026-02-06,置顶刷新,权益,23.6,四线城市,KA,1000-2000人,销售
USR_000508,,,,,USR_000508,2026-01-04,2026-01-04,2026-01-04,简历查看,非权益,5.8,四线城市,KA,1000-2000人,销售
USR_000508,,,,,,2026-01-19,2026-01-19,2026-01-19,急聘推广,权益,16.5,四线城市,KA,1000-2000人,销售
USR_000508,USR_000508,,,,,2026-01-01,2026-01-01,2026-01-01,急聘推广,权益,16.1,四线城市,KA,1000-2000人,销售
USR_000508,USR_000508,,,,,2026-02-08,2026-02-08,2026-02-08,权益礼包,权益,9.7,四线城市,KA,1000-2000人,销售
USR_000508,USR_000508,USR_000508,,,,2026-02-27,2026-02-27,2026-02-27,职位发布,非权益,11.2,四线城市,KA,1000-2000人,销售
USR_000508,USR_000508,,,,,2026-01-22,2026-01-22,2026-01-22,急聘推广,权益,11.2,四线城市,KA,1000-2000人,销售
USR_000508,USR_000508,,,,USR_000508,2026-02-10,2026-02-10,2026-02-10,简历查看,非权益,15.5,四线城市,KA,1000-2000人,销售
USR_000508,USR_000508,,,USR_000508,,2026-01-07,2026-01-07,2026-01-07,在线沟通,非权益,5.9,四线城市,KA,1000-2000人,销售
USR_000508,,,,,,2026-02-10,2026-02-10,2026-02-10,急聘推广,权益,8.9,四线城市,KA,1000-2000人,销售
USR_000508,USR_000508,,USR_000508,,,2026-01-01,2026-01-01,2026-01-01,简历搜索,非权益,51.6,四线城市,KA,1000-2000人,销售
USR_000508,USR_000508,,,,,2026-01-17,2026-01-17,2026-01-17,权益礼包,权益,19.1,四线城市,KA,1000-2000人,销售
USR_000508,,,,USR_000508,,2026-01-10,2026-01-10,2026-01-10,在线沟通,非权益,5.8,四线城市,KA,1000-2000人,销售
USR_000508,USR_000508,,,,,2026-01-07,2026-01-07,2026-01-07,企业认证,非权益,16.6,四线城市,KA,1000-2000人,销售
USR_000508,USR_000508,USR_000508,,,,2026-01-20,2026-01-20,2026-01-20,职位发布,非权益,76.8,四线城市,KA,1000-2000人,销售
USR_000508,USR_000508,,,,USR_000508,2026-01-22,2026-01-22,2026-01-22,简历查看,非权益,21.5,四线城市,KA,1000-2000人,销售
USR_000508,USR_000508,,,,,2026-01-12,2026-01-12,2026-01-12,权益礼包,权益,5.5,四线城市,KA,1000-2000人,销售
USR_000508,,,,,,2026-02-22,2026-02-22,2026-02-22,权益礼包,权益,34.7,四线城市,KA,1000-2000人,销售
USR_000508,USR_000508,USR_000508,,,,2026-01-06,2026-01-06,2026-01-06,职位发布,非权益,18.5,四线城市,KA,1000-2000人,销售
USR_000508,USR_000508,,USR_000508,,,2026-01-04,2026-01-04,2026-01-04,简历搜索,非权益,26.9,四线城市,KA,1000-2000人,销售
USR_000508,,,,,USR_000508,2026-01-25,2026-01-25,2026-01-25,简历查看,非权益,18.5,四线城市,KA,1000-2000人,销售
USR_000508,USR_000508,,,,,2026-02-04,2026-02-04,2026-02-04,置顶刷新,权益,34.6,四线城市,KA,1000-2000人,销售
USR_000508,,USR_000508,,,,2026-02-28,2026-02-28,2026-02-28,职位发布,非权益,13.8,四线城市,KA,1000-2000人,销售
USR_000509,USR_000509,,USR_000509,,,2026-01-02,2026-01-02,2026-01-02,简历搜索,非权益,22.5,二线城市,KA,1000-2000人,行政
USR_000509,USR_000509,,,USR_000509,,2026-01-27,2026-01-27,2026-01-27,在线沟通,非权益,36.9,二线城市,KA,1000-2000人,行政
USR_000509,USR_000509,,,,USR_000509,2026-02-03,2026-02-03,2026-02-03,简历查看,非权益,23.3,二线城市,KA,1000-2000人,行政
USR_000509,,,,,,2026-02-03,2026-02-03,2026-02-03,权益礼包,权益,5.1,二线城市,KA,1000-2000人,行政
USR_000509,USR_000509,USR_000509,,,,2026-02-16,2026-02-16,2026-02-16,职位发布,非权益,27.8,二线城市,KA,1000-2000人,行政
USR_000509,USR_000509,,,,,2026-01-27,2026-01-27,2026-01-27,置顶刷新,权益,23.7,二线城市,KA,1000-2000人,行政
USR_000509,USR_000509,,,,USR_000509,2026-01-11,2026-01-11,2026-01-11,简历查看,非权益,28.3,二线城市,KA,1000-2000人,行政
USR_000509,USR_000509,,,,,2026-01-12,2026-01-12,2026-01-12,企业认证,非权益,5.2,二线城市,KA,1000-2000人,行政
USR_000509,,,,,,2026-01-29,2026-01-29,2026-01-29,急聘推广,权益,11.7,二线城市,KA,1000-2000人,行政
USR_000509,USR_000509,,,,,2026-01-31,2026-01-31,2026-01-31,企业认证,非权益,86.4,二线城市,KA,1000-2000人,行政
USR_000509,USR_000509,,,,USR_000509,2026-01-17,2026-01-17,2026-01-17,简历查看,非权益,25.6,二线城市,KA,1000-2000人,行政
USR_000509,USR_000509,,,,,2026-01-03,2026-01-03,2026-01-03,急聘推广,权益,11.4,二线城市,KA,1000-2000人,行政
USR_000509,USR_000509,,,,,2026-01-19,2026-01-19,2026-01-19,急聘推广,权益,6.3,二线城市,KA,1000-2000人,行政
USR_000509,USR_000509,,USR_000509,,,2026-01-20,2026-01-20,2026-01-20,简历搜索,非权益,36.6,二线城市,KA,1000-2000人,行政
USR_000509,USR_000509,,,,,2026-02-07,2026-02-07,2026-02-07,企业认证,非权益,33.4,二线城市,KA,1000-2000人,行政
USR_000509,,,,,,2026-02-14,2026-02-14,2026-02-14,急聘推广,权益,32.4,二线城市,KA,1000-2000人,行政
USR_000510,USR_000510,,,,,2026-01-04,2026-01-04,2026-01-04,企业认证,非权益,5.5,三线城市,SME,2000-5000人,客服
USR_000510,USR_000510,,,,USR_000510,2026-01-08,2026-01-08,2026-01-08,简历查看,非权益,29.4,三线城市,SME,2000-5000人,客服
USR_000510,USR_000510,,,,,2026-02-13,2026-02-13,2026-02-13,急聘推广,权益,28.2,三线城市,SME,2000-5000人,客服
USR_000510,USR_000510,,USR_000510,,,2026-02-14,2026-02-14,2026-02-14,简历搜索,非权益,9.6,三线城市,SME,2000-5000人,客服
USR_000510,,,USR_000510,,,2026-02-10,2026-02-10,2026-02-10,简历搜索,非权益,18.3,三线城市,SME,2000-5000人,客服
USR_000510,USR_000510,,,,,2026-02-19,2026-02-19,2026-02-19,急聘推广,权益,7.2,三线城市,SME,2000-5000人,客服
USR_000510,USR_000510,,,,,2026-01-01,2026-01-01,2026-01-01,权益礼包,权益,21.4,三线城市,SME,2000-5000人,客服
USR_000510,USR_000510,,,,,2026-01-20,2026-01-20,2026-01-20,权益礼包,权益,6.9,三线城市,SME,2000-5000人,客服
USR_000510,USR_000510,,,,,2026-01-27,2026-01-27,2026-01-27,权益礼包,权益,25.6,三线城市,SME,2000-5000人,客服
USR_000510,,USR_000510,,,,2026-02-15,2026-02-15,2026-02-15,职位发布,非权益,7.9,三线城市,SME,2000-5000人,客服
USR_000510,USR_000510,,,,,2026-01-11,2026-01-11,2026-01-11,急聘推广,权益,51.0,三线城市,SME,2000-5000人,客服
USR_000510,USR_000510,,,,USR_000510,2026-02-12,2026-02-12,2026-02-12,简历查看,非权益,15.3,三线城市,SME,2000-5000人,客服
USR_000510,,,,,,2026-01-09,2026-01-09,2026-01-09,权益礼包,权益,40.8,三线城市,SME,2000-5000人,客服
USR_000511,USR_000511,,,,,2026-01-25,2026-01-25,2026-01-25,置顶刷新,权益,30.9,二线城市,KA,50-99人,财务
USR_000511,,,,,,2026-02-11,2026-02-11,2026-02-11,权益礼包,权益,61.0,二线城市,KA,50-99人,财务
USR_000511,,,,,,2026-02-10,2026-02-10,2026-02-10,置顶刷新,权益,17.7,二线城市,KA,50-99人,财务
USR_000511,USR_000511,,,,,2026-01-26,2026-01-26,2026-01-26,置顶刷新,权益,15.7,二线城市,KA,50-99人,财务
USR_000511,USR_000511,,,USR_000511,,2026-02-25,2026-02-25,2026-02-25,在线沟通,非权益,8.6,二线城市,KA,50-99人,财务
USR_000511,USR_000511,,,,,2026-01-27,2026-01-27,2026-01-27,企业认证,非权益,52.9,二线城市,KA,50-99人,财务
USR_000511,USR_000511,,,,,2026-02-06,2026-02-06,2026-02-06,置顶刷新,权益,15.5,二线城市,KA,50-99人,财务
USR_000511,USR_000511,,,,,2026-02-01,2026-02-01,2026-02-01,置顶刷新,权益,17.9,二线城市,KA,50-99人,财务
USR_000511,,,USR_000511,,,2026-02-18,2026-02-18,2026-02-18,简历搜索,非权益,19.3,二线城市,KA,50-99人,财务
USR_000511,,,,,,2026-01-16,2026-01-16,2026-01-16,急聘推广,权益,56.6,二线城市,KA,50-99人,财务
USR_000511,,,,,,2026-01-23,2026-01-23,2026-01-23,置顶刷新,权益,33.6,二线城市,KA,50-99人,财务
USR_000511,USR_000511,,,USR_000511,,2026-02-11,2026-02-11,2026-02-11,在线沟通,非权益,8.6,二线城市,KA,50-99人,财务
USR_000511,USR_000511,,,,,2026-01-25,2026-01-25,2026-01-25,置顶刷新,权益,8.3,二线城市,KA,50-99人,财务
USR_000511,,,,,,2026-01-19,2026-01-19,2026-01-19,企业认证,非权益,16.6,二线城市,KA,50-99人,财务
USR_000511,USR_000511,,,,,2026-01-15,2026-01-15,2026-01-15,急聘推广,权益,9.6,二线城市,KA,50-99人,财务
USR_000511,USR_000511,,,,,2026-01-29,2026-01-29,2026-01-29,企业认证,非权益,13.9,二线城市,KA,50-99人,财务
USR_000511,USR_000511,,,,,2026-01-13,2026-01-13,2026-01-13,急聘推广,权益,10.8,二线城市,KA,50-99人,财务
USR_000511,USR_000511,,,,,2026-01-29,2026-01-29,2026-01-29,急聘推广,权益,6.5,二线城市,KA,50-99人,财务
USR_000511,USR_000511,,,,,2026-02-19,2026-02-19,2026-02-19,急聘推广,权益,51.5,二线城市,KA,50-99人,财务
USR_000511,USR_000511,,,,,2026-01-24,2026-01-24,2026-01-24,企业认证,非权益,14.7,二线城市,KA,50-99人,财务
USR_000511,USR_000511,USR_000511,,,,2026-02-09,2026-02-09,2026-02-09,职位发布,非权益,10.9,二线城市,KA,50-99人,财务
USR_000512,USR_000512,,,,,2026-02-18,2026-02-18,2026-02-18,权益礼包,权益,24.4,新一线城市,SME,2000-5000人,产品
USR_000512,USR_000512,,,,USR_000512,2026-01-23,2026-01-23,2026-01-23,简历查看,非权益,31.1,新一线城市,SME,2000-5000人,产品
USR_000512,,,,,,2026-02-20,2026-02-20,2026-02-20,权益礼包,权益,23.0,新一线城市,SME,2000-5000人,产品
USR_000512,USR_000512,USR_000512,,,,2026-02-26,2026-02-26,2026-02-26,职位发布,非权益,5.7,新一线城市,SME,2000-5000人,产品
USR_000512,USR_000512,,,USR_000512,,2026-02-24,2026-02-24,2026-02-24,在线沟通,非权益,7.4,新一线城市,SME,2000-5000人,产品
USR_000512,USR_000512,,USR_000512,,,2026-01-13,2026-01-13,2026-01-13,简历搜索,非权益,22.7,新一线城市,SME,2000-5000人,产品
USR_000512,USR_000512,USR_000512,,,,2026-02-22,2026-02-22,2026-02-22,职位发布,非权益,15.5,新一线城市,SME,2000-5000人,产品
USR_000512,,,,USR_000512,,2026-02-08,2026-02-08,2026-02-08,在线沟通,非权益,17.0,新一线城市,SME,2000-5000人,产品
USR_000512,USR_000512,,,,,2026-02-13,2026-02-13,2026-02-13,急聘推广,权益,18.0,新一线城市,SME,2000-5000人,产品
USR_000512,USR_000512,,,USR_000512,,2026-01-01,2026-01-01,2026-01-01,在线沟通,非权益,11.5,新一线城市,SME,2000-5000人,产品
USR_000513,USR_000513,,,USR_000513,,2026-01-31,2026-01-31,2026-01-31,在线沟通,非权益,10.0,一线城市,SME,50-99人,产品
USR_000513,USR_000513,,,,,2026-01-22,2026-01-22,2026-01-22,企业认证,非权益,21.7,一线城市,SME,50-99人,产品
USR_000513,USR_000513,,,,,2026-02-13,2026-02-13,2026-02-13,权益礼包,权益,15.9,一线城市,SME,50-99人,产品
USR_000513,USR_000513,,,,,2026-01-26,2026-01-26,2026-01-26,置顶刷新,权益,33.4,一线城市,SME,50-99人,产品
USR_000513,USR_000513,,USR_000513,,,2026-01-21,2026-01-21,2026-01-21,简历搜索,非权益,23.6,一线城市,SME,50-99人,产品
USR_000513,USR_000513,,,,USR_000513,2026-01-28,2026-01-28,2026-01-28,简历查看,非权益,34.0,一线城市,SME,50-99人,产品
USR_000513,,,,USR_000513,,2026-02-24,2026-02-24,2026-02-24,在线沟通,非权益,20.3,一线城市,SME,50-99人,产品
USR_000513,USR_000513,,,,,2026-02-16,2026-02-16,2026-02-16,企业认证,非权益,20.0,一线城市,SME,50-99人,产品
USR_000513,USR_000513,,,,,2026-02-17,2026-02-17,2026-02-17,企业认证,非权益,63.0,一线城市,SME,50-99人,产品
USR_000513,,USR_000513,,,,2026-01-24,2026-01-24,2026-01-24,职位发布,非权益,14.8,一线城市,SME,50-99人,产品
USR_000513,,,USR_000513,,,2026-02-07,2026-02-07,2026-02-07,简历搜索,非权益,11.3,一线城市,SME,50-99人,产品
USR_000513,USR_000513,,,,,2026-01-09,2026-01-09,2026-01-09,急聘推广,权益,13.5,一线城市,SME,50-99人,产品
USR_000513,,USR_000513,,,,2026-02-10,2026-02-10,2026-02-10,职位发布,非权益,16.6,一线城市,SME,50-99人,产品
USR_000513,USR_000513,,,,,2026-01-05,2026-01-05,2026-01-05,企业认证,非权益,19.6,一线城市,SME,50-99人,产品
USR_000513,,USR_000513,,,,2026-01-06,2026-01-06,2026-01-06,职位发布,非权益,10.7,一线城市,SME,50-99人,产品
USR_000513,USR_000513,,,,,2026-01-01,2026-01-01,2026-01-01,置顶刷新,权益,6.3,一线城市,SME,50-99人,产品
USR_000513,,,,,,2026-01-30,2026-01-30,2026-01-30,权益礼包,权益,70.9,一线城市,SME,50-99人,产品
USR_000513,,,,,,2026-02-26,2026-02-26,2026-02-26,权益礼包,权益,34.2,一线城市,SME,50-99人,产品
USR_000513,USR_000513,,,,USR_000513,2026-01-24,2026-01-24,2026-01-24,简历查看,非权益,17.1,一线城市,SME,50-99人,产品
USR_000513,,,USR_000513,,,2026-01-28,2026-01-28,2026-01-28,简历搜索,非权益,10.5,一线城市,SME,50-99人,产品
USR_000513,USR_000513,,,,USR_000513,2026-02-28,2026-02-28,2026-02-28,简历查看,非权益,27.9,一线城市,SME,50-99人,产品
USR_000513,USR_000513,,,,,2026-01-25,2026-01-25,2026-01-25,权益礼包,权益,21.7,一线城市,SME,50-99人,产品
USR_000513,,,,,,2026-02-14,2026-02-14,2026-02-14,权益礼包,权益,16.3,一线城市,SME,50-99人,产品
USR_000514,,,,,,2026-01-23,2026-01-23,2026-01-23,权益礼包,权益,6.5,三线城市,KA,50-99人,运营
USR_000514,USR_000514,,,,,2026-01-19,2026-01-19,2026-01-19,企业认证,非权益,40.4,三线城市,KA,50-99人,运营
USR_000514,USR_000514,,,,,2026-01-02,2026-01-02,2026-01-02,置顶刷新,权益,41.8,三线城市,KA,50-99人,运营
USR_000514,USR_000514,,,,USR_000514,2026-01-03,2026-01-03,2026-01-03,简历查看,非权益,40.6,三线城市,KA,50-99人,运营
USR_000514,,,USR_000514,,,2026-02-10,2026-02-10,2026-02-10,简历搜索,非权益,5.4,三线城市,KA,50-99人,运营
USR_000514,USR_000514,,,USR_000514,,2026-01-10,2026-01-10,2026-01-10,在线沟通,非权益,12.8,三线城市,KA,50-99人,运营
USR_000514,USR_000514,,,,,2026-01-27,2026-01-27,2026-01-27,权益礼包,权益,35.8,三线城市,KA,50-99人,运营
USR_000514,USR_000514,,,,,2026-02-02,2026-02-02,2026-02-02,置顶刷新,权益,50.8,三线城市,KA,50-99人,运营
USR_000514,USR_000514,,,,,2026-01-10,2026-01-10,2026-01-10,置顶刷新,权益,54.4,三线城市,KA,50-99人,运营
USR_000514,USR_000514,,,,,2026-02-16,2026-02-16,2026-02-16,急聘推广,权益,42.9,三线城市,KA,50-99人,运营
USR_000514,,,,,,2026-01-13,2026-01-13,2026-01-13,企业认证,非权益,34.0,三线城市,KA,50-99人,运营
USR_000514,USR_000514,,,,USR_000514,2026-01-20,2026-01-20,2026-01-20,简历查看,非权益,13.8,三线城市,KA,50-99人,运营
USR_000514,USR_000514,,,,,2026-02-16,2026-02-16,2026-02-16,置顶刷新,权益,11.8,三线城市,KA,50-99人,运营
USR_000514,,,,,,2026-02-12,2026-02-12,2026-02-12,急聘推广,权益,22.0,三线城市,KA,50-99人,运营
USR_000514,,,,,,2026-01-13,2026-01-13,2026-01-13,权益礼包,权益,21.9,三线城市,KA,50-99人,运营
USR_000515,,,,,,2026-02-19,2026-02-19,2026-02-19,企业认证,非权益,11.9,三线城市,SME,50-99人,运营
USR_000515,,,,,USR_000515,2026-01-17,2026-01-17,2026-01-17,简历查看,非权益,37.7,三线城市,SME,50-99人,运营
USR_000515,,,,,,2026-01-06,2026-01-06,2026-01-06,急聘推广,权益,32.1,三线城市,SME,50-99人,运营
USR_000515,USR_000515,USR_000515,,,,2026-01-14,2026-01-14,2026-01-14,职位发布,非权益,9.8,三线城市,SME,50-99人,运营
USR_000515,USR_000515,,,,USR_000515,2026-01-15,2026-01-15,2026-01-15,简历查看,非权益,14.1,三线城市,SME,50-99人,运营
USR_000515,USR_000515,,,,,2026-02-27,2026-02-27,2026-02-27,置顶刷新,权益,14.7,三线城市,SME,50-99人,运营
USR_000515,USR_000515,,,USR_000515,,2026-02-07,2026-02-07,2026-02-07,在线沟通,非权益,11.6,三线城市,SME,50-99人,运营
USR_000515,USR_000515,,USR_000515,,,2026-01-02,2026-01-02,2026-01-02,简历搜索,非权益,23.4,三线城市,SME,50-99人,运营
USR_000516,USR_000516,,,USR_000516,,2026-01-11,2026-01-11,2026-01-11,在线沟通,非权益,21.0,二线城市,SME,10000人以上,研发
USR_000516,USR_000516,,,,,2026-02-26,2026-02-26,2026-02-26,置顶刷新,权益,19.6,二线城市,SME,10000人以上,研发
USR_000516,USR_000516,,USR_000516,,,2026-02-05,2026-02-05,2026-02-05,简历搜索,非权益,23.8,二线城市,SME,10000人以上,研发
USR_000516,USR_000516,,,,,2026-01-21,2026-01-21,2026-01-21,权益礼包,权益,18.9,二线城市,SME,10000人以上,研发
USR_000516,USR_000516,,,,,2026-02-04,2026-02-04,2026-02-04,企业认证,非权益,5.8,二线城市,SME,10000人以上,研发
USR_000516,USR_000516,,,,,2026-01-07,2026-01-07,2026-01-07,权益礼包,权益,64.8,二线城市,SME,10000人以上,研发
USR_000516,USR_000516,,USR_000516,,,2026-02-08,2026-02-08,2026-02-08,简历搜索,非权益,7.2,二线城市,SME,10000人以上,研发
USR_000516,USR_000516,,,,,2026-01-29,2026-01-29,2026-01-29,急聘推广,权益,10.9,二线城市,SME,10000人以上,研发
USR_000516,,,USR_000516,,,2026-02-06,2026-02-06,2026-02-06,简历搜索,非权益,20.1,二线城市,SME,10000人以上,研发
USR_000516,,,,USR_000516,,2026-01-08,2026-01-08,2026-01-08,在线沟通,非权益,5.1,二线城市,SME,10000人以上,研发
USR_000516,USR_000516,,USR_000516,,,2026-02-02,2026-02-02,2026-02-02,简历搜索,非权益,27.0,二线城市,SME,10000人以上,研发
USR_000516,USR_000516,,USR_000516,,,2026-01-10,2026-01-10,2026-01-10,简历搜索,非权益,52.9,二线城市,SME,10000人以上,研发
USR_000516,,USR_000516,,,,2026-02-21,2026-02-21,2026-02-21,职位发布,非权益,16.7,二线城市,SME,10000人以上,研发
USR_000516,,USR_000516,,,,2026-01-01,2026-01-01,2026-01-01,职位发布,非权益,42.7,二线城市,SME,10000人以上,研发
USR_000516,USR_000516,,,,,2026-02-08,2026-02-08,2026-02-08,企业认证,非权益,15.2,二线城市,SME,10000人以上,研发
USR_000517,USR_000517,,,,,2026-01-13,2026-01-13,2026-01-13,企业认证,非权益,13.9,新一线城市,SME,1000-2000人,产品
USR_000517,USR_000517,USR_000517,,,,2026-02-26,2026-02-26,2026-02-26,职位发布,非权益,14.2,新一线城市,SME,1000-2000人,产品
USR_000517,USR_000517,,,,USR_000517,2026-01-17,2026-01-17,2026-01-17,简历查看,非权益,41.6,新一线城市,SME,1000-2000人,产品
USR_000517,USR_000517,,,USR_000517,,2026-02-06,2026-02-06,2026-02-06,在线沟通,非权益,18.2,新一线城市,SME,1000-2000人,产品
USR_000517,USR_000517,,USR_000517,,,2026-02-27,2026-02-27,2026-02-27,简历搜索,非权益,14.9,新一线城市,SME,1000-2000人,产品
USR_000517,,,,,USR_000517,2026-01-07,2026-01-07,2026-01-07,简历查看,非权益,16.6,新一线城市,SME,1000-2000人,产品
USR_000517,USR_000517,,,,,2026-02-06,2026-02-06,2026-02-06,置顶刷新,权益,32.2,新一线城市,SME,1000-2000人,产品
USR_000517,USR_000517,,,,USR_000517,2026-02-20,2026-02-20,2026-02-20,简历查看,非权益,16.8,新一线城市,SME,1000-2000人,产品
USR_000517,USR_000517,USR_000517,,,,2026-02-18,2026-02-18,2026-02-18,职位发布,非权益,8.9,新一线城市,SME,1000-2000人,产品
USR_000517,USR_000517,,,USR_000517,,2026-01-26,2026-01-26,2026-01-26,在线沟通,非权益,10.2,新一线城市,SME,1000-2000人,产品
USR_000518,USR_000518,,,,,2026-01-20,2026-01-20,2026-01-20,急聘推广,权益,7.2,五线城市,SME,2000-5000人,市场
USR_000518,USR_000518,,,,,2026-01-08,2026-01-08,2026-01-08,置顶刷新,权益,8.6,五线城市,SME,2000-5000人,市场
USR_000518,USR_000518,,,,,2026-01-05,2026-01-05,2026-01-05,急聘推广,权益,23.2,五线城市,SME,2000-5000人,市场
USR_000518,,,,,USR_000518,2026-02-02,2026-02-02,2026-02-02,简历查看,非权益,33.4,五线城市,SME,2000-5000人,市场
USR_000518,,,,,,2026-02-14,2026-02-14,2026-02-14,企业认证,非权益,10.8,五线城市,SME,2000-5000人,市场
USR_000518,,USR_000518,,,,2026-02-27,2026-02-27,2026-02-27,职位发布,非权益,32.7,五线城市,SME,2000-5000人,市场
USR_000518,USR_000518,,,,,2026-01-13,2026-01-13,2026-01-13,急聘推广,权益,36.0,五线城市,SME,2000-5000人,市场
USR_000518,USR_000518,,,USR_000518,,2026-01-13,2026-01-13,2026-01-13,在线沟通,非权益,55.4,五线城市,SME,2000-5000人,市场
USR_000518,USR_000518,USR_000518,,,,2026-02-22,2026-02-22,2026-02-22,职位发布,非权益,26.3,五线城市,SME,2000-5000人,市场
USR_000518,USR_000518,,,,,2026-01-05,2026-01-05,2026-01-05,企业认证,非权益,32.7,五线城市,SME,2000-5000人,市场
USR_000518,USR_000518,,,,,2026-01-23,2026-01-23,2026-01-23,权益礼包,权益,30.9,五线城市,SME,2000-5000人,市场
USR_000518,USR_000518,,,,,2026-02-13,2026-02-13,2026-02-13,置顶刷新,权益,8.2,五线城市,SME,2000-5000人,市场
USR_000518,,,,USR_000518,,2026-01-30,2026-01-30,2026-01-30,在线沟通,非权益,19.4,五线城市,SME,2000-5000人,市场
USR_000518,,USR_000518,,,,2026-01-16,2026-01-16,2026-01-16,职位发布,非权益,24.6,五线城市,SME,2000-5000人,市场
USR_000518,,,USR_000518,,,2026-01-13,2026-01-13,2026-01-13,简历搜索,非权益,43.7,五线城市,SME,2000-5000人,市场
USR_000519,,,,,,2026-01-01,2026-01-01,2026-01-01,急聘推广,权益,25.6,三线城市,SME,1-49人,销售
USR_000519,,,,,,2026-02-15,2026-02-15,2026-02-15,企业认证,非权益,15.8,三线城市,SME,1-49人,销售
USR_000519,,USR_000519,,,,2026-02-27,2026-02-27,2026-02-27,职位发布,非权益,20.1,三线城市,SME,1-49人,销售
USR_000519,USR_000519,,,,,2026-02-15,2026-02-15,2026-02-15,急聘推广,权益,30.2,三线城市,SME,1-49人,销售
USR_000519,USR_000519,,USR_000519,,,2026-01-13,2026-01-13,2026-01-13,简历搜索,非权益,5.2,三线城市,SME,1-49人,销售
USR_000519,,,,USR_000519,,2026-01-22,2026-01-22,2026-01-22,在线沟通,非权益,25.9,三线城市,SME,1-49人,销售
USR_000519,USR_000519,,,,,2026-01-19,2026-01-19,2026-01-19,企业认证,非权益,26.7,三线城市,SME,1-49人,销售
USR_000519,USR_000519,,,,,2026-01-18,2026-01-18,2026-01-18,企业认证,非权益,67.3,三线城市,SME,1-49人,销售
USR_000519,USR_000519,,,,,2026-02-20,2026-02-20,2026-02-20,急聘推广,权益,13.3,三线城市,SME,1-49人,销售
USR_000519,USR_000519,,,,USR_000519,2026-02-21,2026-02-21,2026-02-21,简历查看,非权益,9.9,三线城市,SME,1-49人,销售
USR_000519,USR_000519,,,USR_000519,,2026-01-26,2026-01-26,2026-01-26,在线沟通,非权益,16.0,三线城市,SME,1-49人,销售
USR_000519,,,,,,2026-02-22,2026-02-22,2026-02-22,置顶刷新,权益,9.7,三线城市,SME,1-49人,销售
USR_000519,USR_000519,,,,,2026-01-21,2026-01-21,2026-01-21,权益礼包,权益,5.1,三线城市,SME,1-49人,销售
USR_000520,USR_000520,,,,,2026-01-11,2026-01-11,2026-01-11,置顶刷新,权益,6.3,新一线城市,SME,2000-5000人,客服
USR_000520,,USR_000520,,,,2026-02-13,2026-02-13,2026-02-13,职位发布,非权益,23.1,新一线城市,SME,2000-5000人,客服
USR_000520,USR_000520,,,,USR_000520,2026-01-06,2026-01-06,2026-01-06,简历查看,非权益,13.5,新一线城市,SME,2000-5000人,客服
USR_000520,,,,,,2026-01-13,2026-01-13,2026-01-13,置顶刷新,权益,5.3,新一线城市,SME,2000-5000人,客服
USR_000520,USR_000520,USR_000520,,,,2026-01-15,2026-01-15,2026-01-15,职位发布,非权益,48.6,新一线城市,SME,2000-5000人,客服
USR_000520,USR_000520,,,,,2026-02-07,2026-02-07,2026-02-07,权益礼包,权益,13.9,新一线城市,SME,2000-5000人,客服
USR_000520,USR_000520,,,,USR_000520,2026-01-17,2026-01-17,2026-01-17,简历查看,非权益,5.8,新一线城市,SME,2000-5000人,客服
USR_000520,USR_000520,,,,,2026-02-01,2026-02-01,2026-02-01,企业认证,非权益,11.0,新一线城市,SME,2000-5000人,客服
USR_000520,USR_000520,,USR_000520,,,2026-01-27,2026-01-27,2026-01-27,简历搜索,非权益,30.6,新一线城市,SME,2000-5000人,客服
USR_000520,,,,,USR_000520,2026-02-26,2026-02-26,2026-02-26,简历查看,非权益,8.4,新一线城市,SME,2000-5000人,客服
USR_000520,,,USR_000520,,,2026-02-17,2026-02-17,2026-02-17,简历搜索,非权益,41.6,新一线城市,SME,2000-5000人,客服
USR_000520,,,USR_000520,,,2026-02-18,2026-02-18,2026-02-18,简历搜索,非权益,29.2,新一线城市,SME,2000-5000人,客服
USR_000520,USR_000520,,,,,2026-01-07,2026-01-07,2026-01-07,企业认证,非权益,7.5,新一线城市,SME,2000-5000人,客服
USR_000520,USR_000520,,,USR_000520,,2026-02-19,2026-02-19,2026-02-19,在线沟通,非权益,20.8,新一线城市,SME,2000-5000人,客服
USR_000520,,,USR_000520,,,2026-01-13,2026-01-13,2026-01-13,简历搜索,非权益,30.4,新一线城市,SME,2000-5000人,客服
USR_000520,USR_000520,USR_000520,,,,2026-02-23,2026-02-23,2026-02-23,职位发布,非权益,21.7,新一线城市,SME,2000-5000人,客服
USR_000520,,,,,,2026-02-10,2026-02-10,2026-02-10,置顶刷新,权益,19.1,新一线城市,SME,2000-5000人,客服
USR_000520,,USR_000520,,,,2026-02-11,2026-02-11,2026-02-11,职位发布,非权益,17.1,新一线城市,SME,2000-5000人,客服
USR_000520,,,,,,2026-01-14,2026-01-14,2026-01-14,置顶刷新,权益,35.4,新一线城市,SME,2000-5000人,客服
USR_000520,USR_000520,,,,,2026-02-05,2026-02-05,2026-02-05,企业认证,非权益,42.5,新一线城市,SME,2000-5000人,客服
USR_000521,,USR_000521,,,,2026-01-11,2026-01-11,2026-01-11,职位发布,非权益,9.3,二线城市,SME,10000人以上,财务
USR_000521,USR_000521,,,,,2026-01-22,2026-01-22,2026-01-22,企业认证,非权益,10.0,二线城市,SME,10000人以上,财务
USR_000521,USR_000521,,,USR_000521,,2026-01-28,2026-01-28,2026-01-28,在线沟通,非权益,5.1,二线城市,SME,10000人以上,财务
USR_000521,USR_000521,,,,,2026-02-06,2026-02-06,2026-02-06,置顶刷新,权益,8.2,二线城市,SME,10000人以上,财务
USR_000521,USR_000521,,,,,2026-01-03,2026-01-03,2026-01-03,急聘推广,权益,44.8,二线城市,SME,10000人以上,财务
USR_000521,,,USR_000521,,,2026-01-10,2026-01-10,2026-01-10,简历搜索,非权益,22.6,二线城市,SME,10000人以上,财务
USR_000521,USR_000521,,,,,2026-02-04,2026-02-04,2026-02-04,急聘推广,权益,18.9,二线城市,SME,10000人以上,财务
USR_000521,USR_000521,,,USR_000521,,2026-01-05,2026-01-05,2026-01-05,在线沟通,非权益,10.1,二线城市,SME,10000人以上,财务
USR_000521,USR_000521,,,USR_000521,,2026-02-06,2026-02-06,2026-02-06,在线沟通,非权益,6.5,二线城市,SME,10000人以上,财务
USR_000521,,USR_000521,,,,2026-01-07,2026-01-07,2026-01-07,职位发布,非权益,17.7,二线城市,SME,10000人以上,财务
USR_000521,USR_000521,,,,,2026-01-07,2026-01-07,2026-01-07,急聘推广,权益,15.7,二线城市,SME,10000人以上,财务
USR_000521,,,,,,2026-01-29,2026-01-29,2026-01-29,置顶刷新,权益,11.0,二线城市,SME,10000人以上,财务
USR_000521,USR_000521,,,USR_000521,,2026-01-13,2026-01-13,2026-01-13,在线沟通,非权益,9.3,二线城市,SME,10000人以上,财务
USR_000521,,,,,USR_000521,2026-01-09,2026-01-09,2026-01-09,简历查看,非权益,20.4,二线城市,SME,10000人以上,财务
USR_000521,USR_000521,,,,,2026-01-09,2026-01-09,2026-01-09,权益礼包,权益,35.9,二线城市,SME,10000人以上,财务
USR_000521,USR_000521,,,,,2026-01-22,2026-01-22,2026-01-22,置顶刷新,权益,16.6,二线城市,SME,10000人以上,财务
USR_000521,USR_000521,,USR_000521,,,2026-01-10,2026-01-10,2026-01-10,简历搜索,非权益,11.0,二线城市,SME,10000人以上,财务
USR_000521,USR_000521,,,,,2026-02-09,2026-02-09,2026-02-09,企业认证,非权益,9.1,二线城市,SME,10000人以上,财务
USR_000521,USR_000521,,USR_000521,,,2026-01-20,2026-01-20,2026-01-20,简历搜索,非权益,20.0,二线城市,SME,10000人以上,财务
USR_000521,USR_000521,USR_000521,,,,2026-01-28,2026-01-28,2026-01-28,职位发布,非权益,11.7,二线城市,SME,10000人以上,财务
USR_000521,USR_000521,USR_000521,,,,2026-02-21,2026-02-21,2026-02-21,职位发布,非权益,20.1,二线城市,SME,10000人以上,财务
USR_000522,USR_000522,,,USR_000522,,2026-01-20,2026-01-20,2026-01-20,在线沟通,非权益,44.8,四线城市,SME,50-99人,运营
USR_000522,USR_000522,,,,,2026-02-04,2026-02-04,2026-02-04,急聘推广,权益,13.8,四线城市,SME,50-99人,运营
USR_000522,USR_000522,,USR_000522,,,2026-02-12,2026-02-12,2026-02-12,简历搜索,非权益,6.5,四线城市,SME,50-99人,运营
USR_000522,USR_000522,,,,,2026-01-09,2026-01-09,2026-01-09,置顶刷新,权益,7.9,四线城市,SME,50-99人,运营
USR_000522,USR_000522,,,,,2026-01-15,2026-01-15,2026-01-15,置顶刷新,权益,5.3,四线城市,SME,50-99人,运营
USR_000522,,,,,,2026-02-09,2026-02-09,2026-02-09,权益礼包,权益,24.6,四线城市,SME,50-99人,运营
USR_000522,USR_000522,,,USR_000522,,2026-02-15,2026-02-15,2026-02-15,在线沟通,非权益,20.9,四线城市,SME,50-99人,运营
USR_000522,,,,,,2026-01-20,2026-01-20,2026-01-20,权益礼包,权益,25.9,四线城市,SME,50-99人,运营
USR_000522,,,,,,2026-02-18,2026-02-18,2026-02-18,置顶刷新,权益,16.9,四线城市,SME,50-99人,运营
USR_000523,USR_000523,,,,,2026-02-06,2026-02-06,2026-02-06,权益礼包,权益,7.5,五线城市,SME,5000-10000人,销售
USR_000523,USR_000523,,,,,2026-01-08,2026-01-08,2026-01-08,企业认证,非权益,23.9,五线城市,SME,5000-10000人,销售
USR_000523,,,,,USR_000523,2026-01-28,2026-01-28,2026-01-28,简历查看,非权益,33.6,五线城市,SME,5000-10000人,销售
USR_000523,USR_000523,,,USR_000523,,2026-02-21,2026-02-21,2026-02-21,在线沟通,非权益,11.2,五线城市,SME,5000-10000人,销售
USR_000523,,,,,,2026-02-13,2026-02-13,2026-02-13,急聘推广,权益,14.9,五线城市,SME,5000-10000人,销售
USR_000523,,,,,,2026-01-05,2026-01-05,2026-01-05,置顶刷新,权益,71.9,五线城市,SME,5000-10000人,销售
USR_000523,USR_000523,,,,USR_000523,2026-01-14,2026-01-14,2026-01-14,简历查看,非权益,14.9,五线城市,SME,5000-10000人,销售
USR_000523,USR_000523,,,,,2026-02-02,2026-02-02,2026-02-02,置顶刷新,权益,43.5,五线城市,SME,5000-10000人,销售
USR_000523,USR_000523,,,,,2026-02-06,2026-02-06,2026-02-06,企业认证,非权益,24.7,五线城市,SME,5000-10000人,销售
USR_000523,USR_000523,,,,USR_000523,2026-01-09,2026-01-09,2026-01-09,简历查看,非权益,11.5,五线城市,SME,5000-10000人,销售
USR_000524,USR_000524,,,USR_000524,,2026-02-01,2026-02-01,2026-02-01,在线沟通,非权益,43.1,新一线城市,SME,1000-2000人,销售
USR_000524,,,,,,2026-01-26,2026-01-26,2026-01-26,急聘推广,权益,9.6,新一线城市,SME,1000-2000人,销售
USR_000524,USR_000524,,,USR_000524,,2026-02-08,2026-02-08,2026-02-08,在线沟通,非权益,7.0,新一线城市,SME,1000-2000人,销售
USR_000524,USR_000524,,,,,2026-01-23,2026-01-23,2026-01-23,权益礼包,权益,9.2,新一线城市,SME,1000-2000人,销售
USR_000524,USR_000524,,,,,2026-02-18,2026-02-18,2026-02-18,企业认证,非权益,7.0,新一线城市,SME,1000-2000人,销售
USR_000524,USR_000524,,,,,2026-01-20,2026-01-20,2026-01-20,急聘推广,权益,38.4,新一线城市,SME,1000-2000人,销售
USR_000524,USR_000524,,,,,2026-01-30,2026-01-30,2026-01-30,企业认证,非权益,90.4,新一线城市,SME,1000-2000人,销售
USR_000524,USR_000524,,,,,2026-02-13,2026-02-13,2026-02-13,置顶刷新,权益,104.0,新一线城市,SME,1000-2000人,销售
USR_000524,USR_000524,,,USR_000524,,2026-02-23,2026-02-23,2026-02-23,在线沟通,非权益,41.7,新一线城市,SME,1000-2000人,销售
USR_000524,USR_000524,,,,,2026-01-07,2026-01-07,2026-01-07,急聘推广,权益,39.4,新一线城市,SME,1000-2000人,销售
USR_000524,,USR_000524,,,,2026-01-13,2026-01-13,2026-01-13,职位发布,非权益,55.8,新一线城市,SME,1000-2000人,销售
USR_000524,USR_000524,,,,,2026-01-28,2026-01-28,2026-01-28,权益礼包,权益,13.9,新一线城市,SME,1000-2000人,销售
USR_000524,USR_000524,,,USR_000524,,2026-01-23,2026-01-23,2026-01-23,在线沟通,非权益,29.5,新一线城市,SME,1000-2000人,销售
USR_000524,,,,,,2026-02-26,2026-02-26,2026-02-26,急聘推广,权益,29.6,新一线城市,SME,1000-2000人,销售
USR_000524,USR_000524,,USR_000524,,,2026-01-05,2026-01-05,2026-01-05,简历搜索,非权益,15.3,新一线城市,SME,1000-2000人,销售
USR_000524,,,,,,2026-01-16,2026-01-16,2026-01-16,急聘推广,权益,19.3,新一线城市,SME,1000-2000人,销售
USR_000524,,,,,,2026-01-29,2026-01-29,2026-01-29,急聘推广,权益,19.5,新一线城市,SME,1000-2000人,销售
USR_000524,USR_000524,,,,,2026-01-21,2026-01-21,2026-01-21,权益礼包,权益,5.5,新一线城市,SME,1000-2000人,销售
USR_000524,USR_000524,,,,USR_000524,2026-02-05,2026-02-05,2026-02-05,简历查看,非权益,9.8,新一线城市,SME,1000-2000人,销售
USR_000524,USR_000524,,,,,2026-03-01,2026-03-01,2026-03-01,企业认证,非权益,24.5,新一线城市,SME,1000-2000人,销售
USR_000524,USR_000524,,,,,2026-03-01,2026-03-01,2026-03-01,权益礼包,权益,12.4,新一线城市,SME,1000-2000人,销售
USR_000524,USR_000524,,,USR_000524,,2026-01-15,2026-01-15,2026-01-15,在线沟通,非权益,18.1,新一线城市,SME,1000-2000人,销售
USR_000524,,,,USR_000524,,2026-01-16,2026-01-16,2026-01-16,在线沟通,非权益,6.7,新一线城市,SME,1000-2000人,销售
USR_000524,USR_000524,,,,,2026-02-08,2026-02-08,2026-02-08,权益礼包,权益,14.9,新一线城市,SME,1000-2000人,销售
USR_000525,,,,,,2026-02-27,2026-02-27,2026-02-27,权益礼包,权益,19.4,五线城市,KA,500-999人,行政
USR_000525,USR_000525,,,,,2026-02-16,2026-02-16,2026-02-16,权益礼包,权益,30.6,五线城市,KA,500-999人,行政
USR_000525,USR_000525,USR_000525,,,,2026-02-11,2026-02-11,2026-02-11,职位发布,非权益,67.6,五线城市,KA,500-999人,行政
USR_000526,USR_000526,,,,USR_000526,2026-01-05,2026-01-05,2026-01-05,简历查看,非权益,11.6,三线城市,SME,1-49人,产品
USR_000526,USR_000526,,,,,2026-01-17,2026-01-17,2026-01-17,权益礼包,权益,5.3,三线城市,SME,1-49人,产品
USR_000526,USR_000526,,,,,2026-02-05,2026-02-05,2026-02-05,企业认证,非权益,19.5,三线城市,SME,1-49人,产品
USR_000526,USR_000526,,USR_000526,,,2026-02-11,2026-02-11,2026-02-11,简历搜索,非权益,20.1,三线城市,SME,1-49人,产品
USR_000526,,,,,USR_000526,2026-01-03,2026-01-03,2026-01-03,简历查看,非权益,16.1,三线城市,SME,1-49人,产品
USR_000526,USR_000526,,,,,2026-02-16,2026-02-16,2026-02-16,企业认证,非权益,26.2,三线城市,SME,1-49人,产品
USR_000526,USR_000526,,,,,2026-02-26,2026-02-26,2026-02-26,企业认证,非权益,6.8,三线城市,SME,1-49人,产品
USR_000526,USR_000526,,,,,2026-02-04,2026-02-04,2026-02-04,急聘推广,权益,8.7,三线城市,SME,1-49人,产品
USR_000527,USR_000527,,USR_000527,,,2026-02-04,2026-02-04,2026-02-04,简历搜索,非权益,17.4,一线城市,SME,10000人以上,运营
USR_000527,USR_000527,,,,USR_000527,2026-02-01,2026-02-01,2026-02-01,简历查看,非权益,44.6,一线城市,SME,10000人以上,运营
USR_000527,USR_000527,,,USR_000527,,2026-02-17,2026-02-17,2026-02-17,在线沟通,非权益,66.8,一线城市,SME,10000人以上,运营
USR_000527,USR_000527,,,,USR_000527,2026-02-18,2026-02-18,2026-02-18,简历查看,非权益,11.2,一线城市,SME,10000人以上,运营
USR_000527,USR_000527,,,,,2026-01-25,2026-01-25,2026-01-25,权益礼包,权益,13.1,一线城市,SME,10000人以上,运营
USR_000527,USR_000527,,,,,2026-02-01,2026-02-01,2026-02-01,权益礼包,权益,17.8,一线城市,SME,10000人以上,运营
USR_000527,,,,,,2026-01-05,2026-01-05,2026-01-05,权益礼包,权益,61.0,一线城市,SME,10000人以上,运营
USR_000527,USR_000527,,USR_000527,,,2026-01-27,2026-01-27,2026-01-27,简历搜索,非权益,12.8,一线城市,SME,10000人以上,运营
USR_000527,USR_000527,,,USR_000527,,2026-02-20,2026-02-20,2026-02-20,在线沟通,非权益,11.7,一线城市,SME,10000人以上,运营
USR_000527,USR_000527,,,,,2026-01-10,2026-01-10,2026-01-10,权益礼包,权益,79.8,一线城市,SME,10000人以上,运营
USR_000527,,,,,,2026-01-03,2026-01-03,2026-01-03,置顶刷新,权益,25.7,一线城市,SME,10000人以上,运营
USR_000527,,,,,USR_000527,2026-02-01,2026-02-01,2026-02-01,简历查看,非权益,8.0,一线城市,SME,10000人以上,运营
USR_000528,,,,,,2026-01-03,2026-01-03,2026-01-03,企业认证,非权益,17.4,二线城市,SME,100-499人,研发
USR_000528,USR_000528,,,,,2026-02-07,2026-02-07,2026-02-07,权益礼包,权益,31.1,二线城市,SME,100-499人,研发
USR_000528,USR_000528,,,,,2026-01-05,2026-01-05,2026-01-05,权益礼包,权益,12.9,二线城市,SME,100-499人,研发
USR_000528,USR_000528,,,,,2026-02-05,2026-02-05,2026-02-05,企业认证,非权益,11.5,二线城市,SME,100-499人,研发
USR_000528,,,,,,2026-02-24,2026-02-24,2026-02-24,权益礼包,权益,12.6,二线城市,SME,100-499人,研发
USR_000528,USR_000528,,USR_000528,,,2026-01-24,2026-01-24,2026-01-24,简历搜索,非权益,35.0,二线城市,SME,100-499人,研发
USR_000529,USR_000529,,,USR_000529,,2026-02-08,2026-02-08,2026-02-08,在线沟通,非权益,19.7,四线城市,SME,50-99人,销售
USR_000529,,,,,,2026-01-16,2026-01-16,2026-01-16,权益礼包,权益,5.8,四线城市,SME,50-99人,销售
USR_000529,,,,USR_000529,,2026-02-16,2026-02-16,2026-02-16,在线沟通,非权益,6.4,四线城市,SME,50-99人,销售
USR_000529,,,,,,2026-01-09,2026-01-09,2026-01-09,企业认证,非权益,109.0,四线城市,SME,50-99人,销售
USR_000529,USR_000529,,,,,2026-01-15,2026-01-15,2026-01-15,企业认证,非权益,19.7,四线城市,SME,50-99人,销售
USR_000529,USR_000529,,,,USR_000529,2026-02-24,2026-02-24,2026-02-24,简历查看,非权益,10.1,四线城市,SME,50-99人,销售
USR_000529,USR_000529,,,,,2026-01-16,2026-01-16,2026-01-16,急聘推广,权益,47.6,四线城市,SME,50-99人,销售
USR_000529,USR_000529,,,,,2026-01-22,2026-01-22,2026-01-22,企业认证,非权益,6.5,四线城市,SME,50-99人,销售
USR_000529,USR_000529,,,,,2026-01-10,2026-01-10,2026-01-10,置顶刷新,权益,6.8,四线城市,SME,50-99人,销售
USR_000529,USR_000529,,,,USR_000529,2026-01-22,2026-01-22,2026-01-22,简历查看,非权益,20.5,四线城市,SME,50-99人,销售
USR_000529,USR_000529,,,,USR_000529,2026-02-13,2026-02-13,2026-02-13,简历查看,非权益,27.1,四线城市,SME,50-99人,销售
USR_000529,USR_000529,,,,,2026-01-18,2026-01-18,2026-01-18,急聘推广,权益,6.6,四线城市,SME,50-99人,销售
USR_000529,USR_000529,,,,,2026-01-23,2026-01-23,2026-01-23,权益礼包,权益,16.3,四线城市,SME,50-99人,销售
USR_000529,USR_000529,,,,,2026-02-12,2026-02-12,2026-02-12,置顶刷新,权益,9.5,四线城市,SME,50-99人,销售
USR_000529,USR_000529,,,,,2026-02-01,2026-02-01,2026-02-01,权益礼包,权益,18.1,四线城市,SME,50-99人,销售
USR_000529,,,,,,2026-02-14,2026-02-14,2026-02-14,置顶刷新,权益,112.5,四线城市,SME,50-99人,销售
USR_000529,,,,,,2026-01-17,2026-01-17,2026-01-17,企业认证,非权益,14.7,四线城市,SME,50-99人,销售
USR_000529,USR_000529,,USR_000529,,,2026-02-24,2026-02-24,2026-02-24,简历搜索,非权益,14.7,四线城市,SME,50-99人,销售
USR_000530,,,,USR_000530,,2026-02-24,2026-02-24,2026-02-24,在线沟通,非权益,39.1,三线城市,SME,1000-2000人,财务
USR_000530,,,,,,2026-02-13,2026-02-13,2026-02-13,置顶刷新,权益,26.5,三线城市,SME,1000-2000人,财务
USR_000530,,,,,,2026-01-17,2026-01-17,2026-01-17,企业认证,非权益,5.1,三线城市,SME,1000-2000人,财务
USR_000530,USR_000530,,,,,2026-01-23,2026-01-23,2026-01-23,企业认证,非权益,39.4,三线城市,SME,1000-2000人,财务
USR_000530,,USR_000530,,,,2026-02-25,2026-02-25,2026-02-25,职位发布,非权益,25.6,三线城市,SME,1000-2000人,财务
USR_000530,USR_000530,,,,,2026-02-12,2026-02-12,2026-02-12,企业认证,非权益,10.9,三线城市,SME,1000-2000人,财务
USR_000530,,,,USR_000530,,2026-01-21,2026-01-21,2026-01-21,在线沟通,非权益,37.3,三线城市,SME,1000-2000人,财务
USR_000530,USR_000530,,,,,2026-02-06,2026-02-06,2026-02-06,急聘推广,权益,17.4,三线城市,SME,1000-2000人,财务
USR_000530,USR_000530,,USR_000530,,,2026-02-23,2026-02-23,2026-02-23,简历搜索,非权益,26.7,三线城市,SME,1000-2000人,财务
USR_000531,USR_000531,,USR_000531,,,2026-01-10,2026-01-10,2026-01-10,简历搜索,非权益,14.4,三线城市,SME,1-49人,客服
USR_000531,USR_000531,,,,,2026-01-06,2026-01-06,2026-01-06,置顶刷新,权益,25.2,三线城市,SME,1-49人,客服
USR_000531,USR_000531,,,,USR_000531,2026-01-16,2026-01-16,2026-01-16,简历查看,非权益,29.5,三线城市,SME,1-49人,客服
USR_000531,USR_000531,,,,,2026-01-19,2026-01-19,2026-01-19,急聘推广,权益,26.5,三线城市,SME,1-49人,客服
USR_000531,USR_000531,,,,USR_000531,2026-01-12,2026-01-12,2026-01-12,简历查看,非权益,8.8,三线城市,SME,1-49人,客服
USR_000531,USR_000531,,,USR_000531,,2026-02-18,2026-02-18,2026-02-18,在线沟通,非权益,15.7,三线城市,SME,1-49人,客服
USR_000531,USR_000531,,,USR_000531,,2026-01-30,2026-01-30,2026-01-30,在线沟通,非权益,32.0,三线城市,SME,1-49人,客服
USR_000531,,,,,,2026-01-25,2026-01-25,2026-01-25,企业认证,非权益,20.4,三线城市,SME,1-49人,客服
USR_000531,USR_000531,,,,,2026-02-18,2026-02-18,2026-02-18,置顶刷新,权益,11.2,三线城市,SME,1-49人,客服
USR_000531,,,,,,2026-01-16,2026-01-16,2026-01-16,企业认证,非权益,15.7,三线城市,SME,1-49人,客服
USR_000532,USR_000532,,,,,2026-02-12,2026-02-12,2026-02-12,权益礼包,权益,16.5,二线城市,KA,10000人以上,客服
USR_000532,USR_000532,,,,,2026-01-29,2026-01-29,2026-01-29,急聘推广,权益,47.7,二线城市,KA,10000人以上,客服
USR_000532,USR_000532,,,,USR_000532,2026-01-10,2026-01-10,2026-01-10,简历查看,非权益,21.2,二线城市,KA,10000人以上,客服
USR_000532,USR_000532,,,,,2026-02-26,2026-02-26,2026-02-26,置顶刷新,权益,56.1,二线城市,KA,10000人以上,客服
USR_000532,,USR_000532,,,,2026-01-25,2026-01-25,2026-01-25,职位发布,非权益,10.1,二线城市,KA,10000人以上,客服
USR_000532,,,,USR_000532,,2026-01-25,2026-01-25,2026-01-25,在线沟通,非权益,14.1,二线城市,KA,10000人以上,客服
USR_000532,USR_000532,,,,,2026-01-16,2026-01-16,2026-01-16,企业认证,非权益,6.8,二线城市,KA,10000人以上,客服
USR_000532,USR_000532,USR_000532,,,,2026-02-24,2026-02-24,2026-02-24,职位发布,非权益,8.9,二线城市,KA,10000人以上,客服
USR_000532,USR_000532,,,USR_000532,,2026-02-22,2026-02-22,2026-02-22,在线沟通,非权益,17.2,二线城市,KA,10000人以上,客服
USR_000532,USR_000532,USR_000532,,,,2026-01-18,2026-01-18,2026-01-18,职位发布,非权益,34.1,二线城市,KA,10000人以上,客服
USR_000532,USR_000532,,,,,2026-01-15,2026-01-15,2026-01-15,置顶刷新,权益,16.5,二线城市,KA,10000人以上,客服
USR_000532,USR_000532,,USR_000532,,,2026-02-10,2026-02-10,2026-02-10,简历搜索,非权益,12.5,二线城市,KA,10000人以上,客服
USR_000532,USR_000532,,,,USR_000532,2026-02-03,2026-02-03,2026-02-03,简历查看,非权益,12.6,二线城市,KA,10000人以上,客服
USR_000532,USR_000532,,,,,2026-01-05,2026-01-05,2026-01-05,企业认证,非权益,7.1,二线城市,KA,10000人以上,客服
USR_000532,USR_000532,,,,,2026-01-13,2026-01-13,2026-01-13,权益礼包,权益,6.7,二线城市,KA,10000人以上,客服
USR_000532,USR_000532,,,USR_000532,,2026-02-16,2026-02-16,2026-02-16,在线沟通,非权益,8.7,二线城市,KA,10000人以上,客服
USR_000532,USR_000532,,,,,2026-01-09,2026-01-09,2026-01-09,置顶刷新,权益,24.0,二线城市,KA,10000人以上,客服
USR_000532,USR_000532,,,,USR_000532,2026-01-23,2026-01-23,2026-01-23,简历查看,非权益,13.1,二线城市,KA,10000人以上,客服
USR_000532,USR_000532,,,USR_000532,,2026-01-27,2026-01-27,2026-01-27,在线沟通,非权益,38.8,二线城市,KA,10000人以上,客服
USR_000532,USR_000532,,,,,2026-02-13,2026-02-13,2026-02-13,企业认证,非权益,9.5,二线城市,KA,10000人以上,客服
USR_000532,USR_000532,,USR_000532,,,2026-02-11,2026-02-11,2026-02-11,简历搜索,非权益,26.4,二线城市,KA,10000人以上,客服
USR_000532,,,,,USR_000532,2026-02-24,2026-02-24,2026-02-24,简历查看,非权益,26.3,二线城市,KA,10000人以上,客服
USR_000532,USR_000532,,USR_000532,,,2026-02-07,2026-02-07,2026-02-07,简历搜索,非权益,41.4,二线城市,KA,10000人以上,客服
USR_000533,,,,USR_000533,,2026-01-29,2026-01-29,2026-01-29,在线沟通,非权益,27.2,五线城市,SME,100-499人,产品
USR_000533,USR_000533,,,,,2026-01-14,2026-01-14,2026-01-14,企业认证,非权益,24.1,五线城市,SME,100-499人,产品
USR_000533,,,,,,2026-01-13,2026-01-13,2026-01-13,置顶刷新,权益,9.9,五线城市,SME,100-499人,产品
USR_000533,USR_000533,,,,,2026-01-19,2026-01-19,2026-01-19,企业认证,非权益,5.2,五线城市,SME,100-499人,产品
USR_000533,USR_000533,,,,,2026-02-06,2026-02-06,2026-02-06,急聘推广,权益,24.4,五线城市,SME,100-499人,产品
USR_000533,,USR_000533,,,,2026-01-01,2026-01-01,2026-01-01,职位发布,非权益,9.8,五线城市,SME,100-499人,产品
USR_000533,USR_000533,USR_000533,,,,2026-01-06,2026-01-06,2026-01-06,职位发布,非权益,46.5,五线城市,SME,100-499人,产品
USR_000533,USR_000533,,,,,2026-01-12,2026-01-12,2026-01-12,权益礼包,权益,14.4,五线城市,SME,100-499人,产品
USR_000533,,,USR_000533,,,2026-01-28,2026-01-28,2026-01-28,简历搜索,非权益,14.5,五线城市,SME,100-499人,产品
USR_000533,USR_000533,,,,,2026-01-06,2026-01-06,2026-01-06,权益礼包,权益,71.9,五线城市,SME,100-499人,产品
USR_000533,USR_000533,,,,,2026-02-06,2026-02-06,2026-02-06,急聘推广,权益,28.1,五线城市,SME,100-499人,产品
USR_000533,,,,,USR_000533,2026-01-13,2026-01-13,2026-01-13,简历查看,非权益,6.3,五线城市,SME,100-499人,产品
USR_000533,USR_000533,,,,USR_000533,2026-01-25,2026-01-25,2026-01-25,简历查看,非权益,15.3,五线城市,SME,100-499人,产品
USR_000533,,,,,,2026-02-22,2026-02-22,2026-02-22,置顶刷新,权益,8.7,五线城市,SME,100-499人,产品
USR_000533,USR_000533,,USR_000533,,,2026-01-12,2026-01-12,2026-01-12,简历搜索,非权益,41.3,五线城市,SME,100-499人,产品
USR_000533,USR_000533,,,,,2026-02-04,2026-02-04,2026-02-04,权益礼包,权益,20.6,五线城市,SME,100-499人,产品
USR_000533,,,,USR_000533,,2026-02-16,2026-02-16,2026-02-16,在线沟通,非权益,10.1,五线城市,SME,100-499人,产品
USR_000534,,,,,,2026-02-09,2026-02-09,2026-02-09,企业认证,非权益,14.1,三线城市,SME,10000人以上,产品
USR_000534,USR_000534,,USR_000534,,,2026-02-10,2026-02-10,2026-02-10,简历搜索,非权益,39.2,三线城市,SME,10000人以上,产品
USR_000534,USR_000534,,,,,2026-02-22,2026-02-22,2026-02-22,急聘推广,权益,8.9,三线城市,SME,10000人以上,产品
USR_000534,USR_000534,,,,,2026-02-16,2026-02-16,2026-02-16,权益礼包,权益,10.1,三线城市,SME,10000人以上,产品
USR_000534,USR_000534,,,,,2026-02-13,2026-02-13,2026-02-13,置顶刷新,权益,9.4,三线城市,SME,10000人以上,产品
USR_000534,USR_000534,,,,,2026-01-16,2026-01-16,2026-01-16,权益礼包,权益,11.5,三线城市,SME,10000人以上,产品
USR_000534,,,,,,2026-01-19,2026-01-19,2026-01-19,权益礼包,权益,21.0,三线城市,SME,10000人以上,产品
USR_000534,USR_000534,,,,,2026-01-16,2026-01-16,2026-01-16,权益礼包,权益,7.0,三线城市,SME,10000人以上,产品
USR_000534,USR_000534,,,,,2026-02-14,2026-02-14,2026-02-14,急聘推广,权益,8.8,三线城市,SME,10000人以上,产品
USR_000534,USR_000534,,USR_000534,,,2026-01-21,2026-01-21,2026-01-21,简历搜索,非权益,38.4,三线城市,SME,10000人以上,产品
USR_000534,USR_000534,,,,,2026-02-08,2026-02-08,2026-02-08,急聘推广,权益,27.7,三线城市,SME,10000人以上,产品
USR_000534,,,,,USR_000534,2026-01-04,2026-01-04,2026-01-04,简历查看,非权益,10.8,三线城市,SME,10000人以上,产品
USR_000534,,,,,,2026-01-08,2026-01-08,2026-01-08,置顶刷新,权益,28.6,三线城市,SME,10000人以上,产品
USR_000534,,,,,,2026-01-07,2026-01-07,2026-01-07,权益礼包,权益,6.9,三线城市,SME,10000人以上,产品
USR_000534,,,,,,2026-02-04,2026-02-04,2026-02-04,置顶刷新,权益,10.2,三线城市,SME,10000人以上,产品
USR_000534,USR_000534,,,USR_000534,,2026-01-10,2026-01-10,2026-01-10,在线沟通,非权益,35.9,三线城市,SME,10000人以上,产品
USR_000534,USR_000534,,USR_000534,,,2026-03-01,2026-03-01,2026-03-01,简历搜索,非权益,5.1,三线城市,SME,10000人以上,产品
USR_000534,USR_000534,,USR_000534,,,2026-02-01,2026-02-01,2026-02-01,简历搜索,非权益,6.6,三线城市,SME,10000人以上,产品
USR_000534,,,,,,2026-02-23,2026-02-23,2026-02-23,企业认证,非权益,30.4,三线城市,SME,10000人以上,产品
USR_000534,USR_000534,USR_000534,,,,2026-02-17,2026-02-17,2026-02-17,职位发布,非权益,8.7,三线城市,SME,10000人以上,产品
USR_000534,USR_000534,,,,,2026-01-12,2026-01-12,2026-01-12,企业认证,非权益,28.9,三线城市,SME,10000人以上,产品
USR_000534,USR_000534,,,,,2026-01-28,2026-01-28,2026-01-28,企业认证,非权益,52.0,三线城市,SME,10000人以上,产品
USR_000534,,,USR_000534,,,2026-01-29,2026-01-29,2026-01-29,简历搜索,非权益,90.6,三线城市,SME,10000人以上,产品
USR_000534,USR_000534,,USR_000534,,,2026-01-19,2026-01-19,2026-01-19,简历搜索,非权益,33.2,三线城市,SME,10000人以上,产品
USR_000535,USR_000535,USR_000535,,,,2026-01-16,2026-01-16,2026-01-16,职位发布,非权益,7.5,新一线城市,SME,1-49人,财务
USR_000535,USR_000535,,,USR_000535,,2026-02-07,2026-02-07,2026-02-07,在线沟通,非权益,8.9,新一线城市,SME,1-49人,财务
USR_000535,USR_000535,,,,USR_000535,2026-02-27,2026-02-27,2026-02-27,简历查看,非权益,12.4,新一线城市,SME,1-49人,财务
USR_000535,,USR_000535,,,,2026-02-09,2026-02-09,2026-02-09,职位发布,非权益,25.8,新一线城市,SME,1-49人,财务
USR_000535,,,USR_000535,,,2026-02-21,2026-02-21,2026-02-21,简历搜索,非权益,31.6,新一线城市,SME,1-49人,财务
USR_000535,USR_000535,,,USR_000535,,2026-02-23,2026-02-23,2026-02-23,在线沟通,非权益,11.7,新一线城市,SME,1-49人,财务
USR_000535,USR_000535,,,,,2026-01-24,2026-01-24,2026-01-24,权益礼包,权益,12.6,新一线城市,SME,1-49人,财务
USR_000535,,,,,,2026-01-23,2026-01-23,2026-01-23,权益礼包,权益,5.1,新一线城市,SME,1-49人,财务
USR_000535,USR_000535,USR_000535,,,,2026-02-28,2026-02-28,2026-02-28,职位发布,非权益,7.3,新一线城市,SME,1-49人,财务
USR_000535,,,,,USR_000535,2026-02-07,2026-02-07,2026-02-07,简历查看,非权益,15.8,新一线城市,SME,1-49人,财务
USR_000535,,,,,,2026-02-20,2026-02-20,2026-02-20,置顶刷新,权益,45.3,新一线城市,SME,1-49人,财务
USR_000535,USR_000535,,,,,2026-01-18,2026-01-18,2026-01-18,急聘推广,权益,11.3,新一线城市,SME,1-49人,财务
USR_000535,USR_000535,,USR_000535,,,2026-01-15,2026-01-15,2026-01-15,简历搜索,非权益,33.9,新一线城市,SME,1-49人,财务
USR_000536,USR_000536,,,,USR_000536,2026-02-04,2026-02-04,2026-02-04,简历查看,非权益,12.3,三线城市,KA,500-999人,行政
USR_000536,USR_000536,,,,,2026-02-14,2026-02-14,2026-02-14,权益礼包,权益,7.8,三线城市,KA,500-999人,行政
USR_000536,USR_000536,,,,,2026-01-30,2026-01-30,2026-01-30,权益礼包,权益,43.3,三线城市,KA,500-999人,行政
USR_000536,USR_000536,,,USR_000536,,2026-01-19,2026-01-19,2026-01-19,在线沟通,非权益,13.9,三线城市,KA,500-999人,行政
USR_000536,,,,,,2026-01-24,2026-01-24,2026-01-24,权益礼包,权益,17.5,三线城市,KA,500-999人,行政
USR_000536,USR_000536,,,,,2026-02-02,2026-02-02,2026-02-02,急聘推广,权益,21.2,三线城市,KA,500-999人,行政
USR_000536,USR_000536,,,,USR_000536,2026-01-17,2026-01-17,2026-01-17,简历查看,非权益,22.2,三线城市,KA,500-999人,行政
USR_000536,,,,USR_000536,,2026-01-28,2026-01-28,2026-01-28,在线沟通,非权益,13.5,三线城市,KA,500-999人,行政
USR_000536,USR_000536,,,,,2026-02-10,2026-02-10,2026-02-10,企业认证,非权益,23.8,三线城市,KA,500-999人,行政
USR_000536,USR_000536,,USR_000536,,,2026-02-23,2026-02-23,2026-02-23,简历搜索,非权益,32.7,三线城市,KA,500-999人,行政
USR_000536,USR_000536,,,,,2026-01-16,2026-01-16,2026-01-16,权益礼包,权益,33.1,三线城市,KA,500-999人,行政
USR_000537,USR_000537,,,,,2026-01-18,2026-01-18,2026-01-18,企业认证,非权益,12.7,三线城市,SME,100-499人,客服
USR_000537,,,,,,2026-01-11,2026-01-11,2026-01-11,置顶刷新,权益,42.6,三线城市,SME,100-499人,客服
USR_000537,USR_000537,,,,,2026-01-23,2026-01-23,2026-01-23,置顶刷新,权益,6.8,三线城市,SME,100-499人,客服
USR_000537,USR_000537,,,,,2026-01-19,2026-01-19,2026-01-19,企业认证,非权益,5.2,三线城市,SME,100-499人,客服
USR_000537,,,,,,2026-01-12,2026-01-12,2026-01-12,置顶刷新,权益,16.0,三线城市,SME,100-499人,客服
USR_000537,USR_000537,,,,,2026-02-20,2026-02-20,2026-02-20,急聘推广,权益,23.5,三线城市,SME,100-499人,客服
USR_000537,USR_000537,,,,,2026-01-24,2026-01-24,2026-01-24,权益礼包,权益,33.6,三线城市,SME,100-499人,客服
USR_000537,USR_000537,,,,USR_000537,2026-01-13,2026-01-13,2026-01-13,简历查看,非权益,19.2,三线城市,SME,100-499人,客服
USR_000537,USR_000537,,,,USR_000537,2026-01-26,2026-01-26,2026-01-26,简历查看,非权益,5.1,三线城市,SME,100-499人,客服
USR_000537,USR_000537,,USR_000537,,,2026-01-15,2026-01-15,2026-01-15,简历搜索,非权益,29.4,三线城市,SME,100-499人,客服
USR_000537,,,,,USR_000537,2026-02-21,2026-02-21,2026-02-21,简历查看,非权益,10.5,三线城市,SME,100-499人,客服
USR_000537,USR_000537,,,,,2026-01-12,2026-01-12,2026-01-12,置顶刷新,权益,24.1,三线城市,SME,100-499人,客服
USR_000537,,,,,,2026-02-06,2026-02-06,2026-02-06,权益礼包,权益,12.4,三线城市,SME,100-499人,客服
USR_000537,,,,,USR_000537,2026-02-24,2026-02-24,2026-02-24,简历查看,非权益,27.1,三线城市,SME,100-499人,客服
USR_000538,,,,,USR_000538,2026-02-15,2026-02-15,2026-02-15,简历查看,非权益,41.6,新一线城市,SME,50-99人,财务
USR_000538,USR_000538,,,,,2026-01-13,2026-01-13,2026-01-13,权益礼包,权益,14.3,新一线城市,SME,50-99人,财务
USR_000538,USR_000538,,,,,2026-01-31,2026-01-31,2026-01-31,急聘推广,权益,32.3,新一线城市,SME,50-99人,财务
USR_000538,USR_000538,,,,,2026-01-22,2026-01-22,2026-01-22,权益礼包,权益,15.1,新一线城市,SME,50-99人,财务
USR_000538,,,,,,2026-02-11,2026-02-11,2026-02-11,企业认证,非权益,17.7,新一线城市,SME,50-99人,财务
USR_000538,USR_000538,,,,USR_000538,2026-01-29,2026-01-29,2026-01-29,简历查看,非权益,8.5,新一线城市,SME,50-99人,财务
USR_000538,USR_000538,,,,,2026-02-22,2026-02-22,2026-02-22,急聘推广,权益,34.0,新一线城市,SME,50-99人,财务
USR_000538,,,,USR_000538,,2026-01-02,2026-01-02,2026-01-02,在线沟通,非权益,54.7,新一线城市,SME,50-99人,财务
USR_000538,,,,,,2026-01-13,2026-01-13,2026-01-13,置顶刷新,权益,8.3,新一线城市,SME,50-99人,财务
USR_000538,,,,,USR_000538,2026-02-10,2026-02-10,2026-02-10,简历查看,非权益,10.7,新一线城市,SME,50-99人,财务
USR_000538,,,,USR_000538,,2026-01-29,2026-01-29,2026-01-29,在线沟通,非权益,37.0,新一线城市,SME,50-99人,财务
USR_000539,USR_000539,,USR_000539,,,2026-01-28,2026-01-28,2026-01-28,简历搜索,非权益,14.7,二线城市,SME,1000-2000人,产品
USR_000539,USR_000539,,,USR_000539,,2026-02-22,2026-02-22,2026-02-22,在线沟通,非权益,6.5,二线城市,SME,1000-2000人,产品
USR_000539,,,,,,2026-02-16,2026-02-16,2026-02-16,企业认证,非权益,5.4,二线城市,SME,1000-2000人,产品
USR_000539,USR_000539,USR_000539,,,,2026-02-12,2026-02-12,2026-02-12,职位发布,非权益,29.1,二线城市,SME,1000-2000人,产品
USR_000539,USR_000539,,,,,2026-02-12,2026-02-12,2026-02-12,置顶刷新,权益,9.8,二线城市,SME,1000-2000人,产品
USR_000539,USR_000539,USR_000539,,,,2026-02-18,2026-02-18,2026-02-18,职位发布,非权益,12.8,二线城市,SME,1000-2000人,产品
USR_000539,USR_000539,USR_000539,,,,2026-02-11,2026-02-11,2026-02-11,职位发布,非权益,6.5,二线城市,SME,1000-2000人,产品
USR_000539,USR_000539,,USR_000539,,,2026-02-18,2026-02-18,2026-02-18,简历搜索,非权益,54.1,二线城市,SME,1000-2000人,产品
USR_000539,,,USR_000539,,,2026-02-23,2026-02-23,2026-02-23,简历搜索,非权益,28.6,二线城市,SME,1000-2000人,产品
USR_000539,,,USR_000539,,,2026-01-17,2026-01-17,2026-01-17,简历搜索,非权益,17.2,二线城市,SME,1000-2000人,产品
USR_000539,USR_000539,,,USR_000539,,2026-02-24,2026-02-24,2026-02-24,在线沟通,非权益,10.4,二线城市,SME,1000-2000人,产品
USR_000539,USR_000539,,,,,2026-02-17,2026-02-17,2026-02-17,企业认证,非权益,17.5,二线城市,SME,1000-2000人,产品
USR_000539,USR_000539,,,,,2026-01-23,2026-01-23,2026-01-23,急聘推广,权益,17.0,二线城市,SME,1000-2000人,产品
USR_000539,USR_000539,,,,USR_000539,2026-01-17,2026-01-17,2026-01-17,简历查看,非权益,14.9,二线城市,SME,1000-2000人,产品
USR_000539,USR_000539,,,,USR_000539,2026-02-27,2026-02-27,2026-02-27,简历查看,非权益,9.5,二线城市,SME,1000-2000人,产品
USR_000540,USR_000540,,USR_000540,,,2026-02-13,2026-02-13,2026-02-13,简历搜索,非权益,8.5,一线城市,KA,5000-10000人,财务
USR_000540,USR_000540,,USR_000540,,,2026-01-18,2026-01-18,2026-01-18,简历搜索,非权益,30.4,一线城市,KA,5000-10000人,财务
USR_000540,,,USR_000540,,,2026-01-15,2026-01-15,2026-01-15,简历搜索,非权益,63.5,一线城市,KA,5000-10000人,财务
USR_000540,USR_000540,,,,USR_000540,2026-02-04,2026-02-04,2026-02-04,简历查看,非权益,14.8,一线城市,KA,5000-10000人,财务
USR_000540,,,,,USR_000540,2026-01-12,2026-01-12,2026-01-12,简历查看,非权益,59.6,一线城市,KA,5000-10000人,财务
USR_000540,USR_000540,,,,,2026-01-28,2026-01-28,2026-01-28,权益礼包,权益,43.2,一线城市,KA,5000-10000人,财务
USR_000540,USR_000540,USR_000540,,,,2026-01-14,2026-01-14,2026-01-14,职位发布,非权益,74.3,一线城市,KA,5000-10000人,财务
USR_000540,,,,,,2026-02-22,2026-02-22,2026-02-22,置顶刷新,权益,7.8,一线城市,KA,5000-10000人,财务
USR_000540,USR_000540,USR_000540,,,,2026-02-08,2026-02-08,2026-02-08,职位发布,非权益,17.5,一线城市,KA,5000-10000人,财务
USR_000540,,,USR_000540,,,2026-02-27,2026-02-27,2026-02-27,简历搜索,非权益,46.7,一线城市,KA,5000-10000人,财务
USR_000540,USR_000540,,,,,2026-02-14,2026-02-14,2026-02-14,权益礼包,权益,7.9,一线城市,KA,5000-10000人,财务
USR_000540,USR_000540,USR_000540,,,,2026-02-11,2026-02-11,2026-02-11,职位发布,非权益,16.5,一线城市,KA,5000-10000人,财务
USR_000540,,,,USR_000540,,2026-01-11,2026-01-11,2026-01-11,在线沟通,非权益,11.3,一线城市,KA,5000-10000人,财务
USR_000540,,,,,,2026-01-01,2026-01-01,2026-01-01,急聘推广,权益,21.3,一线城市,KA,5000-10000人,财务
USR_000540,USR_000540,,,USR_000540,,2026-02-21,2026-02-21,2026-02-21,在线沟通,非权益,46.8,一线城市,KA,5000-10000人,财务
USR_000540,USR_000540,,,,,2026-01-10,2026-01-10,2026-01-10,急聘推广,权益,19.1,一线城市,KA,5000-10000人,财务
USR_000540,,,,,USR_000540,2026-01-15,2026-01-15,2026-01-15,简历查看,非权益,21.1,一线城市,KA,5000-10000人,财务
USR_000540,USR_000540,,,,,2026-02-02,2026-02-02,2026-02-02,置顶刷新,权益,12.3,一线城市,KA,5000-10000人,财务
USR_000540,USR_000540,,,,,2026-01-16,2026-01-16,2026-01-16,企业认证,非权益,46.7,一线城市,KA,5000-10000人,财务
USR_000540,USR_000540,,,,USR_000540,2026-02-20,2026-02-20,2026-02-20,简历查看,非权益,16.3,一线城市,KA,5000-10000人,财务
USR_000540,USR_000540,,,,,2026-02-10,2026-02-10,2026-02-10,置顶刷新,权益,40.8,一线城市,KA,5000-10000人,财务
USR_000541,USR_000541,,,,USR_000541,2026-01-15,2026-01-15,2026-01-15,简历查看,非权益,26.6,一线城市,KA,100-499人,研发
USR_000541,USR_000541,,,,,2026-02-17,2026-02-17,2026-02-17,急聘推广,权益,12.2,一线城市,KA,100-499人,研发
USR_000541,USR_000541,,,,USR_000541,2026-02-12,2026-02-12,2026-02-12,简历查看,非权益,26.0,一线城市,KA,100-499人,研发
USR_000541,USR_000541,,,,USR_000541,2026-01-11,2026-01-11,2026-01-11,简历查看,非权益,42.5,一线城市,KA,100-499人,研发
USR_000541,,,,,USR_000541,2026-02-02,2026-02-02,2026-02-02,简历查看,非权益,24.5,一线城市,KA,100-499人,研发
USR_000541,USR_000541,,,USR_000541,,2026-01-01,2026-01-01,2026-01-01,在线沟通,非权益,27.3,一线城市,KA,100-499人,研发
USR_000541,,,,,,2026-01-25,2026-01-25,2026-01-25,置顶刷新,权益,19.3,一线城市,KA,100-499人,研发
USR_000541,USR_000541,,,,,2026-01-11,2026-01-11,2026-01-11,急聘推广,权益,6.2,一线城市,KA,100-499人,研发
USR_000541,,,,,,2026-02-21,2026-02-21,2026-02-21,企业认证,非权益,17.1,一线城市,KA,100-499人,研发
USR_000541,USR_000541,,USR_000541,,,2026-02-06,2026-02-06,2026-02-06,简历搜索,非权益,19.1,一线城市,KA,100-499人,研发
USR_000541,,,,,USR_000541,2026-02-07,2026-02-07,2026-02-07,简历查看,非权益,36.2,一线城市,KA,100-499人,研发
USR_000541,USR_000541,,,,,2026-02-12,2026-02-12,2026-02-12,置顶刷新,权益,19.7,一线城市,KA,100-499人,研发
USR_000541,USR_000541,,,,USR_000541,2026-02-03,2026-02-03,2026-02-03,简历查看,非权益,6.9,一线城市,KA,100-499人,研发
USR_000541,,,USR_000541,,,2026-02-05,2026-02-05,2026-02-05,简历搜索,非权益,15.7,一线城市,KA,100-499人,研发
USR_000541,USR_000541,,,,,2026-01-26,2026-01-26,2026-01-26,企业认证,非权益,14.0,一线城市,KA,100-499人,研发
USR_000541,USR_000541,,USR_000541,,,2026-02-28,2026-02-28,2026-02-28,简历搜索,非权益,20.1,一线城市,KA,100-499人,研发
USR_000541,,,,,USR_000541,2026-01-12,2026-01-12,2026-01-12,简历查看,非权益,23.8,一线城市,KA,100-499人,研发
USR_000541,USR_000541,USR_000541,,,,2026-01-16,2026-01-16,2026-01-16,职位发布,非权益,6.3,一线城市,KA,100-499人,研发
USR_000541,,,,,,2026-02-24,2026-02-24,2026-02-24,急聘推广,权益,23.5,一线城市,KA,100-499人,研发
USR_000541,USR_000541,,,,,2026-02-03,2026-02-03,2026-02-03,权益礼包,权益,6.2,一线城市,KA,100-499人,研发
USR_000542,USR_000542,,,,,2026-01-06,2026-01-06,2026-01-06,置顶刷新,权益,24.2,五线城市,SME,1000-2000人,市场
USR_000542,,,,,,2026-02-12,2026-02-12,2026-02-12,置顶刷新,权益,8.6,五线城市,SME,1000-2000人,市场
USR_000542,USR_000542,,,,,2026-02-05,2026-02-05,2026-02-05,权益礼包,权益,10.6,五线城市,SME,1000-2000人,市场
USR_000542,USR_000542,,,,,2026-01-19,2026-01-19,2026-01-19,权益礼包,权益,16.1,五线城市,SME,1000-2000人,市场
USR_000542,,,,,,2026-01-06,2026-01-06,2026-01-06,急聘推广,权益,7.3,五线城市,SME,1000-2000人,市场
USR_000542,USR_000542,,,,,2026-01-19,2026-01-19,2026-01-19,企业认证,非权益,19.0,五线城市,SME,1000-2000人,市场
USR_000542,,USR_000542,,,,2026-02-11,2026-02-11,2026-02-11,职位发布,非权益,20.8,五线城市,SME,1000-2000人,市场
USR_000542,USR_000542,,,USR_000542,,2026-01-20,2026-01-20,2026-01-20,在线沟通,非权益,23.8,五线城市,SME,1000-2000人,市场
USR_000542,USR_000542,,,,,2026-01-26,2026-01-26,2026-01-26,急聘推广,权益,7.1,五线城市,SME,1000-2000人,市场
USR_000542,,,,,USR_000542,2026-02-02,2026-02-02,2026-02-02,简历查看,非权益,27.4,五线城市,SME,1000-2000人,市场
USR_000542,,USR_000542,,,,2026-01-10,2026-01-10,2026-01-10,职位发布,非权益,67.3,五线城市,SME,1000-2000人,市场
USR_000542,USR_000542,,,,,2026-02-09,2026-02-09,2026-02-09,置顶刷新,权益,33.1,五线城市,SME,1000-2000人,市场
USR_000542,USR_000542,,,,,2026-01-30,2026-01-30,2026-01-30,置顶刷新,权益,18.8,五线城市,SME,1000-2000人,市场
USR_000542,,,,,,2026-01-30,2026-01-30,2026-01-30,权益礼包,权益,40.7,五线城市,SME,1000-2000人,市场
USR_000542,USR_000542,,,,,2026-01-14,2026-01-14,2026-01-14,企业认证,非权益,16.7,五线城市,SME,1000-2000人,市场
USR_000542,USR_000542,USR_000542,,,,2026-02-15,2026-02-15,2026-02-15,职位发布,非权益,29.2,五线城市,SME,1000-2000人,市场
USR_000543,,,USR_000543,,,2026-02-11,2026-02-11,2026-02-11,简历搜索,非权益,29.5,一线城市,SME,1000-2000人,运营
USR_000543,USR_000543,,,,,2026-02-27,2026-02-27,2026-02-27,企业认证,非权益,36.0,一线城市,SME,1000-2000人,运营
USR_000543,,,,USR_000543,,2026-01-04,2026-01-04,2026-01-04,在线沟通,非权益,26.7,一线城市,SME,1000-2000人,运营
USR_000543,USR_000543,USR_000543,,,,2026-02-16,2026-02-16,2026-02-16,职位发布,非权益,29.1,一线城市,SME,1000-2000人,运营
USR_000543,USR_000543,,,,USR_000543,2026-02-28,2026-02-28,2026-02-28,简历查看,非权益,8.7,一线城市,SME,1000-2000人,运营
USR_000543,,,,,,2026-01-03,2026-01-03,2026-01-03,置顶刷新,权益,9.9,一线城市,SME,1000-2000人,运营
USR_000543,,,USR_000543,,,2026-01-05,2026-01-05,2026-01-05,简历搜索,非权益,29.1,一线城市,SME,1000-2000人,运营
USR_000543,,,USR_000543,,,2026-02-08,2026-02-08,2026-02-08,简历搜索,非权益,14.7,一线城市,SME,1000-2000人,运营
USR_000543,USR_000543,,,USR_000543,,2026-01-12,2026-01-12,2026-01-12,在线沟通,非权益,35.6,一线城市,SME,1000-2000人,运营
USR_000543,,,,,,2026-02-15,2026-02-15,2026-02-15,企业认证,非权益,5.3,一线城市,SME,1000-2000人,运营
USR_000543,,,,,USR_000543,2026-01-10,2026-01-10,2026-01-10,简历查看,非权益,14.0,一线城市,SME,1000-2000人,运营
USR_000543,USR_000543,,,USR_000543,,2026-01-11,2026-01-11,2026-01-11,在线沟通,非权益,35.5,一线城市,SME,1000-2000人,运营
USR_000543,USR_000543,,,,,2026-01-25,2026-01-25,2026-01-25,置顶刷新,权益,6.9,一线城市,SME,1000-2000人,运营
USR_000543,USR_000543,,,,,2026-01-10,2026-01-10,2026-01-10,权益礼包,权益,10.6,一线城市,SME,1000-2000人,运营
USR_000543,USR_000543,,,USR_000543,,2026-01-28,2026-01-28,2026-01-28,在线沟通,非权益,12.7,一线城市,SME,1000-2000人,运营
USR_000543,,,,USR_000543,,2026-01-30,2026-01-30,2026-01-30,在线沟通,非权益,10.1,一线城市,SME,1000-2000人,运营
USR_000543,USR_000543,,,,,2026-02-11,2026-02-11,2026-02-11,急聘推广,权益,50.9,一线城市,SME,1000-2000人,运营
USR_000543,USR_000543,,,,,2026-02-10,2026-02-10,2026-02-10,企业认证,非权益,7.6,一线城市,SME,1000-2000人,运营
USR_000543,USR_000543,,,,,2026-02-25,2026-02-25,2026-02-25,置顶刷新,权益,6.1,一线城市,SME,1000-2000人,运营
USR_000544,USR_000544,,,,,2026-01-20,2026-01-20,2026-01-20,急聘推广,权益,13.4,五线城市,SME,500-999人,运营
USR_000544,USR_000544,,,,,2026-01-02,2026-01-02,2026-01-02,急聘推广,权益,6.5,五线城市,SME,500-999人,运营
USR_000544,,,,,USR_000544,2026-01-19,2026-01-19,2026-01-19,简历查看,非权益,5.6,五线城市,SME,500-999人,运营
USR_000544,,,,,USR_000544,2026-02-20,2026-02-20,2026-02-20,简历查看,非权益,11.1,五线城市,SME,500-999人,运营
USR_000544,USR_000544,,,,USR_000544,2026-02-28,2026-02-28,2026-02-28,简历查看,非权益,12.9,五线城市,SME,500-999人,运营
USR_000544,USR_000544,,,,,2026-01-17,2026-01-17,2026-01-17,置顶刷新,权益,30.6,五线城市,SME,500-999人,运营
USR_000544,USR_000544,,,,USR_000544,2026-02-01,2026-02-01,2026-02-01,简历查看,非权益,6.0,五线城市,SME,500-999人,运营
USR_000544,USR_000544,,,,,2026-01-20,2026-01-20,2026-01-20,权益礼包,权益,128.0,五线城市,SME,500-999人,运营
USR_000544,,,,USR_000544,,2026-02-11,2026-02-11,2026-02-11,在线沟通,非权益,6.0,五线城市,SME,500-999人,运营
USR_000544,USR_000544,,,,,2026-02-24,2026-02-24,2026-02-24,置顶刷新,权益,22.8,五线城市,SME,500-999人,运营
USR_000544,,,,,,2026-03-01,2026-03-01,2026-03-01,急聘推广,权益,30.8,五线城市,SME,500-999人,运营
USR_000544,,,USR_000544,,,2026-01-05,2026-01-05,2026-01-05,简历搜索,非权益,17.2,五线城市,SME,500-999人,运营
USR_000544,,,,,,2026-01-11,2026-01-11,2026-01-11,急聘推广,权益,44.8,五线城市,SME,500-999人,运营
USR_000544,,,,,,2026-01-05,2026-01-05,2026-01-05,置顶刷新,权益,30.5,五线城市,SME,500-999人,运营
USR_000544,USR_000544,,,,,2026-02-25,2026-02-25,2026-02-25,权益礼包,权益,71.5,五线城市,SME,500-999人,运营
USR_000544,USR_000544,,,USR_000544,,2026-01-17,2026-01-17,2026-01-17,在线沟通,非权益,23.5,五线城市,SME,500-999人,运营
USR_000544,USR_000544,,,USR_000544,,2026-01-31,2026-01-31,2026-01-31,在线沟通,非权益,23.6,五线城市,SME,500-999人,运营
USR_000544,USR_000544,,,,USR_000544,2026-01-16,2026-01-16,2026-01-16,简历查看,非权益,47.9,五线城市,SME,500-999人,运营
USR_000544,,,,,,2026-01-30,2026-01-30,2026-01-30,急聘推广,权益,52.3,五线城市,SME,500-999人,运营
USR_000544,USR_000544,,USR_000544,,,2026-01-15,2026-01-15,2026-01-15,简历搜索,非权益,53.6,五线城市,SME,500-999人,运营
USR_000544,USR_000544,,,USR_000544,,2026-02-26,2026-02-26,2026-02-26,在线沟通,非权益,23.4,五线城市,SME,500-999人,运营
USR_000544,USR_000544,,,,USR_000544,2026-02-16,2026-02-16,2026-02-16,简历查看,非权益,33.5,五线城市,SME,500-999人,运营
USR_000544,,,USR_000544,,,2026-01-22,2026-01-22,2026-01-22,简历搜索,非权益,15.4,五线城市,SME,500-999人,运营
USR_000545,,,,USR_000545,,2026-03-01,2026-03-01,2026-03-01,在线沟通,非权益,77.9,三线城市,SME,1000-2000人,运营
USR_000545,,USR_000545,,,,2026-01-30,2026-01-30,2026-01-30,职位发布,非权益,11.5,三线城市,SME,1000-2000人,运营
USR_000545,USR_000545,,,,,2026-01-12,2026-01-12,2026-01-12,企业认证,非权益,9.2,三线城市,SME,1000-2000人,运营
USR_000545,USR_000545,,,,,2026-01-26,2026-01-26,2026-01-26,企业认证,非权益,9.7,三线城市,SME,1000-2000人,运营
USR_000545,USR_000545,USR_000545,,,,2026-01-30,2026-01-30,2026-01-30,职位发布,非权益,83.7,三线城市,SME,1000-2000人,运营
USR_000545,USR_000545,,,,,2026-01-31,2026-01-31,2026-01-31,权益礼包,权益,49.1,三线城市,SME,1000-2000人,运营
USR_000545,USR_000545,,,USR_000545,,2026-02-23,2026-02-23,2026-02-23,在线沟通,非权益,66.2,三线城市,SME,1000-2000人,运营
USR_000545,USR_000545,,,,,2026-02-23,2026-02-23,2026-02-23,置顶刷新,权益,11.3,三线城市,SME,1000-2000人,运营
USR_000545,USR_000545,,,,,2026-02-01,2026-02-01,2026-02-01,权益礼包,权益,74.8,三线城市,SME,1000-2000人,运营
USR_000545,,,USR_000545,,,2026-02-04,2026-02-04,2026-02-04,简历搜索,非权益,49.2,三线城市,SME,1000-2000人,运营
USR_000545,USR_000545,,,,,2026-01-24,2026-01-24,2026-01-24,急聘推广,权益,23.6,三线城市,SME,1000-2000人,运营
USR_000545,USR_000545,USR_000545,,,,2026-01-08,2026-01-08,2026-01-08,职位发布,非权益,96.2,三线城市,SME,1000-2000人,运营
USR_000545,USR_000545,USR_000545,,,,2026-01-08,2026-01-08,2026-01-08,职位发布,非权益,22.3,三线城市,SME,1000-2000人,运营
USR_000545,USR_000545,,,,,2026-02-15,2026-02-15,2026-02-15,权益礼包,权益,53.1,三线城市,SME,1000-2000人,运营
USR_000545,USR_000545,USR_000545,,,,2026-02-16,2026-02-16,2026-02-16,职位发布,非权益,18.6,三线城市,SME,1000-2000人,运营
USR_000546,USR_000546,,,,USR_000546,2026-01-15,2026-01-15,2026-01-15,简历查看,非权益,17.1,五线城市,KA,500-999人,行政
USR_000546,USR_000546,,USR_000546,,,2026-02-10,2026-02-10,2026-02-10,简历搜索,非权益,40.4,五线城市,KA,500-999人,行政
USR_000546,USR_000546,,,USR_000546,,2026-01-30,2026-01-30,2026-01-30,在线沟通,非权益,31.1,五线城市,KA,500-999人,行政
USR_000547,USR_000547,,,,,2026-02-26,2026-02-26,2026-02-26,权益礼包,权益,5.4,二线城市,SME,100-499人,市场
USR_000547,USR_000547,,,USR_000547,,2026-01-15,2026-01-15,2026-01-15,在线沟通,非权益,7.1,二线城市,SME,100-499人,市场
USR_000547,,,,,,2026-02-09,2026-02-09,2026-02-09,置顶刷新,权益,9.1,二线城市,SME,100-499人,市场
USR_000547,USR_000547,,,,,2026-02-04,2026-02-04,2026-02-04,权益礼包,权益,35.0,二线城市,SME,100-499人,市场
USR_000547,,USR_000547,,,,2026-01-26,2026-01-26,2026-01-26,职位发布,非权益,13.2,二线城市,SME,100-499人,市场
USR_000547,USR_000547,,,,,2026-02-13,2026-02-13,2026-02-13,置顶刷新,权益,25.5,二线城市,SME,100-499人,市场
USR_000547,,,,,USR_000547,2026-01-09,2026-01-09,2026-01-09,简历查看,非权益,15.9,二线城市,SME,100-499人,市场
USR_000547,USR_000547,,,,USR_000547,2026-02-13,2026-02-13,2026-02-13,简历查看,非权益,7.9,二线城市,SME,100-499人,市场
USR_000547,USR_000547,USR_000547,,,,2026-02-04,2026-02-04,2026-02-04,职位发布,非权益,59.2,二线城市,SME,100-499人,市场
USR_000547,,,,,,2026-02-11,2026-02-11,2026-02-11,置顶刷新,权益,19.1,二线城市,SME,100-499人,市场
USR_000547,USR_000547,,,USR_000547,,2026-02-10,2026-02-10,2026-02-10,在线沟通,非权益,7.8,二线城市,SME,100-499人,市场
USR_000547,USR_000547,,,,,2026-02-22,2026-02-22,2026-02-22,权益礼包,权益,15.6,二线城市,SME,100-499人,市场
USR_000547,USR_000547,,,,,2026-02-06,2026-02-06,2026-02-06,企业认证,非权益,30.7,二线城市,SME,100-499人,市场
USR_000547,USR_000547,,,,,2026-02-20,2026-02-20,2026-02-20,急聘推广,权益,11.1,二线城市,SME,100-499人,市场
USR_000547,USR_000547,,,,,2026-01-16,2026-01-16,2026-01-16,权益礼包,权益,16.0,二线城市,SME,100-499人,市场
USR_000547,USR_000547,,,,,2026-01-03,2026-01-03,2026-01-03,企业认证,非权益,36.9,二线城市,SME,100-499人,市场
USR_000547,USR_000547,,,,,2026-01-25,2026-01-25,2026-01-25,权益礼包,权益,33.3,二线城市,SME,100-499人,市场
USR_000547,USR_000547,USR_000547,,,,2026-01-31,2026-01-31,2026-01-31,职位发布,非权益,5.5,二线城市,SME,100-499人,市场
USR_000547,,,,,USR_000547,2026-01-25,2026-01-25,2026-01-25,简历查看,非权益,22.4,二线城市,SME,100-499人,市场
USR_000547,USR_000547,,,,,2026-02-12,2026-02-12,2026-02-12,权益礼包,权益,9.7,二线城市,SME,100-499人,市场
USR_000548,USR_000548,,,,,2026-01-02,2026-01-02,2026-01-02,置顶刷新,权益,18.0,四线城市,SME,50-99人,销售
USR_000548,USR_000548,,,,USR_000548,2026-02-22,2026-02-22,2026-02-22,简历查看,非权益,8.0,四线城市,SME,50-99人,销售
USR_000548,USR_000548,,,,USR_000548,2026-02-24,2026-02-24,2026-02-24,简历查看,非权益,19.7,四线城市,SME,50-99人,销售
USR_000548,USR_000548,,,,,2026-01-05,2026-01-05,2026-01-05,权益礼包,权益,9.5,四线城市,SME,50-99人,销售
USR_000548,USR_000548,,,,,2026-02-10,2026-02-10,2026-02-10,权益礼包,权益,16.6,四线城市,SME,50-99人,销售
USR_000548,,,,,,2026-02-11,2026-02-11,2026-02-11,权益礼包,权益,13.4,四线城市,SME,50-99人,销售
USR_000548,USR_000548,,,,USR_000548,2026-02-05,2026-02-05,2026-02-05,简历查看,非权益,70.5,四线城市,SME,50-99人,销售
USR_000548,,,USR_000548,,,2026-01-19,2026-01-19,2026-01-19,简历搜索,非权益,6.8,四线城市,SME,50-99人,销售
USR_000548,USR_000548,USR_000548,,,,2026-02-27,2026-02-27,2026-02-27,职位发布,非权益,7.7,四线城市,SME,50-99人,销售
USR_000548,USR_000548,,USR_000548,,,2026-02-04,2026-02-04,2026-02-04,简历搜索,非权益,7.8,四线城市,SME,50-99人,销售
USR_000548,,,USR_000548,,,2026-02-06,2026-02-06,2026-02-06,简历搜索,非权益,7.8,四线城市,SME,50-99人,销售
USR_000549,,,,,,2026-01-17,2026-01-17,2026-01-17,置顶刷新,权益,17.1,四线城市,KA,5000-10000人,客服
USR_000549,,,,USR_000549,,2026-01-28,2026-01-28,2026-01-28,在线沟通,非权益,15.1,四线城市,KA,5000-10000人,客服
USR_000549,USR_000549,,,,USR_000549,2026-02-11,2026-02-11,2026-02-11,简历查看,非权益,11.9,四线城市,KA,5000-10000人,客服
USR_000550,USR_000550,,,,,2026-02-28,2026-02-28,2026-02-28,权益礼包,权益,12.9,五线城市,KA,100-499人,运营
USR_000550,USR_000550,,,,,2026-01-28,2026-01-28,2026-01-28,权益礼包,权益,8.9,五线城市,KA,100-499人,运营
USR_000550,,,,,,2026-02-04,2026-02-04,2026-02-04,置顶刷新,权益,12.1,五线城市,KA,100-499人,运营
USR_000550,,,,,USR_000550,2026-02-15,2026-02-15,2026-02-15,简历查看,非权益,30.6,五线城市,KA,100-499人,运营
USR_000550,,,,USR_000550,,2026-01-09,2026-01-09,2026-01-09,在线沟通,非权益,14.4,五线城市,KA,100-499人,运营
USR_000550,USR_000550,USR_000550,,,,2026-01-06,2026-01-06,2026-01-06,职位发布,非权益,10.9,五线城市,KA,100-499人,运营
USR_000550,USR_000550,,,,,2026-02-04,2026-02-04,2026-02-04,置顶刷新,权益,7.8,五线城市,KA,100-499人,运营
USR_000550,USR_000550,,,USR_000550,,2026-01-28,2026-01-28,2026-01-28,在线沟通,非权益,18.6,五线城市,KA,100-499人,运营
USR_000550,,USR_000550,,,,2026-01-10,2026-01-10,2026-01-10,职位发布,非权益,26.4,五线城市,KA,100-499人,运营
USR_000550,USR_000550,,,,,2026-01-07,2026-01-07,2026-01-07,置顶刷新,权益,6.5,五线城市,KA,100-499人,运营
USR_000550,USR_000550,,,,,2026-02-06,2026-02-06,2026-02-06,企业认证,非权益,20.3,五线城市,KA,100-499人,运营
USR_000550,USR_000550,,USR_000550,,,2026-01-24,2026-01-24,2026-01-24,简历搜索,非权益,20.2,五线城市,KA,100-499人,运营
USR_000550,USR_000550,,,,,2026-02-11,2026-02-11,2026-02-11,置顶刷新,权益,34.1,五线城市,KA,100-499人,运营
USR_000550,USR_000550,,,,,2026-01-06,2026-01-06,2026-01-06,权益礼包,权益,40.3,五线城市,KA,100-499人,运营
USR_000550,,,USR_000550,,,2026-02-07,2026-02-07,2026-02-07,简历搜索,非权益,12.5,五线城市,KA,100-499人,运营
USR_000550,USR_000550,,,USR_000550,,2026-02-27,2026-02-27,2026-02-27,在线沟通,非权益,21.9,五线城市,KA,100-499人,运营
USR_000550,USR_000550,,,,,2026-02-06,2026-02-06,2026-02-06,置顶刷新,权益,9.9,五线城市,KA,100-499人,运营
USR_000550,USR_000550,,,USR_000550,,2026-01-28,2026-01-28,2026-01-28,在线沟通,非权益,16.0,五线城市,KA,100-499人,运营
USR_000550,USR_000550,,,USR_000550,,2026-02-28,2026-02-28,2026-02-28,在线沟通,非权益,9.9,五线城市,KA,100-499人,运营
USR_000550,,,USR_000550,,,2026-01-10,2026-01-10,2026-01-10,简历搜索,非权益,9.8,五线城市,KA,100-499人,运营
USR_000551,USR_000551,,,,,2026-02-23,2026-02-23,2026-02-23,企业认证,非权益,8.1,二线城市,SME,5000-10000人,客服
USR_000551,USR_000551,,,,,2026-01-03,2026-01-03,2026-01-03,置顶刷新,权益,13.1,二线城市,SME,5000-10000人,客服
USR_000551,,,,,,2026-02-15,2026-02-15,2026-02-15,权益礼包,权益,62.7,二线城市,SME,5000-10000人,客服
USR_000551,,,,USR_000551,,2026-01-10,2026-01-10,2026-01-10,在线沟通,非权益,117.0,二线城市,SME,5000-10000人,客服
USR_000551,USR_000551,,,,,2026-02-10,2026-02-10,2026-02-10,企业认证,非权益,15.0,二线城市,SME,5000-10000人,客服
USR_000551,,,,,USR_000551,2026-01-16,2026-01-16,2026-01-16,简历查看,非权益,20.6,二线城市,SME,5000-10000人,客服
USR_000551,USR_000551,,,,,2026-02-27,2026-02-27,2026-02-27,权益礼包,权益,9.5,二线城市,SME,5000-10000人,客服
USR_000551,USR_000551,,,,,2026-01-23,2026-01-23,2026-01-23,企业认证,非权益,17.7,二线城市,SME,5000-10000人,客服
USR_000551,USR_000551,,,,,2026-01-12,2026-01-12,2026-01-12,置顶刷新,权益,57.7,二线城市,SME,5000-10000人,客服
USR_000551,USR_000551,,,,,2026-02-24,2026-02-24,2026-02-24,权益礼包,权益,25.8,二线城市,SME,5000-10000人,客服
USR_000551,USR_000551,,,,,2026-01-31,2026-01-31,2026-01-31,置顶刷新,权益,29.7,二线城市,SME,5000-10000人,客服
USR_000551,,,,,,2026-02-08,2026-02-08,2026-02-08,企业认证,非权益,5.6,二线城市,SME,5000-10000人,客服
USR_000551,,,,,,2026-02-07,2026-02-07,2026-02-07,权益礼包,权益,24.9,二线城市,SME,5000-10000人,客服
USR_000551,,,,,USR_000551,2026-01-03,2026-01-03,2026-01-03,简历查看,非权益,15.2,二线城市,SME,5000-10000人,客服
USR_000551,USR_000551,,,,,2026-01-26,2026-01-26,2026-01-26,置顶刷新,权益,28.5,二线城市,SME,5000-10000人,客服
USR_000551,USR_000551,,,,,2026-01-29,2026-01-29,2026-01-29,急聘推广,权益,9.6,二线城市,SME,5000-10000人,客服
USR_000551,USR_000551,,,USR_000551,,2026-02-04,2026-02-04,2026-02-04,在线沟通,非权益,14.3,二线城市,SME,5000-10000人,客服
USR_000552,USR_000552,,,,,2026-02-21,2026-02-21,2026-02-21,企业认证,非权益,28.9,五线城市,SME,100-499人,运营
USR_000552,USR_000552,,,,,2026-01-01,2026-01-01,2026-01-01,权益礼包,权益,21.1,五线城市,SME,100-499人,运营
USR_000552,USR_000552,,USR_000552,,,2026-01-18,2026-01-18,2026-01-18,简历搜索,非权益,14.2,五线城市,SME,100-499人,运营
USR_000552,USR_000552,,,,,2026-02-11,2026-02-11,2026-02-11,企业认证,非权益,18.3,五线城市,SME,100-499人,运营
USR_000552,USR_000552,,,,,2026-01-29,2026-01-29,2026-01-29,企业认证,非权益,20.5,五线城市,SME,100-499人,运营
USR_000552,USR_000552,USR_000552,,,,2026-01-11,2026-01-11,2026-01-11,职位发布,非权益,34.9,五线城市,SME,100-499人,运营
USR_000552,USR_000552,USR_000552,,,,2026-01-24,2026-01-24,2026-01-24,职位发布,非权益,20.1,五线城市,SME,100-499人,运营
USR_000552,USR_000552,,,USR_000552,,2026-03-01,2026-03-01,2026-03-01,在线沟通,非权益,21.7,五线城市,SME,100-499人,运营
USR_000552,USR_000552,USR_000552,,,,2026-01-08,2026-01-08,2026-01-08,职位发布,非权益,15.9,五线城市,SME,100-499人,运营
USR_000552,USR_000552,,,,,2026-02-01,2026-02-01,2026-02-01,企业认证,非权益,13.8,五线城市,SME,100-499人,运营
USR_000552,USR_000552,,,,USR_000552,2026-01-27,2026-01-27,2026-01-27,简历查看,非权益,8.9,五线城市,SME,100-499人,运营
USR_000552,USR_000552,,,,,2026-01-23,2026-01-23,2026-01-23,置顶刷新,权益,22.4,五线城市,SME,100-499人,运营
USR_000552,USR_000552,,,,,2026-02-08,2026-02-08,2026-02-08,权益礼包,权益,5.4,五线城市,SME,100-499人,运营
USR_000552,USR_000552,,,,,2026-01-12,2026-01-12,2026-01-12,企业认证,非权益,26.0,五线城市,SME,100-499人,运营
USR_000553,USR_000553,,,,,2026-01-10,2026-01-10,2026-01-10,企业认证,非权益,38.1,三线城市,SME,1000-2000人,运营
USR_000553,,USR_000553,,,,2026-01-02,2026-01-02,2026-01-02,职位发布,非权益,46.5,三线城市,SME,1000-2000人,运营
USR_000553,,USR_000553,,,,2026-01-04,2026-01-04,2026-01-04,职位发布,非权益,30.2,三线城市,SME,1000-2000人,运营
USR_000553,USR_000553,,,,,2026-02-16,2026-02-16,2026-02-16,急聘推广,权益,25.2,三线城市,SME,1000-2000人,运营
USR_000553,USR_000553,,,USR_000553,,2026-02-10,2026-02-10,2026-02-10,在线沟通,非权益,9.0,三线城市,SME,1000-2000人,运营
USR_000553,,,,,USR_000553,2026-01-15,2026-01-15,2026-01-15,简历查看,非权益,6.6,三线城市,SME,1000-2000人,运营
USR_000553,USR_000553,,,,,2026-01-27,2026-01-27,2026-01-27,急聘推广,权益,5.1,三线城市,SME,1000-2000人,运营
USR_000553,USR_000553,,,,,2026-01-11,2026-01-11,2026-01-11,置顶刷新,权益,65.6,三线城市,SME,1000-2000人,运营
USR_000554,USR_000554,USR_000554,,,,2026-02-13,2026-02-13,2026-02-13,职位发布,非权益,17.4,五线城市,KA,2000-5000人,财务
USR_000554,USR_000554,,,,,2026-01-13,2026-01-13,2026-01-13,急聘推广,权益,9.9,五线城市,KA,2000-5000人,财务
USR_000554,USR_000554,,,,,2026-01-31,2026-01-31,2026-01-31,企业认证,非权益,15.3,五线城市,KA,2000-5000人,财务
USR_000554,,,,,,2026-01-26,2026-01-26,2026-01-26,置顶刷新,权益,30.8,五线城市,KA,2000-5000人,财务
USR_000554,USR_000554,,,,,2026-02-28,2026-02-28,2026-02-28,权益礼包,权益,6.2,五线城市,KA,2000-5000人,财务
USR_000554,,,,,,2026-02-18,2026-02-18,2026-02-18,权益礼包,权益,6.5,五线城市,KA,2000-5000人,财务
USR_000554,,,USR_000554,,,2026-02-06,2026-02-06,2026-02-06,简历搜索,非权益,16.8,五线城市,KA,2000-5000人,财务
USR_000554,USR_000554,,,,,2026-02-07,2026-02-07,2026-02-07,置顶刷新,权益,6.3,五线城市,KA,2000-5000人,财务
USR_000554,USR_000554,,,,,2026-02-02,2026-02-02,2026-02-02,企业认证,非权益,28.3,五线城市,KA,2000-5000人,财务
USR_000554,USR_000554,,,,,2026-02-22,2026-02-22,2026-02-22,企业认证,非权益,24.2,五线城市,KA,2000-5000人,财务
USR_000554,USR_000554,,,,,2026-01-31,2026-01-31,2026-01-31,急聘推广,权益,5.1,五线城市,KA,2000-5000人,财务
USR_000554,,,,,,2026-02-18,2026-02-18,2026-02-18,置顶刷新,权益,63.1,五线城市,KA,2000-5000人,财务
USR_000554,USR_000554,,,,,2026-01-18,2026-01-18,2026-01-18,企业认证,非权益,15.6,五线城市,KA,2000-5000人,财务
USR_000554,USR_000554,,,,,2026-02-16,2026-02-16,2026-02-16,权益礼包,权益,28.8,五线城市,KA,2000-5000人,财务
USR_000554,USR_000554,USR_000554,,,,2026-01-25,2026-01-25,2026-01-25,职位发布,非权益,15.4,五线城市,KA,2000-5000人,财务
USR_000554,,,USR_000554,,,2026-02-06,2026-02-06,2026-02-06,简历搜索,非权益,15.0,五线城市,KA,2000-5000人,财务
USR_000554,,,,,,2026-01-25,2026-01-25,2026-01-25,置顶刷新,权益,15.5,五线城市,KA,2000-5000人,财务
USR_000554,USR_000554,,,,USR_000554,2026-01-16,2026-01-16,2026-01-16,简历查看,非权益,37.9,五线城市,KA,2000-5000人,财务
USR_000554,USR_000554,,USR_000554,,,2026-02-09,2026-02-09,2026-02-09,简历搜索,非权益,43.3,五线城市,KA,2000-5000人,财务
USR_000554,,,,,,2026-01-15,2026-01-15,2026-01-15,权益礼包,权益,6.2,五线城市,KA,2000-5000人,财务
USR_000554,USR_000554,,,,USR_000554,2026-02-19,2026-02-19,2026-02-19,简历查看,非权益,9.3,五线城市,KA,2000-5000人,财务
USR_000554,,,,,,2026-01-13,2026-01-13,2026-01-13,权益礼包,权益,16.3,五线城市,KA,2000-5000人,财务
USR_000554,USR_000554,,,,,2026-02-15,2026-02-15,2026-02-15,急聘推广,权益,15.4,五线城市,KA,2000-5000人,财务
USR_000554,USR_000554,,,,,2026-03-01,2026-03-01,2026-03-01,企业认证,非权益,21.9,五线城市,KA,2000-5000人,财务
USR_000555,,,,,USR_000555,2026-01-22,2026-01-22,2026-01-22,简历查看,非权益,8.0,三线城市,KA,1000-2000人,财务
USR_000555,USR_000555,,,USR_000555,,2026-01-25,2026-01-25,2026-01-25,在线沟通,非权益,13.5,三线城市,KA,1000-2000人,财务
USR_000555,USR_000555,,,,,2026-02-22,2026-02-22,2026-02-22,置顶刷新,权益,25.8,三线城市,KA,1000-2000人,财务
USR_000555,USR_000555,,USR_000555,,,2026-02-13,2026-02-13,2026-02-13,简历搜索,非权益,50.1,三线城市,KA,1000-2000人,财务
USR_000555,USR_000555,,,,,2026-02-27,2026-02-27,2026-02-27,企业认证,非权益,22.1,三线城市,KA,1000-2000人,财务
USR_000555,USR_000555,,,,,2026-01-21,2026-01-21,2026-01-21,企业认证,非权益,6.4,三线城市,KA,1000-2000人,财务
USR_000555,,,,USR_000555,,2026-02-17,2026-02-17,2026-02-17,在线沟通,非权益,5.3,三线城市,KA,1000-2000人,财务
USR_000555,,,,,,2026-02-01,2026-02-01,2026-02-01,置顶刷新,权益,9.4,三线城市,KA,1000-2000人,财务
USR_000555,,USR_000555,,,,2026-02-19,2026-02-19,2026-02-19,职位发布,非权益,10.3,三线城市,KA,1000-2000人,财务
USR_000555,USR_000555,,,,USR_000555,2026-01-30,2026-01-30,2026-01-30,简历查看,非权益,14.0,三线城市,KA,1000-2000人,财务
USR_000555,USR_000555,,USR_000555,,,2026-01-16,2026-01-16,2026-01-16,简历搜索,非权益,14.4,三线城市,KA,1000-2000人,财务
USR_000555,,,,,USR_000555,2026-02-01,2026-02-01,2026-02-01,简历查看,非权益,7.2,三线城市,KA,1000-2000人,财务
USR_000555,,,,,USR_000555,2026-03-01,2026-03-01,2026-03-01,简历查看,非权益,61.8,三线城市,KA,1000-2000人,财务
USR_000555,,USR_000555,,,,2026-02-22,2026-02-22,2026-02-22,职位发布,非权益,5.5,三线城市,KA,1000-2000人,财务
USR_000555,USR_000555,,,,,2026-01-03,2026-01-03,2026-01-03,企业认证,非权益,61.4,三线城市,KA,1000-2000人,财务
USR_000556,USR_000556,,USR_000556,,,2026-02-19,2026-02-19,2026-02-19,简历搜索,非权益,109.9,三线城市,KA,50-99人,研发
USR_000556,USR_000556,,USR_000556,,,2026-02-28,2026-02-28,2026-02-28,简历搜索,非权益,26.1,三线城市,KA,50-99人,研发
USR_000556,,,,USR_000556,,2026-01-10,2026-01-10,2026-01-10,在线沟通,非权益,34.2,三线城市,KA,50-99人,研发
USR_000557,USR_000557,,,USR_000557,,2026-02-22,2026-02-22,2026-02-22,在线沟通,非权益,9.2,三线城市,SME,100-499人,客服
USR_000557,,USR_000557,,,,2026-02-22,2026-02-22,2026-02-22,职位发布,非权益,13.6,三线城市,SME,100-499人,客服
USR_000557,,,,,,2026-01-11,2026-01-11,2026-01-11,置顶刷新,权益,5.6,三线城市,SME,100-499人,客服
USR_000557,,,,,,2026-01-07,2026-01-07,2026-01-07,急聘推广,权益,14.5,三线城市,SME,100-499人,客服
USR_000557,USR_000557,,,,,2026-01-10,2026-01-10,2026-01-10,置顶刷新,权益,27.8,三线城市,SME,100-499人,客服
USR_000557,USR_000557,,,,USR_000557,2026-01-17,2026-01-17,2026-01-17,简历查看,非权益,6.5,三线城市,SME,100-499人,客服
USR_000557,USR_000557,,,,,2026-01-26,2026-01-26,2026-01-26,企业认证,非权益,32.6,三线城市,SME,100-499人,客服
USR_000557,USR_000557,USR_000557,,,,2026-02-04,2026-02-04,2026-02-04,职位发布,非权益,46.7,三线城市,SME,100-499人,客服
USR_000557,USR_000557,,USR_000557,,,2026-01-25,2026-01-25,2026-01-25,简历搜索,非权益,22.6,三线城市,SME,100-499人,客服
USR_000557,USR_000557,,,,,2026-01-29,2026-01-29,2026-01-29,急聘推广,权益,79.6,三线城市,SME,100-499人,客服
USR_000557,USR_000557,,,,,2026-01-17,2026-01-17,2026-01-17,置顶刷新,权益,45.4,三线城市,SME,100-499人,客服
USR_000557,USR_000557,,,,,2026-01-13,2026-01-13,2026-01-13,企业认证,非权益,15.1,三线城市,SME,100-499人,客服
USR_000557,USR_000557,,,,,2026-02-23,2026-02-23,2026-02-23,置顶刷新,权益,44.9,三线城市,SME,100-499人,客服
USR_000557,USR_000557,,,,,2026-01-04,2026-01-04,2026-01-04,企业认证,非权益,7.5,三线城市,SME,100-499人,客服
USR_000557,,,,USR_000557,,2026-01-01,2026-01-01,2026-01-01,在线沟通,非权益,22.3,三线城市,SME,100-499人,客服
USR_000557,,,,,USR_000557,2026-01-11,2026-01-11,2026-01-11,简历查看,非权益,19.8,三线城市,SME,100-499人,客服
USR_000558,,,,USR_000558,,2026-01-01,2026-01-01,2026-01-01,在线沟通,非权益,34.7,四线城市,KA,2000-5000人,财务
USR_000558,USR_000558,,USR_000558,,,2026-01-12,2026-01-12,2026-01-12,简历搜索,非权益,23.2,四线城市,KA,2000-5000人,财务
USR_000558,USR_000558,,,USR_000558,,2026-01-10,2026-01-10,2026-01-10,在线沟通,非权益,16.2,四线城市,KA,2000-5000人,财务
USR_000558,USR_000558,,,,USR_000558,2026-02-20,2026-02-20,2026-02-20,简历查看,非权益,9.5,四线城市,KA,2000-5000人,财务
USR_000558,USR_000558,,,,,2026-02-23,2026-02-23,2026-02-23,企业认证,非权益,58.8,四线城市,KA,2000-5000人,财务
USR_000558,USR_000558,,USR_000558,,,2026-02-26,2026-02-26,2026-02-26,简历搜索,非权益,23.3,四线城市,KA,2000-5000人,财务
USR_000558,USR_000558,,USR_000558,,,2026-02-12,2026-02-12,2026-02-12,简历搜索,非权益,8.1,四线城市,KA,2000-5000人,财务
USR_000558,USR_000558,,,USR_000558,,2026-02-06,2026-02-06,2026-02-06,在线沟通,非权益,5.3,四线城市,KA,2000-5000人,财务
USR_000558,,,,,,2026-02-06,2026-02-06,2026-02-06,置顶刷新,权益,12.7,四线城市,KA,2000-5000人,财务
USR_000558,USR_000558,,,,,2026-02-15,2026-02-15,2026-02-15,急聘推广,权益,28.7,四线城市,KA,2000-5000人,财务
USR_000558,USR_000558,,,,USR_000558,2026-01-23,2026-01-23,2026-01-23,简历查看,非权益,20.2,四线城市,KA,2000-5000人,财务
USR_000558,,,,,,2026-02-19,2026-02-19,2026-02-19,置顶刷新,权益,22.2,四线城市,KA,2000-5000人,财务
USR_000558,,,,,,2026-02-26,2026-02-26,2026-02-26,权益礼包,权益,15.8,四线城市,KA,2000-5000人,财务
USR_000558,USR_000558,,,USR_000558,,2026-02-06,2026-02-06,2026-02-06,在线沟通,非权益,14.2,四线城市,KA,2000-5000人,财务
USR_000558,USR_000558,,,,,2026-01-25,2026-01-25,2026-01-25,权益礼包,权益,7.5,四线城市,KA,2000-5000人,财务
USR_000558,USR_000558,,USR_000558,,,2026-01-08,2026-01-08,2026-01-08,简历搜索,非权益,10.0,四线城市,KA,2000-5000人,财务
USR_000558,USR_000558,,,,,2026-01-21,2026-01-21,2026-01-21,急聘推广,权益,30.8,四线城市,KA,2000-5000人,财务
USR_000558,USR_000558,USR_000558,,,,2026-02-04,2026-02-04,2026-02-04,职位发布,非权益,6.9,四线城市,KA,2000-5000人,财务
USR_000558,USR_000558,,,,USR_000558,2026-01-01,2026-01-01,2026-01-01,简历查看,非权益,112.9,四线城市,KA,2000-5000人,财务
USR_000558,,,,,,2026-01-05,2026-01-05,2026-01-05,权益礼包,权益,5.4,四线城市,KA,2000-5000人,财务
USR_000558,USR_000558,,,,,2026-02-28,2026-02-28,2026-02-28,权益礼包,权益,45.6,四线城市,KA,2000-5000人,财务
USR_000558,,USR_000558,,,,2026-01-20,2026-01-20,2026-01-20,职位发布,非权益,21.9,四线城市,KA,2000-5000人,财务
USR_000558,USR_000558,,,USR_000558,,2026-02-13,2026-02-13,2026-02-13,在线沟通,非权益,13.8,四线城市,KA,2000-5000人,财务
USR_000558,USR_000558,,USR_000558,,,2026-01-14,2026-01-14,2026-01-14,简历搜索,非权益,53.6,四线城市,KA,2000-5000人,财务
USR_000559,USR_000559,,,USR_000559,,2026-01-25,2026-01-25,2026-01-25,在线沟通,非权益,33.8,新一线城市,SME,10000人以上,产品
USR_000559,USR_000559,,,,,2026-02-08,2026-02-08,2026-02-08,企业认证,非权益,37.7,新一线城市,SME,10000人以上,产品
USR_000559,USR_000559,,,USR_000559,,2026-01-31,2026-01-31,2026-01-31,在线沟通,非权益,35.3,新一线城市,SME,10000人以上,产品
USR_000559,USR_000559,,USR_000559,,,2026-02-18,2026-02-18,2026-02-18,简历搜索,非权益,11.0,新一线城市,SME,10000人以上,产品
USR_000560,USR_000560,USR_000560,,,,2026-01-02,2026-01-02,2026-01-02,职位发布,非权益,6.0,新一线城市,SME,50-99人,运营
USR_000560,,,,,USR_000560,2026-01-24,2026-01-24,2026-01-24,简历查看,非权益,7.9,新一线城市,SME,50-99人,运营
USR_000560,,,USR_000560,,,2026-01-28,2026-01-28,2026-01-28,简历搜索,非权益,16.5,新一线城市,SME,50-99人,运营
USR_000560,USR_000560,,USR_000560,,,2026-01-16,2026-01-16,2026-01-16,简历搜索,非权益,19.8,新一线城市,SME,50-99人,运营
USR_000560,USR_000560,,,,,2026-02-25,2026-02-25,2026-02-25,置顶刷新,权益,19.5,新一线城市,SME,50-99人,运营
USR_000560,,USR_000560,,,,2026-02-11,2026-02-11,2026-02-11,职位发布,非权益,10.2,新一线城市,SME,50-99人,运营
USR_000560,USR_000560,USR_000560,,,,2026-02-08,2026-02-08,2026-02-08,职位发布,非权益,21.8,新一线城市,SME,50-99人,运营
USR_000560,,,,USR_000560,,2026-02-07,2026-02-07,2026-02-07,在线沟通,非权益,53.1,新一线城市,SME,50-99人,运营
USR_000560,,,,,,2026-02-17,2026-02-17,2026-02-17,权益礼包,权益,11.5,新一线城市,SME,50-99人,运营
USR_000560,USR_000560,,,,,2026-02-24,2026-02-24,2026-02-24,置顶刷新,权益,8.2,新一线城市,SME,50-99人,运营
USR_000560,USR_000560,,,,,2026-01-25,2026-01-25,2026-01-25,急聘推广,权益,11.1,新一线城市,SME,50-99人,运营
USR_000560,USR_000560,,,,,2026-01-26,2026-01-26,2026-01-26,置顶刷新,权益,14.2,新一线城市,SME,50-99人,运营
USR_000560,USR_000560,,,,,2026-02-21,2026-02-21,2026-02-21,急聘推广,权益,13.9,新一线城市,SME,50-99人,运营
USR_000560,,,,,,2026-02-14,2026-02-14,2026-02-14,权益礼包,权益,11.9,新一线城市,SME,50-99人,运营
USR_000560,USR_000560,,,,USR_000560,2026-01-31,2026-01-31,2026-01-31,简历查看,非权益,15.9,新一线城市,SME,50-99人,运营
USR_000561,USR_000561,,,USR_000561,,2026-02-25,2026-02-25,2026-02-25,在线沟通,非权益,12.4,二线城市,SME,5000-10000人,产品
USR_000561,USR_000561,,USR_000561,,,2026-02-09,2026-02-09,2026-02-09,简历搜索,非权益,52.4,二线城市,SME,5000-10000人,产品
USR_000561,,,,USR_000561,,2026-01-26,2026-01-26,2026-01-26,在线沟通,非权益,14.3,二线城市,SME,5000-10000人,产品
USR_000561,USR_000561,,USR_000561,,,2026-01-12,2026-01-12,2026-01-12,简历搜索,非权益,17.6,二线城市,SME,5000-10000人,产品
USR_000561,,,,,,2026-02-13,2026-02-13,2026-02-13,权益礼包,权益,24.0,二线城市,SME,5000-10000人,产品
USR_000561,USR_000561,USR_000561,,,,2026-02-03,2026-02-03,2026-02-03,职位发布,非权益,49.5,二线城市,SME,5000-10000人,产品
USR_000561,USR_000561,,,,,2026-02-02,2026-02-02,2026-02-02,置顶刷新,权益,5.5,二线城市,SME,5000-10000人,产品
USR_000561,,,USR_000561,,,2026-01-30,2026-01-30,2026-01-30,简历搜索,非权益,19.1,二线城市,SME,5000-10000人,产品
USR_000561,,,,,,2026-02-25,2026-02-25,2026-02-25,权益礼包,权益,8.8,二线城市,SME,5000-10000人,产品
USR_000561,USR_000561,,,,USR_000561,2026-02-08,2026-02-08,2026-02-08,简历查看,非权益,8.2,二线城市,SME,5000-10000人,产品
USR_000561,USR_000561,,,,,2026-02-01,2026-02-01,2026-02-01,急聘推广,权益,34.5,二线城市,SME,5000-10000人,产品
USR_000561,,,,,,2026-01-19,2026-01-19,2026-01-19,企业认证,非权益,18.9,二线城市,SME,5000-10000人,产品
USR_000561,USR_000561,,,,,2026-01-28,2026-01-28,2026-01-28,企业认证,非权益,6.2,二线城市,SME,5000-10000人,产品
USR_000561,USR_000561,,,,,2026-02-11,2026-02-11,2026-02-11,企业认证,非权益,12.3,二线城市,SME,5000-10000人,产品
USR_000562,USR_000562,,,,,2026-01-31,2026-01-31,2026-01-31,急聘推广,权益,22.4,四线城市,SME,1000-2000人,产品
USR_000563,USR_000563,,,,,2026-01-13,2026-01-13,2026-01-13,急聘推广,权益,24.8,五线城市,SME,10000人以上,客服
USR_000563,,,,,,2026-01-21,2026-01-21,2026-01-21,权益礼包,权益,22.9,五线城市,SME,10000人以上,客服
USR_000563,USR_000563,,,,,2026-01-13,2026-01-13,2026-01-13,权益礼包,权益,18.6,五线城市,SME,10000人以上,客服
USR_000563,USR_000563,,,USR_000563,,2026-02-03,2026-02-03,2026-02-03,在线沟通,非权益,18.7,五线城市,SME,10000人以上,客服
USR_000563,USR_000563,,USR_000563,,,2026-01-06,2026-01-06,2026-01-06,简历搜索,非权益,25.0,五线城市,SME,10000人以上,客服
USR_000563,USR_000563,,USR_000563,,,2026-01-27,2026-01-27,2026-01-27,简历搜索,非权益,11.2,五线城市,SME,10000人以上,客服
USR_000563,USR_000563,,,,USR_000563,2026-01-13,2026-01-13,2026-01-13,简历查看,非权益,23.7,五线城市,SME,10000人以上,客服
USR_000563,USR_000563,,USR_000563,,,2026-02-20,2026-02-20,2026-02-20,简历搜索,非权益,24.4,五线城市,SME,10000人以上,客服
USR_000563,USR_000563,,,,USR_000563,2026-02-19,2026-02-19,2026-02-19,简历查看,非权益,8.0,五线城市,SME,10000人以上,客服
USR_000563,,,USR_000563,,,2026-01-01,2026-01-01,2026-01-01,简历搜索,非权益,44.7,五线城市,SME,10000人以上,客服
USR_000563,USR_000563,,USR_000563,,,2026-01-18,2026-01-18,2026-01-18,简历搜索,非权益,25.0,五线城市,SME,10000人以上,客服
USR_000563,USR_000563,,USR_000563,,,2026-01-02,2026-01-02,2026-01-02,简历搜索,非权益,8.9,五线城市,SME,10000人以上,客服
USR_000563,USR_000563,,,,,2026-01-04,2026-01-04,2026-01-04,急聘推广,权益,22.0,五线城市,SME,10000人以上,客服
USR_000563,USR_000563,,,,,2026-02-13,2026-02-13,2026-02-13,企业认证,非权益,15.6,五线城市,SME,10000人以上,客服
USR_000563,USR_000563,,,,USR_000563,2026-01-05,2026-01-05,2026-01-05,简历查看,非权益,33.3,五线城市,SME,10000人以上,客服
USR_000564,USR_000564,,,,USR_000564,2026-02-06,2026-02-06,2026-02-06,简历查看,非权益,58.4,四线城市,SME,50-99人,市场
USR_000564,USR_000564,,,,,2026-02-17,2026-02-17,2026-02-17,权益礼包,权益,20.5,四线城市,SME,50-99人,市场
USR_000564,USR_000564,,,,,2026-02-25,2026-02-25,2026-02-25,急聘推广,权益,33.9,四线城市,SME,50-99人,市场
USR_000564,USR_000564,,,USR_000564,,2026-01-27,2026-01-27,2026-01-27,在线沟通,非权益,74.1,四线城市,SME,50-99人,市场
USR_000564,USR_000564,,,,,2026-01-25,2026-01-25,2026-01-25,企业认证,非权益,21.1,四线城市,SME,50-99人,市场
USR_000564,,,,,,2026-01-29,2026-01-29,2026-01-29,急聘推广,权益,28.5,四线城市,SME,50-99人,市场
USR_000564,USR_000564,,,,,2026-01-27,2026-01-27,2026-01-27,急聘推广,权益,23.4,四线城市,SME,50-99人,市场
USR_000564,USR_000564,,,USR_000564,,2026-01-13,2026-01-13,2026-01-13,在线沟通,非权益,8.9,四线城市,SME,50-99人,市场
USR_000564,USR_000564,,,USR_000564,,2026-01-25,2026-01-25,2026-01-25,在线沟通,非权益,48.9,四线城市,SME,50-99人,市场
USR_000564,USR_000564,USR_000564,,,,2026-02-19,2026-02-19,2026-02-19,职位发布,非权益,36.7,四线城市,SME,50-99人,市场
USR_000564,,,,,,2026-01-24,2026-01-24,2026-01-24,权益礼包,权益,28.2,四线城市,SME,50-99人,市场
USR_000564,USR_000564,,,,,2026-02-05,2026-02-05,2026-02-05,权益礼包,权益,7.0,四线城市,SME,50-99人,市场
USR_000564,,,,,,2026-01-09,2026-01-09,2026-01-09,急聘推广,权益,15.8,四线城市,SME,50-99人,市场
USR_000564,USR_000564,,,,,2026-01-09,2026-01-09,2026-01-09,急聘推广,权益,11.8,四线城市,SME,50-99人,市场
USR_000564,USR_000564,,,,USR_000564,2026-01-18,2026-01-18,2026-01-18,简历查看,非权益,12.5,四线城市,SME,50-99人,市场
USR_000564,,,,,,2026-02-08,2026-02-08,2026-02-08,急聘推广,权益,43.3,四线城市,SME,50-99人,市场
USR_000564,USR_000564,,,,,2026-02-07,2026-02-07,2026-02-07,急聘推广,权益,9.4,四线城市,SME,50-99人,市场
USR_000564,USR_000564,,,,,2026-01-09,2026-01-09,2026-01-09,企业认证,非权益,17.3,四线城市,SME,50-99人,市场
USR_000564,,,,USR_000564,,2026-01-08,2026-01-08,2026-01-08,在线沟通,非权益,7.0,四线城市,SME,50-99人,市场
USR_000564,USR_000564,,,,,2026-02-12,2026-02-12,2026-02-12,置顶刷新,权益,14.8,四线城市,SME,50-99人,市场
USR_000564,,USR_000564,,,,2026-01-26,2026-01-26,2026-01-26,职位发布,非权益,7.6,四线城市,SME,50-99人,市场
USR_000565,USR_000565,,,USR_000565,,2026-01-03,2026-01-03,2026-01-03,在线沟通,非权益,31.4,一线城市,SME,10000人以上,行政
USR_000565,USR_000565,,,,,2026-01-11,2026-01-11,2026-01-11,企业认证,非权益,6.0,一线城市,SME,10000人以上,行政
USR_000565,USR_000565,,,USR_000565,,2026-01-19,2026-01-19,2026-01-19,在线沟通,非权益,6.0,一线城市,SME,10000人以上,行政
USR_000566,USR_000566,,,,,2026-02-09,2026-02-09,2026-02-09,置顶刷新,权益,8.8,一线城市,SME,50-99人,研发
USR_000566,,USR_000566,,,,2026-02-19,2026-02-19,2026-02-19,职位发布,非权益,9.3,一线城市,SME,50-99人,研发
USR_000566,USR_000566,,,USR_000566,,2026-02-13,2026-02-13,2026-02-13,在线沟通,非权益,8.1,一线城市,SME,50-99人,研发
USR_000566,USR_000566,,,USR_000566,,2026-01-30,2026-01-30,2026-01-30,在线沟通,非权益,6.8,一线城市,SME,50-99人,研发
USR_000566,USR_000566,,,USR_000566,,2026-02-24,2026-02-24,2026-02-24,在线沟通,非权益,5.9,一线城市,SME,50-99人,研发
USR_000566,USR_000566,,,USR_000566,,2026-01-16,2026-01-16,2026-01-16,在线沟通,非权益,5.6,一线城市,SME,50-99人,研发
USR_000566,USR_000566,,,,USR_000566,2026-01-01,2026-01-01,2026-01-01,简历查看,非权益,8.6,一线城市,SME,50-99人,研发
USR_000566,USR_000566,,,,,2026-02-03,2026-02-03,2026-02-03,权益礼包,权益,7.9,一线城市,SME,50-99人,研发
USR_000566,USR_000566,,,,,2026-02-09,2026-02-09,2026-02-09,急聘推广,权益,33.8,一线城市,SME,50-99人,研发
USR_000566,USR_000566,,,,USR_000566,2026-03-01,2026-03-01,2026-03-01,简历查看,非权益,14.3,一线城市,SME,50-99人,研发
USR_000567,USR_000567,,,,,2026-03-01,2026-03-01,2026-03-01,企业认证,非权益,25.2,一线城市,KA,500-999人,运营
USR_000567,USR_000567,,,,,2026-01-22,2026-01-22,2026-01-22,权益礼包,权益,12.5,一线城市,KA,500-999人,运营
USR_000567,USR_000567,,,,,2026-01-10,2026-01-10,2026-01-10,急聘推广,权益,26.7,一线城市,KA,500-999人,运营
USR_000567,USR_000567,,USR_000567,,,2026-02-09,2026-02-09,2026-02-09,简历搜索,非权益,23.5,一线城市,KA,500-999人,运营
USR_000567,USR_000567,,,,,2026-01-18,2026-01-18,2026-01-18,权益礼包,权益,42.5,一线城市,KA,500-999人,运营
USR_000567,USR_000567,,,USR_000567,,2026-02-15,2026-02-15,2026-02-15,在线沟通,非权益,47.2,一线城市,KA,500-999人,运营
USR_000567,,,USR_000567,,,2026-02-23,2026-02-23,2026-02-23,简历搜索,非权益,35.3,一线城市,KA,500-999人,运营
USR_000567,USR_000567,,,USR_000567,,2026-02-23,2026-02-23,2026-02-23,在线沟通,非权益,49.5,一线城市,KA,500-999人,运营
USR_000567,USR_000567,,,USR_000567,,2026-01-15,2026-01-15,2026-01-15,在线沟通,非权益,13.1,一线城市,KA,500-999人,运营
USR_000567,,,,,,2026-01-15,2026-01-15,2026-01-15,急聘推广,权益,9.5,一线城市,KA,500-999人,运营
USR_000567,USR_000567,,USR_000567,,,2026-01-22,2026-01-22,2026-01-22,简历搜索,非权益,68.5,一线城市,KA,500-999人,运营
USR_000567,USR_000567,,USR_000567,,,2026-01-23,2026-01-23,2026-01-23,简历搜索,非权益,5.6,一线城市,KA,500-999人,运营
USR_000567,USR_000567,,USR_000567,,,2026-02-01,2026-02-01,2026-02-01,简历搜索,非权益,31.3,一线城市,KA,500-999人,运营
USR_000568,USR_000568,,,,USR_000568,2026-01-29,2026-01-29,2026-01-29,简历查看,非权益,45.2,一线城市,SME,5000-10000人,行政
USR_000568,,,,,,2026-02-24,2026-02-24,2026-02-24,置顶刷新,权益,61.4,一线城市,SME,5000-10000人,行政
USR_000568,USR_000568,,,,,2026-01-28,2026-01-28,2026-01-28,企业认证,非权益,34.3,一线城市,SME,5000-10000人,行政
USR_000568,USR_000568,,,,,2026-02-13,2026-02-13,2026-02-13,企业认证,非权益,24.0,一线城市,SME,5000-10000人,行政
USR_000568,USR_000568,,,,USR_000568,2026-01-02,2026-01-02,2026-01-02,简历查看,非权益,17.1,一线城市,SME,5000-10000人,行政
USR_000568,USR_000568,USR_000568,,,,2026-01-03,2026-01-03,2026-01-03,职位发布,非权益,61.5,一线城市,SME,5000-10000人,行政
USR_000568,,,,,,2026-02-01,2026-02-01,2026-02-01,置顶刷新,权益,34.5,一线城市,SME,5000-10000人,行政
USR_000568,,,,USR_000568,,2026-01-30,2026-01-30,2026-01-30,在线沟通,非权益,51.1,一线城市,SME,5000-10000人,行政
USR_000568,USR_000568,,,,,2026-01-30,2026-01-30,2026-01-30,置顶刷新,权益,9.3,一线城市,SME,5000-10000人,行政
USR_000568,USR_000568,,,,,2026-02-07,2026-02-07,2026-02-07,企业认证,非权益,65.6,一线城市,SME,5000-10000人,行政
USR_000568,,,,USR_000568,,2026-01-07,2026-01-07,2026-01-07,在线沟通,非权益,16.3,一线城市,SME,5000-10000人,行政
USR_000568,USR_000568,,,,,2026-02-11,2026-02-11,2026-02-11,急聘推广,权益,10.2,一线城市,SME,5000-10000人,行政
USR_000568,USR_000568,,,,USR_000568,2026-02-08,2026-02-08,2026-02-08,简历查看,非权益,8.4,一线城市,SME,5000-10000人,行政
USR_000568,USR_000568,,USR_000568,,,2026-01-07,2026-01-07,2026-01-07,简历搜索,非权益,35.6,一线城市,SME,5000-10000人,行政
USR_000568,USR_000568,,,,USR_000568,2026-01-29,2026-01-29,2026-01-29,简历查看,非权益,11.2,一线城市,SME,5000-10000人,行政
USR_000568,USR_000568,,USR_000568,,,2026-02-23,2026-02-23,2026-02-23,简历搜索,非权益,24.7,一线城市,SME,5000-10000人,行政
USR_000568,USR_000568,USR_000568,,,,2026-01-14,2026-01-14,2026-01-14,职位发布,非权益,5.2,一线城市,SME,5000-10000人,行政
USR_000569,USR_000569,,,USR_000569,,2026-02-13,2026-02-13,2026-02-13,在线沟通,非权益,8.8,新一线城市,SME,100-499人,产品
USR_000569,,,,,,2026-01-08,2026-01-08,2026-01-08,权益礼包,权益,16.8,新一线城市,SME,100-499人,产品
USR_000569,,,USR_000569,,,2026-01-10,2026-01-10,2026-01-10,简历搜索,非权益,11.6,新一线城市,SME,100-499人,产品
USR_000569,,,USR_000569,,,2026-02-25,2026-02-25,2026-02-25,简历搜索,非权益,9.1,新一线城市,SME,100-499人,产品
USR_000569,,,,,,2026-02-06,2026-02-06,2026-02-06,置顶刷新,权益,78.6,新一线城市,SME,100-499人,产品
USR_000569,USR_000569,,,,,2026-01-16,2026-01-16,2026-01-16,急聘推广,权益,10.7,新一线城市,SME,100-499人,产品
USR_000569,USR_000569,,,,,2026-01-19,2026-01-19,2026-01-19,企业认证,非权益,22.4,新一线城市,SME,100-499人,产品
USR_000569,USR_000569,,,,,2026-01-23,2026-01-23,2026-01-23,企业认证,非权益,39.1,新一线城市,SME,100-499人,产品
USR_000569,USR_000569,,,,,2026-01-21,2026-01-21,2026-01-21,权益礼包,权益,17.6,新一线城市,SME,100-499人,产品
USR_000569,USR_000569,,,,,2026-01-15,2026-01-15,2026-01-15,权益礼包,权益,45.9,新一线城市,SME,100-499人,产品
USR_000569,,,,USR_000569,,2026-01-12,2026-01-12,2026-01-12,在线沟通,非权益,11.5,新一线城市,SME,100-499人,产品
USR_000569,USR_000569,,,,,2026-02-21,2026-02-21,2026-02-21,权益礼包,权益,27.5,新一线城市,SME,100-499人,产品
USR_000570,,,,,,2026-02-17,2026-02-17,2026-02-17,置顶刷新,权益,32.1,三线城市,SME,1000-2000人,产品
USR_000570,USR_000570,,,,USR_000570,2026-01-31,2026-01-31,2026-01-31,简历查看,非权益,24.0,三线城市,SME,1000-2000人,产品
USR_000570,USR_000570,,,USR_000570,,2026-02-22,2026-02-22,2026-02-22,在线沟通,非权益,12.2,三线城市,SME,1000-2000人,产品
USR_000570,USR_000570,,,,,2026-01-17,2026-01-17,2026-01-17,企业认证,非权益,12.5,三线城市,SME,1000-2000人,产品
USR_000570,USR_000570,,USR_000570,,,2026-02-28,2026-02-28,2026-02-28,简历搜索,非权益,18.2,三线城市,SME,1000-2000人,产品
USR_000570,USR_000570,,,,,2026-01-25,2026-01-25,2026-01-25,急聘推广,权益,10.8,三线城市,SME,1000-2000人,产品
USR_000570,USR_000570,,USR_000570,,,2026-02-13,2026-02-13,2026-02-13,简历搜索,非权益,23.4,三线城市,SME,1000-2000人,产品
USR_000570,USR_000570,,,USR_000570,,2026-01-18,2026-01-18,2026-01-18,在线沟通,非权益,5.6,三线城市,SME,1000-2000人,产品
USR_000570,USR_000570,,,,,2026-02-11,2026-02-11,2026-02-11,置顶刷新,权益,6.1,三线城市,SME,1000-2000人,产品
USR_000570,USR_000570,,,,,2026-02-18,2026-02-18,2026-02-18,企业认证,非权益,49.1,三线城市,SME,1000-2000人,产品
USR_000570,USR_000570,,,,USR_000570,2026-02-01,2026-02-01,2026-02-01,简历查看,非权益,16.9,三线城市,SME,1000-2000人,产品
USR_000571,,,,,,2026-02-14,2026-02-14,2026-02-14,权益礼包,权益,13.7,新一线城市,SME,2000-5000人,运营
USR_000571,USR_000571,,,USR_000571,,2026-01-17,2026-01-17,2026-01-17,在线沟通,非权益,17.4,新一线城市,SME,2000-5000人,运营
USR_000571,USR_000571,,,,,2026-01-14,2026-01-14,2026-01-14,权益礼包,权益,37.6,新一线城市,SME,2000-5000人,运营
USR_000572,,,,,,2026-01-18,2026-01-18,2026-01-18,置顶刷新,权益,12.6,一线城市,KA,1000-2000人,客服
USR_000572,,USR_000572,,,,2026-02-07,2026-02-07,2026-02-07,职位发布,非权益,8.7,一线城市,KA,1000-2000人,客服
USR_000572,,USR_000572,,,,2026-02-17,2026-02-17,2026-02-17,职位发布,非权益,7.7,一线城市,KA,1000-2000人,客服
USR_000572,USR_000572,USR_000572,,,,2026-01-22,2026-01-22,2026-01-22,职位发布,非权益,19.9,一线城市,KA,1000-2000人,客服
USR_000572,,,USR_000572,,,2026-02-26,2026-02-26,2026-02-26,简历搜索,非权益,14.9,一线城市,KA,1000-2000人,客服
USR_000572,USR_000572,,,,,2026-01-30,2026-01-30,2026-01-30,置顶刷新,权益,20.8,一线城市,KA,1000-2000人,客服
USR_000572,USR_000572,,,,USR_000572,2026-02-27,2026-02-27,2026-02-27,简历查看,非权益,58.6,一线城市,KA,1000-2000人,客服
USR_000572,USR_000572,USR_000572,,,,2026-01-13,2026-01-13,2026-01-13,职位发布,非权益,17.5,一线城市,KA,1000-2000人,客服
USR_000572,USR_000572,,,,,2026-01-26,2026-01-26,2026-01-26,急聘推广,权益,40.9,一线城市,KA,1000-2000人,客服
USR_000572,USR_000572,,,,,2026-01-22,2026-01-22,2026-01-22,企业认证,非权益,17.9,一线城市,KA,1000-2000人,客服
USR_000572,,,,USR_000572,,2026-01-26,2026-01-26,2026-01-26,在线沟通,非权益,16.5,一线城市,KA,1000-2000人,客服
USR_000572,USR_000572,,USR_000572,,,2026-01-14,2026-01-14,2026-01-14,简历搜索,非权益,78.2,一线城市,KA,1000-2000人,客服
USR_000572,USR_000572,,,,,2026-02-19,2026-02-19,2026-02-19,置顶刷新,权益,15.6,一线城市,KA,1000-2000人,客服
USR_000572,USR_000572,,,,,2026-01-25,2026-01-25,2026-01-25,置顶刷新,权益,61.6,一线城市,KA,1000-2000人,客服
USR_000572,USR_000572,USR_000572,,,,2026-01-07,2026-01-07,2026-01-07,职位发布,非权益,19.1,一线城市,KA,1000-2000人,客服
USR_000572,USR_000572,,,,,2026-01-16,2026-01-16,2026-01-16,权益礼包,权益,6.4,一线城市,KA,1000-2000人,客服
USR_000573,USR_000573,,USR_000573,,,2026-02-10,2026-02-10,2026-02-10,简历搜索,非权益,23.8,四线城市,KA,5000-10000人,销售
USR_000573,USR_000573,,,,,2026-01-02,2026-01-02,2026-01-02,权益礼包,权益,32.5,四线城市,KA,5000-10000人,销售
USR_000573,,,,USR_000573,,2026-02-15,2026-02-15,2026-02-15,在线沟通,非权益,30.1,四线城市,KA,5000-10000人,销售
USR_000573,USR_000573,USR_000573,,,,2026-02-21,2026-02-21,2026-02-21,职位发布,非权益,28.6,四线城市,KA,5000-10000人,销售
USR_000573,USR_000573,,USR_000573,,,2026-02-25,2026-02-25,2026-02-25,简历搜索,非权益,33.6,四线城市,KA,5000-10000人,销售
USR_000573,USR_000573,,,,,2026-01-13,2026-01-13,2026-01-13,置顶刷新,权益,19.7,四线城市,KA,5000-10000人,销售
USR_000573,USR_000573,,,,,2026-01-16,2026-01-16,2026-01-16,权益礼包,权益,5.3,四线城市,KA,5000-10000人,销售
USR_000573,,,,,,2026-01-08,2026-01-08,2026-01-08,急聘推广,权益,19.1,四线城市,KA,5000-10000人,销售
USR_000573,USR_000573,,,,,2026-01-27,2026-01-27,2026-01-27,企业认证,非权益,11.2,四线城市,KA,5000-10000人,销售
USR_000573,USR_000573,,USR_000573,,,2026-02-06,2026-02-06,2026-02-06,简历搜索,非权益,53.4,四线城市,KA,5000-10000人,销售
USR_000573,USR_000573,,USR_000573,,,2026-02-15,2026-02-15,2026-02-15,简历搜索,非权益,39.3,四线城市,KA,5000-10000人,销售
USR_000573,USR_000573,,,,USR_000573,2026-02-08,2026-02-08,2026-02-08,简历查看,非权益,18.6,四线城市,KA,5000-10000人,销售
USR_000573,USR_000573,,USR_000573,,,2026-01-12,2026-01-12,2026-01-12,简历搜索,非权益,7.4,四线城市,KA,5000-10000人,销售
USR_000573,USR_000573,USR_000573,,,,2026-02-19,2026-02-19,2026-02-19,职位发布,非权益,18.0,四线城市,KA,5000-10000人,销售
USR_000573,,,,,,2026-01-19,2026-01-19,2026-01-19,置顶刷新,权益,24.2,四线城市,KA,5000-10000人,销售
USR_000573,USR_000573,USR_000573,,,,2026-02-22,2026-02-22,2026-02-22,职位发布,非权益,7.5,四线城市,KA,5000-10000人,销售
USR_000573,USR_000573,,,,,2026-02-13,2026-02-13,2026-02-13,置顶刷新,权益,21.9,四线城市,KA,5000-10000人,销售
USR_000573,,USR_000573,,,,2026-02-14,2026-02-14,2026-02-14,职位发布,非权益,23.5,四线城市,KA,5000-10000人,销售
USR_000573,USR_000573,,,,USR_000573,2026-02-13,2026-02-13,2026-02-13,简历查看,非权益,11.5,四线城市,KA,5000-10000人,销售
USR_000573,USR_000573,,,USR_000573,,2026-01-16,2026-01-16,2026-01-16,在线沟通,非权益,28.1,四线城市,KA,5000-10000人,销售
USR_000573,USR_000573,,USR_000573,,,2026-01-05,2026-01-05,2026-01-05,简历搜索,非权益,8.1,四线城市,KA,5000-10000人,销售
USR_000573,,USR_000573,,,,2026-01-23,2026-01-23,2026-01-23,职位发布,非权益,9.8,四线城市,KA,5000-10000人,销售
USR_000574,USR_000574,USR_000574,,,,2026-01-23,2026-01-23,2026-01-23,职位发布,非权益,25.9,四线城市,SME,2000-5000人,行政
USR_000574,,,,,,2026-01-21,2026-01-21,2026-01-21,权益礼包,权益,11.4,四线城市,SME,2000-5000人,行政
USR_000574,USR_000574,,,,,2026-01-02,2026-01-02,2026-01-02,企业认证,非权益,7.9,四线城市,SME,2000-5000人,行政
USR_000574,USR_000574,,,,,2026-01-03,2026-01-03,2026-01-03,置顶刷新,权益,28.7,四线城市,SME,2000-5000人,行政
USR_000574,USR_000574,,,,,2026-01-18,2026-01-18,2026-01-18,企业认证,非权益,40.9,四线城市,SME,2000-5000人,行政
USR_000574,USR_000574,,,,,2026-02-18,2026-02-18,2026-02-18,急聘推广,权益,23.5,四线城市,SME,2000-5000人,行政
USR_000574,USR_000574,USR_000574,,,,2026-01-05,2026-01-05,2026-01-05,职位发布,非权益,12.2,四线城市,SME,2000-5000人,行政
USR_000574,USR_000574,,,,,2026-01-01,2026-01-01,2026-01-01,急聘推广,权益,9.6,四线城市,SME,2000-5000人,行政
USR_000574,USR_000574,,,USR_000574,,2026-02-17,2026-02-17,2026-02-17,在线沟通,非权益,35.4,四线城市,SME,2000-5000人,行政
USR_000574,USR_000574,,,,USR_000574,2026-01-30,2026-01-30,2026-01-30,简历查看,非权益,10.7,四线城市,SME,2000-5000人,行政
USR_000574,USR_000574,,,,,2026-02-20,2026-02-20,2026-02-20,权益礼包,权益,7.8,四线城市,SME,2000-5000人,行政
USR_000574,,,,,,2026-01-10,2026-01-10,2026-01-10,急聘推广,权益,6.8,四线城市,SME,2000-5000人,行政
USR_000574,,,,,,2026-01-10,2026-01-10,2026-01-10,急聘推广,权益,20.7,四线城市,SME,2000-5000人,行政
USR_000574,USR_000574,,,,,2026-01-11,2026-01-11,2026-01-11,权益礼包,权益,12.8,四线城市,SME,2000-5000人,行政
USR_000574,USR_000574,,,,,2026-02-02,2026-02-02,2026-02-02,企业认证,非权益,20.8,四线城市,SME,2000-5000人,行政
USR_000574,USR_000574,,,USR_000574,,2026-01-10,2026-01-10,2026-01-10,在线沟通,非权益,19.7,四线城市,SME,2000-5000人,行政
USR_000575,USR_000575,,,,,2026-02-01,2026-02-01,2026-02-01,权益礼包,权益,14.4,一线城市,SME,2000-5000人,运营
USR_000575,,,,,,2026-01-25,2026-01-25,2026-01-25,企业认证,非权益,50.5,一线城市,SME,2000-5000人,运营
USR_000575,,,,,,2026-01-02,2026-01-02,2026-01-02,急聘推广,权益,5.6,一线城市,SME,2000-5000人,运营
USR_000575,USR_000575,,,,,2026-01-08,2026-01-08,2026-01-08,急聘推广,权益,26.4,一线城市,SME,2000-5000人,运营
USR_000575,,,,USR_000575,,2026-01-05,2026-01-05,2026-01-05,在线沟通,非权益,12.6,一线城市,SME,2000-5000人,运营
USR_000575,USR_000575,,,,,2026-01-13,2026-01-13,2026-01-13,企业认证,非权益,25.7,一线城市,SME,2000-5000人,运营
USR_000575,USR_000575,,,,,2026-01-08,2026-01-08,2026-01-08,企业认证,非权益,10.6,一线城市,SME,2000-5000人,运营
USR_000575,USR_000575,,USR_000575,,,2026-01-10,2026-01-10,2026-01-10,简历搜索,非权益,10.0,一线城市,SME,2000-5000人,运营
USR_000575,USR_000575,USR_000575,,,,2026-02-21,2026-02-21,2026-02-21,职位发布,非权益,5.0,一线城市,SME,2000-5000人,运营
USR_000575,,,,,,2026-02-01,2026-02-01,2026-02-01,企业认证,非权益,5.5,一线城市,SME,2000-5000人,运营
USR_000575,USR_000575,,,,USR_000575,2026-02-17,2026-02-17,2026-02-17,简历查看,非权益,49.2,一线城市,SME,2000-5000人,运营
USR_000575,USR_000575,,,,,2026-01-13,2026-01-13,2026-01-13,急聘推广,权益,19.5,一线城市,SME,2000-5000人,运营
USR_000575,USR_000575,,USR_000575,,,2026-01-24,2026-01-24,2026-01-24,简历搜索,非权益,35.4,一线城市,SME,2000-5000人,运营
USR_000575,USR_000575,,,,,2026-01-24,2026-01-24,2026-01-24,置顶刷新,权益,23.1,一线城市,SME,2000-5000人,运营
USR_000575,USR_000575,USR_000575,,,,2026-02-05,2026-02-05,2026-02-05,职位发布,非权益,20.5,一线城市,SME,2000-5000人,运营
USR_000575,USR_000575,,,USR_000575,,2026-02-07,2026-02-07,2026-02-07,在线沟通,非权益,11.2,一线城市,SME,2000-5000人,运营
USR_000575,,,,,,2026-02-27,2026-02-27,2026-02-27,急聘推广,权益,9.4,一线城市,SME,2000-5000人,运营
USR_000575,,,,,,2026-01-24,2026-01-24,2026-01-24,置顶刷新,权益,36.5,一线城市,SME,2000-5000人,运营
USR_000575,USR_000575,,,,USR_000575,2026-01-11,2026-01-11,2026-01-11,简历查看,非权益,6.1,一线城市,SME,2000-5000人,运营
USR_000575,,,,,,2026-02-20,2026-02-20,2026-02-20,急聘推广,权益,7.0,一线城市,SME,2000-5000人,运营
USR_000575,USR_000575,,,,,2026-01-05,2026-01-05,2026-01-05,置顶刷新,权益,27.4,一线城市,SME,2000-5000人,运营
USR_000575,USR_000575,,,,,2026-02-02,2026-02-02,2026-02-02,置顶刷新,权益,12.4,一线城市,SME,2000-5000人,运营
USR_000575,USR_000575,,,,,2026-02-12,2026-02-12,2026-02-12,企业认证,非权益,9.7,一线城市,SME,2000-5000人,运营
USR_000575,,,,,,2026-02-13,2026-02-13,2026-02-13,企业认证,非权益,21.1,一线城市,SME,2000-5000人,运营
USR_000576,USR_000576,,,,,2026-01-19,2026-01-19,2026-01-19,企业认证,非权益,14.2,二线城市,SME,500-999人,产品
USR_000576,USR_000576,,,USR_000576,,2026-01-06,2026-01-06,2026-01-06,在线沟通,非权益,7.3,二线城市,SME,500-999人,产品
USR_000576,,,,,,2026-01-08,2026-01-08,2026-01-08,急聘推广,权益,28.3,二线城市,SME,500-999人,产品
USR_000576,USR_000576,,USR_000576,,,2026-01-02,2026-01-02,2026-01-02,简历搜索,非权益,45.2,二线城市,SME,500-999人,产品
USR_000576,,,,,,2026-02-08,2026-02-08,2026-02-08,企业认证,非权益,10.3,二线城市,SME,500-999人,产品
USR_000576,USR_000576,,,,,2026-01-30,2026-01-30,2026-01-30,急聘推广,权益,22.5,二线城市,SME,500-999人,产品
USR_000576,USR_000576,,USR_000576,,,2026-02-12,2026-02-12,2026-02-12,简历搜索,非权益,6.3,二线城市,SME,500-999人,产品
USR_000576,USR_000576,,,USR_000576,,2026-01-23,2026-01-23,2026-01-23,在线沟通,非权益,22.3,二线城市,SME,500-999人,产品
USR_000576,,,,,,2026-01-06,2026-01-06,2026-01-06,企业认证,非权益,16.1,二线城市,SME,500-999人,产品
USR_000576,USR_000576,,,,USR_000576,2026-02-27,2026-02-27,2026-02-27,简历查看,非权益,42.2,二线城市,SME,500-999人,产品
USR_000576,USR_000576,,,,,2026-01-13,2026-01-13,2026-01-13,置顶刷新,权益,5.3,二线城市,SME,500-999人,产品
USR_000576,USR_000576,,,,,2026-02-08,2026-02-08,2026-02-08,企业认证,非权益,6.9,二线城市,SME,500-999人,产品
USR_000576,USR_000576,USR_000576,,,,2026-02-03,2026-02-03,2026-02-03,职位发布,非权益,25.7,二线城市,SME,500-999人,产品
USR_000576,USR_000576,USR_000576,,,,2026-01-22,2026-01-22,2026-01-22,职位发布,非权益,36.8,二线城市,SME,500-999人,产品
USR_000576,USR_000576,,USR_000576,,,2026-02-09,2026-02-09,2026-02-09,简历搜索,非权益,15.6,二线城市,SME,500-999人,产品
USR_000576,,,,,,2026-02-08,2026-02-08,2026-02-08,置顶刷新,权益,23.8,二线城市,SME,500-999人,产品
USR_000576,USR_000576,,,,,2026-02-11,2026-02-11,2026-02-11,权益礼包,权益,8.4,二线城市,SME,500-999人,产品
USR_000576,USR_000576,,,USR_000576,,2026-01-31,2026-01-31,2026-01-31,在线沟通,非权益,48.6,二线城市,SME,500-999人,产品
USR_000576,USR_000576,,,,,2026-03-01,2026-03-01,2026-03-01,置顶刷新,权益,15.4,二线城市,SME,500-999人,产品
USR_000576,,,,,,2026-02-14,2026-02-14,2026-02-14,置顶刷新,权益,36.2,二线城市,SME,500-999人,产品
USR_000576,USR_000576,,,,,2026-01-29,2026-01-29,2026-01-29,置顶刷新,权益,25.6,二线城市,SME,500-999人,产品
USR_000576,,,,,,2026-02-27,2026-02-27,2026-02-27,置顶刷新,权益,33.5,二线城市,SME,500-999人,产品
USR_000576,,,,,,2026-01-27,2026-01-27,2026-01-27,置顶刷新,权益,38.0,二线城市,SME,500-999人,产品
USR_000576,USR_000576,,,,,2026-02-12,2026-02-12,2026-02-12,置顶刷新,权益,32.1,二线城市,SME,500-999人,产品
USR_000577,USR_000577,,,,USR_000577,2026-02-11,2026-02-11,2026-02-11,简历查看,非权益,5.2,四线城市,KA,100-499人,市场
USR_000577,USR_000577,,,,USR_000577,2026-02-12,2026-02-12,2026-02-12,简历查看,非权益,13.7,四线城市,KA,100-499人,市场
USR_000577,USR_000577,,,,,2026-02-15,2026-02-15,2026-02-15,急聘推广,权益,6.4,四线城市,KA,100-499人,市场
USR_000577,,USR_000577,,,,2026-02-20,2026-02-20,2026-02-20,职位发布,非权益,29.5,四线城市,KA,100-499人,市场
USR_000577,USR_000577,,,,,2026-01-17,2026-01-17,2026-01-17,权益礼包,权益,17.6,四线城市,KA,100-499人,市场
USR_000577,,,,,,2026-01-17,2026-01-17,2026-01-17,企业认证,非权益,28.4,四线城市,KA,100-499人,市场
USR_000577,,,,,,2026-01-09,2026-01-09,2026-01-09,权益礼包,权益,50.5,四线城市,KA,100-499人,市场
USR_000577,USR_000577,,,,,2026-01-19,2026-01-19,2026-01-19,权益礼包,权益,49.5,四线城市,KA,100-499人,市场
USR_000577,USR_000577,,,,,2026-01-14,2026-01-14,2026-01-14,企业认证,非权益,12.1,四线城市,KA,100-499人,市场
USR_000577,,,,,,2026-01-11,2026-01-11,2026-01-11,权益礼包,权益,23.3,四线城市,KA,100-499人,市场
USR_000577,USR_000577,,USR_000577,,,2026-01-19,2026-01-19,2026-01-19,简历搜索,非权益,6.1,四线城市,KA,100-499人,市场
USR_000577,,,,,,2026-01-19,2026-01-19,2026-01-19,置顶刷新,权益,17.6,四线城市,KA,100-499人,市场
USR_000578,,,USR_000578,,,2026-02-01,2026-02-01,2026-02-01,简历搜索,非权益,18.0,三线城市,KA,50-99人,研发
USR_000578,USR_000578,USR_000578,,,,2026-02-01,2026-02-01,2026-02-01,职位发布,非权益,6.0,三线城市,KA,50-99人,研发
USR_000578,,,,USR_000578,,2026-01-18,2026-01-18,2026-01-18,在线沟通,非权益,18.5,三线城市,KA,50-99人,研发
USR_000578,,,,,,2026-02-11,2026-02-11,2026-02-11,权益礼包,权益,6.4,三线城市,KA,50-99人,研发
USR_000578,USR_000578,,,,USR_000578,2026-02-14,2026-02-14,2026-02-14,简历查看,非权益,15.5,三线城市,KA,50-99人,研发
USR_000579,,,,,USR_000579,2026-02-05,2026-02-05,2026-02-05,简历查看,非权益,11.1,五线城市,KA,500-999人,客服
USR_000579,,,,,,2026-01-27,2026-01-27,2026-01-27,急聘推广,权益,7.2,五线城市,KA,500-999人,客服
USR_000579,USR_000579,,,USR_000579,,2026-01-31,2026-01-31,2026-01-31,在线沟通,非权益,5.9,五线城市,KA,500-999人,客服
USR_000579,,,,,,2026-01-31,2026-01-31,2026-01-31,权益礼包,权益,15.8,五线城市,KA,500-999人,客服
USR_000579,USR_000579,,,,,2026-02-24,2026-02-24,2026-02-24,置顶刷新,权益,25.6,五线城市,KA,500-999人,客服
USR_000579,,,,,,2026-02-07,2026-02-07,2026-02-07,权益礼包,权益,10.2,五线城市,KA,500-999人,客服
USR_000579,USR_000579,,,,USR_000579,2026-02-17,2026-02-17,2026-02-17,简历查看,非权益,7.9,五线城市,KA,500-999人,客服
USR_000579,USR_000579,,,,USR_000579,2026-03-01,2026-03-01,2026-03-01,简历查看,非权益,30.4,五线城市,KA,500-999人,客服
USR_000579,,USR_000579,,,,2026-02-20,2026-02-20,2026-02-20,职位发布,非权益,6.1,五线城市,KA,500-999人,客服
USR_000579,USR_000579,,,,,2026-02-16,2026-02-16,2026-02-16,权益礼包,权益,32.9,五线城市,KA,500-999人,客服
USR_000580,USR_000580,,USR_000580,,,2026-01-28,2026-01-28,2026-01-28,简历搜索,非权益,122.0,四线城市,SME,500-999人,产品
USR_000580,USR_000580,USR_000580,,,,2026-01-29,2026-01-29,2026-01-29,职位发布,非权益,14.8,四线城市,SME,500-999人,产品
USR_000580,USR_000580,,,,,2026-01-10,2026-01-10,2026-01-10,急聘推广,权益,12.6,四线城市,SME,500-999人,产品
USR_000580,,,,,,2026-02-01,2026-02-01,2026-02-01,急聘推广,权益,5.2,四线城市,SME,500-999人,产品
USR_000580,USR_000580,,,USR_000580,,2026-03-01,2026-03-01,2026-03-01,在线沟通,非权益,11.9,四线城市,SME,500-999人,产品
USR_000580,,,,,,2026-01-19,2026-01-19,2026-01-19,置顶刷新,权益,59.1,四线城市,SME,500-999人,产品
USR_000580,USR_000580,,,,,2026-02-19,2026-02-19,2026-02-19,置顶刷新,权益,9.2,四线城市,SME,500-999人,产品
USR_000580,USR_000580,,,,,2026-01-25,2026-01-25,2026-01-25,企业认证,非权益,20.8,四线城市,SME,500-999人,产品
USR_000580,USR_000580,,,USR_000580,,2026-02-04,2026-02-04,2026-02-04,在线沟通,非权益,18.9,四线城市,SME,500-999人,产品
USR_000580,,USR_000580,,,,2026-02-19,2026-02-19,2026-02-19,职位发布,非权益,12.9,四线城市,SME,500-999人,产品
USR_000580,USR_000580,,,USR_000580,,2026-01-20,2026-01-20,2026-01-20,在线沟通,非权益,9.2,四线城市,SME,500-999人,产品
USR_000580,,,,,USR_000580,2026-01-24,2026-01-24,2026-01-24,简历查看,非权益,22.3,四线城市,SME,500-999人,产品
USR_000580,USR_000580,USR_000580,,,,2026-01-16,2026-01-16,2026-01-16,职位发布,非权益,46.6,四线城市,SME,500-999人,产品
USR_000580,USR_000580,,USR_000580,,,2026-01-28,2026-01-28,2026-01-28,简历搜索,非权益,28.7,四线城市,SME,500-999人,产品
USR_000580,,,,,,2026-01-15,2026-01-15,2026-01-15,权益礼包,权益,17.2,四线城市,SME,500-999人,产品
USR_000580,USR_000580,,,USR_000580,,2026-02-17,2026-02-17,2026-02-17,在线沟通,非权益,19.6,四线城市,SME,500-999人,产品
USR_000580,,,USR_000580,,,2026-02-02,2026-02-02,2026-02-02,简历搜索,非权益,49.9,四线城市,SME,500-999人,产品
USR_000580,USR_000580,USR_000580,,,,2026-02-08,2026-02-08,2026-02-08,职位发布,非权益,9.4,四线城市,SME,500-999人,产品
USR_000580,USR_000580,,,USR_000580,,2026-02-21,2026-02-21,2026-02-21,在线沟通,非权益,42.6,四线城市,SME,500-999人,产品
USR_000580,USR_000580,,,,,2026-02-22,2026-02-22,2026-02-22,权益礼包,权益,8.6,四线城市,SME,500-999人,产品
USR_000580,,,,,,2026-02-14,2026-02-14,2026-02-14,置顶刷新,权益,31.7,四线城市,SME,500-999人,产品
USR_000580,,,USR_000580,,,2026-02-13,2026-02-13,2026-02-13,简历搜索,非权益,10.8,四线城市,SME,500-999人,产品
USR_000580,USR_000580,,,,USR_000580,2026-02-21,2026-02-21,2026-02-21,简历查看,非权益,25.2,四线城市,SME,500-999人,产品
USR_000581,,,,USR_000581,,2026-02-10,2026-02-10,2026-02-10,在线沟通,非权益,13.1,一线城市,SME,10000人以上,行政
USR_000581,USR_000581,,,,,2026-02-28,2026-02-28,2026-02-28,置顶刷新,权益,22.3,一线城市,SME,10000人以上,行政
USR_000581,,,,,,2026-01-30,2026-01-30,2026-01-30,企业认证,非权益,5.1,一线城市,SME,10000人以上,行政
USR_000581,USR_000581,USR_000581,,,,2026-02-14,2026-02-14,2026-02-14,职位发布,非权益,58.9,一线城市,SME,10000人以上,行政
USR_000581,USR_000581,,,,,2026-01-24,2026-01-24,2026-01-24,置顶刷新,权益,18.8,一线城市,SME,10000人以上,行政
USR_000581,,,,,,2026-02-25,2026-02-25,2026-02-25,企业认证,非权益,58.5,一线城市,SME,10000人以上,行政
USR_000581,,,,,,2026-01-28,2026-01-28,2026-01-28,急聘推广,权益,28.2,一线城市,SME,10000人以上,行政
USR_000581,,,,,,2026-02-27,2026-02-27,2026-02-27,权益礼包,权益,24.8,一线城市,SME,10000人以上,行政
USR_000581,USR_000581,,,,,2026-02-02,2026-02-02,2026-02-02,置顶刷新,权益,14.2,一线城市,SME,10000人以上,行政
USR_000581,,USR_000581,,,,2026-01-01,2026-01-01,2026-01-01,职位发布,非权益,36.3,一线城市,SME,10000人以上,行政
USR_000581,USR_000581,,,,USR_000581,2026-02-07,2026-02-07,2026-02-07,简历查看,非权益,61.5,一线城市,SME,10000人以上,行政
USR_000581,USR_000581,,,,,2026-01-27,2026-01-27,2026-01-27,权益礼包,权益,10.4,一线城市,SME,10000人以上,行政
USR_000581,USR_000581,,,USR_000581,,2026-01-13,2026-01-13,2026-01-13,在线沟通,非权益,22.6,一线城市,SME,10000人以上,行政
USR_000581,,,,USR_000581,,2026-02-27,2026-02-27,2026-02-27,在线沟通,非权益,34.7,一线城市,SME,10000人以上,行政
USR_000582,USR_000582,,,,,2026-01-12,2026-01-12,2026-01-12,企业认证,非权益,148.8,新一线城市,SME,5000-10000人,财务
USR_000582,,,,,,2026-01-12,2026-01-12,2026-01-12,权益礼包,权益,12.5,新一线城市,SME,5000-10000人,财务
USR_000582,USR_000582,USR_000582,,,,2026-02-21,2026-02-21,2026-02-21,职位发布,非权益,7.4,新一线城市,SME,5000-10000人,财务
USR_000582,USR_000582,,,,,2026-02-02,2026-02-02,2026-02-02,企业认证,非权益,8.9,新一线城市,SME,5000-10000人,财务
USR_000583,,,,,USR_000583,2026-02-10,2026-02-10,2026-02-10,简历查看,非权益,33.7,新一线城市,SME,10000人以上,产品
USR_000583,,USR_000583,,,,2026-01-17,2026-01-17,2026-01-17,职位发布,非权益,11.0,新一线城市,SME,10000人以上,产品
USR_000583,USR_000583,,,,,2026-01-01,2026-01-01,2026-01-01,权益礼包,权益,12.7,新一线城市,SME,10000人以上,产品
USR_000583,,,,,,2026-02-10,2026-02-10,2026-02-10,急聘推广,权益,9.0,新一线城市,SME,10000人以上,产品
USR_000583,USR_000583,,,,,2026-01-28,2026-01-28,2026-01-28,权益礼包,权益,5.9,新一线城市,SME,10000人以上,产品
USR_000583,USR_000583,,,,,2026-02-07,2026-02-07,2026-02-07,置顶刷新,权益,7.0,新一线城市,SME,10000人以上,产品
USR_000583,,,,,,2026-01-28,2026-01-28,2026-01-28,权益礼包,权益,12.0,新一线城市,SME,10000人以上,产品
USR_000583,,,USR_000583,,,2026-01-02,2026-01-02,2026-01-02,简历搜索,非权益,57.4,新一线城市,SME,10000人以上,产品
USR_000583,USR_000583,USR_000583,,,,2026-01-20,2026-01-20,2026-01-20,职位发布,非权益,12.1,新一线城市,SME,10000人以上,产品
USR_000584,USR_000584,USR_000584,,,,2026-02-19,2026-02-19,2026-02-19,职位发布,非权益,10.6,四线城市,KA,500-999人,产品
USR_000584,,,,,,2026-01-05,2026-01-05,2026-01-05,企业认证,非权益,37.5,四线城市,KA,500-999人,产品
USR_000584,USR_000584,,,,USR_000584,2026-02-20,2026-02-20,2026-02-20,简历查看,非权益,10.9,四线城市,KA,500-999人,产品
USR_000584,USR_000584,,,,,2026-02-13,2026-02-13,2026-02-13,置顶刷新,权益,33.8,四线城市,KA,500-999人,产品
USR_000584,USR_000584,,,,,2026-01-11,2026-01-11,2026-01-11,急聘推广,权益,6.9,四线城市,KA,500-999人,产品
USR_000584,,,,,,2026-02-23,2026-02-23,2026-02-23,权益礼包,权益,28.9,四线城市,KA,500-999人,产品
USR_000584,USR_000584,,,,,2026-01-25,2026-01-25,2026-01-25,权益礼包,权益,6.6,四线城市,KA,500-999人,产品
USR_000584,USR_000584,,,,,2026-01-18,2026-01-18,2026-01-18,急聘推广,权益,43.0,四线城市,KA,500-999人,产品
USR_000584,USR_000584,,,,,2026-02-06,2026-02-06,2026-02-06,权益礼包,权益,8.2,四线城市,KA,500-999人,产品
USR_000584,,,,,USR_000584,2026-02-21,2026-02-21,2026-02-21,简历查看,非权益,29.8,四线城市,KA,500-999人,产品
USR_000584,USR_000584,,,,USR_000584,2026-02-08,2026-02-08,2026-02-08,简历查看,非权益,13.6,四线城市,KA,500-999人,产品
USR_000584,USR_000584,,,,,2026-01-09,2026-01-09,2026-01-09,权益礼包,权益,7.9,四线城市,KA,500-999人,产品
USR_000584,USR_000584,,,USR_000584,,2026-01-17,2026-01-17,2026-01-17,在线沟通,非权益,8.8,四线城市,KA,500-999人,产品
USR_000584,,,,,,2026-01-29,2026-01-29,2026-01-29,置顶刷新,权益,65.1,四线城市,KA,500-999人,产品
USR_000584,USR_000584,,,USR_000584,,2026-02-03,2026-02-03,2026-02-03,在线沟通,非权益,11.1,四线城市,KA,500-999人,产品
USR_000585,USR_000585,,,,,2026-01-20,2026-01-20,2026-01-20,急聘推广,权益,39.4,四线城市,SME,2000-5000人,财务
USR_000585,USR_000585,,,,,2026-01-21,2026-01-21,2026-01-21,急聘推广,权益,66.9,四线城市,SME,2000-5000人,财务
USR_000585,USR_000585,,,,,2026-01-01,2026-01-01,2026-01-01,权益礼包,权益,11.0,四线城市,SME,2000-5000人,财务
USR_000585,USR_000585,USR_000585,,,,2026-01-30,2026-01-30,2026-01-30,职位发布,非权益,18.2,四线城市,SME,2000-5000人,财务
USR_000585,USR_000585,,USR_000585,,,2026-01-04,2026-01-04,2026-01-04,简历搜索,非权益,5.2,四线城市,SME,2000-5000人,财务
USR_000585,,,,,USR_000585,2026-02-02,2026-02-02,2026-02-02,简历查看,非权益,14.0,四线城市,SME,2000-5000人,财务
USR_000585,USR_000585,USR_000585,,,,2026-02-08,2026-02-08,2026-02-08,职位发布,非权益,30.1,四线城市,SME,2000-5000人,财务
USR_000585,,,USR_000585,,,2026-02-01,2026-02-01,2026-02-01,简历搜索,非权益,8.4,四线城市,SME,2000-5000人,财务
USR_000585,,,,,,2026-02-02,2026-02-02,2026-02-02,置顶刷新,权益,5.4,四线城市,SME,2000-5000人,财务
USR_000585,USR_000585,,,,,2026-02-13,2026-02-13,2026-02-13,权益礼包,权益,11.3,四线城市,SME,2000-5000人,财务
USR_000585,USR_000585,,,,,2026-01-05,2026-01-05,2026-01-05,企业认证,非权益,11.3,四线城市,SME,2000-5000人,财务
USR_000585,,,,,USR_000585,2026-02-10,2026-02-10,2026-02-10,简历查看,非权益,26.4,四线城市,SME,2000-5000人,财务
USR_000585,USR_000585,,,USR_000585,,2026-01-18,2026-01-18,2026-01-18,在线沟通,非权益,29.3,四线城市,SME,2000-5000人,财务
USR_000585,USR_000585,,,,,2026-01-11,2026-01-11,2026-01-11,置顶刷新,权益,54.6,四线城市,SME,2000-5000人,财务
USR_000585,,,,,,2026-02-25,2026-02-25,2026-02-25,急聘推广,权益,7.8,四线城市,SME,2000-5000人,财务
USR_000585,USR_000585,,,,,2026-01-09,2026-01-09,2026-01-09,置顶刷新,权益,6.2,四线城市,SME,2000-5000人,财务
USR_000585,USR_000585,,,,,2026-02-17,2026-02-17,2026-02-17,企业认证,非权益,27.4,四线城市,SME,2000-5000人,财务
USR_000585,USR_000585,,,,,2026-02-27,2026-02-27,2026-02-27,置顶刷新,权益,56.9,四线城市,SME,2000-5000人,财务
USR_000586,,,,,USR_000586,2026-01-23,2026-01-23,2026-01-23,简历查看,非权益,15.5,二线城市,SME,500-999人,销售
USR_000586,USR_000586,,,USR_000586,,2026-02-20,2026-02-20,2026-02-20,在线沟通,非权益,25.0,二线城市,SME,500-999人,销售
USR_000586,USR_000586,,,,,2026-01-07,2026-01-07,2026-01-07,置顶刷新,权益,18.9,二线城市,SME,500-999人,销售
USR_000586,USR_000586,,,,,2026-02-20,2026-02-20,2026-02-20,置顶刷新,权益,8.4,二线城市,SME,500-999人,销售
USR_000586,,,,USR_000586,,2026-01-30,2026-01-30,2026-01-30,在线沟通,非权益,8.2,二线城市,SME,500-999人,销售
USR_000586,USR_000586,,,,,2026-02-06,2026-02-06,2026-02-06,急聘推广,权益,55.0,二线城市,SME,500-999人,销售
USR_000586,USR_000586,,,,USR_000586,2026-02-14,2026-02-14,2026-02-14,简历查看,非权益,6.5,二线城市,SME,500-999人,销售
USR_000586,USR_000586,,,,,2026-01-27,2026-01-27,2026-01-27,置顶刷新,权益,23.9,二线城市,SME,500-999人,销售
USR_000587,USR_000587,,,,,2026-02-06,2026-02-06,2026-02-06,企业认证,非权益,34.2,三线城市,KA,10000人以上,销售
USR_000587,,,,,,2026-01-24,2026-01-24,2026-01-24,企业认证,非权益,80.8,三线城市,KA,10000人以上,销售
USR_000587,USR_000587,,,,USR_000587,2026-01-02,2026-01-02,2026-01-02,简历查看,非权益,39.8,三线城市,KA,10000人以上,销售
USR_000587,,,,USR_000587,,2026-01-01,2026-01-01,2026-01-01,在线沟通,非权益,14.6,三线城市,KA,10000人以上,销售
USR_000587,USR_000587,,,,,2026-02-15,2026-02-15,2026-02-15,企业认证,非权益,81.5,三线城市,KA,10000人以上,销售
USR_000587,,,,,USR_000587,2026-02-04,2026-02-04,2026-02-04,简历查看,非权益,26.3,三线城市,KA,10000人以上,销售
USR_000587,USR_000587,,,,,2026-01-14,2026-01-14,2026-01-14,权益礼包,权益,41.0,三线城市,KA,10000人以上,销售
USR_000587,USR_000587,,,USR_000587,,2026-01-22,2026-01-22,2026-01-22,在线沟通,非权益,19.8,三线城市,KA,10000人以上,销售
USR_000587,USR_000587,,,,,2026-01-29,2026-01-29,2026-01-29,急聘推广,权益,16.9,三线城市,KA,10000人以上,销售
USR_000587,,,,USR_000587,,2026-01-20,2026-01-20,2026-01-20,在线沟通,非权益,8.9,三线城市,KA,10000人以上,销售
USR_000587,USR_000587,,USR_000587,,,2026-01-30,2026-01-30,2026-01-30,简历搜索,非权益,63.9,三线城市,KA,10000人以上,销售
USR_000587,USR_000587,,,,,2026-01-29,2026-01-29,2026-01-29,权益礼包,权益,24.1,三线城市,KA,10000人以上,销售
USR_000587,,,,,,2026-01-29,2026-01-29,2026-01-29,急聘推广,权益,45.5,三线城市,KA,10000人以上,销售
USR_000587,,,,,,2026-01-16,2026-01-16,2026-01-16,置顶刷新,权益,8.4,三线城市,KA,10000人以上,销售
USR_000587,USR_000587,,USR_000587,,,2026-02-01,2026-02-01,2026-02-01,简历搜索,非权益,13.0,三线城市,KA,10000人以上,销售
USR_000587,USR_000587,,,,,2026-01-22,2026-01-22,2026-01-22,置顶刷新,权益,11.7,三线城市,KA,10000人以上,销售
USR_000587,USR_000587,,,,,2026-02-19,2026-02-19,2026-02-19,置顶刷新,权益,12.4,三线城市,KA,10000人以上,销售
USR_000587,USR_000587,,,,,2026-01-11,2026-01-11,2026-01-11,权益礼包,权益,18.6,三线城市,KA,10000人以上,销售
USR_000587,USR_000587,USR_000587,,,,2026-01-17,2026-01-17,2026-01-17,职位发布,非权益,51.4,三线城市,KA,10000人以上,销售
USR_000587,USR_000587,,,,,2026-02-14,2026-02-14,2026-02-14,企业认证,非权益,87.3,三线城市,KA,10000人以上,销售
USR_000587,USR_000587,,,,,2026-01-28,2026-01-28,2026-01-28,急聘推广,权益,25.6,三线城市,KA,10000人以上,销售
USR_000588,USR_000588,,,USR_000588,,2026-02-12,2026-02-12,2026-02-12,在线沟通,非权益,14.3,一线城市,KA,10000人以上,客服
USR_000588,USR_000588,,USR_000588,,,2026-01-02,2026-01-02,2026-01-02,简历搜索,非权益,15.5,一线城市,KA,10000人以上,客服
USR_000588,USR_000588,USR_000588,,,,2026-01-06,2026-01-06,2026-01-06,职位发布,非权益,9.4,一线城市,KA,10000人以上,客服
USR_000588,USR_000588,,,,,2026-01-07,2026-01-07,2026-01-07,置顶刷新,权益,21.5,一线城市,KA,10000人以上,客服
USR_000588,USR_000588,,,,,2026-02-01,2026-02-01,2026-02-01,急聘推广,权益,13.4,一线城市,KA,10000人以上,客服
USR_000588,,,,,,2026-01-11,2026-01-11,2026-01-11,急聘推广,权益,9.8,一线城市,KA,10000人以上,客服
USR_000588,,,,USR_000588,,2026-01-16,2026-01-16,2026-01-16,在线沟通,非权益,5.1,一线城市,KA,10000人以上,客服
USR_000588,,,,,USR_000588,2026-02-05,2026-02-05,2026-02-05,简历查看,非权益,25.6,一线城市,KA,10000人以上,客服
USR_000588,USR_000588,,,,USR_000588,2026-02-12,2026-02-12,2026-02-12,简历查看,非权益,10.3,一线城市,KA,10000人以上,客服
USR_000588,,,,USR_000588,,2026-02-12,2026-02-12,2026-02-12,在线沟通,非权益,45.8,一线城市,KA,10000人以上,客服
USR_000588,,,,USR_000588,,2026-01-09,2026-01-09,2026-01-09,在线沟通,非权益,29.3,一线城市,KA,10000人以上,客服
USR_000588,USR_000588,,,,,2026-02-23,2026-02-23,2026-02-23,急聘推广,权益,14.9,一线城市,KA,10000人以上,客服
USR_000588,,USR_000588,,,,2026-02-02,2026-02-02,2026-02-02,职位发布,非权益,6.8,一线城市,KA,10000人以上,客服
USR_000588,,,,USR_000588,,2026-02-18,2026-02-18,2026-02-18,在线沟通,非权益,32.8,一线城市,KA,10000人以上,客服
USR_000588,USR_000588,,,,,2026-01-29,2026-01-29,2026-01-29,置顶刷新,权益,40.1,一线城市,KA,10000人以上,客服
USR_000588,USR_000588,,,,USR_000588,2026-02-10,2026-02-10,2026-02-10,简历查看,非权益,34.4,一线城市,KA,10000人以上,客服
USR_000588,,USR_000588,,,,2026-02-21,2026-02-21,2026-02-21,职位发布,非权益,11.7,一线城市,KA,10000人以上,客服
USR_000588,USR_000588,,,,,2026-02-25,2026-02-25,2026-02-25,权益礼包,权益,6.7,一线城市,KA,10000人以上,客服
USR_000588,USR_000588,,,,USR_000588,2026-02-03,2026-02-03,2026-02-03,简历查看,非权益,9.3,一线城市,KA,10000人以上,客服
USR_000588,USR_000588,,,USR_000588,,2026-01-30,2026-01-30,2026-01-30,在线沟通,非权益,16.1,一线城市,KA,10000人以上,客服
USR_000588,USR_000588,,,USR_000588,,2026-02-24,2026-02-24,2026-02-24,在线沟通,非权益,15.8,一线城市,KA,10000人以上,客服
USR_000588,,,,,,2026-02-22,2026-02-22,2026-02-22,企业认证,非权益,15.1,一线城市,KA,10000人以上,客服
USR_000588,USR_000588,,,,,2026-02-16,2026-02-16,2026-02-16,权益礼包,权益,23.8,一线城市,KA,10000人以上,客服
USR_000588,,,,,USR_000588,2026-02-28,2026-02-28,2026-02-28,简历查看,非权益,24.9,一线城市,KA,10000人以上,客服
USR_000589,USR_000589,,,,USR_000589,2026-01-20,2026-01-20,2026-01-20,简历查看,非权益,11.7,三线城市,SME,10000人以上,财务
USR_000589,USR_000589,,,,,2026-02-25,2026-02-25,2026-02-25,置顶刷新,权益,5.8,三线城市,SME,10000人以上,财务
USR_000589,USR_000589,,,,,2026-01-07,2026-01-07,2026-01-07,企业认证,非权益,12.5,三线城市,SME,10000人以上,财务
USR_000589,,,,,,2026-01-18,2026-01-18,2026-01-18,企业认证,非权益,9.0,三线城市,SME,10000人以上,财务
USR_000589,,,,,,2026-01-01,2026-01-01,2026-01-01,企业认证,非权益,21.0,三线城市,SME,10000人以上,财务
USR_000589,,,,,,2026-01-18,2026-01-18,2026-01-18,置顶刷新,权益,18.4,三线城市,SME,10000人以上,财务
USR_000589,USR_000589,,,,,2026-02-07,2026-02-07,2026-02-07,置顶刷新,权益,14.1,三线城市,SME,10000人以上,财务
USR_000589,USR_000589,,,,,2026-01-30,2026-01-30,2026-01-30,企业认证,非权益,9.4,三线城市,SME,10000人以上,财务
USR_000589,USR_000589,USR_000589,,,,2026-02-27,2026-02-27,2026-02-27,职位发布,非权益,22.9,三线城市,SME,10000人以上,财务
USR_000589,USR_000589,,,,,2026-01-03,2026-01-03,2026-01-03,置顶刷新,权益,13.7,三线城市,SME,10000人以上,财务
USR_000589,USR_000589,,,,,2026-01-20,2026-01-20,2026-01-20,置顶刷新,权益,25.7,三线城市,SME,10000人以上,财务
USR_000589,USR_000589,,,USR_000589,,2026-01-13,2026-01-13,2026-01-13,在线沟通,非权益,17.5,三线城市,SME,10000人以上,财务
USR_000589,USR_000589,,USR_000589,,,2026-02-02,2026-02-02,2026-02-02,简历搜索,非权益,26.1,三线城市,SME,10000人以上,财务
USR_000589,USR_000589,,USR_000589,,,2026-02-15,2026-02-15,2026-02-15,简历搜索,非权益,8.0,三线城市,SME,10000人以上,财务
USR_000589,USR_000589,,USR_000589,,,2026-01-28,2026-01-28,2026-01-28,简历搜索,非权益,50.4,三线城市,SME,10000人以上,财务
USR_000589,USR_000589,,,,,2026-01-02,2026-01-02,2026-01-02,置顶刷新,权益,10.2,三线城市,SME,10000人以上,财务
USR_000589,,,,,,2026-02-03,2026-02-03,2026-02-03,置顶刷新,权益,45.2,三线城市,SME,10000人以上,财务
USR_000590,USR_000590,,,,,2026-02-24,2026-02-24,2026-02-24,急聘推广,权益,10.0,一线城市,SME,100-499人,财务
USR_000590,,,USR_000590,,,2026-01-28,2026-01-28,2026-01-28,简历搜索,非权益,86.1,一线城市,SME,100-499人,财务
USR_000590,,,,USR_000590,,2026-01-06,2026-01-06,2026-01-06,在线沟通,非权益,42.0,一线城市,SME,100-499人,财务
USR_000590,USR_000590,,,,USR_000590,2026-01-14,2026-01-14,2026-01-14,简历查看,非权益,61.7,一线城市,SME,100-499人,财务
USR_000590,USR_000590,,USR_000590,,,2026-01-27,2026-01-27,2026-01-27,简历搜索,非权益,9.3,一线城市,SME,100-499人,财务
USR_000590,USR_000590,,,,,2026-01-21,2026-01-21,2026-01-21,企业认证,非权益,7.1,一线城市,SME,100-499人,财务
USR_000590,USR_000590,,,,USR_000590,2026-02-03,2026-02-03,2026-02-03,简历查看,非权益,21.6,一线城市,SME,100-499人,财务
USR_000590,USR_000590,,,,,2026-02-15,2026-02-15,2026-02-15,急聘推广,权益,36.0,一线城市,SME,100-499人,财务
USR_000590,USR_000590,,,,,2026-02-13,2026-02-13,2026-02-13,权益礼包,权益,23.5,一线城市,SME,100-499人,财务
USR_000591,USR_000591,,,,,2026-01-07,2026-01-07,2026-01-07,急聘推广,权益,22.2,四线城市,SME,100-499人,产品
USR_000592,USR_000592,,,,,2026-01-23,2026-01-23,2026-01-23,权益礼包,权益,24.1,二线城市,SME,500-999人,客服
USR_000592,USR_000592,,,,,2026-01-01,2026-01-01,2026-01-01,权益礼包,权益,7.3,二线城市,SME,500-999人,客服
USR_000592,USR_000592,,,,,2026-01-27,2026-01-27,2026-01-27,急聘推广,权益,28.4,二线城市,SME,500-999人,客服
USR_000592,,,,,,2026-01-19,2026-01-19,2026-01-19,企业认证,非权益,20.8,二线城市,SME,500-999人,客服
USR_000592,,USR_000592,,,,2026-02-10,2026-02-10,2026-02-10,职位发布,非权益,10.4,二线城市,SME,500-999人,客服
USR_000592,USR_000592,,,USR_000592,,2026-01-21,2026-01-21,2026-01-21,在线沟通,非权益,5.3,二线城市,SME,500-999人,客服
USR_000592,USR_000592,,,,,2026-01-23,2026-01-23,2026-01-23,企业认证,非权益,7.1,二线城市,SME,500-999人,客服
USR_000592,USR_000592,,,,,2026-03-01,2026-03-01,2026-03-01,权益礼包,权益,28.6,二线城市,SME,500-999人,客服
USR_000592,USR_000592,,,,,2026-01-05,2026-01-05,2026-01-05,置顶刷新,权益,16.6,二线城市,SME,500-999人,客服
USR_000592,USR_000592,,USR_000592,,,2026-01-29,2026-01-29,2026-01-29,简历搜索,非权益,7.9,二线城市,SME,500-999人,客服
USR_000592,USR_000592,,,,,2026-01-16,2026-01-16,2026-01-16,置顶刷新,权益,33.1,二线城市,SME,500-999人,客服
USR_000592,USR_000592,,,USR_000592,,2026-01-12,2026-01-12,2026-01-12,在线沟通,非权益,17.9,二线城市,SME,500-999人,客服
USR_000592,USR_000592,,,,,2026-01-31,2026-01-31,2026-01-31,权益礼包,权益,19.1,二线城市,SME,500-999人,客服
USR_000592,USR_000592,,,,USR_000592,2026-02-20,2026-02-20,2026-02-20,简历查看,非权益,12.4,二线城市,SME,500-999人,客服
USR_000592,USR_000592,,,USR_000592,,2026-01-08,2026-01-08,2026-01-08,在线沟通,非权益,45.1,二线城市,SME,500-999人,客服
USR_000592,USR_000592,,,,USR_000592,2026-01-21,2026-01-21,2026-01-21,简历查看,非权益,8.0,二线城市,SME,500-999人,客服
USR_000592,USR_000592,,,,,2026-02-05,2026-02-05,2026-02-05,置顶刷新,权益,15.8,二线城市,SME,500-999人,客服
USR_000592,USR_000592,,,,USR_000592,2026-01-06,2026-01-06,2026-01-06,简历查看,非权益,29.9,二线城市,SME,500-999人,客服
USR_000592,,,,USR_000592,,2026-02-11,2026-02-11,2026-02-11,在线沟通,非权益,17.8,二线城市,SME,500-999人,客服
USR_000593,USR_000593,USR_000593,,,,2026-01-06,2026-01-06,2026-01-06,职位发布,非权益,11.7,五线城市,KA,50-99人,行政
USR_000593,USR_000593,,,,,2026-02-23,2026-02-23,2026-02-23,企业认证,非权益,22.5,五线城市,KA,50-99人,行政
USR_000593,USR_000593,,USR_000593,,,2026-01-07,2026-01-07,2026-01-07,简历搜索,非权益,56.4,五线城市,KA,50-99人,行政
USR_000593,USR_000593,,,,,2026-01-21,2026-01-21,2026-01-21,急聘推广,权益,17.6,五线城市,KA,50-99人,行政
USR_000593,,,USR_000593,,,2026-02-21,2026-02-21,2026-02-21,简历搜索,非权益,37.3,五线城市,KA,50-99人,行政
USR_000593,,,,,,2026-02-19,2026-02-19,2026-02-19,权益礼包,权益,8.6,五线城市,KA,50-99人,行政
USR_000593,USR_000593,,,,,2026-02-09,2026-02-09,2026-02-09,置顶刷新,权益,11.4,五线城市,KA,50-99人,行政
USR_000593,USR_000593,,,USR_000593,,2026-01-29,2026-01-29,2026-01-29,在线沟通,非权益,88.9,五线城市,KA,50-99人,行政
USR_000593,USR_000593,,,,,2026-02-17,2026-02-17,2026-02-17,企业认证,非权益,28.7,五线城市,KA,50-99人,行政
USR_000593,USR_000593,,,,,2026-02-16,2026-02-16,2026-02-16,置顶刷新,权益,5.4,五线城市,KA,50-99人,行政
USR_000593,,,,,USR_000593,2026-01-29,2026-01-29,2026-01-29,简历查看,非权益,13.4,五线城市,KA,50-99人,行政
USR_000593,USR_000593,,USR_000593,,,2026-02-26,2026-02-26,2026-02-26,简历搜索,非权益,72.1,五线城市,KA,50-99人,行政
USR_000593,USR_000593,,,,,2026-01-06,2026-01-06,2026-01-06,置顶刷新,权益,17.5,五线城市,KA,50-99人,行政
USR_000594,USR_000594,,,,,2026-02-09,2026-02-09,2026-02-09,急聘推广,权益,25.8,二线城市,SME,1000-2000人,运营
USR_000594,USR_000594,,,USR_000594,,2026-02-07,2026-02-07,2026-02-07,在线沟通,非权益,7.9,二线城市,SME,1000-2000人,运营
USR_000594,USR_000594,,,,USR_000594,2026-02-15,2026-02-15,2026-02-15,简历查看,非权益,12.4,二线城市,SME,1000-2000人,运营
USR_000594,USR_000594,,,,,2026-01-30,2026-01-30,2026-01-30,急聘推广,权益,8.1,二线城市,SME,1000-2000人,运营
USR_000594,USR_000594,,,USR_000594,,2026-01-13,2026-01-13,2026-01-13,在线沟通,非权益,45.5,二线城市,SME,1000-2000人,运营
USR_000594,,,,,,2026-01-24,2026-01-24,2026-01-24,权益礼包,权益,29.6,二线城市,SME,1000-2000人,运营
USR_000594,,,,,USR_000594,2026-02-26,2026-02-26,2026-02-26,简历查看,非权益,5.0,二线城市,SME,1000-2000人,运营
USR_000594,USR_000594,,USR_000594,,,2026-02-17,2026-02-17,2026-02-17,简历搜索,非权益,7.1,二线城市,SME,1000-2000人,运营
USR_000594,USR_000594,,,,,2026-01-13,2026-01-13,2026-01-13,权益礼包,权益,8.6,二线城市,SME,1000-2000人,运营
USR_000594,USR_000594,,,,,2026-01-05,2026-01-05,2026-01-05,权益礼包,权益,16.4,二线城市,SME,1000-2000人,运营
USR_000594,,,,USR_000594,,2026-02-02,2026-02-02,2026-02-02,在线沟通,非权益,16.0,二线城市,SME,1000-2000人,运营
USR_000594,,,,USR_000594,,2026-02-01,2026-02-01,2026-02-01,在线沟通,非权益,5.1,二线城市,SME,1000-2000人,运营
USR_000594,USR_000594,,,USR_000594,,2026-02-08,2026-02-08,2026-02-08,在线沟通,非权益,32.5,二线城市,SME,1000-2000人,运营
USR_000594,USR_000594,,,,,2026-01-24,2026-01-24,2026-01-24,权益礼包,权益,27.2,二线城市,SME,1000-2000人,运营
USR_000594,USR_000594,,USR_000594,,,2026-03-01,2026-03-01,2026-03-01,简历搜索,非权益,7.2,二线城市,SME,1000-2000人,运营
USR_000594,USR_000594,,,,,2026-01-03,2026-01-03,2026-01-03,权益礼包,权益,5.0,二线城市,SME,1000-2000人,运营
USR_000594,USR_000594,,,,,2026-02-11,2026-02-11,2026-02-11,急聘推广,权益,54.5,二线城市,SME,1000-2000人,运营
USR_000594,,,,,,2026-01-14,2026-01-14,2026-01-14,急聘推广,权益,6.1,二线城市,SME,1000-2000人,运营
USR_000594,USR_000594,,USR_000594,,,2026-02-09,2026-02-09,2026-02-09,简历搜索,非权益,13.3,二线城市,SME,1000-2000人,运营
USR_000594,,,,USR_000594,,2026-02-11,2026-02-11,2026-02-11,在线沟通,非权益,21.6,二线城市,SME,1000-2000人,运营
USR_000594,USR_000594,,,,,2026-01-12,2026-01-12,2026-01-12,置顶刷新,权益,36.5,二线城市,SME,1000-2000人,运营
USR_000594,USR_000594,,,,,2026-02-09,2026-02-09,2026-02-09,急聘推广,权益,48.6,二线城市,SME,1000-2000人,运营
USR_000594,USR_000594,,,,,2026-01-17,2026-01-17,2026-01-17,企业认证,非权益,9.1,二线城市,SME,1000-2000人,运营
USR_000595,USR_000595,,,,,2026-01-17,2026-01-17,2026-01-17,置顶刷新,权益,25.0,新一线城市,SME,100-499人,运营
USR_000595,USR_000595,,,,,2026-01-21,2026-01-21,2026-01-21,急聘推广,权益,13.4,新一线城市,SME,100-499人,运营
USR_000595,USR_000595,,,,,2026-02-26,2026-02-26,2026-02-26,急聘推广,权益,20.6,新一线城市,SME,100-499人,运营
USR_000595,USR_000595,,,,,2026-01-16,2026-01-16,2026-01-16,权益礼包,权益,11.4,新一线城市,SME,100-499人,运营
USR_000595,,,,,,2026-02-11,2026-02-11,2026-02-11,置顶刷新,权益,6.3,新一线城市,SME,100-499人,运营
USR_000595,,,,,,2026-02-16,2026-02-16,2026-02-16,置顶刷新,权益,46.1,新一线城市,SME,100-499人,运营
USR_000595,USR_000595,,,,,2026-02-11,2026-02-11,2026-02-11,权益礼包,权益,38.8,新一线城市,SME,100-499人,运营
USR_000595,USR_000595,,,,,2026-02-24,2026-02-24,2026-02-24,急聘推广,权益,9.9,新一线城市,SME,100-499人,运营
USR_000595,USR_000595,,,,,2026-01-04,2026-01-04,2026-01-04,权益礼包,权益,12.6,新一线城市,SME,100-499人,运营
USR_000595,USR_000595,USR_000595,,,,2026-01-30,2026-01-30,2026-01-30,职位发布,非权益,9.6,新一线城市,SME,100-499人,运营
USR_000595,,,,,,2026-02-10,2026-02-10,2026-02-10,企业认证,非权益,9.6,新一线城市,SME,100-499人,运营
USR_000595,USR_000595,,,,,2026-01-07,2026-01-07,2026-01-07,权益礼包,权益,25.5,新一线城市,SME,100-499人,运营
USR_000595,,,,USR_000595,,2026-02-02,2026-02-02,2026-02-02,在线沟通,非权益,5.2,新一线城市,SME,100-499人,运营
USR_000595,USR_000595,,,,,2026-02-11,2026-02-11,2026-02-11,置顶刷新,权益,83.6,新一线城市,SME,100-499人,运营
USR_000595,USR_000595,,,,,2026-01-10,2026-01-10,2026-01-10,权益礼包,权益,51.3,新一线城市,SME,100-499人,运营
USR_000595,USR_000595,,,,USR_000595,2026-01-29,2026-01-29,2026-01-29,简历查看,非权益,18.6,新一线城市,SME,100-499人,运营
USR_000595,,USR_000595,,,,2026-01-02,2026-01-02,2026-01-02,职位发布,非权益,11.6,新一线城市,SME,100-499人,运营
USR_000595,,,USR_000595,,,2026-01-27,2026-01-27,2026-01-27,简历搜索,非权益,72.2,新一线城市,SME,100-499人,运营
USR_000595,USR_000595,USR_000595,,,,2026-02-18,2026-02-18,2026-02-18,职位发布,非权益,8.9,新一线城市,SME,100-499人,运营
USR_000595,USR_000595,,,USR_000595,,2026-01-17,2026-01-17,2026-01-17,在线沟通,非权益,5.2,新一线城市,SME,100-499人,运营
USR_000595,,,,,USR_000595,2026-01-10,2026-01-10,2026-01-10,简历查看,非权益,46.2,新一线城市,SME,100-499人,运营
USR_000596,,,,,,2026-02-05,2026-02-05,2026-02-05,权益礼包,权益,33.9,新一线城市,SME,100-499人,客服
USR_000596,USR_000596,,,,USR_000596,2026-02-03,2026-02-03,2026-02-03,简历查看,非权益,5.4,新一线城市,SME,100-499人,客服
USR_000596,USR_000596,USR_000596,,,,2026-01-05,2026-01-05,2026-01-05,职位发布,非权益,10.2,新一线城市,SME,100-499人,客服
USR_000596,USR_000596,USR_000596,,,,2026-02-15,2026-02-15,2026-02-15,职位发布,非权益,31.2,新一线城市,SME,100-499人,客服
USR_000596,USR_000596,USR_000596,,,,2026-02-10,2026-02-10,2026-02-10,职位发布,非权益,18.8,新一线城市,SME,100-499人,客服
USR_000596,,,,,USR_000596,2026-01-12,2026-01-12,2026-01-12,简历查看,非权益,39.3,新一线城市,SME,100-499人,客服
USR_000596,USR_000596,,,USR_000596,,2026-01-29,2026-01-29,2026-01-29,在线沟通,非权益,46.6,新一线城市,SME,100-499人,客服
USR_000596,USR_000596,,,USR_000596,,2026-01-26,2026-01-26,2026-01-26,在线沟通,非权益,8.0,新一线城市,SME,100-499人,客服
USR_000596,,,,USR_000596,,2026-02-22,2026-02-22,2026-02-22,在线沟通,非权益,20.6,新一线城市,SME,100-499人,客服
USR_000596,USR_000596,,,,,2026-03-01,2026-03-01,2026-03-01,急聘推广,权益,17.0,新一线城市,SME,100-499人,客服
USR_000596,,,,,,2026-02-16,2026-02-16,2026-02-16,急聘推广,权益,28.5,新一线城市,SME,100-499人,客服
USR_000596,,,USR_000596,,,2026-02-03,2026-02-03,2026-02-03,简历搜索,非权益,12.7,新一线城市,SME,100-499人,客服
USR_000596,USR_000596,,USR_000596,,,2026-01-05,2026-01-05,2026-01-05,简历搜索,非权益,21.9,新一线城市,SME,100-499人,客服
USR_000596,USR_000596,,,USR_000596,,2026-01-15,2026-01-15,2026-01-15,在线沟通,非权益,6.3,新一线城市,SME,100-499人,客服
USR_000596,USR_000596,,,,USR_000596,2026-02-22,2026-02-22,2026-02-22,简历查看,非权益,11.3,新一线城市,SME,100-499人,客服
USR_000596,USR_000596,,,,,2026-02-26,2026-02-26,2026-02-26,置顶刷新,权益,14.8,新一线城市,SME,100-499人,客服
USR_000596,USR_000596,,,,,2026-01-09,2026-01-09,2026-01-09,置顶刷新,权益,18.6,新一线城市,SME,100-499人,客服
USR_000596,USR_000596,,,,USR_000596,2026-02-08,2026-02-08,2026-02-08,简历查看,非权益,46.5,新一线城市,SME,100-499人,客服
USR_000596,,,,,,2026-01-14,2026-01-14,2026-01-14,置顶刷新,权益,5.7,新一线城市,SME,100-499人,客服
USR_000597,USR_000597,,,,,2026-01-11,2026-01-11,2026-01-11,权益礼包,权益,23.4,四线城市,SME,2000-5000人,行政
USR_000597,,,,,,2026-02-22,2026-02-22,2026-02-22,置顶刷新,权益,32.1,四线城市,SME,2000-5000人,行政
USR_000597,USR_000597,,,,,2026-01-14,2026-01-14,2026-01-14,急聘推广,权益,23.1,四线城市,SME,2000-5000人,行政
USR_000597,USR_000597,,,,USR_000597,2026-01-20,2026-01-20,2026-01-20,简历查看,非权益,22.7,四线城市,SME,2000-5000人,行政
USR_000597,,,,,USR_000597,2026-01-21,2026-01-21,2026-01-21,简历查看,非权益,21.2,四线城市,SME,2000-5000人,行政
USR_000597,,,,,,2026-01-25,2026-01-25,2026-01-25,急聘推广,权益,19.3,四线城市,SME,2000-5000人,行政
USR_000597,,,,,,2026-02-04,2026-02-04,2026-02-04,急聘推广,权益,9.8,四线城市,SME,2000-5000人,行政
USR_000597,USR_000597,,,,,2026-02-17,2026-02-17,2026-02-17,企业认证,非权益,6.8,四线城市,SME,2000-5000人,行政
USR_000597,USR_000597,,,USR_000597,,2026-01-18,2026-01-18,2026-01-18,在线沟通,非权益,19.3,四线城市,SME,2000-5000人,行政
USR_000597,,,,,,2026-01-26,2026-01-26,2026-01-26,权益礼包,权益,14.3,四线城市,SME,2000-5000人,行政
USR_000597,,,,,USR_000597,2026-01-21,2026-01-21,2026-01-21,简历查看,非权益,10.3,四线城市,SME,2000-5000人,行政
USR_000597,USR_000597,,,,,2026-01-12,2026-01-12,2026-01-12,企业认证,非权益,37.0,四线城市,SME,2000-5000人,行政
USR_000597,,,,USR_000597,,2026-01-06,2026-01-06,2026-01-06,在线沟通,非权益,72.2,四线城市,SME,2000-5000人,行政
USR_000597,USR_000597,,,,,2026-01-28,2026-01-28,2026-01-28,置顶刷新,权益,35.3,四线城市,SME,2000-5000人,行政
USR_000597,USR_000597,,,USR_000597,,2026-02-17,2026-02-17,2026-02-17,在线沟通,非权益,52.8,四线城市,SME,2000-5000人,行政
USR_000598,USR_000598,,,,,2026-01-20,2026-01-20,2026-01-20,置顶刷新,权益,20.4,二线城市,KA,500-999人,产品
USR_000598,USR_000598,,,,,2026-01-12,2026-01-12,2026-01-12,置顶刷新,权益,47.8,二线城市,KA,500-999人,产品
USR_000598,USR_000598,,,,,2026-01-17,2026-01-17,2026-01-17,置顶刷新,权益,10.0,二线城市,KA,500-999人,产品
USR_000598,USR_000598,,,,,2026-02-21,2026-02-21,2026-02-21,置顶刷新,权益,5.9,二线城市,KA,500-999人,产品
USR_000598,USR_000598,,,,,2026-02-23,2026-02-23,2026-02-23,权益礼包,权益,13.3,二线城市,KA,500-999人,产品
USR_000598,,,USR_000598,,,2026-02-19,2026-02-19,2026-02-19,简历搜索,非权益,5.2,二线城市,KA,500-999人,产品
USR_000598,,,,,,2026-02-20,2026-02-20,2026-02-20,急聘推广,权益,49.2,二线城市,KA,500-999人,产品
USR_000598,USR_000598,,,,,2026-02-28,2026-02-28,2026-02-28,企业认证,非权益,6.9,二线城市,KA,500-999人,产品
USR_000598,USR_000598,,,,,2026-02-02,2026-02-02,2026-02-02,权益礼包,权益,5.3,二线城市,KA,500-999人,产品
USR_000598,USR_000598,USR_000598,,,,2026-02-13,2026-02-13,2026-02-13,职位发布,非权益,5.8,二线城市,KA,500-999人,产品
USR_000598,USR_000598,,,USR_000598,,2026-01-30,2026-01-30,2026-01-30,在线沟通,非权益,5.7,二线城市,KA,500-999人,产品
USR_000598,,USR_000598,,,,2026-01-11,2026-01-11,2026-01-11,职位发布,非权益,63.5,二线城市,KA,500-999人,产品
USR_000598,,,,,,2026-01-09,2026-01-09,2026-01-09,急聘推广,权益,22.0,二线城市,KA,500-999人,产品
USR_000598,,,,,,2026-01-08,2026-01-08,2026-01-08,急聘推广,权益,9.6,二线城市,KA,500-999人,产品
USR_000598,,,,,,2026-02-13,2026-02-13,2026-02-13,企业认证,非权益,62.1,二线城市,KA,500-999人,产品
USR_000599,USR_000599,,,,,2026-01-13,2026-01-13,2026-01-13,企业认证,非权益,57.9,三线城市,SME,50-99人,财务
USR_000599,USR_000599,,USR_000599,,,2026-01-13,2026-01-13,2026-01-13,简历搜索,非权益,31.1,三线城市,SME,50-99人,财务
USR_000600,USR_000600,,,,USR_000600,2026-01-16,2026-01-16,2026-01-16,简历查看,非权益,14.4,新一线城市,KA,2000-5000人,运营
USR_000600,USR_000600,,,,,2026-01-10,2026-01-10,2026-01-10,置顶刷新,权益,19.6,新一线城市,KA,2000-5000人,运营
USR_000600,USR_000600,,,,,2026-02-02,2026-02-02,2026-02-02,企业认证,非权益,17.9,新一线城市,KA,2000-5000人,运营
USR_000600,USR_000600,,USR_000600,,,2026-01-24,2026-01-24,2026-01-24,简历搜索,非权益,8.1,新一线城市,KA,2000-5000人,运营
USR_000600,USR_000600,,,,,2026-02-11,2026-02-11,2026-02-11,置顶刷新,权益,5.5,新一线城市,KA,2000-5000人,运营
USR_000600,USR_000600,,USR_000600,,,2026-02-25,2026-02-25,2026-02-25,简历搜索,非权益,7.6,新一线城市,KA,2000-5000人,运营
USR_000600,USR_000600,,USR_000600,,,2026-01-27,2026-01-27,2026-01-27,简历搜索,非权益,13.4,新一线城市,KA,2000-5000人,运营
USR_000600,USR_000600,,USR_000600,,,2026-02-26,2026-02-26,2026-02-26,简历搜索,非权益,42.6,新一线城市,KA,2000-5000人,运营
USR_000600,USR_000600,,,,,2026-01-14,2026-01-14,2026-01-14,权益礼包,权益,16.2,新一线城市,KA,2000-5000人,运营
USR_000600,USR_000600,,USR_000600,,,2026-01-15,2026-01-15,2026-01-15,简历搜索,非权益,6.7,新一线城市,KA,2000-5000人,运营
USR_000600,USR_000600,,,,,2026-01-14,2026-01-14,2026-01-14,置顶刷新,权益,11.6,新一线城市,KA,2000-5000人,运营
USR_000600,USR_000600,,,,USR_000600,2026-02-19,2026-02-19,2026-02-19,简历查看,非权益,25.6,新一线城市,KA,2000-5000人,运营
USR_000600,USR_000600,,USR_000600,,,2026-02-20,2026-02-20,2026-02-20,简历搜索,非权益,18.8,新一线城市,KA,2000-5000人,运营
USR_000600,USR_000600,,,,USR_000600,2026-02-07,2026-02-07,2026-02-07,简历查看,非权益,18.3,新一线城市,KA,2000-5000人,运营
USR_000600,USR_000600,,,,USR_000600,2026-02-02,2026-02-02,2026-02-02,简历查看,非权益,20.3,新一线城市,KA,2000-5000人,运营
USR_000600,USR_000600,USR_000600,,,,2026-02-07,2026-02-07,2026-02-07,职位发布,非权益,9.5,新一线城市,KA,2000-5000人,运营
USR_000601,USR_000601,,,,,2026-02-16,2026-02-16,2026-02-16,置顶刷新,权益,5.2,二线城市,SME,1-49人,财务
USR_000601,USR_000601,,,,,2026-01-23,2026-01-23,2026-01-23,急聘推广,权益,18.9,二线城市,SME,1-49人,财务
USR_000601,USR_000601,,,,,2026-01-03,2026-01-03,2026-01-03,企业认证,非权益,29.3,二线城市,SME,1-49人,财务
USR_000601,USR_000601,,,,USR_000601,2026-01-04,2026-01-04,2026-01-04,简历查看,非权益,19.9,二线城市,SME,1-49人,财务
USR_000601,USR_000601,USR_000601,,,,2026-02-15,2026-02-15,2026-02-15,职位发布,非权益,51.9,二线城市,SME,1-49人,财务
USR_000601,USR_000601,,USR_000601,,,2026-01-27,2026-01-27,2026-01-27,简历搜索,非权益,14.0,二线城市,SME,1-49人,财务
USR_000601,,,,,,2026-01-19,2026-01-19,2026-01-19,置顶刷新,权益,20.1,二线城市,SME,1-49人,财务
USR_000601,,,,USR_000601,,2026-02-10,2026-02-10,2026-02-10,在线沟通,非权益,18.8,二线城市,SME,1-49人,财务
USR_000602,,,,,,2026-02-15,2026-02-15,2026-02-15,企业认证,非权益,7.5,五线城市,SME,500-999人,产品
USR_000602,USR_000602,,,,,2026-02-28,2026-02-28,2026-02-28,置顶刷新,权益,8.3,五线城市,SME,500-999人,产品
USR_000602,USR_000602,,USR_000602,,,2026-01-29,2026-01-29,2026-01-29,简历搜索,非权益,11.0,五线城市,SME,500-999人,产品
USR_000602,USR_000602,,,,,2026-02-14,2026-02-14,2026-02-14,企业认证,非权益,14.6,五线城市,SME,500-999人,产品
USR_000602,USR_000602,,,,,2026-01-18,2026-01-18,2026-01-18,企业认证,非权益,22.2,五线城市,SME,500-999人,产品
USR_000602,USR_000602,,,,,2026-01-26,2026-01-26,2026-01-26,急聘推广,权益,11.8,五线城市,SME,500-999人,产品
USR_000602,USR_000602,,,,,2026-01-10,2026-01-10,2026-01-10,企业认证,非权益,26.1,五线城市,SME,500-999人,产品
USR_000602,USR_000602,,,,,2026-02-17,2026-02-17,2026-02-17,急聘推广,权益,65.5,五线城市,SME,500-999人,产品
USR_000603,,,USR_000603,,,2026-03-01,2026-03-01,2026-03-01,简历搜索,非权益,56.7,二线城市,SME,100-499人,财务
USR_000603,USR_000603,,USR_000603,,,2026-01-03,2026-01-03,2026-01-03,简历搜索,非权益,35.2,二线城市,SME,100-499人,财务
USR_000603,USR_000603,,,,,2026-01-12,2026-01-12,2026-01-12,急聘推广,权益,7.5,二线城市,SME,100-499人,财务
USR_000603,USR_000603,,,,USR_000603,2026-02-02,2026-02-02,2026-02-02,简历查看,非权益,50.2,二线城市,SME,100-499人,财务
USR_000603,,,,,,2026-02-21,2026-02-21,2026-02-21,置顶刷新,权益,31.5,二线城市,SME,100-499人,财务
USR_000604,USR_000604,USR_000604,,,,2026-02-13,2026-02-13,2026-02-13,职位发布,非权益,6.2,二线城市,KA,100-499人,产品
USR_000604,USR_000604,,,USR_000604,,2026-01-30,2026-01-30,2026-01-30,在线沟通,非权益,18.0,二线城市,KA,100-499人,产品
USR_000604,,,,USR_000604,,2026-01-25,2026-01-25,2026-01-25,在线沟通,非权益,21.1,二线城市,KA,100-499人,产品
USR_000604,,,,USR_000604,,2026-01-17,2026-01-17,2026-01-17,在线沟通,非权益,28.4,二线城市,KA,100-499人,产品
USR_000604,USR_000604,,,,,2026-01-29,2026-01-29,2026-01-29,急聘推广,权益,10.7,二线城市,KA,100-499人,产品
USR_000604,USR_000604,,,,,2026-01-07,2026-01-07,2026-01-07,权益礼包,权益,14.1,二线城市,KA,100-499人,产品
USR_000604,USR_000604,,USR_000604,,,2026-01-28,2026-01-28,2026-01-28,简历搜索,非权益,23.8,二线城市,KA,100-499人,产品
USR_000604,USR_000604,,,USR_000604,,2026-01-15,2026-01-15,2026-01-15,在线沟通,非权益,16.3,二线城市,KA,100-499人,产品
USR_000604,,,,,,2026-01-12,2026-01-12,2026-01-12,急聘推广,权益,9.6,二线城市,KA,100-499人,产品
USR_000604,USR_000604,,,,USR_000604,2026-02-04,2026-02-04,2026-02-04,简历查看,非权益,14.6,二线城市,KA,100-499人,产品
USR_000604,,,,,,2026-01-13,2026-01-13,2026-01-13,置顶刷新,权益,5.7,二线城市,KA,100-499人,产品
USR_000604,,,,,,2026-02-06,2026-02-06,2026-02-06,置顶刷新,权益,20.7,二线城市,KA,100-499人,产品
USR_000604,USR_000604,,,USR_000604,,2026-02-26,2026-02-26,2026-02-26,在线沟通,非权益,14.8,二线城市,KA,100-499人,产品
USR_000604,USR_000604,,USR_000604,,,2026-01-24,2026-01-24,2026-01-24,简历搜索,非权益,39.1,二线城市,KA,100-499人,产品
USR_000604,USR_000604,,,,,2026-02-23,2026-02-23,2026-02-23,急聘推广,权益,12.1,二线城市,KA,100-499人,产品
USR_000604,USR_000604,,,,USR_000604,2026-01-11,2026-01-11,2026-01-11,简历查看,非权益,15.0,二线城市,KA,100-499人,产品
USR_000604,USR_000604,,,,USR_000604,2026-01-22,2026-01-22,2026-01-22,简历查看,非权益,48.5,二线城市,KA,100-499人,产品
USR_000604,,,,,,2026-02-16,2026-02-16,2026-02-16,权益礼包,权益,58.1,二线城市,KA,100-499人,产品
USR_000604,,,,,USR_000604,2026-01-12,2026-01-12,2026-01-12,简历查看,非权益,16.8,二线城市,KA,100-499人,产品
USR_000604,,,,,,2026-01-11,2026-01-11,2026-01-11,置顶刷新,权益,45.6,二线城市,KA,100-499人,产品
USR_000605,,,,,,2026-02-18,2026-02-18,2026-02-18,权益礼包,权益,24.0,新一线城市,SME,500-999人,行政
USR_000605,,,,,,2026-02-13,2026-02-13,2026-02-13,急聘推广,权益,54.3,新一线城市,SME,500-999人,行政
USR_000605,USR_000605,,USR_000605,,,2026-02-13,2026-02-13,2026-02-13,简历搜索,非权益,15.8,新一线城市,SME,500-999人,行政
USR_000605,,,,,,2026-02-02,2026-02-02,2026-02-02,企业认证,非权益,8.6,新一线城市,SME,500-999人,行政
USR_000606,USR_000606,,,,,2026-01-07,2026-01-07,2026-01-07,置顶刷新,权益,6.4,三线城市,SME,100-499人,销售
USR_000606,USR_000606,,USR_000606,,,2026-02-20,2026-02-20,2026-02-20,简历搜索,非权益,34.4,三线城市,SME,100-499人,销售
USR_000606,USR_000606,,USR_000606,,,2026-01-26,2026-01-26,2026-01-26,简历搜索,非权益,31.4,三线城市,SME,100-499人,销售
USR_000606,USR_000606,,,,,2026-01-12,2026-01-12,2026-01-12,急聘推广,权益,25.3,三线城市,SME,100-499人,销售
USR_000606,USR_000606,USR_000606,,,,2026-01-06,2026-01-06,2026-01-06,职位发布,非权益,12.6,三线城市,SME,100-499人,销售
USR_000607,,,,,,2026-01-25,2026-01-25,2026-01-25,企业认证,非权益,6.9,一线城市,SME,5000-10000人,行政
USR_000607,USR_000607,,,,,2026-01-05,2026-01-05,2026-01-05,急聘推广,权益,5.7,一线城市,SME,5000-10000人,行政
USR_000607,USR_000607,,,,USR_000607,2026-02-04,2026-02-04,2026-02-04,简历查看,非权益,9.5,一线城市,SME,5000-10000人,行政
USR_000607,,,,,,2026-01-20,2026-01-20,2026-01-20,急聘推广,权益,12.0,一线城市,SME,5000-10000人,行政
USR_000607,USR_000607,,,,,2026-02-20,2026-02-20,2026-02-20,企业认证,非权益,52.8,一线城市,SME,5000-10000人,行政
USR_000607,USR_000607,,,,,2026-02-04,2026-02-04,2026-02-04,企业认证,非权益,16.7,一线城市,SME,5000-10000人,行政
USR_000607,USR_000607,,,,,2026-01-08,2026-01-08,2026-01-08,置顶刷新,权益,6.3,一线城市,SME,5000-10000人,行政
USR_000607,USR_000607,,,USR_000607,,2026-02-12,2026-02-12,2026-02-12,在线沟通,非权益,42.1,一线城市,SME,5000-10000人,行政
USR_000607,USR_000607,,,,,2026-01-12,2026-01-12,2026-01-12,权益礼包,权益,22.9,一线城市,SME,5000-10000人,行政
USR_000607,USR_000607,,,,,2026-01-02,2026-01-02,2026-01-02,企业认证,非权益,13.3,一线城市,SME,5000-10000人,行政
USR_000607,USR_000607,,,,,2026-02-03,2026-02-03,2026-02-03,权益礼包,权益,20.7,一线城市,SME,5000-10000人,行政
USR_000607,USR_000607,,,,USR_000607,2026-01-04,2026-01-04,2026-01-04,简历查看,非权益,36.8,一线城市,SME,5000-10000人,行政
USR_000607,,,,,,2026-02-19,2026-02-19,2026-02-19,置顶刷新,权益,33.2,一线城市,SME,5000-10000人,行政
USR_000607,,,,USR_000607,,2026-01-07,2026-01-07,2026-01-07,在线沟通,非权益,24.7,一线城市,SME,5000-10000人,行政
USR_000607,USR_000607,USR_000607,,,,2026-02-20,2026-02-20,2026-02-20,职位发布,非权益,6.2,一线城市,SME,5000-10000人,行政
USR_000608,,,USR_000608,,,2026-01-30,2026-01-30,2026-01-30,简历搜索,非权益,14.0,四线城市,SME,1-49人,客服
USR_000608,USR_000608,USR_000608,,,,2026-02-27,2026-02-27,2026-02-27,职位发布,非权益,10.9,四线城市,SME,1-49人,客服
USR_000608,USR_000608,,,,USR_000608,2026-01-02,2026-01-02,2026-01-02,简历查看,非权益,20.6,四线城市,SME,1-49人,客服
USR_000608,,,,,,2026-02-27,2026-02-27,2026-02-27,置顶刷新,权益,31.8,四线城市,SME,1-49人,客服
USR_000608,USR_000608,,,USR_000608,,2026-01-30,2026-01-30,2026-01-30,在线沟通,非权益,26.9,四线城市,SME,1-49人,客服
USR_000608,USR_000608,,,,,2026-01-26,2026-01-26,2026-01-26,权益礼包,权益,20.4,四线城市,SME,1-49人,客服
USR_000608,USR_000608,,,,,2026-01-07,2026-01-07,2026-01-07,权益礼包,权益,16.4,四线城市,SME,1-49人,客服
USR_000608,,,,,,2026-02-20,2026-02-20,2026-02-20,权益礼包,权益,5.4,四线城市,SME,1-49人,客服
USR_000608,USR_000608,,,,USR_000608,2026-02-26,2026-02-26,2026-02-26,简历查看,非权益,5.6,四线城市,SME,1-49人,客服
USR_000608,,,USR_000608,,,2026-02-03,2026-02-03,2026-02-03,简历搜索,非权益,10.7,四线城市,SME,1-49人,客服
USR_000608,USR_000608,USR_000608,,,,2026-02-15,2026-02-15,2026-02-15,职位发布,非权益,21.6,四线城市,SME,1-49人,客服
USR_000608,USR_000608,,,,USR_000608,2026-01-25,2026-01-25,2026-01-25,简历查看,非权益,38.9,四线城市,SME,1-49人,客服
USR_000608,USR_000608,,USR_000608,,,2026-01-29,2026-01-29,2026-01-29,简历搜索,非权益,29.3,四线城市,SME,1-49人,客服
USR_000608,,,,,,2026-01-28,2026-01-28,2026-01-28,急聘推广,权益,11.5,四线城市,SME,1-49人,客服
USR_000608,USR_000608,,USR_000608,,,2026-02-06,2026-02-06,2026-02-06,简历搜索,非权益,32.3,四线城市,SME,1-49人,客服
USR_000608,,,,USR_000608,,2026-01-29,2026-01-29,2026-01-29,在线沟通,非权益,9.4,四线城市,SME,1-49人,客服
USR_000608,USR_000608,,,,,2026-02-19,2026-02-19,2026-02-19,置顶刷新,权益,18.2,四线城市,SME,1-49人,客服
USR_000608,USR_000608,,,,,2026-01-13,2026-01-13,2026-01-13,权益礼包,权益,6.0,四线城市,SME,1-49人,客服
USR_000608,,USR_000608,,,,2026-01-01,2026-01-01,2026-01-01,职位发布,非权益,39.3,四线城市,SME,1-49人,客服
USR_000609,,,,,USR_000609,2026-01-09,2026-01-09,2026-01-09,简历查看,非权益,47.0,五线城市,SME,1-49人,研发
USR_000609,USR_000609,,,,,2026-01-28,2026-01-28,2026-01-28,权益礼包,权益,8.6,五线城市,SME,1-49人,研发
USR_000609,,,,,,2026-01-21,2026-01-21,2026-01-21,企业认证,非权益,53.2,五线城市,SME,1-49人,研发
USR_000609,,,,,USR_000609,2026-02-25,2026-02-25,2026-02-25,简历查看,非权益,15.2,五线城市,SME,1-49人,研发
USR_000609,USR_000609,,,,,2026-02-28,2026-02-28,2026-02-28,急聘推广,权益,7.3,五线城市,SME,1-49人,研发
USR_000609,,USR_000609,,,,2026-01-14,2026-01-14,2026-01-14,职位发布,非权益,19.5,五线城市,SME,1-49人,研发
USR_000609,USR_000609,,,,,2026-02-25,2026-02-25,2026-02-25,急聘推广,权益,28.1,五线城市,SME,1-49人,研发
USR_000609,,,,USR_000609,,2026-01-05,2026-01-05,2026-01-05,在线沟通,非权益,13.8,五线城市,SME,1-49人,研发
USR_000609,USR_000609,,,,,2026-02-01,2026-02-01,2026-02-01,权益礼包,权益,14.1,五线城市,SME,1-49人,研发
USR_000609,USR_000609,,,,,2026-02-26,2026-02-26,2026-02-26,置顶刷新,权益,23.3,五线城市,SME,1-49人,研发
USR_000609,USR_000609,,,,,2026-01-31,2026-01-31,2026-01-31,急聘推广,权益,27.6,五线城市,SME,1-49人,研发
USR_000609,,,,USR_000609,,2026-01-26,2026-01-26,2026-01-26,在线沟通,非权益,7.7,五线城市,SME,1-49人,研发
USR_000609,,,,USR_000609,,2026-01-09,2026-01-09,2026-01-09,在线沟通,非权益,6.4,五线城市,SME,1-49人,研发
USR_000609,,,,,,2026-01-27,2026-01-27,2026-01-27,权益礼包,权益,19.0,五线城市,SME,1-49人,研发
USR_000609,USR_000609,,,USR_000609,,2026-02-18,2026-02-18,2026-02-18,在线沟通,非权益,10.9,五线城市,SME,1-49人,研发
USR_000609,USR_000609,,,,,2026-01-27,2026-01-27,2026-01-27,置顶刷新,权益,64.9,五线城市,SME,1-49人,研发
USR_000609,,,,,,2026-01-30,2026-01-30,2026-01-30,权益礼包,权益,38.2,五线城市,SME,1-49人,研发
USR_000609,,,,,USR_000609,2026-02-10,2026-02-10,2026-02-10,简历查看,非权益,25.0,五线城市,SME,1-49人,研发
USR_000609,USR_000609,,USR_000609,,,2026-02-16,2026-02-16,2026-02-16,简历搜索,非权益,18.0,五线城市,SME,1-49人,研发
USR_000609,USR_000609,,,USR_000609,,2026-03-01,2026-03-01,2026-03-01,在线沟通,非权益,16.5,五线城市,SME,1-49人,研发
USR_000609,USR_000609,,,USR_000609,,2026-01-23,2026-01-23,2026-01-23,在线沟通,非权益,15.3,五线城市,SME,1-49人,研发
USR_000609,,,,,,2026-01-19,2026-01-19,2026-01-19,置顶刷新,权益,23.0,五线城市,SME,1-49人,研发
USR_000610,USR_000610,,,,,2026-02-13,2026-02-13,2026-02-13,置顶刷新,权益,14.0,四线城市,SME,1-49人,财务
USR_000610,USR_000610,,,,,2026-01-31,2026-01-31,2026-01-31,置顶刷新,权益,33.4,四线城市,SME,1-49人,财务
USR_000610,,,,,USR_000610,2026-02-17,2026-02-17,2026-02-17,简历查看,非权益,10.7,四线城市,SME,1-49人,财务
USR_000610,USR_000610,,,,USR_000610,2026-02-24,2026-02-24,2026-02-24,简历查看,非权益,22.2,四线城市,SME,1-49人,财务
USR_000610,USR_000610,,,,,2026-02-08,2026-02-08,2026-02-08,权益礼包,权益,13.6,四线城市,SME,1-49人,财务
USR_000610,USR_000610,USR_000610,,,,2026-02-17,2026-02-17,2026-02-17,职位发布,非权益,17.0,四线城市,SME,1-49人,财务
USR_000610,USR_000610,USR_000610,,,,2026-01-27,2026-01-27,2026-01-27,职位发布,非权益,10.6,四线城市,SME,1-49人,财务
USR_000611,USR_000611,USR_000611,,,,2026-02-20,2026-02-20,2026-02-20,职位发布,非权益,21.5,四线城市,SME,100-499人,产品
USR_000611,,,,,,2026-02-10,2026-02-10,2026-02-10,企业认证,非权益,6.7,四线城市,SME,100-499人,产品
USR_000611,,,,,USR_000611,2026-01-24,2026-01-24,2026-01-24,简历查看,非权益,62.2,四线城市,SME,100-499人,产品
USR_000611,USR_000611,,USR_000611,,,2026-01-11,2026-01-11,2026-01-11,简历搜索,非权益,8.9,四线城市,SME,100-499人,产品
USR_000611,,,,,,2026-01-29,2026-01-29,2026-01-29,急聘推广,权益,15.2,四线城市,SME,100-499人,产品
USR_000611,,,,,,2026-01-07,2026-01-07,2026-01-07,急聘推广,权益,7.0,四线城市,SME,100-499人,产品
USR_000611,USR_000611,,,,,2026-02-11,2026-02-11,2026-02-11,置顶刷新,权益,6.7,四线城市,SME,100-499人,产品
USR_000611,USR_000611,USR_000611,,,,2026-01-05,2026-01-05,2026-01-05,职位发布,非权益,21.7,四线城市,SME,100-499人,产品
USR_000611,USR_000611,,USR_000611,,,2026-01-04,2026-01-04,2026-01-04,简历搜索,非权益,71.9,四线城市,SME,100-499人,产品
USR_000611,USR_000611,,,,,2026-01-05,2026-01-05,2026-01-05,企业认证,非权益,9.5,四线城市,SME,100-499人,产品
USR_000611,,,,,,2026-01-04,2026-01-04,2026-01-04,急聘推广,权益,11.3,四线城市,SME,100-499人,产品
USR_000611,,,,,,2026-01-26,2026-01-26,2026-01-26,权益礼包,权益,23.5,四线城市,SME,100-499人,产品
USR_000611,,,,,,2026-02-21,2026-02-21,2026-02-21,置顶刷新,权益,29.9,四线城市,SME,100-499人,产品
USR_000611,USR_000611,USR_000611,,,,2026-02-16,2026-02-16,2026-02-16,职位发布,非权益,51.0,四线城市,SME,100-499人,产品
USR_000612,USR_000612,,USR_000612,,,2026-01-21,2026-01-21,2026-01-21,简历搜索,非权益,10.0,新一线城市,SME,50-99人,市场
USR_000612,USR_000612,,USR_000612,,,2026-01-17,2026-01-17,2026-01-17,简历搜索,非权益,61.9,新一线城市,SME,50-99人,市场
USR_000612,USR_000612,,,,,2026-02-09,2026-02-09,2026-02-09,企业认证,非权益,26.8,新一线城市,SME,50-99人,市场
USR_000613,,,,,,2026-02-28,2026-02-28,2026-02-28,急聘推广,权益,25.8,三线城市,SME,2000-5000人,研发
USR_000613,USR_000613,,,,,2026-02-26,2026-02-26,2026-02-26,置顶刷新,权益,35.5,三线城市,SME,2000-5000人,研发
USR_000613,USR_000613,,USR_000613,,,2026-02-08,2026-02-08,2026-02-08,简历搜索,非权益,28.5,三线城市,SME,2000-5000人,研发
USR_000613,USR_000613,,,,USR_000613,2026-01-01,2026-01-01,2026-01-01,简历查看,非权益,37.6,三线城市,SME,2000-5000人,研发
USR_000613,USR_000613,,,,,2026-02-15,2026-02-15,2026-02-15,权益礼包,权益,9.3,三线城市,SME,2000-5000人,研发
USR_000613,USR_000613,,,,USR_000613,2026-01-15,2026-01-15,2026-01-15,简历查看,非权益,5.5,三线城市,SME,2000-5000人,研发
USR_000613,USR_000613,,,,USR_000613,2026-02-28,2026-02-28,2026-02-28,简历查看,非权益,24.9,三线城市,SME,2000-5000人,研发
USR_000613,,,,,,2026-02-24,2026-02-24,2026-02-24,企业认证,非权益,23.7,三线城市,SME,2000-5000人,研发
USR_000613,,,USR_000613,,,2026-02-19,2026-02-19,2026-02-19,简历搜索,非权益,11.0,三线城市,SME,2000-5000人,研发
USR_000613,USR_000613,USR_000613,,,,2026-02-28,2026-02-28,2026-02-28,职位发布,非权益,21.6,三线城市,SME,2000-5000人,研发
USR_000613,USR_000613,,,,USR_000613,2026-01-03,2026-01-03,2026-01-03,简历查看,非权益,20.8,三线城市,SME,2000-5000人,研发
USR_000613,,,,USR_000613,,2026-02-18,2026-02-18,2026-02-18,在线沟通,非权益,8.0,三线城市,SME,2000-5000人,研发
USR_000613,USR_000613,,,USR_000613,,2026-01-23,2026-01-23,2026-01-23,在线沟通,非权益,16.4,三线城市,SME,2000-5000人,研发
USR_000613,,,USR_000613,,,2026-02-24,2026-02-24,2026-02-24,简历搜索,非权益,17.4,三线城市,SME,2000-5000人,研发
USR_000614,,USR_000614,,,,2026-01-29,2026-01-29,2026-01-29,职位发布,非权益,28.8,新一线城市,SME,10000人以上,销售
USR_000615,USR_000615,,,USR_000615,,2026-01-05,2026-01-05,2026-01-05,在线沟通,非权益,27.5,五线城市,SME,2000-5000人,市场
USR_000615,USR_000615,,,,,2026-02-23,2026-02-23,2026-02-23,企业认证,非权益,5.8,五线城市,SME,2000-5000人,市场
USR_000615,,,,USR_000615,,2026-01-20,2026-01-20,2026-01-20,在线沟通,非权益,8.7,五线城市,SME,2000-5000人,市场
USR_000615,USR_000615,,,,USR_000615,2026-01-16,2026-01-16,2026-01-16,简历查看,非权益,43.1,五线城市,SME,2000-5000人,市场
USR_000615,,,,,,2026-02-26,2026-02-26,2026-02-26,置顶刷新,权益,21.7,五线城市,SME,2000-5000人,市场
USR_000615,USR_000615,USR_000615,,,,2026-01-11,2026-01-11,2026-01-11,职位发布,非权益,15.1,五线城市,SME,2000-5000人,市场
USR_000615,USR_000615,,USR_000615,,,2026-01-10,2026-01-10,2026-01-10,简历搜索,非权益,41.9,五线城市,SME,2000-5000人,市场
USR_000616,,,,,,2026-01-07,2026-01-07,2026-01-07,急聘推广,权益,31.4,四线城市,SME,500-999人,行政
USR_000616,,,,,,2026-02-16,2026-02-16,2026-02-16,急聘推广,权益,8.6,四线城市,SME,500-999人,行政
USR_000616,USR_000616,,USR_000616,,,2026-02-18,2026-02-18,2026-02-18,简历搜索,非权益,30.9,四线城市,SME,500-999人,行政
USR_000616,,,,,,2026-02-03,2026-02-03,2026-02-03,权益礼包,权益,8.0,四线城市,SME,500-999人,行政
USR_000616,USR_000616,,,,USR_000616,2026-01-03,2026-01-03,2026-01-03,简历查看,非权益,41.1,四线城市,SME,500-999人,行政
USR_000616,USR_000616,,,,,2026-02-04,2026-02-04,2026-02-04,急聘推广,权益,35.9,四线城市,SME,500-999人,行政
USR_000616,USR_000616,,,,USR_000616,2026-02-16,2026-02-16,2026-02-16,简历查看,非权益,45.2,四线城市,SME,500-999人,行政
USR_000616,,,,USR_000616,,2026-01-23,2026-01-23,2026-01-23,在线沟通,非权益,28.5,四线城市,SME,500-999人,行政
USR_000616,USR_000616,,,,,2026-01-02,2026-01-02,2026-01-02,企业认证,非权益,17.2,四线城市,SME,500-999人,行政
USR_000616,,,,,,2026-01-16,2026-01-16,2026-01-16,企业认证,非权益,13.0,四线城市,SME,500-999人,行政
USR_000616,USR_000616,,,,,2026-01-20,2026-01-20,2026-01-20,急聘推广,权益,65.0,四线城市,SME,500-999人,行政
USR_000616,,,,,,2026-02-16,2026-02-16,2026-02-16,企业认证,非权益,7.0,四线城市,SME,500-999人,行政
USR_000616,USR_000616,,,,,2026-02-06,2026-02-06,2026-02-06,急聘推广,权益,11.4,四线城市,SME,500-999人,行政
USR_000617,USR_000617,,,,,2026-01-28,2026-01-28,2026-01-28,权益礼包,权益,6.5,五线城市,SME,5000-10000人,行政
USR_000617,,USR_000617,,,,2026-01-24,2026-01-24,2026-01-24,职位发布,非权益,6.0,五线城市,SME,5000-10000人,行政
USR_000617,USR_000617,,,,,2026-02-11,2026-02-11,2026-02-11,权益礼包,权益,37.2,五线城市,SME,5000-10000人,行政
USR_000617,,,,,,2026-01-04,2026-01-04,2026-01-04,急聘推广,权益,6.8,五线城市,SME,5000-10000人,行政
USR_000618,USR_000618,,USR_000618,,,2026-01-25,2026-01-25,2026-01-25,简历搜索,非权益,5.2,五线城市,KA,5000-10000人,产品
USR_000618,USR_000618,,,,,2026-02-20,2026-02-20,2026-02-20,置顶刷新,权益,22.9,五线城市,KA,5000-10000人,产品
USR_000618,,USR_000618,,,,2026-02-02,2026-02-02,2026-02-02,职位发布,非权益,59.7,五线城市,KA,5000-10000人,产品
USR_000618,USR_000618,,,,,2026-02-23,2026-02-23,2026-02-23,企业认证,非权益,13.0,五线城市,KA,5000-10000人,产品
USR_000618,USR_000618,USR_000618,,,,2026-01-25,2026-01-25,2026-01-25,职位发布,非权益,21.6,五线城市,KA,5000-10000人,产品
USR_000618,,USR_000618,,,,2026-01-20,2026-01-20,2026-01-20,职位发布,非权益,7.1,五线城市,KA,5000-10000人,产品
USR_000618,,,,,,2026-02-17,2026-02-17,2026-02-17,权益礼包,权益,36.3,五线城市,KA,5000-10000人,产品
USR_000618,,,USR_000618,,,2026-02-09,2026-02-09,2026-02-09,简历搜索,非权益,25.1,五线城市,KA,5000-10000人,产品
USR_000618,USR_000618,,,,USR_000618,2026-01-15,2026-01-15,2026-01-15,简历查看,非权益,44.5,五线城市,KA,5000-10000人,产品
USR_000618,USR_000618,,,,,2026-02-04,2026-02-04,2026-02-04,急聘推广,权益,27.0,五线城市,KA,5000-10000人,产品
USR_000619,USR_000619,,,,,2026-01-07,2026-01-07,2026-01-07,企业认证,非权益,11.4,三线城市,SME,1000-2000人,财务
USR_000619,,,,,,2026-02-06,2026-02-06,2026-02-06,急聘推广,权益,81.2,三线城市,SME,1000-2000人,财务
USR_000619,USR_000619,,USR_000619,,,2026-02-18,2026-02-18,2026-02-18,简历搜索,非权益,15.1,三线城市,SME,1000-2000人,财务
USR_000619,USR_000619,USR_000619,,,,2026-02-07,2026-02-07,2026-02-07,职位发布,非权益,147.7,三线城市,SME,1000-2000人,财务
USR_000619,USR_000619,,,USR_000619,,2026-01-15,2026-01-15,2026-01-15,在线沟通,非权益,8.8,三线城市,SME,1000-2000人,财务
USR_000619,USR_000619,,,,,2026-02-10,2026-02-10,2026-02-10,企业认证,非权益,16.7,三线城市,SME,1000-2000人,财务
USR_000619,USR_000619,USR_000619,,,,2026-01-01,2026-01-01,2026-01-01,职位发布,非权益,6.0,三线城市,SME,1000-2000人,财务
USR_000619,USR_000619,,USR_000619,,,2026-01-20,2026-01-20,2026-01-20,简历搜索,非权益,51.9,三线城市,SME,1000-2000人,财务
USR_000619,USR_000619,,,,,2026-02-11,2026-02-11,2026-02-11,置顶刷新,权益,94.0,三线城市,SME,1000-2000人,财务
USR_000619,,,,,,2026-02-15,2026-02-15,2026-02-15,企业认证,非权益,15.2,三线城市,SME,1000-2000人,财务
USR_000619,USR_000619,,,,,2026-01-23,2026-01-23,2026-01-23,置顶刷新,权益,18.0,三线城市,SME,1000-2000人,财务
USR_000619,USR_000619,,,,,2026-01-01,2026-01-01,2026-01-01,急聘推广,权益,10.0,三线城市,SME,1000-2000人,财务
USR_000619,USR_000619,,,,,2026-02-23,2026-02-23,2026-02-23,置顶刷新,权益,29.7,三线城市,SME,1000-2000人,财务
USR_000619,USR_000619,,,,,2026-02-27,2026-02-27,2026-02-27,置顶刷新,权益,5.0,三线城市,SME,1000-2000人,财务
USR_000619,,USR_000619,,,,2026-01-09,2026-01-09,2026-01-09,职位发布,非权益,20.5,三线城市,SME,1000-2000人,财务
USR_000619,,,USR_000619,,,2026-01-23,2026-01-23,2026-01-23,简历搜索,非权益,47.6,三线城市,SME,1000-2000人,财务
USR_000619,USR_000619,,,,,2026-02-04,2026-02-04,2026-02-04,权益礼包,权益,39.3,三线城市,SME,1000-2000人,财务
USR_000619,USR_000619,,,USR_000619,,2026-01-15,2026-01-15,2026-01-15,在线沟通,非权益,21.7,三线城市,SME,1000-2000人,财务
USR_000619,USR_000619,,,,,2026-01-23,2026-01-23,2026-01-23,权益礼包,权益,38.1,三线城市,SME,1000-2000人,财务
USR_000619,USR_000619,,,USR_000619,,2026-01-25,2026-01-25,2026-01-25,在线沟通,非权益,9.9,三线城市,SME,1000-2000人,财务
USR_000619,USR_000619,USR_000619,,,,2026-02-10,2026-02-10,2026-02-10,职位发布,非权益,14.2,三线城市,SME,1000-2000人,财务
USR_000619,USR_000619,,,,,2026-01-08,2026-01-08,2026-01-08,企业认证,非权益,8.7,三线城市,SME,1000-2000人,财务
USR_000620,USR_000620,,,,,2026-02-19,2026-02-19,2026-02-19,急聘推广,权益,10.9,三线城市,SME,1000-2000人,产品
USR_000620,USR_000620,USR_000620,,,,2026-02-19,2026-02-19,2026-02-19,职位发布,非权益,7.4,三线城市,SME,1000-2000人,产品
USR_000620,USR_000620,,,,,2026-02-14,2026-02-14,2026-02-14,置顶刷新,权益,51.6,三线城市,SME,1000-2000人,产品
USR_000620,USR_000620,,,USR_000620,,2026-01-30,2026-01-30,2026-01-30,在线沟通,非权益,68.4,三线城市,SME,1000-2000人,产品
USR_000620,USR_000620,,,USR_000620,,2026-01-19,2026-01-19,2026-01-19,在线沟通,非权益,26.8,三线城市,SME,1000-2000人,产品
USR_000620,USR_000620,USR_000620,,,,2026-02-26,2026-02-26,2026-02-26,职位发布,非权益,12.1,三线城市,SME,1000-2000人,产品
USR_000620,USR_000620,USR_000620,,,,2026-02-10,2026-02-10,2026-02-10,职位发布,非权益,8.2,三线城市,SME,1000-2000人,产品
USR_000620,USR_000620,,,,,2026-01-07,2026-01-07,2026-01-07,企业认证,非权益,18.4,三线城市,SME,1000-2000人,产品
USR_000620,USR_000620,USR_000620,,,,2026-01-30,2026-01-30,2026-01-30,职位发布,非权益,6.4,三线城市,SME,1000-2000人,产品
USR_000620,,,,,,2026-02-22,2026-02-22,2026-02-22,置顶刷新,权益,13.5,三线城市,SME,1000-2000人,产品
USR_000620,USR_000620,,,USR_000620,,2026-01-04,2026-01-04,2026-01-04,在线沟通,非权益,41.8,三线城市,SME,1000-2000人,产品
USR_000620,USR_000620,,,,,2026-02-22,2026-02-22,2026-02-22,急聘推广,权益,6.7,三线城市,SME,1000-2000人,产品
USR_000620,USR_000620,,USR_000620,,,2026-02-22,2026-02-22,2026-02-22,简历搜索,非权益,20.0,三线城市,SME,1000-2000人,产品
USR_000620,USR_000620,,,USR_000620,,2026-02-24,2026-02-24,2026-02-24,在线沟通,非权益,24.8,三线城市,SME,1000-2000人,产品
USR_000620,USR_000620,,,,,2026-02-02,2026-02-02,2026-02-02,置顶刷新,权益,8.1,三线城市,SME,1000-2000人,产品
USR_000620,USR_000620,,USR_000620,,,2026-02-20,2026-02-20,2026-02-20,简历搜索,非权益,41.8,三线城市,SME,1000-2000人,产品
USR_000620,USR_000620,,,,,2026-01-31,2026-01-31,2026-01-31,权益礼包,权益,21.4,三线城市,SME,1000-2000人,产品
USR_000621,USR_000621,,,,,2026-02-13,2026-02-13,2026-02-13,权益礼包,权益,36.0,四线城市,SME,500-999人,产品
USR_000621,USR_000621,,,,,2026-01-25,2026-01-25,2026-01-25,急聘推广,权益,16.5,四线城市,SME,500-999人,产品
USR_000621,USR_000621,,,,,2026-02-21,2026-02-21,2026-02-21,置顶刷新,权益,19.7,四线城市,SME,500-999人,产品
USR_000621,USR_000621,,,,,2026-02-23,2026-02-23,2026-02-23,企业认证,非权益,11.2,四线城市,SME,500-999人,产品
USR_000621,USR_000621,,,,USR_000621,2026-01-21,2026-01-21,2026-01-21,简历查看,非权益,16.4,四线城市,SME,500-999人,产品
USR_000621,,USR_000621,,,,2026-02-08,2026-02-08,2026-02-08,职位发布,非权益,13.8,四线城市,SME,500-999人,产品
USR_000621,USR_000621,,USR_000621,,,2026-02-13,2026-02-13,2026-02-13,简历搜索,非权益,19.4,四线城市,SME,500-999人,产品
USR_000621,USR_000621,,,,,2026-01-21,2026-01-21,2026-01-21,企业认证,非权益,6.1,四线城市,SME,500-999人,产品
USR_000621,USR_000621,,,,,2026-01-10,2026-01-10,2026-01-10,急聘推广,权益,9.1,四线城市,SME,500-999人,产品
USR_000621,USR_000621,,,,,2026-01-04,2026-01-04,2026-01-04,急聘推广,权益,34.5,四线城市,SME,500-999人,产品
USR_000621,USR_000621,,,,USR_000621,2026-03-01,2026-03-01,2026-03-01,简历查看,非权益,6.5,四线城市,SME,500-999人,产品
USR_000621,,,,USR_000621,,2026-03-01,2026-03-01,2026-03-01,在线沟通,非权益,10.9,四线城市,SME,500-999人,产品
USR_000621,,USR_000621,,,,2026-01-02,2026-01-02,2026-01-02,职位发布,非权益,5.9,四线城市,SME,500-999人,产品
USR_000621,USR_000621,,,,,2026-02-09,2026-02-09,2026-02-09,急聘推广,权益,7.4,四线城市,SME,500-999人,产品
USR_000621,,,,,,2026-02-07,2026-02-07,2026-02-07,置顶刷新,权益,8.6,四线城市,SME,500-999人,产品
USR_000621,,,,,,2026-02-07,2026-02-07,2026-02-07,急聘推广,权益,13.7,四线城市,SME,500-999人,产品
USR_000621,,,USR_000621,,,2026-01-31,2026-01-31,2026-01-31,简历搜索,非权益,14.0,四线城市,SME,500-999人,产品
USR_000621,USR_000621,,,USR_000621,,2026-02-07,2026-02-07,2026-02-07,在线沟通,非权益,31.6,四线城市,SME,500-999人,产品
USR_000621,USR_000621,,,,,2026-02-16,2026-02-16,2026-02-16,急聘推广,权益,8.5,四线城市,SME,500-999人,产品
USR_000621,USR_000621,,,,,2026-02-12,2026-02-12,2026-02-12,置顶刷新,权益,28.9,四线城市,SME,500-999人,产品
USR_000621,,,,,USR_000621,2026-01-29,2026-01-29,2026-01-29,简历查看,非权益,47.4,四线城市,SME,500-999人,产品
USR_000622,USR_000622,,,,,2026-02-09,2026-02-09,2026-02-09,置顶刷新,权益,27.9,一线城市,KA,50-99人,销售
USR_000622,USR_000622,,,,USR_000622,2026-01-31,2026-01-31,2026-01-31,简历查看,非权益,16.3,一线城市,KA,50-99人,销售
USR_000622,USR_000622,,,,,2026-02-22,2026-02-22,2026-02-22,急聘推广,权益,17.2,一线城市,KA,50-99人,销售
USR_000622,USR_000622,,,,,2026-01-31,2026-01-31,2026-01-31,企业认证,非权益,28.0,一线城市,KA,50-99人,销售
USR_000622,,,USR_000622,,,2026-02-05,2026-02-05,2026-02-05,简历搜索,非权益,26.5,一线城市,KA,50-99人,销售
USR_000622,USR_000622,,,,,2026-01-18,2026-01-18,2026-01-18,置顶刷新,权益,36.0,一线城市,KA,50-99人,销售
USR_000622,USR_000622,,USR_000622,,,2026-01-23,2026-01-23,2026-01-23,简历搜索,非权益,20.9,一线城市,KA,50-99人,销售
USR_000622,USR_000622,USR_000622,,,,2026-02-27,2026-02-27,2026-02-27,职位发布,非权益,21.4,一线城市,KA,50-99人,销售
USR_000622,USR_000622,,,,,2026-01-14,2026-01-14,2026-01-14,急聘推广,权益,23.9,一线城市,KA,50-99人,销售
USR_000622,USR_000622,,,,,2026-01-04,2026-01-04,2026-01-04,权益礼包,权益,9.8,一线城市,KA,50-99人,销售
USR_000622,USR_000622,,,,,2026-01-04,2026-01-04,2026-01-04,权益礼包,权益,23.1,一线城市,KA,50-99人,销售
USR_000622,USR_000622,,,,,2026-01-04,2026-01-04,2026-01-04,置顶刷新,权益,21.4,一线城市,KA,50-99人,销售
USR_000622,USR_000622,,USR_000622,,,2026-01-20,2026-01-20,2026-01-20,简历搜索,非权益,16.2,一线城市,KA,50-99人,销售
USR_000622,USR_000622,,USR_000622,,,2026-02-09,2026-02-09,2026-02-09,简历搜索,非权益,22.9,一线城市,KA,50-99人,销售
USR_000622,USR_000622,,,,,2026-02-28,2026-02-28,2026-02-28,急聘推广,权益,6.5,一线城市,KA,50-99人,销售
USR_000623,USR_000623,,,USR_000623,,2026-02-24,2026-02-24,2026-02-24,在线沟通,非权益,15.1,新一线城市,KA,1000-2000人,销售
USR_000623,USR_000623,USR_000623,,,,2026-01-23,2026-01-23,2026-01-23,职位发布,非权益,12.4,新一线城市,KA,1000-2000人,销售
USR_000623,,,,,USR_000623,2026-01-12,2026-01-12,2026-01-12,简历查看,非权益,43.9,新一线城市,KA,1000-2000人,销售
USR_000623,,,,USR_000623,,2026-02-12,2026-02-12,2026-02-12,在线沟通,非权益,20.2,新一线城市,KA,1000-2000人,销售
USR_000623,USR_000623,,,,,2026-02-20,2026-02-20,2026-02-20,权益礼包,权益,32.7,新一线城市,KA,1000-2000人,销售
USR_000623,USR_000623,USR_000623,,,,2026-01-17,2026-01-17,2026-01-17,职位发布,非权益,34.9,新一线城市,KA,1000-2000人,销售
USR_000623,,,,,,2026-01-02,2026-01-02,2026-01-02,急聘推广,权益,8.8,新一线城市,KA,1000-2000人,销售
USR_000623,USR_000623,USR_000623,,,,2026-02-24,2026-02-24,2026-02-24,职位发布,非权益,17.8,新一线城市,KA,1000-2000人,销售
USR_000623,USR_000623,,,,,2026-01-01,2026-01-01,2026-01-01,权益礼包,权益,8.6,新一线城市,KA,1000-2000人,销售
USR_000624,USR_000624,,,USR_000624,,2026-01-02,2026-01-02,2026-01-02,在线沟通,非权益,5.7,四线城市,SME,10000人以上,行政
USR_000624,,,,,,2026-02-26,2026-02-26,2026-02-26,权益礼包,权益,28.9,四线城市,SME,10000人以上,行政
USR_000625,USR_000625,,,,,2026-01-01,2026-01-01,2026-01-01,权益礼包,权益,7.6,三线城市,SME,5000-10000人,销售
USR_000625,USR_000625,,,,,2026-01-08,2026-01-08,2026-01-08,急聘推广,权益,8.0,三线城市,SME,5000-10000人,销售
USR_000625,USR_000625,USR_000625,,,,2026-02-22,2026-02-22,2026-02-22,职位发布,非权益,5.8,三线城市,SME,5000-10000人,销售
USR_000625,USR_000625,,,,,2026-01-05,2026-01-05,2026-01-05,置顶刷新,权益,26.5,三线城市,SME,5000-10000人,销售
USR_000625,USR_000625,,,,USR_000625,2026-02-24,2026-02-24,2026-02-24,简历查看,非权益,9.8,三线城市,SME,5000-10000人,销售
USR_000625,USR_000625,,,,,2026-02-11,2026-02-11,2026-02-11,权益礼包,权益,26.6,三线城市,SME,5000-10000人,销售
USR_000625,USR_000625,,,,,2026-01-11,2026-01-11,2026-01-11,急聘推广,权益,68.4,三线城市,SME,5000-10000人,销售
USR_000625,USR_000625,,,USR_000625,,2026-01-16,2026-01-16,2026-01-16,在线沟通,非权益,14.4,三线城市,SME,5000-10000人,销售
USR_000626,USR_000626,,,,,2026-02-25,2026-02-25,2026-02-25,企业认证,非权益,21.0,新一线城市,SME,100-499人,市场
USR_000626,USR_000626,,,,USR_000626,2026-01-18,2026-01-18,2026-01-18,简历查看,非权益,36.2,新一线城市,SME,100-499人,市场
USR_000626,,,,,,2026-03-01,2026-03-01,2026-03-01,急聘推广,权益,29.1,新一线城市,SME,100-499人,市场
USR_000626,USR_000626,,,,,2026-01-05,2026-01-05,2026-01-05,企业认证,非权益,27.0,新一线城市,SME,100-499人,市场
USR_000626,USR_000626,,,,,2026-01-27,2026-01-27,2026-01-27,急聘推广,权益,55.7,新一线城市,SME,100-499人,市场
USR_000626,,,,,,2026-02-25,2026-02-25,2026-02-25,权益礼包,权益,19.9,新一线城市,SME,100-499人,市场
USR_000626,,,,,,2026-01-31,2026-01-31,2026-01-31,权益礼包,权益,24.5,新一线城市,SME,100-499人,市场
USR_000626,USR_000626,,,,,2026-01-04,2026-01-04,2026-01-04,企业认证,非权益,20.7,新一线城市,SME,100-499人,市场
USR_000626,USR_000626,,,USR_000626,,2026-01-29,2026-01-29,2026-01-29,在线沟通,非权益,9.8,新一线城市,SME,100-499人,市场
USR_000626,USR_000626,,,USR_000626,,2026-01-21,2026-01-21,2026-01-21,在线沟通,非权益,21.4,新一线城市,SME,100-499人,市场
USR_000626,USR_000626,,,,,2026-02-04,2026-02-04,2026-02-04,企业认证,非权益,12.9,新一线城市,SME,100-499人,市场
USR_000626,,,,,,2026-02-17,2026-02-17,2026-02-17,企业认证,非权益,19.0,新一线城市,SME,100-499人,市场
USR_000626,USR_000626,,,,,2026-01-12,2026-01-12,2026-01-12,权益礼包,权益,30.5,新一线城市,SME,100-499人,市场
USR_000626,USR_000626,,,USR_000626,,2026-01-23,2026-01-23,2026-01-23,在线沟通,非权益,8.0,新一线城市,SME,100-499人,市场
USR_000626,USR_000626,,,,,2026-02-06,2026-02-06,2026-02-06,权益礼包,权益,30.6,新一线城市,SME,100-499人,市场
USR_000626,USR_000626,,,,,2026-01-28,2026-01-28,2026-01-28,权益礼包,权益,30.9,新一线城市,SME,100-499人,市场
USR_000626,USR_000626,,,,,2026-02-17,2026-02-17,2026-02-17,权益礼包,权益,11.1,新一线城市,SME,100-499人,市场
USR_000626,,,,,,2026-01-03,2026-01-03,2026-01-03,企业认证,非权益,51.4,新一线城市,SME,100-499人,市场
USR_000626,,,,USR_000626,,2026-01-21,2026-01-21,2026-01-21,在线沟通,非权益,64.6,新一线城市,SME,100-499人,市场
USR_000626,USR_000626,,,,,2026-01-30,2026-01-30,2026-01-30,置顶刷新,权益,16.9,新一线城市,SME,100-499人,市场
USR_000626,USR_000626,,,,,2026-02-11,2026-02-11,2026-02-11,企业认证,非权益,35.9,新一线城市,SME,100-499人,市场
USR_000626,USR_000626,,,USR_000626,,2026-01-29,2026-01-29,2026-01-29,在线沟通,非权益,12.6,新一线城市,SME,100-499人,市场
USR_000627,USR_000627,,USR_000627,,,2026-01-17,2026-01-17,2026-01-17,简历搜索,非权益,66.5,一线城市,SME,10000人以上,研发
USR_000627,,,,,,2026-01-09,2026-01-09,2026-01-09,置顶刷新,权益,25.2,一线城市,SME,10000人以上,研发
USR_000627,,,,,,2026-02-26,2026-02-26,2026-02-26,企业认证,非权益,5.7,一线城市,SME,10000人以上,研发
USR_000627,,,,,,2026-01-15,2026-01-15,2026-01-15,企业认证,非权益,47.3,一线城市,SME,10000人以上,研发
USR_000627,USR_000627,,,,,2026-02-25,2026-02-25,2026-02-25,急聘推广,权益,14.1,一线城市,SME,10000人以上,研发
USR_000627,,,,,USR_000627,2026-01-07,2026-01-07,2026-01-07,简历查看,非权益,6.2,一线城市,SME,10000人以上,研发
USR_000627,USR_000627,,,,,2026-01-19,2026-01-19,2026-01-19,权益礼包,权益,26.5,一线城市,SME,10000人以上,研发
USR_000628,USR_000628,,,,,2026-01-30,2026-01-30,2026-01-30,企业认证,非权益,58.7,四线城市,SME,50-99人,市场
USR_000628,,,USR_000628,,,2026-01-03,2026-01-03,2026-01-03,简历搜索,非权益,19.8,四线城市,SME,50-99人,市场
USR_000628,USR_000628,,USR_000628,,,2026-02-07,2026-02-07,2026-02-07,简历搜索,非权益,17.2,四线城市,SME,50-99人,市场
USR_000628,USR_000628,,,,,2026-01-17,2026-01-17,2026-01-17,企业认证,非权益,13.8,四线城市,SME,50-99人,市场
USR_000628,USR_000628,,USR_000628,,,2026-01-11,2026-01-11,2026-01-11,简历搜索,非权益,15.3,四线城市,SME,50-99人,市场
USR_000628,,,,,,2026-01-13,2026-01-13,2026-01-13,急聘推广,权益,42.7,四线城市,SME,50-99人,市场
USR_000628,USR_000628,,USR_000628,,,2026-01-28,2026-01-28,2026-01-28,简历搜索,非权益,6.0,四线城市,SME,50-99人,市场
USR_000628,,,,,,2026-02-22,2026-02-22,2026-02-22,权益礼包,权益,7.4,四线城市,SME,50-99人,市场
USR_000628,,USR_000628,,,,2026-02-01,2026-02-01,2026-02-01,职位发布,非权益,36.3,四线城市,SME,50-99人,市场
USR_000628,,USR_000628,,,,2026-01-28,2026-01-28,2026-01-28,职位发布,非权益,29.9,四线城市,SME,50-99人,市场
USR_000628,USR_000628,,,,,2026-02-28,2026-02-28,2026-02-28,权益礼包,权益,15.6,四线城市,SME,50-99人,市场
USR_000628,,,,,,2026-01-28,2026-01-28,2026-01-28,急聘推广,权益,16.2,四线城市,SME,50-99人,市场
USR_000628,USR_000628,,,,,2026-02-03,2026-02-03,2026-02-03,权益礼包,权益,9.7,四线城市,SME,50-99人,市场
USR_000628,USR_000628,,,,,2026-01-20,2026-01-20,2026-01-20,权益礼包,权益,19.8,四线城市,SME,50-99人,市场
USR_000628,USR_000628,,,,,2026-01-08,2026-01-08,2026-01-08,权益礼包,权益,30.3,四线城市,SME,50-99人,市场
USR_000628,,,,USR_000628,,2026-02-12,2026-02-12,2026-02-12,在线沟通,非权益,72.8,四线城市,SME,50-99人,市场
USR_000628,USR_000628,,,USR_000628,,2026-01-01,2026-01-01,2026-01-01,在线沟通,非权益,53.6,四线城市,SME,50-99人,市场
USR_000628,,,,,USR_000628,2026-02-01,2026-02-01,2026-02-01,简历查看,非权益,48.2,四线城市,SME,50-99人,市场
USR_000628,,USR_000628,,,,2026-01-28,2026-01-28,2026-01-28,职位发布,非权益,14.4,四线城市,SME,50-99人,市场
USR_000628,USR_000628,,,USR_000628,,2026-02-02,2026-02-02,2026-02-02,在线沟通,非权益,31.2,四线城市,SME,50-99人,市场
USR_000629,USR_000629,,,,,2026-01-18,2026-01-18,2026-01-18,急聘推广,权益,32.8,五线城市,SME,100-499人,行政
USR_000629,USR_000629,,,,,2026-01-14,2026-01-14,2026-01-14,急聘推广,权益,6.9,五线城市,SME,100-499人,行政
USR_000629,USR_000629,USR_000629,,,,2026-01-06,2026-01-06,2026-01-06,职位发布,非权益,23.2,五线城市,SME,100-499人,行政
USR_000629,USR_000629,USR_000629,,,,2026-02-22,2026-02-22,2026-02-22,职位发布,非权益,11.1,五线城市,SME,100-499人,行政
USR_000629,,,USR_000629,,,2026-01-17,2026-01-17,2026-01-17,简历搜索,非权益,26.5,五线城市,SME,100-499人,行政
USR_000629,,USR_000629,,,,2026-02-23,2026-02-23,2026-02-23,职位发布,非权益,24.0,五线城市,SME,100-499人,行政
USR_000630,USR_000630,,,,,2026-02-21,2026-02-21,2026-02-21,企业认证,非权益,20.6,五线城市,SME,2000-5000人,市场
USR_000630,,,,,,2026-02-18,2026-02-18,2026-02-18,急聘推广,权益,19.1,五线城市,SME,2000-5000人,市场
USR_000630,,,,,,2026-02-14,2026-02-14,2026-02-14,置顶刷新,权益,7.9,五线城市,SME,2000-5000人,市场
USR_000630,USR_000630,,,,,2026-01-21,2026-01-21,2026-01-21,企业认证,非权益,11.6,五线城市,SME,2000-5000人,市场
USR_000630,,,,USR_000630,,2026-02-23,2026-02-23,2026-02-23,在线沟通,非权益,75.8,五线城市,SME,2000-5000人,市场
USR_000630,USR_000630,,,,,2026-01-05,2026-01-05,2026-01-05,置顶刷新,权益,15.5,五线城市,SME,2000-5000人,市场
USR_000630,USR_000630,,,,,2026-02-01,2026-02-01,2026-02-01,急聘推广,权益,17.6,五线城市,SME,2000-5000人,市场
USR_000630,,,,,,2026-02-08,2026-02-08,2026-02-08,权益礼包,权益,30.3,五线城市,SME,2000-5000人,市场
USR_000630,,,,,,2026-02-10,2026-02-10,2026-02-10,置顶刷新,权益,11.0,五线城市,SME,2000-5000人,市场
USR_000631,USR_000631,,,,,2026-02-16,2026-02-16,2026-02-16,企业认证,非权益,32.1,四线城市,SME,1-49人,行政
USR_000632,USR_000632,,,,,2026-02-08,2026-02-08,2026-02-08,急聘推广,权益,57.9,二线城市,SME,1000-2000人,研发
USR_000632,USR_000632,,,,,2026-01-03,2026-01-03,2026-01-03,置顶刷新,权益,13.9,二线城市,SME,1000-2000人,研发
USR_000632,USR_000632,,,USR_000632,,2026-01-30,2026-01-30,2026-01-30,在线沟通,非权益,15.3,二线城市,SME,1000-2000人,研发
USR_000632,USR_000632,,,,,2026-02-09,2026-02-09,2026-02-09,权益礼包,权益,6.1,二线城市,SME,1000-2000人,研发
USR_000632,USR_000632,,USR_000632,,,2026-02-24,2026-02-24,2026-02-24,简历搜索,非权益,5.2,二线城市,SME,1000-2000人,研发
USR_000632,,,,,,2026-03-01,2026-03-01,2026-03-01,权益礼包,权益,7.1,二线城市,SME,1000-2000人,研发
USR_000632,,,USR_000632,,,2026-02-22,2026-02-22,2026-02-22,简历搜索,非权益,6.3,二线城市,SME,1000-2000人,研发
USR_000632,USR_000632,,,,,2026-02-14,2026-02-14,2026-02-14,权益礼包,权益,33.2,二线城市,SME,1000-2000人,研发
USR_000632,,,,,,2026-02-14,2026-02-14,2026-02-14,权益礼包,权益,24.2,二线城市,SME,1000-2000人,研发
USR_000632,USR_000632,,,,,2026-02-10,2026-02-10,2026-02-10,急聘推广,权益,65.6,二线城市,SME,1000-2000人,研发
USR_000632,USR_000632,,USR_000632,,,2026-01-26,2026-01-26,2026-01-26,简历搜索,非权益,28.4,二线城市,SME,1000-2000人,研发
USR_000632,,,USR_000632,,,2026-02-12,2026-02-12,2026-02-12,简历搜索,非权益,11.5,二线城市,SME,1000-2000人,研发
USR_000633,USR_000633,,,,,2026-02-02,2026-02-02,2026-02-02,置顶刷新,权益,21.6,三线城市,SME,2000-5000人,产品
USR_000633,,,,USR_000633,,2026-01-02,2026-01-02,2026-01-02,在线沟通,非权益,15.6,三线城市,SME,2000-5000人,产品
USR_000633,,,,,,2026-02-19,2026-02-19,2026-02-19,置顶刷新,权益,7.5,三线城市,SME,2000-5000人,产品
USR_000633,,,,,,2026-02-09,2026-02-09,2026-02-09,企业认证,非权益,37.9,三线城市,SME,2000-5000人,产品
USR_000633,,,,,USR_000633,2026-01-25,2026-01-25,2026-01-25,简历查看,非权益,7.5,三线城市,SME,2000-5000人,产品
USR_000633,,,,USR_000633,,2026-01-22,2026-01-22,2026-01-22,在线沟通,非权益,7.7,三线城市,SME,2000-5000人,产品
USR_000633,,,,,,2026-02-01,2026-02-01,2026-02-01,权益礼包,权益,5.6,三线城市,SME,2000-5000人,产品
USR_000633,,,,,,2026-01-04,2026-01-04,2026-01-04,权益礼包,权益,7.3,三线城市,SME,2000-5000人,产品
USR_000633,USR_000633,,,,,2026-01-11,2026-01-11,2026-01-11,权益礼包,权益,18.5,三线城市,SME,2000-5000人,产品
USR_000633,USR_000633,,USR_000633,,,2026-02-08,2026-02-08,2026-02-08,简历搜索,非权益,11.0,三线城市,SME,2000-5000人,产品
USR_000633,USR_000633,,,,,2026-02-02,2026-02-02,2026-02-02,急聘推广,权益,15.8,三线城市,SME,2000-5000人,产品
USR_000633,USR_000633,,,,,2026-01-15,2026-01-15,2026-01-15,置顶刷新,权益,7.6,三线城市,SME,2000-5000人,产品
USR_000633,,,,USR_000633,,2026-02-20,2026-02-20,2026-02-20,在线沟通,非权益,25.2,三线城市,SME,2000-5000人,产品
USR_000633,USR_000633,,USR_000633,,,2026-01-14,2026-01-14,2026-01-14,简历搜索,非权益,38.4,三线城市,SME,2000-5000人,产品
USR_000633,USR_000633,,USR_000633,,,2026-01-27,2026-01-27,2026-01-27,简历搜索,非权益,18.5,三线城市,SME,2000-5000人,产品
USR_000633,USR_000633,,,,,2026-01-03,2026-01-03,2026-01-03,急聘推广,权益,45.9,三线城市,SME,2000-5000人,产品
USR_000633,USR_000633,,,,,2026-02-10,2026-02-10,2026-02-10,置顶刷新,权益,60.4,三线城市,SME,2000-5000人,产品
USR_000633,USR_000633,USR_000633,,,,2026-01-09,2026-01-09,2026-01-09,职位发布,非权益,41.0,三线城市,SME,2000-5000人,产品
USR_000634,USR_000634,USR_000634,,,,2026-02-07,2026-02-07,2026-02-07,职位发布,非权益,19.5,五线城市,KA,2000-5000人,研发
USR_000635,USR_000635,,,,,2026-02-28,2026-02-28,2026-02-28,置顶刷新,权益,27.0,二线城市,SME,100-499人,行政
USR_000635,,,,,,2026-01-05,2026-01-05,2026-01-05,置顶刷新,权益,6.6,二线城市,SME,100-499人,行政
USR_000635,USR_000635,,,,,2026-02-16,2026-02-16,2026-02-16,权益礼包,权益,60.4,二线城市,SME,100-499人,行政
USR_000635,,,,,,2026-01-13,2026-01-13,2026-01-13,急聘推广,权益,55.1,二线城市,SME,100-499人,行政
USR_000635,,,,,,2026-03-01,2026-03-01,2026-03-01,置顶刷新,权益,46.1,二线城市,SME,100-499人,行政
USR_000635,USR_000635,,,,USR_000635,2026-01-16,2026-01-16,2026-01-16,简历查看,非权益,5.4,二线城市,SME,100-499人,行政
USR_000635,USR_000635,,,,,2026-01-04,2026-01-04,2026-01-04,企业认证,非权益,5.4,二线城市,SME,100-499人,行政
USR_000635,,USR_000635,,,,2026-01-09,2026-01-09,2026-01-09,职位发布,非权益,24.6,二线城市,SME,100-499人,行政
USR_000635,,,,,,2026-02-03,2026-02-03,2026-02-03,急聘推广,权益,17.1,二线城市,SME,100-499人,行政
USR_000635,,,,,,2026-02-28,2026-02-28,2026-02-28,置顶刷新,权益,12.4,二线城市,SME,100-499人,行政
USR_000635,USR_000635,,,,USR_000635,2026-02-27,2026-02-27,2026-02-27,简历查看,非权益,17.5,二线城市,SME,100-499人,行政
USR_000635,USR_000635,,,,USR_000635,2026-02-04,2026-02-04,2026-02-04,简历查看,非权益,73.1,二线城市,SME,100-499人,行政
USR_000635,USR_000635,,,,,2026-01-14,2026-01-14,2026-01-14,权益礼包,权益,49.6,二线城市,SME,100-499人,行政
USR_000635,USR_000635,,,,,2026-01-29,2026-01-29,2026-01-29,急聘推广,权益,7.8,二线城市,SME,100-499人,行政
USR_000635,USR_000635,,,,,2026-02-01,2026-02-01,2026-02-01,置顶刷新,权益,17.0,二线城市,SME,100-499人,行政
USR_000635,USR_000635,,,,,2026-01-14,2026-01-14,2026-01-14,急聘推广,权益,8.7,二线城市,SME,100-499人,行政
USR_000635,,,,,,2026-01-21,2026-01-21,2026-01-21,企业认证,非权益,22.3,二线城市,SME,100-499人,行政
USR_000635,USR_000635,,,,,2026-01-24,2026-01-24,2026-01-24,权益礼包,权益,8.8,二线城市,SME,100-499人,行政
USR_000635,USR_000635,,,,,2026-02-27,2026-02-27,2026-02-27,置顶刷新,权益,10.9,二线城市,SME,100-499人,行政
USR_000636,,,,,,2026-01-16,2026-01-16,2026-01-16,急聘推广,权益,25.1,二线城市,SME,500-999人,市场
USR_000636,USR_000636,,,,,2026-01-06,2026-01-06,2026-01-06,企业认证,非权益,23.7,二线城市,SME,500-999人,市场
USR_000636,USR_000636,USR_000636,,,,2026-02-21,2026-02-21,2026-02-21,职位发布,非权益,5.8,二线城市,SME,500-999人,市场
USR_000636,,,,,,2026-02-09,2026-02-09,2026-02-09,急聘推广,权益,28.4,二线城市,SME,500-999人,市场
USR_000636,,,USR_000636,,,2026-01-27,2026-01-27,2026-01-27,简历搜索,非权益,12.1,二线城市,SME,500-999人,市场
USR_000636,,,USR_000636,,,2026-01-22,2026-01-22,2026-01-22,简历搜索,非权益,43.1,二线城市,SME,500-999人,市场
USR_000636,,,,,,2026-01-06,2026-01-06,2026-01-06,急聘推广,权益,46.0,二线城市,SME,500-999人,市场
USR_000636,USR_000636,,,,,2026-02-26,2026-02-26,2026-02-26,置顶刷新,权益,38.3,二线城市,SME,500-999人,市场
USR_000636,,,,,,2026-01-25,2026-01-25,2026-01-25,置顶刷新,权益,24.2,二线城市,SME,500-999人,市场
USR_000636,USR_000636,USR_000636,,,,2026-01-24,2026-01-24,2026-01-24,职位发布,非权益,51.0,二线城市,SME,500-999人,市场
USR_000636,USR_000636,,,USR_000636,,2026-02-14,2026-02-14,2026-02-14,在线沟通,非权益,22.5,二线城市,SME,500-999人,市场
USR_000636,USR_000636,,USR_000636,,,2026-02-02,2026-02-02,2026-02-02,简历搜索,非权益,15.1,二线城市,SME,500-999人,市场
USR_000636,,USR_000636,,,,2026-02-19,2026-02-19,2026-02-19,职位发布,非权益,56.1,二线城市,SME,500-999人,市场
USR_000636,USR_000636,USR_000636,,,,2026-01-22,2026-01-22,2026-01-22,职位发布,非权益,24.6,二线城市,SME,500-999人,市场
USR_000636,,,,USR_000636,,2026-02-22,2026-02-22,2026-02-22,在线沟通,非权益,41.2,二线城市,SME,500-999人,市场
USR_000637,USR_000637,,,,,2026-02-23,2026-02-23,2026-02-23,急聘推广,权益,10.0,一线城市,SME,500-999人,研发
USR_000637,,USR_000637,,,,2026-01-12,2026-01-12,2026-01-12,职位发布,非权益,29.3,一线城市,SME,500-999人,研发
USR_000637,USR_000637,,,,USR_000637,2026-02-25,2026-02-25,2026-02-25,简历查看,非权益,29.8,一线城市,SME,500-999人,研发
USR_000637,USR_000637,,,,,2026-02-01,2026-02-01,2026-02-01,企业认证,非权益,27.0,一线城市,SME,500-999人,研发
USR_000637,USR_000637,,USR_000637,,,2026-01-20,2026-01-20,2026-01-20,简历搜索,非权益,23.8,一线城市,SME,500-999人,研发
USR_000638,USR_000638,,,,,2026-01-23,2026-01-23,2026-01-23,置顶刷新,权益,11.8,三线城市,SME,1000-2000人,研发
USR_000638,USR_000638,USR_000638,,,,2026-01-31,2026-01-31,2026-01-31,职位发布,非权益,12.0,三线城市,SME,1000-2000人,研发
USR_000638,USR_000638,,,,,2026-02-14,2026-02-14,2026-02-14,权益礼包,权益,5.8,三线城市,SME,1000-2000人,研发
USR_000638,USR_000638,,,USR_000638,,2026-02-03,2026-02-03,2026-02-03,在线沟通,非权益,34.1,三线城市,SME,1000-2000人,研发
USR_000638,USR_000638,,,,,2026-02-11,2026-02-11,2026-02-11,急聘推广,权益,6.4,三线城市,SME,1000-2000人,研发
USR_000638,,,USR_000638,,,2026-02-26,2026-02-26,2026-02-26,简历搜索,非权益,11.5,三线城市,SME,1000-2000人,研发
USR_000638,,,USR_000638,,,2026-01-10,2026-01-10,2026-01-10,简历搜索,非权益,21.5,三线城市,SME,1000-2000人,研发
USR_000638,USR_000638,,,,,2026-01-01,2026-01-01,2026-01-01,企业认证,非权益,8.3,三线城市,SME,1000-2000人,研发
USR_000638,USR_000638,,,,,2026-02-08,2026-02-08,2026-02-08,急聘推广,权益,63.4,三线城市,SME,1000-2000人,研发
USR_000638,,,,,,2026-02-09,2026-02-09,2026-02-09,权益礼包,权益,57.1,三线城市,SME,1000-2000人,研发
USR_000638,USR_000638,,,,,2026-01-05,2026-01-05,2026-01-05,企业认证,非权益,8.3,三线城市,SME,1000-2000人,研发
USR_000638,USR_000638,,USR_000638,,,2026-02-02,2026-02-02,2026-02-02,简历搜索,非权益,17.9,三线城市,SME,1000-2000人,研发
USR_000638,,USR_000638,,,,2026-01-07,2026-01-07,2026-01-07,职位发布,非权益,11.9,三线城市,SME,1000-2000人,研发
USR_000638,USR_000638,,,,,2026-01-20,2026-01-20,2026-01-20,急聘推广,权益,27.6,三线城市,SME,1000-2000人,研发
USR_000638,USR_000638,,,,,2026-02-16,2026-02-16,2026-02-16,权益礼包,权益,7.1,三线城市,SME,1000-2000人,研发
USR_000638,USR_000638,,,,,2026-02-19,2026-02-19,2026-02-19,企业认证,非权益,13.2,三线城市,SME,1000-2000人,研发
USR_000638,,,,,USR_000638,2026-02-03,2026-02-03,2026-02-03,简历查看,非权益,9.1,三线城市,SME,1000-2000人,研发
USR_000638,USR_000638,,,,,2026-01-08,2026-01-08,2026-01-08,置顶刷新,权益,27.5,三线城市,SME,1000-2000人,研发
USR_000638,USR_000638,,,USR_000638,,2026-01-10,2026-01-10,2026-01-10,在线沟通,非权益,30.1,三线城市,SME,1000-2000人,研发
USR_000638,USR_000638,,,,USR_000638,2026-02-09,2026-02-09,2026-02-09,简历查看,非权益,5.8,三线城市,SME,1000-2000人,研发
USR_000638,USR_000638,,,,,2026-02-09,2026-02-09,2026-02-09,急聘推广,权益,33.4,三线城市,SME,1000-2000人,研发
USR_000638,USR_000638,,,,,2026-01-05,2026-01-05,2026-01-05,急聘推广,权益,34.0,三线城市,SME,1000-2000人,研发
USR_000639,USR_000639,,,,,2026-01-16,2026-01-16,2026-01-16,置顶刷新,权益,7.5,四线城市,SME,1000-2000人,行政
USR_000639,USR_000639,,,,,2026-01-28,2026-01-28,2026-01-28,急聘推广,权益,12.2,四线城市,SME,1000-2000人,行政
USR_000639,USR_000639,,USR_000639,,,2026-01-23,2026-01-23,2026-01-23,简历搜索,非权益,12.4,四线城市,SME,1000-2000人,行政
USR_000639,USR_000639,,USR_000639,,,2026-02-24,2026-02-24,2026-02-24,简历搜索,非权益,5.2,四线城市,SME,1000-2000人,行政
USR_000639,USR_000639,,,USR_000639,,2026-02-26,2026-02-26,2026-02-26,在线沟通,非权益,7.1,四线城市,SME,1000-2000人,行政
USR_000639,,USR_000639,,,,2026-02-02,2026-02-02,2026-02-02,职位发布,非权益,13.5,四线城市,SME,1000-2000人,行政
USR_000639,USR_000639,,,USR_000639,,2026-01-24,2026-01-24,2026-01-24,在线沟通,非权益,51.2,四线城市,SME,1000-2000人,行政
USR_000639,USR_000639,,,,,2026-01-01,2026-01-01,2026-01-01,置顶刷新,权益,10.5,四线城市,SME,1000-2000人,行政
USR_000639,USR_000639,,,,,2026-01-02,2026-01-02,2026-01-02,急聘推广,权益,14.5,四线城市,SME,1000-2000人,行政
USR_000639,,USR_000639,,,,2026-02-24,2026-02-24,2026-02-24,职位发布,非权益,9.4,四线城市,SME,1000-2000人,行政
USR_000639,USR_000639,,,,,2026-01-09,2026-01-09,2026-01-09,企业认证,非权益,60.4,四线城市,SME,1000-2000人,行政
USR_000639,USR_000639,,USR_000639,,,2026-01-04,2026-01-04,2026-01-04,简历搜索,非权益,15.2,四线城市,SME,1000-2000人,行政
USR_000639,USR_000639,,,,,2026-01-13,2026-01-13,2026-01-13,置顶刷新,权益,21.7,四线城市,SME,1000-2000人,行政
USR_000639,USR_000639,USR_000639,,,,2026-03-01,2026-03-01,2026-03-01,职位发布,非权益,43.6,四线城市,SME,1000-2000人,行政
USR_000639,USR_000639,,,USR_000639,,2026-02-23,2026-02-23,2026-02-23,在线沟通,非权益,27.9,四线城市,SME,1000-2000人,行政
USR_000639,USR_000639,,USR_000639,,,2026-01-29,2026-01-29,2026-01-29,简历搜索,非权益,6.1,四线城市,SME,1000-2000人,行政
USR_000639,USR_000639,USR_000639,,,,2026-01-16,2026-01-16,2026-01-16,职位发布,非权益,19.1,四线城市,SME,1000-2000人,行政
USR_000640,,,,,,2026-02-07,2026-02-07,2026-02-07,急聘推广,权益,27.7,二线城市,SME,500-999人,运营
USR_000641,USR_000641,,,,,2026-02-11,2026-02-11,2026-02-11,置顶刷新,权益,31.7,一线城市,SME,10000人以上,销售
USR_000642,USR_000642,,,,,2026-02-24,2026-02-24,2026-02-24,企业认证,非权益,13.3,新一线城市,SME,1-49人,财务
USR_000642,USR_000642,,,,,2026-02-22,2026-02-22,2026-02-22,企业认证,非权益,59.2,新一线城市,SME,1-49人,财务
USR_000642,USR_000642,USR_000642,,,,2026-02-27,2026-02-27,2026-02-27,职位发布,非权益,14.2,新一线城市,SME,1-49人,财务
USR_000642,USR_000642,,USR_000642,,,2026-01-08,2026-01-08,2026-01-08,简历搜索,非权益,18.7,新一线城市,SME,1-49人,财务
USR_000643,USR_000643,USR_000643,,,,2026-02-17,2026-02-17,2026-02-17,职位发布,非权益,23.9,四线城市,SME,5000-10000人,市场
USR_000643,USR_000643,,,,,2026-02-09,2026-02-09,2026-02-09,企业认证,非权益,8.1,四线城市,SME,5000-10000人,市场
USR_000643,,,,,,2026-01-25,2026-01-25,2026-01-25,急聘推广,权益,11.8,四线城市,SME,5000-10000人,市场
USR_000643,,,,,,2026-02-05,2026-02-05,2026-02-05,权益礼包,权益,29.3,四线城市,SME,5000-10000人,市场
USR_000643,,,USR_000643,,,2026-01-18,2026-01-18,2026-01-18,简历搜索,非权益,99.0,四线城市,SME,5000-10000人,市场
USR_000643,USR_000643,,,,,2026-02-10,2026-02-10,2026-02-10,置顶刷新,权益,23.2,四线城市,SME,5000-10000人,市场
USR_000643,USR_000643,,,,,2026-03-01,2026-03-01,2026-03-01,急聘推广,权益,6.4,四线城市,SME,5000-10000人,市场
USR_000643,,,,,,2026-02-20,2026-02-20,2026-02-20,置顶刷新,权益,14.4,四线城市,SME,5000-10000人,市场
USR_000643,USR_000643,,,,USR_000643,2026-01-30,2026-01-30,2026-01-30,简历查看,非权益,9.9,四线城市,SME,5000-10000人,市场
USR_000643,,USR_000643,,,,2026-01-26,2026-01-26,2026-01-26,职位发布,非权益,6.8,四线城市,SME,5000-10000人,市场
USR_000643,USR_000643,,,,,2026-01-20,2026-01-20,2026-01-20,急聘推广,权益,10.8,四线城市,SME,5000-10000人,市场
USR_000643,,,,,,2026-01-28,2026-01-28,2026-01-28,企业认证,非权益,37.7,四线城市,SME,5000-10000人,市场
USR_000643,,,USR_000643,,,2026-02-21,2026-02-21,2026-02-21,简历搜索,非权益,11.5,四线城市,SME,5000-10000人,市场
USR_000643,USR_000643,USR_000643,,,,2026-02-21,2026-02-21,2026-02-21,职位发布,非权益,13.0,四线城市,SME,5000-10000人,市场
USR_000643,USR_000643,,,,,2026-02-16,2026-02-16,2026-02-16,置顶刷新,权益,24.0,四线城市,SME,5000-10000人,市场
USR_000643,USR_000643,USR_000643,,,,2026-01-16,2026-01-16,2026-01-16,职位发布,非权益,11.1,四线城市,SME,5000-10000人,市场
USR_000643,USR_000643,,,,USR_000643,2026-02-18,2026-02-18,2026-02-18,简历查看,非权益,14.7,四线城市,SME,5000-10000人,市场
USR_000643,USR_000643,,,,,2026-01-29,2026-01-29,2026-01-29,企业认证,非权益,10.8,四线城市,SME,5000-10000人,市场
USR_000643,USR_000643,USR_000643,,,,2026-02-25,2026-02-25,2026-02-25,职位发布,非权益,62.5,四线城市,SME,5000-10000人,市场
USR_000643,USR_000643,,,,,2026-01-20,2026-01-20,2026-01-20,置顶刷新,权益,28.8,四线城市,SME,5000-10000人,市场
USR_000643,USR_000643,,,,USR_000643,2026-02-07,2026-02-07,2026-02-07,简历查看,非权益,37.1,四线城市,SME,5000-10000人,市场
USR_000643,USR_000643,,,USR_000643,,2026-01-12,2026-01-12,2026-01-12,在线沟通,非权益,13.5,四线城市,SME,5000-10000人,市场
USR_000644,USR_000644,USR_000644,,,,2026-01-19,2026-01-19,2026-01-19,职位发布,非权益,6.0,一线城市,SME,1000-2000人,客服
USR_000644,,,,,,2026-01-01,2026-01-01,2026-01-01,置顶刷新,权益,18.0,一线城市,SME,1000-2000人,客服
USR_000644,USR_000644,,,USR_000644,,2026-02-28,2026-02-28,2026-02-28,在线沟通,非权益,27.2,一线城市,SME,1000-2000人,客服
USR_000644,USR_000644,,,USR_000644,,2026-01-18,2026-01-18,2026-01-18,在线沟通,非权益,13.3,一线城市,SME,1000-2000人,客服
USR_000645,USR_000645,,,,,2026-02-16,2026-02-16,2026-02-16,置顶刷新,权益,15.3,三线城市,SME,100-499人,销售
USR_000645,,,,USR_000645,,2026-01-15,2026-01-15,2026-01-15,在线沟通,非权益,9.0,三线城市,SME,100-499人,销售
USR_000645,USR_000645,,,,USR_000645,2026-02-14,2026-02-14,2026-02-14,简历查看,非权益,10.1,三线城市,SME,100-499人,销售
USR_000645,USR_000645,,,USR_000645,,2026-02-28,2026-02-28,2026-02-28,在线沟通,非权益,11.7,三线城市,SME,100-499人,销售
USR_000645,USR_000645,,,,,2026-01-24,2026-01-24,2026-01-24,急聘推广,权益,23.1,三线城市,SME,100-499人,销售
USR_000645,USR_000645,,,,,2026-02-12,2026-02-12,2026-02-12,权益礼包,权益,23.2,三线城市,SME,100-499人,销售
USR_000645,USR_000645,,,,,2026-01-27,2026-01-27,2026-01-27,置顶刷新,权益,11.1,三线城市,SME,100-499人,销售
USR_000645,,,,,,2026-02-01,2026-02-01,2026-02-01,置顶刷新,权益,10.1,三线城市,SME,100-499人,销售
USR_000645,,USR_000645,,,,2026-02-19,2026-02-19,2026-02-19,职位发布,非权益,12.8,三线城市,SME,100-499人,销售
USR_000645,USR_000645,,USR_000645,,,2026-02-24,2026-02-24,2026-02-24,简历搜索,非权益,7.7,三线城市,SME,100-499人,销售
USR_000645,,,,,,2026-02-10,2026-02-10,2026-02-10,企业认证,非权益,11.3,三线城市,SME,100-499人,销售
USR_000645,USR_000645,,,,USR_000645,2026-02-13,2026-02-13,2026-02-13,简历查看,非权益,11.3,三线城市,SME,100-499人,销售
USR_000645,USR_000645,,,,,2026-02-01,2026-02-01,2026-02-01,急聘推广,权益,8.8,三线城市,SME,100-499人,销售
USR_000645,USR_000645,,,,,2026-01-31,2026-01-31,2026-01-31,企业认证,非权益,7.9,三线城市,SME,100-499人,销售
USR_000645,USR_000645,,USR_000645,,,2026-02-14,2026-02-14,2026-02-14,简历搜索,非权益,11.0,三线城市,SME,100-499人,销售
USR_000645,,,,,,2026-01-03,2026-01-03,2026-01-03,企业认证,非权益,36.3,三线城市,SME,100-499人,销售
USR_000645,,,,,,2026-01-10,2026-01-10,2026-01-10,置顶刷新,权益,25.1,三线城市,SME,100-499人,销售
USR_000645,,USR_000645,,,,2026-01-18,2026-01-18,2026-01-18,职位发布,非权益,35.6,三线城市,SME,100-499人,销售
USR_000646,USR_000646,,,USR_000646,,2026-02-09,2026-02-09,2026-02-09,在线沟通,非权益,18.5,三线城市,SME,500-999人,研发
USR_000646,USR_000646,,,,USR_000646,2026-02-15,2026-02-15,2026-02-15,简历查看,非权益,11.1,三线城市,SME,500-999人,研发
USR_000646,USR_000646,,,,,2026-02-27,2026-02-27,2026-02-27,急聘推广,权益,10.9,三线城市,SME,500-999人,研发
USR_000646,USR_000646,,USR_000646,,,2026-01-27,2026-01-27,2026-01-27,简历搜索,非权益,12.8,三线城市,SME,500-999人,研发
USR_000646,USR_000646,,,,USR_000646,2026-02-04,2026-02-04,2026-02-04,简历查看,非权益,11.0,三线城市,SME,500-999人,研发
USR_000646,,,,USR_000646,,2026-02-02,2026-02-02,2026-02-02,在线沟通,非权益,51.3,三线城市,SME,500-999人,研发
USR_000646,USR_000646,,,,,2026-01-22,2026-01-22,2026-01-22,企业认证,非权益,32.8,三线城市,SME,500-999人,研发
USR_000646,,,USR_000646,,,2026-01-25,2026-01-25,2026-01-25,简历搜索,非权益,15.4,三线城市,SME,500-999人,研发
USR_000646,USR_000646,,,USR_000646,,2026-01-19,2026-01-19,2026-01-19,在线沟通,非权益,15.6,三线城市,SME,500-999人,研发
USR_000646,,,USR_000646,,,2026-01-13,2026-01-13,2026-01-13,简历搜索,非权益,13.0,三线城市,SME,500-999人,研发
USR_000646,USR_000646,,,USR_000646,,2026-01-23,2026-01-23,2026-01-23,在线沟通,非权益,9.0,三线城市,SME,500-999人,研发
USR_000646,USR_000646,,,,,2026-02-21,2026-02-21,2026-02-21,置顶刷新,权益,5.1,三线城市,SME,500-999人,研发
USR_000646,USR_000646,,,,,2026-01-23,2026-01-23,2026-01-23,急聘推广,权益,5.1,三线城市,SME,500-999人,研发
USR_000646,USR_000646,,,,USR_000646,2026-01-30,2026-01-30,2026-01-30,简历查看,非权益,15.7,三线城市,SME,500-999人,研发
USR_000647,,,,,,2026-02-06,2026-02-06,2026-02-06,急聘推广,权益,17.3,一线城市,KA,1-49人,客服
USR_000647,,,,,USR_000647,2026-02-23,2026-02-23,2026-02-23,简历查看,非权益,12.7,一线城市,KA,1-49人,客服
USR_000647,USR_000647,,,,,2026-01-29,2026-01-29,2026-01-29,企业认证,非权益,91.9,一线城市,KA,1-49人,客服
USR_000647,USR_000647,,,,,2026-01-17,2026-01-17,2026-01-17,权益礼包,权益,7.7,一线城市,KA,1-49人,客服
USR_000647,USR_000647,,,,,2026-01-29,2026-01-29,2026-01-29,权益礼包,权益,40.3,一线城市,KA,1-49人,客服
USR_000647,USR_000647,,,,,2026-01-19,2026-01-19,2026-01-19,置顶刷新,权益,25.6,一线城市,KA,1-49人,客服
USR_000647,USR_000647,,,USR_000647,,2026-02-16,2026-02-16,2026-02-16,在线沟通,非权益,15.3,一线城市,KA,1-49人,客服
USR_000647,USR_000647,,,,,2026-01-29,2026-01-29,2026-01-29,权益礼包,权益,89.3,一线城市,KA,1-49人,客服
USR_000647,,,,,USR_000647,2026-02-23,2026-02-23,2026-02-23,简历查看,非权益,6.1,一线城市,KA,1-49人,客服
USR_000647,USR_000647,,USR_000647,,,2026-02-09,2026-02-09,2026-02-09,简历搜索,非权益,16.6,一线城市,KA,1-49人,客服
USR_000647,USR_000647,USR_000647,,,,2026-01-20,2026-01-20,2026-01-20,职位发布,非权益,20.9,一线城市,KA,1-49人,客服
USR_000647,USR_000647,,USR_000647,,,2026-01-08,2026-01-08,2026-01-08,简历搜索,非权益,51.9,一线城市,KA,1-49人,客服
USR_000647,USR_000647,,USR_000647,,,2026-02-04,2026-02-04,2026-02-04,简历搜索,非权益,10.6,一线城市,KA,1-49人,客服
USR_000647,USR_000647,,USR_000647,,,2026-01-11,2026-01-11,2026-01-11,简历搜索,非权益,17.8,一线城市,KA,1-49人,客服
USR_000647,USR_000647,,USR_000647,,,2026-02-12,2026-02-12,2026-02-12,简历搜索,非权益,32.3,一线城市,KA,1-49人,客服
USR_000648,,,,,,2026-01-21,2026-01-21,2026-01-21,企业认证,非权益,8.4,四线城市,KA,5000-10000人,客服
USR_000648,,,,USR_000648,,2026-01-29,2026-01-29,2026-01-29,在线沟通,非权益,22.0,四线城市,KA,5000-10000人,客服
USR_000648,USR_000648,,USR_000648,,,2026-01-05,2026-01-05,2026-01-05,简历搜索,非权益,8.3,四线城市,KA,5000-10000人,客服
USR_000648,USR_000648,,,,,2026-02-16,2026-02-16,2026-02-16,权益礼包,权益,15.6,四线城市,KA,5000-10000人,客服
USR_000648,USR_000648,,,USR_000648,,2026-01-15,2026-01-15,2026-01-15,在线沟通,非权益,49.4,四线城市,KA,5000-10000人,客服
USR_000649,USR_000649,,,USR_000649,,2026-02-25,2026-02-25,2026-02-25,在线沟通,非权益,22.8,五线城市,SME,1000-2000人,销售
USR_000649,USR_000649,,,,,2026-01-03,2026-01-03,2026-01-03,急聘推广,权益,18.3,五线城市,SME,1000-2000人,销售
USR_000649,,,,USR_000649,,2026-01-22,2026-01-22,2026-01-22,在线沟通,非权益,17.7,五线城市,SME,1000-2000人,销售
USR_000649,USR_000649,,,,,2026-02-27,2026-02-27,2026-02-27,置顶刷新,权益,14.7,五线城市,SME,1000-2000人,销售
USR_000649,USR_000649,,USR_000649,,,2026-01-20,2026-01-20,2026-01-20,简历搜索,非权益,66.4,五线城市,SME,1000-2000人,销售
USR_000649,USR_000649,,USR_000649,,,2026-01-31,2026-01-31,2026-01-31,简历搜索,非权益,6.7,五线城市,SME,1000-2000人,销售
USR_000650,USR_000650,USR_000650,,,,2026-02-06,2026-02-06,2026-02-06,职位发布,非权益,15.1,五线城市,SME,10000人以上,客服
USR_000650,USR_000650,,,USR_000650,,2026-02-08,2026-02-08,2026-02-08,在线沟通,非权益,14.3,五线城市,SME,10000人以上,客服
USR_000650,USR_000650,,,,,2026-01-27,2026-01-27,2026-01-27,权益礼包,权益,9.0,五线城市,SME,10000人以上,客服
USR_000650,,,,,,2026-02-05,2026-02-05,2026-02-05,权益礼包,权益,95.6,五线城市,SME,10000人以上,客服
USR_000650,USR_000650,,,,,2026-02-07,2026-02-07,2026-02-07,权益礼包,权益,43.2,五线城市,SME,10000人以上,客服
USR_000650,USR_000650,,,USR_000650,,2026-01-17,2026-01-17,2026-01-17,在线沟通,非权益,8.9,五线城市,SME,10000人以上,客服
USR_000650,USR_000650,,,,,2026-02-23,2026-02-23,2026-02-23,置顶刷新,权益,32.1,五线城市,SME,10000人以上,客服
USR_000650,USR_000650,,,,,2026-01-07,2026-01-07,2026-01-07,置顶刷新,权益,15.3,五线城市,SME,10000人以上,客服
USR_000650,,,,,,2026-01-02,2026-01-02,2026-01-02,急聘推广,权益,66.3,五线城市,SME,10000人以上,客服
USR_000650,,,,,USR_000650,2026-02-22,2026-02-22,2026-02-22,简历查看,非权益,26.2,五线城市,SME,10000人以上,客服
USR_000650,,,,,,2026-01-29,2026-01-29,2026-01-29,权益礼包,权益,46.5,五线城市,SME,10000人以上,客服
USR_000650,USR_000650,USR_000650,,,,2026-02-14,2026-02-14,2026-02-14,职位发布,非权益,14.5,五线城市,SME,10000人以上,客服
USR_000650,USR_000650,,,,,2026-02-01,2026-02-01,2026-02-01,置顶刷新,权益,23.7,五线城市,SME,10000人以上,客服
USR_000650,USR_000650,,USR_000650,,,2026-01-25,2026-01-25,2026-01-25,简历搜索,非权益,11.0,五线城市,SME,10000人以上,客服
USR_000650,USR_000650,,,,,2026-01-26,2026-01-26,2026-01-26,置顶刷新,权益,35.7,五线城市,SME,10000人以上,客服
USR_000650,,,,,,2026-01-28,2026-01-28,2026-01-28,急聘推广,权益,24.6,五线城市,SME,10000人以上,客服
USR_000650,USR_000650,,,,,2026-02-19,2026-02-19,2026-02-19,急聘推广,权益,29.1,五线城市,SME,10000人以上,客服
USR_000650,USR_000650,,USR_000650,,,2026-02-14,2026-02-14,2026-02-14,简历搜索,非权益,5.1,五线城市,SME,10000人以上,客服
USR_000650,USR_000650,,,,,2026-02-21,2026-02-21,2026-02-21,急聘推广,权益,6.5,五线城市,SME,10000人以上,客服
USR_000650,USR_000650,USR_000650,,,,2026-02-11,2026-02-11,2026-02-11,职位发布,非权益,7.2,五线城市,SME,10000人以上,客服
USR_000650,,,USR_000650,,,2026-02-17,2026-02-17,2026-02-17,简历搜索,非权益,14.2,五线城市,SME,10000人以上,客服
USR_000650,USR_000650,,,,USR_000650,2026-02-23,2026-02-23,2026-02-23,简历查看,非权益,17.7,五线城市,SME,10000人以上,客服
USR_000650,USR_000650,,,,,2026-02-23,2026-02-23,2026-02-23,急聘推广,权益,20.7,五线城市,SME,10000人以上,客服
USR_000651,USR_000651,,,,,2026-02-23,2026-02-23,2026-02-23,急聘推广,权益,45.6,新一线城市,SME,5000-10000人,运营
USR_000651,USR_000651,,,USR_000651,,2026-02-04,2026-02-04,2026-02-04,在线沟通,非权益,10.1,新一线城市,SME,5000-10000人,运营
USR_000651,USR_000651,,,USR_000651,,2026-01-18,2026-01-18,2026-01-18,在线沟通,非权益,9.5,新一线城市,SME,5000-10000人,运营
USR_000651,,,,,,2026-02-18,2026-02-18,2026-02-18,企业认证,非权益,34.5,新一线城市,SME,5000-10000人,运营
USR_000651,USR_000651,USR_000651,,,,2026-01-13,2026-01-13,2026-01-13,职位发布,非权益,24.9,新一线城市,SME,5000-10000人,运营
USR_000651,USR_000651,USR_000651,,,,2026-01-27,2026-01-27,2026-01-27,职位发布,非权益,27.1,新一线城市,SME,5000-10000人,运营
USR_000651,USR_000651,,USR_000651,,,2026-01-22,2026-01-22,2026-01-22,简历搜索,非权益,63.8,新一线城市,SME,5000-10000人,运营
USR_000651,,,,,,2026-01-01,2026-01-01,2026-01-01,权益礼包,权益,20.0,新一线城市,SME,5000-10000人,运营
USR_000651,USR_000651,USR_000651,,,,2026-02-08,2026-02-08,2026-02-08,职位发布,非权益,7.4,新一线城市,SME,5000-10000人,运营
USR_000651,USR_000651,,USR_000651,,,2026-01-18,2026-01-18,2026-01-18,简历搜索,非权益,12.2,新一线城市,SME,5000-10000人,运营
USR_000651,,,,,,2026-02-25,2026-02-25,2026-02-25,急聘推广,权益,22.4,新一线城市,SME,5000-10000人,运营
USR_000651,,,,USR_000651,,2026-02-23,2026-02-23,2026-02-23,在线沟通,非权益,18.5,新一线城市,SME,5000-10000人,运营
USR_000651,,,,,,2026-02-04,2026-02-04,2026-02-04,企业认证,非权益,87.6,新一线城市,SME,5000-10000人,运营
USR_000651,,USR_000651,,,,2026-02-15,2026-02-15,2026-02-15,职位发布,非权益,20.1,新一线城市,SME,5000-10000人,运营
USR_000651,USR_000651,,,,,2026-01-30,2026-01-30,2026-01-30,权益礼包,权益,59.8,新一线城市,SME,5000-10000人,运营
USR_000651,,,,,USR_000651,2026-02-01,2026-02-01,2026-02-01,简历查看,非权益,30.2,新一线城市,SME,5000-10000人,运营
USR_000651,USR_000651,,,,,2026-03-01,2026-03-01,2026-03-01,急聘推广,权益,36.6,新一线城市,SME,5000-10000人,运营
USR_000652,USR_000652,,,,,2026-02-18,2026-02-18,2026-02-18,企业认证,非权益,13.6,新一线城市,SME,5000-10000人,运营
USR_000652,USR_000652,,USR_000652,,,2026-01-17,2026-01-17,2026-01-17,简历搜索,非权益,8.5,新一线城市,SME,5000-10000人,运营
USR_000652,USR_000652,,USR_000652,,,2026-02-15,2026-02-15,2026-02-15,简历搜索,非权益,36.5,新一线城市,SME,5000-10000人,运营
USR_000652,,,,,,2026-01-02,2026-01-02,2026-01-02,置顶刷新,权益,11.7,新一线城市,SME,5000-10000人,运营
USR_000652,USR_000652,,,USR_000652,,2026-02-06,2026-02-06,2026-02-06,在线沟通,非权益,13.8,新一线城市,SME,5000-10000人,运营
USR_000652,USR_000652,,,,USR_000652,2026-01-05,2026-01-05,2026-01-05,简历查看,非权益,34.9,新一线城市,SME,5000-10000人,运营
USR_000652,USR_000652,,,,USR_000652,2026-01-19,2026-01-19,2026-01-19,简历查看,非权益,7.1,新一线城市,SME,5000-10000人,运营
USR_000652,USR_000652,,,,,2026-01-19,2026-01-19,2026-01-19,急聘推广,权益,24.1,新一线城市,SME,5000-10000人,运营
USR_000652,USR_000652,,USR_000652,,,2026-01-07,2026-01-07,2026-01-07,简历搜索,非权益,16.6,新一线城市,SME,5000-10000人,运营
USR_000652,,,,,USR_000652,2026-01-26,2026-01-26,2026-01-26,简历查看,非权益,11.9,新一线城市,SME,5000-10000人,运营
USR_000652,USR_000652,,,,,2026-02-07,2026-02-07,2026-02-07,置顶刷新,权益,24.9,新一线城市,SME,5000-10000人,运营
USR_000652,,,,,,2026-01-06,2026-01-06,2026-01-06,急聘推广,权益,43.4,新一线城市,SME,5000-10000人,运营
USR_000652,USR_000652,,,,,2026-02-09,2026-02-09,2026-02-09,企业认证,非权益,29.8,新一线城市,SME,5000-10000人,运营
USR_000652,USR_000652,,,,,2026-02-21,2026-02-21,2026-02-21,置顶刷新,权益,15.6,新一线城市,SME,5000-10000人,运营
USR_000652,USR_000652,,,,,2026-01-26,2026-01-26,2026-01-26,急聘推广,权益,16.8,新一线城市,SME,5000-10000人,运营
USR_000652,,,,,,2026-02-20,2026-02-20,2026-02-20,企业认证,非权益,10.0,新一线城市,SME,5000-10000人,运营
USR_000653,,,,,,2026-01-24,2026-01-24,2026-01-24,企业认证,非权益,16.9,三线城市,SME,50-99人,财务
USR_000653,USR_000653,USR_000653,,,,2026-02-23,2026-02-23,2026-02-23,职位发布,非权益,13.9,三线城市,SME,50-99人,财务
USR_000653,USR_000653,,,,,2026-01-30,2026-01-30,2026-01-30,权益礼包,权益,16.8,三线城市,SME,50-99人,财务
USR_000653,USR_000653,,USR_000653,,,2026-01-07,2026-01-07,2026-01-07,简历搜索,非权益,27.4,三线城市,SME,50-99人,财务
USR_000653,,,,,,2026-01-11,2026-01-11,2026-01-11,权益礼包,权益,25.2,三线城市,SME,50-99人,财务
USR_000653,USR_000653,,,,,2026-01-14,2026-01-14,2026-01-14,置顶刷新,权益,8.8,三线城市,SME,50-99人,财务
USR_000653,,,,,,2026-02-24,2026-02-24,2026-02-24,企业认证,非权益,9.9,三线城市,SME,50-99人,财务
USR_000653,,,USR_000653,,,2026-02-25,2026-02-25,2026-02-25,简历搜索,非权益,17.1,三线城市,SME,50-99人,财务
USR_000653,USR_000653,USR_000653,,,,2026-02-07,2026-02-07,2026-02-07,职位发布,非权益,8.9,三线城市,SME,50-99人,财务
USR_000653,USR_000653,,,,,2026-02-28,2026-02-28,2026-02-28,企业认证,非权益,8.1,三线城市,SME,50-99人,财务
USR_000653,USR_000653,,,,,2026-01-19,2026-01-19,2026-01-19,置顶刷新,权益,5.4,三线城市,SME,50-99人,财务
USR_000653,USR_000653,,,,,2026-02-16,2026-02-16,2026-02-16,企业认证,非权益,18.1,三线城市,SME,50-99人,财务
USR_000653,USR_000653,,,,USR_000653,2026-01-30,2026-01-30,2026-01-30,简历查看,非权益,8.6,三线城市,SME,50-99人,财务
USR_000653,,,,,,2026-02-12,2026-02-12,2026-02-12,置顶刷新,权益,17.9,三线城市,SME,50-99人,财务
USR_000653,USR_000653,,,,USR_000653,2026-02-22,2026-02-22,2026-02-22,简历查看,非权益,43.0,三线城市,SME,50-99人,财务
USR_000653,,,,,USR_000653,2026-01-22,2026-01-22,2026-01-22,简历查看,非权益,12.2,三线城市,SME,50-99人,财务
USR_000653,USR_000653,,,,,2026-01-10,2026-01-10,2026-01-10,急聘推广,权益,20.3,三线城市,SME,50-99人,财务
USR_000653,USR_000653,USR_000653,,,,2026-02-12,2026-02-12,2026-02-12,职位发布,非权益,39.1,三线城市,SME,50-99人,财务
USR_000653,USR_000653,,,,USR_000653,2026-01-12,2026-01-12,2026-01-12,简历查看,非权益,20.1,三线城市,SME,50-99人,财务
USR_000653,USR_000653,,,,USR_000653,2026-01-04,2026-01-04,2026-01-04,简历查看,非权益,14.6,三线城市,SME,50-99人,财务
USR_000653,USR_000653,,USR_000653,,,2026-02-03,2026-02-03,2026-02-03,简历搜索,非权益,47.2,三线城市,SME,50-99人,财务
USR_000653,USR_000653,USR_000653,,,,2026-02-17,2026-02-17,2026-02-17,职位发布,非权益,7.7,三线城市,SME,50-99人,财务
USR_000653,,,,USR_000653,,2026-02-18,2026-02-18,2026-02-18,在线沟通,非权益,20.4,三线城市,SME,50-99人,财务
USR_000654,USR_000654,,,,,2026-01-01,2026-01-01,2026-01-01,企业认证,非权益,20.2,四线城市,SME,100-499人,产品
USR_000654,USR_000654,,,,,2026-01-26,2026-01-26,2026-01-26,权益礼包,权益,28.4,四线城市,SME,100-499人,产品
USR_000654,,,,USR_000654,,2026-02-03,2026-02-03,2026-02-03,在线沟通,非权益,7.8,四线城市,SME,100-499人,产品
USR_000655,,USR_000655,,,,2026-02-24,2026-02-24,2026-02-24,职位发布,非权益,38.0,一线城市,KA,50-99人,客服
USR_000655,USR_000655,,USR_000655,,,2026-01-14,2026-01-14,2026-01-14,简历搜索,非权益,11.2,一线城市,KA,50-99人,客服
USR_000655,USR_000655,,,,,2026-02-19,2026-02-19,2026-02-19,急聘推广,权益,17.7,一线城市,KA,50-99人,客服
USR_000655,USR_000655,,,,,2026-01-22,2026-01-22,2026-01-22,企业认证,非权益,6.0,一线城市,KA,50-99人,客服
USR_000655,USR_000655,,,,,2026-02-16,2026-02-16,2026-02-16,权益礼包,权益,28.6,一线城市,KA,50-99人,客服
USR_000655,USR_000655,,,,,2026-01-20,2026-01-20,2026-01-20,权益礼包,权益,32.7,一线城市,KA,50-99人,客服
USR_000655,,,,,USR_000655,2026-01-13,2026-01-13,2026-01-13,简历查看,非权益,20.6,一线城市,KA,50-99人,客服
USR_000655,USR_000655,,,,USR_000655,2026-02-21,2026-02-21,2026-02-21,简历查看,非权益,5.4,一线城市,KA,50-99人,客服
USR_000655,USR_000655,USR_000655,,,,2026-01-30,2026-01-30,2026-01-30,职位发布,非权益,8.7,一线城市,KA,50-99人,客服
USR_000655,USR_000655,,,,USR_000655,2026-02-12,2026-02-12,2026-02-12,简历查看,非权益,49.4,一线城市,KA,50-99人,客服
USR_000655,USR_000655,,,,,2026-01-26,2026-01-26,2026-01-26,企业认证,非权益,64.3,一线城市,KA,50-99人,客服
USR_000655,USR_000655,,,,,2026-02-09,2026-02-09,2026-02-09,权益礼包,权益,11.0,一线城市,KA,50-99人,客服
USR_000656,,,,,,2026-02-09,2026-02-09,2026-02-09,置顶刷新,权益,9.9,二线城市,SME,100-499人,财务
USR_000656,USR_000656,,,,,2026-01-01,2026-01-01,2026-01-01,企业认证,非权益,34.2,二线城市,SME,100-499人,财务
USR_000656,USR_000656,,,USR_000656,,2026-02-16,2026-02-16,2026-02-16,在线沟通,非权益,37.3,二线城市,SME,100-499人,财务
USR_000656,USR_000656,USR_000656,,,,2026-01-14,2026-01-14,2026-01-14,职位发布,非权益,60.8,二线城市,SME,100-499人,财务
USR_000656,USR_000656,,,,,2026-01-27,2026-01-27,2026-01-27,权益礼包,权益,5.3,二线城市,SME,100-499人,财务
USR_000657,USR_000657,,,,,2026-01-10,2026-01-10,2026-01-10,置顶刷新,权益,44.4,四线城市,SME,1-49人,客服
USR_000657,USR_000657,,USR_000657,,,2026-01-12,2026-01-12,2026-01-12,简历搜索,非权益,6.3,四线城市,SME,1-49人,客服
USR_000657,USR_000657,,,,,2026-01-15,2026-01-15,2026-01-15,置顶刷新,权益,52.0,四线城市,SME,1-49人,客服
USR_000657,USR_000657,,,,,2026-02-07,2026-02-07,2026-02-07,权益礼包,权益,25.2,四线城市,SME,1-49人,客服
USR_000658,USR_000658,,,,,2026-01-25,2026-01-25,2026-01-25,企业认证,非权益,35.1,二线城市,SME,10000人以上,研发
USR_000658,,,,,,2026-01-04,2026-01-04,2026-01-04,置顶刷新,权益,12.6,二线城市,SME,10000人以上,研发
USR_000658,USR_000658,USR_000658,,,,2026-01-27,2026-01-27,2026-01-27,职位发布,非权益,10.3,二线城市,SME,10000人以上,研发
USR_000658,,,,,USR_000658,2026-01-20,2026-01-20,2026-01-20,简历查看,非权益,17.2,二线城市,SME,10000人以上,研发
USR_000658,,,,,,2026-01-11,2026-01-11,2026-01-11,企业认证,非权益,43.9,二线城市,SME,10000人以上,研发
USR_000658,USR_000658,,,,,2026-01-15,2026-01-15,2026-01-15,权益礼包,权益,10.7,二线城市,SME,10000人以上,研发
USR_000658,,,,USR_000658,,2026-02-26,2026-02-26,2026-02-26,在线沟通,非权益,27.4,二线城市,SME,10000人以上,研发
USR_000658,,,,,USR_000658,2026-01-30,2026-01-30,2026-01-30,简历查看,非权益,34.2,二线城市,SME,10000人以上,研发
USR_000658,USR_000658,,,,,2026-01-29,2026-01-29,2026-01-29,置顶刷新,权益,9.3,二线城市,SME,10000人以上,研发
USR_000658,USR_000658,,,USR_000658,,2026-02-02,2026-02-02,2026-02-02,在线沟通,非权益,15.1,二线城市,SME,10000人以上,研发
USR_000658,USR_000658,USR_000658,,,,2026-02-03,2026-02-03,2026-02-03,职位发布,非权益,14.2,二线城市,SME,10000人以上,研发
USR_000658,USR_000658,,,,,2026-01-15,2026-01-15,2026-01-15,置顶刷新,权益,21.7,二线城市,SME,10000人以上,研发
USR_000658,USR_000658,,USR_000658,,,2026-01-04,2026-01-04,2026-01-04,简历搜索,非权益,8.1,二线城市,SME,10000人以上,研发
USR_000658,USR_000658,,,,,2026-02-19,2026-02-19,2026-02-19,急聘推广,权益,19.0,二线城市,SME,10000人以上,研发
USR_000658,USR_000658,,,,,2026-02-08,2026-02-08,2026-02-08,企业认证,非权益,32.8,二线城市,SME,10000人以上,研发
USR_000658,,,,,,2026-01-27,2026-01-27,2026-01-27,急聘推广,权益,7.2,二线城市,SME,10000人以上,研发
USR_000658,USR_000658,,USR_000658,,,2026-02-11,2026-02-11,2026-02-11,简历搜索,非权益,41.1,二线城市,SME,10000人以上,研发
USR_000659,,,,,,2026-03-01,2026-03-01,2026-03-01,急聘推广,权益,8.8,三线城市,SME,50-99人,研发
USR_000659,USR_000659,USR_000659,,,,2026-02-23,2026-02-23,2026-02-23,职位发布,非权益,8.0,三线城市,SME,50-99人,研发
USR_000659,USR_000659,,,,,2026-02-27,2026-02-27,2026-02-27,企业认证,非权益,7.7,三线城市,SME,50-99人,研发
USR_000660,USR_000660,,,,,2026-01-10,2026-01-10,2026-01-10,急聘推广,权益,8.3,五线城市,SME,1000-2000人,行政
USR_000660,USR_000660,,,,,2026-01-21,2026-01-21,2026-01-21,企业认证,非权益,44.7,五线城市,SME,1000-2000人,行政
USR_000660,,,USR_000660,,,2026-02-22,2026-02-22,2026-02-22,简历搜索,非权益,12.7,五线城市,SME,1000-2000人,行政
USR_000660,USR_000660,,,,,2026-01-09,2026-01-09,2026-01-09,权益礼包,权益,26.5,五线城市,SME,1000-2000人,行政
USR_000660,USR_000660,USR_000660,,,,2026-02-24,2026-02-24,2026-02-24,职位发布,非权益,10.0,五线城市,SME,1000-2000人,行政
USR_000660,USR_000660,,,,USR_000660,2026-01-10,2026-01-10,2026-01-10,简历查看,非权益,23.4,五线城市,SME,1000-2000人,行政
USR_000660,USR_000660,,USR_000660,,,2026-02-24,2026-02-24,2026-02-24,简历搜索,非权益,18.0,五线城市,SME,1000-2000人,行政
USR_000660,USR_000660,,,,,2026-01-28,2026-01-28,2026-01-28,置顶刷新,权益,15.6,五线城市,SME,1000-2000人,行政
USR_000660,USR_000660,,,,,2026-01-02,2026-01-02,2026-01-02,置顶刷新,权益,17.2,五线城市,SME,1000-2000人,行政
USR_000660,,,USR_000660,,,2026-02-18,2026-02-18,2026-02-18,简历搜索,非权益,24.7,五线城市,SME,1000-2000人,行政
USR_000660,,,,,,2026-01-21,2026-01-21,2026-01-21,置顶刷新,权益,12.0,五线城市,SME,1000-2000人,行政
USR_000661,USR_000661,,,,,2026-01-18,2026-01-18,2026-01-18,权益礼包,权益,23.3,五线城市,SME,500-999人,产品
USR_000661,,,,,,2026-01-07,2026-01-07,2026-01-07,权益礼包,权益,23.4,五线城市,SME,500-999人,产品
USR_000661,,USR_000661,,,,2026-02-26,2026-02-26,2026-02-26,职位发布,非权益,34.8,五线城市,SME,500-999人,产品
USR_000661,,,,,,2026-02-27,2026-02-27,2026-02-27,急聘推广,权益,6.9,五线城市,SME,500-999人,产品
USR_000661,USR_000661,,,,,2026-02-14,2026-02-14,2026-02-14,置顶刷新,权益,14.3,五线城市,SME,500-999人,产品
USR_000661,USR_000661,,,,,2026-02-27,2026-02-27,2026-02-27,急聘推广,权益,11.6,五线城市,SME,500-999人,产品
USR_000661,,,USR_000661,,,2026-02-20,2026-02-20,2026-02-20,简历搜索,非权益,6.7,五线城市,SME,500-999人,产品
USR_000661,USR_000661,,,,,2026-02-05,2026-02-05,2026-02-05,置顶刷新,权益,22.2,五线城市,SME,500-999人,产品
USR_000662,USR_000662,,,,,2026-02-08,2026-02-08,2026-02-08,权益礼包,权益,16.2,新一线城市,SME,500-999人,销售
USR_000662,USR_000662,,,,,2026-01-23,2026-01-23,2026-01-23,急聘推广,权益,8.1,新一线城市,SME,500-999人,销售
USR_000662,,,,,,2026-01-16,2026-01-16,2026-01-16,置顶刷新,权益,14.8,新一线城市,SME,500-999人,销售
USR_000662,USR_000662,,,,USR_000662,2026-01-16,2026-01-16,2026-01-16,简历查看,非权益,13.5,新一线城市,SME,500-999人,销售
USR_000662,USR_000662,USR_000662,,,,2026-02-03,2026-02-03,2026-02-03,职位发布,非权益,19.2,新一线城市,SME,500-999人,销售
USR_000662,,,,,,2026-01-04,2026-01-04,2026-01-04,置顶刷新,权益,13.0,新一线城市,SME,500-999人,销售
USR_000662,,USR_000662,,,,2026-01-13,2026-01-13,2026-01-13,职位发布,非权益,10.5,新一线城市,SME,500-999人,销售
USR_000662,USR_000662,,,USR_000662,,2026-02-21,2026-02-21,2026-02-21,在线沟通,非权益,29.2,新一线城市,SME,500-999人,销售
USR_000662,,,,,,2026-01-09,2026-01-09,2026-01-09,企业认证,非权益,8.8,新一线城市,SME,500-999人,销售
USR_000662,USR_000662,,,,,2026-01-15,2026-01-15,2026-01-15,权益礼包,权益,35.0,新一线城市,SME,500-999人,销售
USR_000662,USR_000662,,,,USR_000662,2026-02-25,2026-02-25,2026-02-25,简历查看,非权益,14.4,新一线城市,SME,500-999人,销售
USR_000662,USR_000662,USR_000662,,,,2026-01-26,2026-01-26,2026-01-26,职位发布,非权益,67.4,新一线城市,SME,500-999人,销售
USR_000663,,,,,USR_000663,2026-01-20,2026-01-20,2026-01-20,简历查看,非权益,9.7,新一线城市,SME,500-999人,运营
USR_000663,USR_000663,,,,USR_000663,2026-01-04,2026-01-04,2026-01-04,简历查看,非权益,17.8,新一线城市,SME,500-999人,运营
USR_000663,USR_000663,,,,,2026-01-18,2026-01-18,2026-01-18,急聘推广,权益,15.9,新一线城市,SME,500-999人,运营
USR_000663,USR_000663,,,USR_000663,,2026-01-11,2026-01-11,2026-01-11,在线沟通,非权益,9.5,新一线城市,SME,500-999人,运营
USR_000663,USR_000663,USR_000663,,,,2026-01-31,2026-01-31,2026-01-31,职位发布,非权益,11.6,新一线城市,SME,500-999人,运营
USR_000663,,,,USR_000663,,2026-02-04,2026-02-04,2026-02-04,在线沟通,非权益,20.4,新一线城市,SME,500-999人,运营
USR_000663,,,,,USR_000663,2026-01-02,2026-01-02,2026-01-02,简历查看,非权益,12.9,新一线城市,SME,500-999人,运营
USR_000663,,,,,USR_000663,2026-01-03,2026-01-03,2026-01-03,简历查看,非权益,21.9,新一线城市,SME,500-999人,运营
USR_000663,USR_000663,,USR_000663,,,2026-02-14,2026-02-14,2026-02-14,简历搜索,非权益,9.1,新一线城市,SME,500-999人,运营
USR_000664,,,,,,2026-02-23,2026-02-23,2026-02-23,企业认证,非权益,11.3,四线城市,KA,5000-10000人,产品
USR_000664,USR_000664,,,,USR_000664,2026-02-04,2026-02-04,2026-02-04,简历查看,非权益,19.6,四线城市,KA,5000-10000人,产品
USR_000664,USR_000664,USR_000664,,,,2026-02-15,2026-02-15,2026-02-15,职位发布,非权益,6.9,四线城市,KA,5000-10000人,产品
USR_000664,USR_000664,,USR_000664,,,2026-01-26,2026-01-26,2026-01-26,简历搜索,非权益,11.3,四线城市,KA,5000-10000人,产品
USR_000664,USR_000664,,,,,2026-02-17,2026-02-17,2026-02-17,置顶刷新,权益,11.8,四线城市,KA,5000-10000人,产品
USR_000664,USR_000664,,,,,2026-02-27,2026-02-27,2026-02-27,企业认证,非权益,9.8,四线城市,KA,5000-10000人,产品
USR_000664,,,,,,2026-02-27,2026-02-27,2026-02-27,置顶刷新,权益,7.1,四线城市,KA,5000-10000人,产品
USR_000664,USR_000664,,,,,2026-02-25,2026-02-25,2026-02-25,急聘推广,权益,10.7,四线城市,KA,5000-10000人,产品
USR_000664,USR_000664,,,,USR_000664,2026-02-22,2026-02-22,2026-02-22,简历查看,非权益,7.9,四线城市,KA,5000-10000人,产品
USR_000664,USR_000664,,,USR_000664,,2026-01-18,2026-01-18,2026-01-18,在线沟通,非权益,36.5,四线城市,KA,5000-10000人,产品
USR_000664,USR_000664,,,,,2026-02-05,2026-02-05,2026-02-05,权益礼包,权益,16.4,四线城市,KA,5000-10000人,产品
USR_000664,,,,,,2026-01-08,2026-01-08,2026-01-08,权益礼包,权益,12.1,四线城市,KA,5000-10000人,产品
USR_000664,USR_000664,,,,,2026-03-01,2026-03-01,2026-03-01,权益礼包,权益,27.7,四线城市,KA,5000-10000人,产品
USR_000664,USR_000664,,,,,2026-01-05,2026-01-05,2026-01-05,权益礼包,权益,15.0,四线城市,KA,5000-10000人,产品
USR_000664,USR_000664,,USR_000664,,,2026-02-20,2026-02-20,2026-02-20,简历搜索,非权益,65.5,四线城市,KA,5000-10000人,产品
USR_000664,USR_000664,,,USR_000664,,2026-02-17,2026-02-17,2026-02-17,在线沟通,非权益,14.8,四线城市,KA,5000-10000人,产品
USR_000664,,,,,,2026-01-17,2026-01-17,2026-01-17,置顶刷新,权益,38.2,四线城市,KA,5000-10000人,产品
USR_000664,USR_000664,,USR_000664,,,2026-02-08,2026-02-08,2026-02-08,简历搜索,非权益,58.6,四线城市,KA,5000-10000人,产品
USR_000664,,,,,USR_000664,2026-03-01,2026-03-01,2026-03-01,简历查看,非权益,50.8,四线城市,KA,5000-10000人,产品
USR_000664,,,,,,2026-02-11,2026-02-11,2026-02-11,急聘推广,权益,13.5,四线城市,KA,5000-10000人,产品
USR_000665,,,,,USR_000665,2026-02-01,2026-02-01,2026-02-01,简历查看,非权益,6.6,四线城市,SME,5000-10000人,市场
USR_000665,USR_000665,,,,,2026-01-19,2026-01-19,2026-01-19,权益礼包,权益,12.2,四线城市,SME,5000-10000人,市场
USR_000665,USR_000665,,,,,2026-02-09,2026-02-09,2026-02-09,权益礼包,权益,6.6,四线城市,SME,5000-10000人,市场
USR_000665,,,,,,2026-01-13,2026-01-13,2026-01-13,企业认证,非权益,9.4,四线城市,SME,5000-10000人,市场
USR_000665,,,,,,2026-02-17,2026-02-17,2026-02-17,置顶刷新,权益,36.6,四线城市,SME,5000-10000人,市场
USR_000665,USR_000665,,,,USR_000665,2026-02-09,2026-02-09,2026-02-09,简历查看,非权益,28.6,四线城市,SME,5000-10000人,市场
USR_000665,,USR_000665,,,,2026-02-07,2026-02-07,2026-02-07,职位发布,非权益,16.0,四线城市,SME,5000-10000人,市场
USR_000665,USR_000665,,,,,2026-01-06,2026-01-06,2026-01-06,权益礼包,权益,21.9,四线城市,SME,5000-10000人,市场
USR_000665,USR_000665,USR_000665,,,,2026-02-24,2026-02-24,2026-02-24,职位发布,非权益,65.5,四线城市,SME,5000-10000人,市场
USR_000665,USR_000665,,,,USR_000665,2026-02-17,2026-02-17,2026-02-17,简历查看,非权益,31.3,四线城市,SME,5000-10000人,市场
USR_000665,USR_000665,,,,USR_000665,2026-01-08,2026-01-08,2026-01-08,简历查看,非权益,16.3,四线城市,SME,5000-10000人,市场
USR_000665,USR_000665,,,,,2026-02-06,2026-02-06,2026-02-06,企业认证,非权益,50.2,四线城市,SME,5000-10000人,市场
USR_000665,USR_000665,,,,USR_000665,2026-02-21,2026-02-21,2026-02-21,简历查看,非权益,7.1,四线城市,SME,5000-10000人,市场
USR_000665,,,,,,2026-01-28,2026-01-28,2026-01-28,企业认证,非权益,9.6,四线城市,SME,5000-10000人,市场
USR_000665,USR_000665,,,,USR_000665,2026-01-30,2026-01-30,2026-01-30,简历查看,非权益,7.0,四线城市,SME,5000-10000人,市场
USR_000665,USR_000665,,,,,2026-01-12,2026-01-12,2026-01-12,企业认证,非权益,7.2,四线城市,SME,5000-10000人,市场
USR_000665,USR_000665,,,,USR_000665,2026-01-17,2026-01-17,2026-01-17,简历查看,非权益,7.3,四线城市,SME,5000-10000人,市场
USR_000665,USR_000665,,,,,2026-02-23,2026-02-23,2026-02-23,急聘推广,权益,6.7,四线城市,SME,5000-10000人,市场
USR_000665,USR_000665,,,,,2026-01-07,2026-01-07,2026-01-07,急聘推广,权益,20.3,四线城市,SME,5000-10000人,市场
USR_000665,,,,,,2026-01-15,2026-01-15,2026-01-15,急聘推广,权益,52.4,四线城市,SME,5000-10000人,市场
USR_000665,USR_000665,,,,,2026-02-25,2026-02-25,2026-02-25,急聘推广,权益,11.2,四线城市,SME,5000-10000人,市场
USR_000665,,,,,,2026-01-19,2026-01-19,2026-01-19,急聘推广,权益,102.6,四线城市,SME,5000-10000人,市场
USR_000665,,USR_000665,,,,2026-01-12,2026-01-12,2026-01-12,职位发布,非权益,93.3,四线城市,SME,5000-10000人,市场
USR_000666,USR_000666,,USR_000666,,,2026-01-03,2026-01-03,2026-01-03,简历搜索,非权益,34.8,五线城市,KA,500-999人,财务
USR_000667,USR_000667,,,,,2026-02-21,2026-02-21,2026-02-21,置顶刷新,权益,6.9,一线城市,SME,2000-5000人,市场
USR_000667,USR_000667,,,,USR_000667,2026-02-28,2026-02-28,2026-02-28,简历查看,非权益,17.6,一线城市,SME,2000-5000人,市场
USR_000667,USR_000667,,,,,2026-01-07,2026-01-07,2026-01-07,企业认证,非权益,14.8,一线城市,SME,2000-5000人,市场
USR_000667,USR_000667,,,,,2026-02-24,2026-02-24,2026-02-24,急聘推广,权益,12.9,一线城市,SME,2000-5000人,市场
USR_000667,,,,,USR_000667,2026-03-01,2026-03-01,2026-03-01,简历查看,非权益,20.2,一线城市,SME,2000-5000人,市场
USR_000667,,,USR_000667,,,2026-01-05,2026-01-05,2026-01-05,简历搜索,非权益,54.7,一线城市,SME,2000-5000人,市场
USR_000667,,,,,,2026-01-26,2026-01-26,2026-01-26,企业认证,非权益,37.0,一线城市,SME,2000-5000人,市场
USR_000667,,,,USR_000667,,2026-02-05,2026-02-05,2026-02-05,在线沟通,非权益,6.2,一线城市,SME,2000-5000人,市场
USR_000667,USR_000667,,,,,2026-01-14,2026-01-14,2026-01-14,权益礼包,权益,13.2,一线城市,SME,2000-5000人,市场
USR_000667,USR_000667,,,USR_000667,,2026-01-04,2026-01-04,2026-01-04,在线沟通,非权益,77.1,一线城市,SME,2000-5000人,市场
USR_000667,USR_000667,,,,USR_000667,2026-01-09,2026-01-09,2026-01-09,简历查看,非权益,22.2,一线城市,SME,2000-5000人,市场
USR_000667,USR_000667,,,,,2026-01-24,2026-01-24,2026-01-24,企业认证,非权益,28.8,一线城市,SME,2000-5000人,市场
USR_000668,USR_000668,,,,,2026-02-17,2026-02-17,2026-02-17,置顶刷新,权益,9.3,五线城市,SME,10000人以上,运营
USR_000668,USR_000668,,,,,2026-02-16,2026-02-16,2026-02-16,置顶刷新,权益,23.2,五线城市,SME,10000人以上,运营
USR_000668,USR_000668,,,,,2026-02-24,2026-02-24,2026-02-24,急聘推广,权益,194.9,五线城市,SME,10000人以上,运营
USR_000668,USR_000668,,,USR_000668,,2026-02-21,2026-02-21,2026-02-21,在线沟通,非权益,7.1,五线城市,SME,10000人以上,运营
USR_000668,,,,USR_000668,,2026-02-25,2026-02-25,2026-02-25,在线沟通,非权益,37.4,五线城市,SME,10000人以上,运营
USR_000668,,,,,,2026-01-17,2026-01-17,2026-01-17,权益礼包,权益,7.8,五线城市,SME,10000人以上,运营
USR_000668,USR_000668,,,,,2026-02-14,2026-02-14,2026-02-14,企业认证,非权益,23.7,五线城市,SME,10000人以上,运营
USR_000668,,USR_000668,,,,2026-02-22,2026-02-22,2026-02-22,职位发布,非权益,32.8,五线城市,SME,10000人以上,运营
USR_000668,USR_000668,,,,USR_000668,2026-02-04,2026-02-04,2026-02-04,简历查看,非权益,30.6,五线城市,SME,10000人以上,运营
USR_000668,USR_000668,USR_000668,,,,2026-01-06,2026-01-06,2026-01-06,职位发布,非权益,12.8,五线城市,SME,10000人以上,运营
USR_000668,USR_000668,USR_000668,,,,2026-02-25,2026-02-25,2026-02-25,职位发布,非权益,14.9,五线城市,SME,10000人以上,运营
USR_000668,USR_000668,,,,,2026-01-26,2026-01-26,2026-01-26,权益礼包,权益,77.4,五线城市,SME,10000人以上,运营
USR_000668,USR_000668,,,,,2026-01-11,2026-01-11,2026-01-11,置顶刷新,权益,13.1,五线城市,SME,10000人以上,运营
USR_000668,USR_000668,,,,USR_000668,2026-01-06,2026-01-06,2026-01-06,简历查看,非权益,28.6,五线城市,SME,10000人以上,运营
USR_000668,USR_000668,,USR_000668,,,2026-01-16,2026-01-16,2026-01-16,简历搜索,非权益,44.6,五线城市,SME,10000人以上,运营
USR_000668,,,,,,2026-02-19,2026-02-19,2026-02-19,企业认证,非权益,44.2,五线城市,SME,10000人以上,运营
USR_000668,,,,USR_000668,,2026-01-08,2026-01-08,2026-01-08,在线沟通,非权益,6.4,五线城市,SME,10000人以上,运营
USR_000668,USR_000668,,USR_000668,,,2026-01-13,2026-01-13,2026-01-13,简历搜索,非权益,30.8,五线城市,SME,10000人以上,运营
USR_000668,USR_000668,,,,USR_000668,2026-02-09,2026-02-09,2026-02-09,简历查看,非权益,22.4,五线城市,SME,10000人以上,运营
USR_000668,,USR_000668,,,,2026-01-21,2026-01-21,2026-01-21,职位发布,非权益,24.1,五线城市,SME,10000人以上,运营
USR_000668,USR_000668,,,,,2026-01-25,2026-01-25,2026-01-25,权益礼包,权益,36.8,五线城市,SME,10000人以上,运营
USR_000669,USR_000669,,,,,2026-02-18,2026-02-18,2026-02-18,置顶刷新,权益,29.6,五线城市,SME,1000-2000人,市场
USR_000669,,,,,,2026-02-28,2026-02-28,2026-02-28,企业认证,非权益,18.6,五线城市,SME,1000-2000人,市场
USR_000669,USR_000669,,,,,2026-02-05,2026-02-05,2026-02-05,权益礼包,权益,21.0,五线城市,SME,1000-2000人,市场
USR_000669,USR_000669,,,,,2026-01-09,2026-01-09,2026-01-09,权益礼包,权益,26.4,五线城市,SME,1000-2000人,市场
USR_000669,,,USR_000669,,,2026-02-24,2026-02-24,2026-02-24,简历搜索,非权益,9.5,五线城市,SME,1000-2000人,市场
USR_000669,USR_000669,,,,USR_000669,2026-01-19,2026-01-19,2026-01-19,简历查看,非权益,22.5,五线城市,SME,1000-2000人,市场
USR_000669,USR_000669,USR_000669,,,,2026-01-19,2026-01-19,2026-01-19,职位发布,非权益,39.1,五线城市,SME,1000-2000人,市场
USR_000669,USR_000669,,,,,2026-01-16,2026-01-16,2026-01-16,企业认证,非权益,11.7,五线城市,SME,1000-2000人,市场
USR_000670,USR_000670,,USR_000670,,,2026-02-23,2026-02-23,2026-02-23,简历搜索,非权益,9.4,三线城市,SME,1-49人,财务
USR_000670,USR_000670,,,,USR_000670,2026-03-01,2026-03-01,2026-03-01,简历查看,非权益,81.5,三线城市,SME,1-49人,财务
USR_000670,USR_000670,,,,,2026-02-01,2026-02-01,2026-02-01,企业认证,非权益,5.7,三线城市,SME,1-49人,财务
USR_000670,USR_000670,,,,,2026-02-13,2026-02-13,2026-02-13,企业认证,非权益,18.9,三线城市,SME,1-49人,财务
USR_000670,USR_000670,,,,USR_000670,2026-02-03,2026-02-03,2026-02-03,简历查看,非权益,23.6,三线城市,SME,1-49人,财务
USR_000670,USR_000670,,,,,2026-02-10,2026-02-10,2026-02-10,企业认证,非权益,18.3,三线城市,SME,1-49人,财务
USR_000670,USR_000670,,USR_000670,,,2026-01-07,2026-01-07,2026-01-07,简历搜索,非权益,13.2,三线城市,SME,1-49人,财务
USR_000670,USR_000670,,,,,2026-01-23,2026-01-23,2026-01-23,置顶刷新,权益,25.9,三线城市,SME,1-49人,财务
USR_000670,USR_000670,,,USR_000670,,2026-02-27,2026-02-27,2026-02-27,在线沟通,非权益,15.2,三线城市,SME,1-49人,财务
USR_000670,USR_000670,,,,USR_000670,2026-01-19,2026-01-19,2026-01-19,简历查看,非权益,43.8,三线城市,SME,1-49人,财务
USR_000670,USR_000670,,,,USR_000670,2026-02-03,2026-02-03,2026-02-03,简历查看,非权益,26.0,三线城市,SME,1-49人,财务
USR_000670,,,,,,2026-01-01,2026-01-01,2026-01-01,权益礼包,权益,47.9,三线城市,SME,1-49人,财务
USR_000670,USR_000670,,,,,2026-02-12,2026-02-12,2026-02-12,企业认证,非权益,16.1,三线城市,SME,1-49人,财务
USR_000670,,,,,,2026-02-12,2026-02-12,2026-02-12,急聘推广,权益,13.1,三线城市,SME,1-49人,财务
USR_000670,USR_000670,,,,,2026-01-09,2026-01-09,2026-01-09,权益礼包,权益,6.5,三线城市,SME,1-49人,财务
USR_000670,USR_000670,,,,USR_000670,2026-02-03,2026-02-03,2026-02-03,简历查看,非权益,25.7,三线城市,SME,1-49人,财务
USR_000670,,,,,,2026-02-22,2026-02-22,2026-02-22,置顶刷新,权益,54.3,三线城市,SME,1-49人,财务
USR_000671,USR_000671,,,USR_000671,,2026-01-07,2026-01-07,2026-01-07,在线沟通,非权益,27.7,四线城市,SME,2000-5000人,产品
USR_000671,USR_000671,,,,,2026-02-01,2026-02-01,2026-02-01,权益礼包,权益,30.5,四线城市,SME,2000-5000人,产品
USR_000671,USR_000671,,,,USR_000671,2026-02-12,2026-02-12,2026-02-12,简历查看,非权益,7.8,四线城市,SME,2000-5000人,产品
USR_000671,USR_000671,,,USR_000671,,2026-01-30,2026-01-30,2026-01-30,在线沟通,非权益,11.2,四线城市,SME,2000-5000人,产品
USR_000671,,,,,,2026-01-02,2026-01-02,2026-01-02,急聘推广,权益,8.8,四线城市,SME,2000-5000人,产品
USR_000671,USR_000671,,,,,2026-02-24,2026-02-24,2026-02-24,置顶刷新,权益,10.5,四线城市,SME,2000-5000人,产品
USR_000671,USR_000671,,,,USR_000671,2026-02-09,2026-02-09,2026-02-09,简历查看,非权益,82.9,四线城市,SME,2000-5000人,产品
USR_000671,,,USR_000671,,,2026-01-22,2026-01-22,2026-01-22,简历搜索,非权益,6.1,四线城市,SME,2000-5000人,产品
USR_000671,USR_000671,,,,,2026-02-09,2026-02-09,2026-02-09,置顶刷新,权益,11.4,四线城市,SME,2000-5000人,产品
USR_000671,USR_000671,,,,,2026-02-24,2026-02-24,2026-02-24,权益礼包,权益,9.3,四线城市,SME,2000-5000人,产品
USR_000671,USR_000671,,,USR_000671,,2026-01-29,2026-01-29,2026-01-29,在线沟通,非权益,17.3,四线城市,SME,2000-5000人,产品
USR_000671,USR_000671,,,,,2026-01-30,2026-01-30,2026-01-30,企业认证,非权益,33.6,四线城市,SME,2000-5000人,产品
USR_000672,USR_000672,,,,USR_000672,2026-02-25,2026-02-25,2026-02-25,简历查看,非权益,10.9,四线城市,SME,100-499人,产品
USR_000672,USR_000672,,,USR_000672,,2026-02-16,2026-02-16,2026-02-16,在线沟通,非权益,5.9,四线城市,SME,100-499人,产品
USR_000672,USR_000672,,,USR_000672,,2026-02-08,2026-02-08,2026-02-08,在线沟通,非权益,10.9,四线城市,SME,100-499人,产品
USR_000672,USR_000672,USR_000672,,,,2026-03-01,2026-03-01,2026-03-01,职位发布,非权益,37.7,四线城市,SME,100-499人,产品
USR_000672,USR_000672,,,USR_000672,,2026-02-05,2026-02-05,2026-02-05,在线沟通,非权益,42.0,四线城市,SME,100-499人,产品
USR_000672,,,,,USR_000672,2026-02-19,2026-02-19,2026-02-19,简历查看,非权益,38.9,四线城市,SME,100-499人,产品
USR_000673,USR_000673,USR_000673,,,,2026-01-18,2026-01-18,2026-01-18,职位发布,非权益,44.6,四线城市,SME,5000-10000人,市场
USR_000673,,,,,,2026-02-21,2026-02-21,2026-02-21,急聘推广,权益,12.9,四线城市,SME,5000-10000人,市场
USR_000673,USR_000673,,,,,2026-02-23,2026-02-23,2026-02-23,权益礼包,权益,25.0,四线城市,SME,5000-10000人,市场
USR_000673,USR_000673,,,,,2026-01-13,2026-01-13,2026-01-13,置顶刷新,权益,7.8,四线城市,SME,5000-10000人,市场
USR_000673,USR_000673,USR_000673,,,,2026-01-09,2026-01-09,2026-01-09,职位发布,非权益,16.4,四线城市,SME,5000-10000人,市场
USR_000673,USR_000673,,,USR_000673,,2026-01-01,2026-01-01,2026-01-01,在线沟通,非权益,32.4,四线城市,SME,5000-10000人,市场
USR_000673,,USR_000673,,,,2026-01-27,2026-01-27,2026-01-27,职位发布,非权益,14.1,四线城市,SME,5000-10000人,市场
USR_000673,,,,USR_000673,,2026-01-17,2026-01-17,2026-01-17,在线沟通,非权益,96.6,四线城市,SME,5000-10000人,市场
USR_000673,,USR_000673,,,,2026-02-27,2026-02-27,2026-02-27,职位发布,非权益,7.8,四线城市,SME,5000-10000人,市场
USR_000673,,,,,,2026-02-22,2026-02-22,2026-02-22,急聘推广,权益,38.1,四线城市,SME,5000-10000人,市场
USR_000673,USR_000673,,,,,2026-01-13,2026-01-13,2026-01-13,企业认证,非权益,23.4,四线城市,SME,5000-10000人,市场
USR_000673,USR_000673,,,,,2026-01-29,2026-01-29,2026-01-29,急聘推广,权益,13.7,四线城市,SME,5000-10000人,市场
USR_000673,USR_000673,,USR_000673,,,2026-02-14,2026-02-14,2026-02-14,简历搜索,非权益,20.5,四线城市,SME,5000-10000人,市场
USR_000673,USR_000673,,,,USR_000673,2026-01-07,2026-01-07,2026-01-07,简历查看,非权益,20.0,四线城市,SME,5000-10000人,市场
USR_000673,USR_000673,,,USR_000673,,2026-02-02,2026-02-02,2026-02-02,在线沟通,非权益,9.5,四线城市,SME,5000-10000人,市场
USR_000673,USR_000673,,,,USR_000673,2026-01-13,2026-01-13,2026-01-13,简历查看,非权益,8.3,四线城市,SME,5000-10000人,市场
USR_000673,USR_000673,,,,,2026-01-03,2026-01-03,2026-01-03,企业认证,非权益,5.8,四线城市,SME,5000-10000人,市场
USR_000673,,,,,,2026-02-15,2026-02-15,2026-02-15,急聘推广,权益,18.2,四线城市,SME,5000-10000人,市场
USR_000673,USR_000673,USR_000673,,,,2026-02-27,2026-02-27,2026-02-27,职位发布,非权益,23.3,四线城市,SME,5000-10000人,市场
USR_000673,,,,,,2026-02-23,2026-02-23,2026-02-23,置顶刷新,权益,25.3,四线城市,SME,5000-10000人,市场
USR_000673,,,,,,2026-02-21,2026-02-21,2026-02-21,急聘推广,权益,14.0,四线城市,SME,5000-10000人,市场
USR_000674,USR_000674,,,,USR_000674,2026-01-25,2026-01-25,2026-01-25,简历查看,非权益,44.9,新一线城市,SME,100-499人,行政
USR_000674,,,,,,2026-02-11,2026-02-11,2026-02-11,企业认证,非权益,9.9,新一线城市,SME,100-499人,行政
USR_000674,USR_000674,,,,,2026-01-10,2026-01-10,2026-01-10,置顶刷新,权益,72.9,新一线城市,SME,100-499人,行政
USR_000674,USR_000674,,,,,2026-02-28,2026-02-28,2026-02-28,权益礼包,权益,18.6,新一线城市,SME,100-499人,行政
USR_000674,,,,,,2026-01-16,2026-01-16,2026-01-16,企业认证,非权益,23.4,新一线城市,SME,100-499人,行政
USR_000674,USR_000674,,,,,2026-02-19,2026-02-19,2026-02-19,置顶刷新,权益,12.9,新一线城市,SME,100-499人,行政
USR_000674,USR_000674,,,USR_000674,,2026-02-08,2026-02-08,2026-02-08,在线沟通,非权益,27.6,新一线城市,SME,100-499人,行政
USR_000674,USR_000674,,,,,2026-01-29,2026-01-29,2026-01-29,权益礼包,权益,45.6,新一线城市,SME,100-499人,行政
USR_000674,USR_000674,,,,,2026-02-24,2026-02-24,2026-02-24,企业认证,非权益,44.2,新一线城市,SME,100-499人,行政
USR_000674,USR_000674,,,,USR_000674,2026-02-27,2026-02-27,2026-02-27,简历查看,非权益,11.3,新一线城市,SME,100-499人,行政
USR_000674,,,,,USR_000674,2026-01-10,2026-01-10,2026-01-10,简历查看,非权益,12.2,新一线城市,SME,100-499人,行政
USR_000674,USR_000674,USR_000674,,,,2026-01-12,2026-01-12,2026-01-12,职位发布,非权益,6.3,新一线城市,SME,100-499人,行政
USR_000674,USR_000674,,,,,2026-02-12,2026-02-12,2026-02-12,置顶刷新,权益,11.0,新一线城市,SME,100-499人,行政
USR_000674,USR_000674,,,,,2026-02-28,2026-02-28,2026-02-28,置顶刷新,权益,14.7,新一线城市,SME,100-499人,行政
USR_000674,USR_000674,,,,,2026-02-28,2026-02-28,2026-02-28,急聘推广,权益,10.8,新一线城市,SME,100-499人,行政
USR_000674,USR_000674,,,,,2026-01-23,2026-01-23,2026-01-23,企业认证,非权益,26.3,新一线城市,SME,100-499人,行政
USR_000674,USR_000674,,,,,2026-02-03,2026-02-03,2026-02-03,权益礼包,权益,14.2,新一线城市,SME,100-499人,行政
USR_000674,USR_000674,USR_000674,,,,2026-02-14,2026-02-14,2026-02-14,职位发布,非权益,23.7,新一线城市,SME,100-499人,行政
USR_000674,,,,,,2026-01-18,2026-01-18,2026-01-18,置顶刷新,权益,27.7,新一线城市,SME,100-499人,行政
USR_000674,USR_000674,,,USR_000674,,2026-01-27,2026-01-27,2026-01-27,在线沟通,非权益,5.6,新一线城市,SME,100-499人,行政
USR_000674,USR_000674,,,,,2026-01-24,2026-01-24,2026-01-24,置顶刷新,权益,44.6,新一线城市,SME,100-499人,行政
USR_000675,USR_000675,USR_000675,,,,2026-01-02,2026-01-02,2026-01-02,职位发布,非权益,21.8,新一线城市,SME,10000人以上,研发
USR_000675,,,,,,2026-01-06,2026-01-06,2026-01-06,企业认证,非权益,30.0,新一线城市,SME,10000人以上,研发
USR_000675,USR_000675,,,,,2026-01-17,2026-01-17,2026-01-17,权益礼包,权益,12.9,新一线城市,SME,10000人以上,研发
USR_000675,USR_000675,,USR_000675,,,2026-02-24,2026-02-24,2026-02-24,简历搜索,非权益,8.0,新一线城市,SME,10000人以上,研发
USR_000675,USR_000675,USR_000675,,,,2026-02-28,2026-02-28,2026-02-28,职位发布,非权益,5.1,新一线城市,SME,10000人以上,研发
USR_000675,USR_000675,,,,,2026-01-18,2026-01-18,2026-01-18,急聘推广,权益,16.9,新一线城市,SME,10000人以上,研发
USR_000675,USR_000675,,,,,2026-02-23,2026-02-23,2026-02-23,企业认证,非权益,8.2,新一线城市,SME,10000人以上,研发
USR_000675,USR_000675,USR_000675,,,,2026-01-16,2026-01-16,2026-01-16,职位发布,非权益,27.3,新一线城市,SME,10000人以上,研发
USR_000675,USR_000675,USR_000675,,,,2026-01-07,2026-01-07,2026-01-07,职位发布,非权益,20.3,新一线城市,SME,10000人以上,研发
USR_000675,USR_000675,,,,,2026-01-05,2026-01-05,2026-01-05,急聘推广,权益,6.8,新一线城市,SME,10000人以上,研发
USR_000675,USR_000675,,,,,2026-02-20,2026-02-20,2026-02-20,企业认证,非权益,26.5,新一线城市,SME,10000人以上,研发
USR_000675,,,USR_000675,,,2026-01-27,2026-01-27,2026-01-27,简历搜索,非权益,20.8,新一线城市,SME,10000人以上,研发
USR_000675,,,,,,2026-01-17,2026-01-17,2026-01-17,权益礼包,权益,11.6,新一线城市,SME,10000人以上,研发
USR_000675,USR_000675,,,,,2026-01-16,2026-01-16,2026-01-16,权益礼包,权益,27.9,新一线城市,SME,10000人以上,研发
USR_000675,,USR_000675,,,,2026-02-17,2026-02-17,2026-02-17,职位发布,非权益,49.5,新一线城市,SME,10000人以上,研发
USR_000675,USR_000675,,,,,2026-01-15,2026-01-15,2026-01-15,权益礼包,权益,22.4,新一线城市,SME,10000人以上,研发
USR_000675,USR_000675,,,,,2026-02-16,2026-02-16,2026-02-16,急聘推广,权益,61.4,新一线城市,SME,10000人以上,研发
USR_000675,,,,,,2026-02-20,2026-02-20,2026-02-20,企业认证,非权益,23.0,新一线城市,SME,10000人以上,研发
USR_000675,USR_000675,,,,,2026-02-24,2026-02-24,2026-02-24,急聘推广,权益,6.5,新一线城市,SME,10000人以上,研发
USR_000675,USR_000675,USR_000675,,,,2026-02-19,2026-02-19,2026-02-19,职位发布,非权益,21.6,新一线城市,SME,10000人以上,研发
USR_000675,USR_000675,,USR_000675,,,2026-01-05,2026-01-05,2026-01-05,简历搜索,非权益,6.3,新一线城市,SME,10000人以上,研发
USR_000675,USR_000675,,,,,2026-02-22,2026-02-22,2026-02-22,权益礼包,权益,32.0,新一线城市,SME,10000人以上,研发
USR_000675,,,,,,2026-02-15,2026-02-15,2026-02-15,企业认证,非权益,14.6,新一线城市,SME,10000人以上,研发
USR_000676,,,,USR_000676,,2026-02-22,2026-02-22,2026-02-22,在线沟通,非权益,19.5,二线城市,SME,1000-2000人,市场
USR_000676,USR_000676,,,,USR_000676,2026-02-22,2026-02-22,2026-02-22,简历查看,非权益,40.3,二线城市,SME,1000-2000人,市场
USR_000676,,,,,,2026-02-19,2026-02-19,2026-02-19,权益礼包,权益,7.3,二线城市,SME,1000-2000人,市场
USR_000676,USR_000676,,,,,2026-01-22,2026-01-22,2026-01-22,企业认证,非权益,6.0,二线城市,SME,1000-2000人,市场
USR_000676,USR_000676,,,USR_000676,,2026-01-06,2026-01-06,2026-01-06,在线沟通,非权益,28.6,二线城市,SME,1000-2000人,市场
USR_000676,USR_000676,USR_000676,,,,2026-02-13,2026-02-13,2026-02-13,职位发布,非权益,12.6,二线城市,SME,1000-2000人,市场
USR_000676,USR_000676,,,,,2026-02-18,2026-02-18,2026-02-18,急聘推广,权益,42.0,二线城市,SME,1000-2000人,市场
USR_000676,USR_000676,,,USR_000676,,2026-02-17,2026-02-17,2026-02-17,在线沟通,非权益,36.0,二线城市,SME,1000-2000人,市场
USR_000676,USR_000676,USR_000676,,,,2026-01-25,2026-01-25,2026-01-25,职位发布,非权益,6.4,二线城市,SME,1000-2000人,市场
USR_000676,,,USR_000676,,,2026-01-01,2026-01-01,2026-01-01,简历搜索,非权益,7.9,二线城市,SME,1000-2000人,市场
USR_000677,USR_000677,,,,USR_000677,2026-01-25,2026-01-25,2026-01-25,简历查看,非权益,15.8,二线城市,KA,2000-5000人,产品
USR_000677,,,,,USR_000677,2026-01-28,2026-01-28,2026-01-28,简历查看,非权益,9.3,二线城市,KA,2000-5000人,产品
USR_000677,USR_000677,,,,,2026-02-05,2026-02-05,2026-02-05,企业认证,非权益,19.0,二线城市,KA,2000-5000人,产品
USR_000677,USR_000677,,,,,2026-02-06,2026-02-06,2026-02-06,置顶刷新,权益,9.0,二线城市,KA,2000-5000人,产品
USR_000677,USR_000677,,,,,2026-01-03,2026-01-03,2026-01-03,权益礼包,权益,32.3,二线城市,KA,2000-5000人,产品
USR_000677,USR_000677,,USR_000677,,,2026-01-14,2026-01-14,2026-01-14,简历搜索,非权益,71.0,二线城市,KA,2000-5000人,产品
USR_000677,USR_000677,,USR_000677,,,2026-01-29,2026-01-29,2026-01-29,简历搜索,非权益,12.5,二线城市,KA,2000-5000人,产品
USR_000677,USR_000677,,,,,2026-02-22,2026-02-22,2026-02-22,置顶刷新,权益,5.7,二线城市,KA,2000-5000人,产品
USR_000677,USR_000677,,USR_000677,,,2026-02-25,2026-02-25,2026-02-25,简历搜索,非权益,25.7,二线城市,KA,2000-5000人,产品
USR_000677,,,USR_000677,,,2026-01-12,2026-01-12,2026-01-12,简历搜索,非权益,8.6,二线城市,KA,2000-5000人,产品
USR_000677,USR_000677,,,,,2026-01-19,2026-01-19,2026-01-19,置顶刷新,权益,11.7,二线城市,KA,2000-5000人,产品
USR_000677,USR_000677,USR_000677,,,,2026-01-08,2026-01-08,2026-01-08,职位发布,非权益,7.9,二线城市,KA,2000-5000人,产品
USR_000678,USR_000678,,,,USR_000678,2026-01-23,2026-01-23,2026-01-23,简历查看,非权益,54.8,一线城市,KA,10000人以上,研发
USR_000678,,,,,,2026-01-31,2026-01-31,2026-01-31,置顶刷新,权益,30.7,一线城市,KA,10000人以上,研发
USR_000678,USR_000678,,,,,2026-02-11,2026-02-11,2026-02-11,置顶刷新,权益,5.0,一线城市,KA,10000人以上,研发
USR_000678,USR_000678,USR_000678,,,,2026-02-01,2026-02-01,2026-02-01,职位发布,非权益,7.3,一线城市,KA,10000人以上,研发
USR_000678,,,USR_000678,,,2026-03-01,2026-03-01,2026-03-01,简历搜索,非权益,25.1,一线城市,KA,10000人以上,研发
USR_000678,USR_000678,,USR_000678,,,2026-01-06,2026-01-06,2026-01-06,简历搜索,非权益,7.1,一线城市,KA,10000人以上,研发
USR_000678,USR_000678,USR_000678,,,,2026-01-28,2026-01-28,2026-01-28,职位发布,非权益,59.9,一线城市,KA,10000人以上,研发
USR_000678,,,,,USR_000678,2026-01-16,2026-01-16,2026-01-16,简历查看,非权益,35.7,一线城市,KA,10000人以上,研发
USR_000678,USR_000678,,,,,2026-01-23,2026-01-23,2026-01-23,置顶刷新,权益,15.7,一线城市,KA,10000人以上,研发
USR_000678,,USR_000678,,,,2026-01-06,2026-01-06,2026-01-06,职位发布,非权益,42.7,一线城市,KA,10000人以上,研发
USR_000678,USR_000678,,,,,2026-01-06,2026-01-06,2026-01-06,置顶刷新,权益,18.5,一线城市,KA,10000人以上,研发
USR_000678,,,,USR_000678,,2026-01-03,2026-01-03,2026-01-03,在线沟通,非权益,35.8,一线城市,KA,10000人以上,研发
USR_000679,,,,,USR_000679,2026-02-15,2026-02-15,2026-02-15,简历查看,非权益,40.2,四线城市,SME,10000人以上,销售
USR_000679,USR_000679,,,,USR_000679,2026-01-20,2026-01-20,2026-01-20,简历查看,非权益,5.5,四线城市,SME,10000人以上,销售
USR_000679,USR_000679,,,USR_000679,,2026-02-22,2026-02-22,2026-02-22,在线沟通,非权益,25.2,四线城市,SME,10000人以上,销售
USR_000679,,USR_000679,,,,2026-01-23,2026-01-23,2026-01-23,职位发布,非权益,17.8,四线城市,SME,10000人以上,销售
USR_000679,USR_000679,,,,,2026-01-02,2026-01-02,2026-01-02,置顶刷新,权益,12.1,四线城市,SME,10000人以上,销售
USR_000679,,,USR_000679,,,2026-01-15,2026-01-15,2026-01-15,简历搜索,非权益,11.9,四线城市,SME,10000人以上,销售
USR_000679,USR_000679,,,,,2026-02-25,2026-02-25,2026-02-25,企业认证,非权益,36.6,四线城市,SME,10000人以上,销售
USR_000679,USR_000679,,,,,2026-01-14,2026-01-14,2026-01-14,权益礼包,权益,9.3,四线城市,SME,10000人以上,销售
USR_000679,,,,,,2026-02-14,2026-02-14,2026-02-14,急聘推广,权益,75.3,四线城市,SME,10000人以上,销售
USR_000679,,,,USR_000679,,2026-01-15,2026-01-15,2026-01-15,在线沟通,非权益,38.8,四线城市,SME,10000人以上,销售
USR_000679,,,,USR_000679,,2026-01-17,2026-01-17,2026-01-17,在线沟通,非权益,9.2,四线城市,SME,10000人以上,销售
USR_000679,USR_000679,,,,,2026-01-21,2026-01-21,2026-01-21,企业认证,非权益,42.4,四线城市,SME,10000人以上,销售
USR_000679,,,,,,2026-02-09,2026-02-09,2026-02-09,置顶刷新,权益,16.6,四线城市,SME,10000人以上,销售
USR_000679,,,,,,2026-02-04,2026-02-04,2026-02-04,企业认证,非权益,8.0,四线城市,SME,10000人以上,销售
USR_000679,USR_000679,,,,,2026-02-13,2026-02-13,2026-02-13,急聘推广,权益,23.6,四线城市,SME,10000人以上,销售
USR_000679,USR_000679,,,,,2026-01-20,2026-01-20,2026-01-20,企业认证,非权益,14.8,四线城市,SME,10000人以上,销售
USR_000680,,,,,,2026-01-26,2026-01-26,2026-01-26,企业认证,非权益,6.7,新一线城市,KA,500-999人,销售
USR_000680,,USR_000680,,,,2026-01-25,2026-01-25,2026-01-25,职位发布,非权益,46.6,新一线城市,KA,500-999人,销售
USR_000680,USR_000680,,,,USR_000680,2026-01-20,2026-01-20,2026-01-20,简历查看,非权益,10.9,新一线城市,KA,500-999人,销售
USR_000680,USR_000680,,,,USR_000680,2026-01-18,2026-01-18,2026-01-18,简历查看,非权益,32.8,新一线城市,KA,500-999人,销售
USR_000680,USR_000680,USR_000680,,,,2026-02-28,2026-02-28,2026-02-28,职位发布,非权益,13.0,新一线城市,KA,500-999人,销售
USR_000680,USR_000680,,,,,2026-01-26,2026-01-26,2026-01-26,急聘推广,权益,34.1,新一线城市,KA,500-999人,销售
USR_000680,USR_000680,,,,,2026-01-26,2026-01-26,2026-01-26,企业认证,非权益,7.5,新一线城市,KA,500-999人,销售
USR_000680,USR_000680,,,,,2026-01-01,2026-01-01,2026-01-01,权益礼包,权益,8.8,新一线城市,KA,500-999人,销售
USR_000680,,,,,USR_000680,2026-02-22,2026-02-22,2026-02-22,简历查看,非权益,18.8,新一线城市,KA,500-999人,销售
USR_000680,USR_000680,,,,USR_000680,2026-01-18,2026-01-18,2026-01-18,简历查看,非权益,7.3,新一线城市,KA,500-999人,销售
USR_000680,USR_000680,,,,,2026-02-28,2026-02-28,2026-02-28,权益礼包,权益,23.5,新一线城市,KA,500-999人,销售
USR_000680,USR_000680,,,,,2026-02-02,2026-02-02,2026-02-02,权益礼包,权益,14.3,新一线城市,KA,500-999人,销售
USR_000680,,,,,,2026-02-14,2026-02-14,2026-02-14,置顶刷新,权益,12.3,新一线城市,KA,500-999人,销售
USR_000680,USR_000680,,,USR_000680,,2026-02-18,2026-02-18,2026-02-18,在线沟通,非权益,53.4,新一线城市,KA,500-999人,销售
USR_000681,,,,,,2026-01-25,2026-01-25,2026-01-25,企业认证,非权益,46.6,二线城市,SME,1-49人,运营
USR_000681,USR_000681,,,,,2026-03-01,2026-03-01,2026-03-01,置顶刷新,权益,9.2,二线城市,SME,1-49人,运营
USR_000681,USR_000681,,USR_000681,,,2026-01-17,2026-01-17,2026-01-17,简历搜索,非权益,15.9,二线城市,SME,1-49人,运营
USR_000681,USR_000681,USR_000681,,,,2026-01-10,2026-01-10,2026-01-10,职位发布,非权益,8.9,二线城市,SME,1-49人,运营
USR_000681,,USR_000681,,,,2026-03-01,2026-03-01,2026-03-01,职位发布,非权益,14.9,二线城市,SME,1-49人,运营
USR_000681,USR_000681,,USR_000681,,,2026-01-16,2026-01-16,2026-01-16,简历搜索,非权益,15.9,二线城市,SME,1-49人,运营
USR_000681,,,,,USR_000681,2026-01-01,2026-01-01,2026-01-01,简历查看,非权益,31.3,二线城市,SME,1-49人,运营
USR_000681,,,,,,2026-01-09,2026-01-09,2026-01-09,权益礼包,权益,24.8,二线城市,SME,1-49人,运营
USR_000681,USR_000681,,,USR_000681,,2026-02-07,2026-02-07,2026-02-07,在线沟通,非权益,17.5,二线城市,SME,1-49人,运营
USR_000681,USR_000681,,USR_000681,,,2026-02-07,2026-02-07,2026-02-07,简历搜索,非权益,13.3,二线城市,SME,1-49人,运营
USR_000681,USR_000681,,,,,2026-01-04,2026-01-04,2026-01-04,置顶刷新,权益,21.8,二线城市,SME,1-49人,运营
USR_000681,USR_000681,,,,,2026-01-25,2026-01-25,2026-01-25,急聘推广,权益,10.4,二线城市,SME,1-49人,运营
USR_000681,USR_000681,,,,USR_000681,2026-02-24,2026-02-24,2026-02-24,简历查看,非权益,17.6,二线城市,SME,1-49人,运营
USR_000681,USR_000681,,,USR_000681,,2026-01-04,2026-01-04,2026-01-04,在线沟通,非权益,36.3,二线城市,SME,1-49人,运营
USR_000681,USR_000681,,,,USR_000681,2026-01-08,2026-01-08,2026-01-08,简历查看,非权益,25.6,二线城市,SME,1-49人,运营
USR_000682,USR_000682,,,,USR_000682,2026-02-05,2026-02-05,2026-02-05,简历查看,非权益,52.5,一线城市,SME,2000-5000人,销售
USR_000682,USR_000682,,USR_000682,,,2026-01-31,2026-01-31,2026-01-31,简历搜索,非权益,16.8,一线城市,SME,2000-5000人,销售
USR_000682,USR_000682,,,,,2026-01-09,2026-01-09,2026-01-09,置顶刷新,权益,66.0,一线城市,SME,2000-5000人,销售
USR_000682,USR_000682,,,,,2026-02-14,2026-02-14,2026-02-14,权益礼包,权益,9.2,一线城市,SME,2000-5000人,销售
USR_000682,,USR_000682,,,,2026-02-19,2026-02-19,2026-02-19,职位发布,非权益,55.1,一线城市,SME,2000-5000人,销售
USR_000682,USR_000682,,,,,2026-02-09,2026-02-09,2026-02-09,权益礼包,权益,28.5,一线城市,SME,2000-5000人,销售
USR_000682,,USR_000682,,,,2026-01-09,2026-01-09,2026-01-09,职位发布,非权益,6.5,一线城市,SME,2000-5000人,销售
USR_000682,USR_000682,,,,,2026-01-11,2026-01-11,2026-01-11,企业认证,非权益,16.8,一线城市,SME,2000-5000人,销售
USR_000682,USR_000682,,,,,2026-01-14,2026-01-14,2026-01-14,置顶刷新,权益,21.4,一线城市,SME,2000-5000人,销售
USR_000682,USR_000682,,USR_000682,,,2026-01-25,2026-01-25,2026-01-25,简历搜索,非权益,25.8,一线城市,SME,2000-5000人,销售
USR_000682,,USR_000682,,,,2026-02-02,2026-02-02,2026-02-02,职位发布,非权益,6.2,一线城市,SME,2000-5000人,销售
USR_000682,USR_000682,,,USR_000682,,2026-02-15,2026-02-15,2026-02-15,在线沟通,非权益,15.5,一线城市,SME,2000-5000人,销售
USR_000682,,,,,,2026-02-14,2026-02-14,2026-02-14,急聘推广,权益,5.2,一线城市,SME,2000-5000人,销售
USR_000682,,,,,,2026-01-16,2026-01-16,2026-01-16,置顶刷新,权益,8.8,一线城市,SME,2000-5000人,销售
USR_000682,,,,,,2026-01-20,2026-01-20,2026-01-20,置顶刷新,权益,27.2,一线城市,SME,2000-5000人,销售
USR_000682,USR_000682,,,,,2026-01-01,2026-01-01,2026-01-01,企业认证,非权益,8.3,一线城市,SME,2000-5000人,销售
USR_000682,USR_000682,,USR_000682,,,2026-01-13,2026-01-13,2026-01-13,简历搜索,非权益,40.0,一线城市,SME,2000-5000人,销售
USR_000682,USR_000682,,,,,2026-02-21,2026-02-21,2026-02-21,急聘推广,权益,11.2,一线城市,SME,2000-5000人,销售
USR_000682,USR_000682,,,USR_000682,,2026-02-25,2026-02-25,2026-02-25,在线沟通,非权益,40.9,一线城市,SME,2000-5000人,销售
USR_000682,,,,,,2026-01-03,2026-01-03,2026-01-03,企业认证,非权益,24.6,一线城市,SME,2000-5000人,销售
USR_000682,USR_000682,USR_000682,,,,2026-01-06,2026-01-06,2026-01-06,职位发布,非权益,6.1,一线城市,SME,2000-5000人,销售
USR_000682,,,,,,2026-02-27,2026-02-27,2026-02-27,权益礼包,权益,28.6,一线城市,SME,2000-5000人,销售
USR_000683,USR_000683,,,,,2026-01-07,2026-01-07,2026-01-07,置顶刷新,权益,10.4,新一线城市,KA,5000-10000人,客服
USR_000683,USR_000683,,,,,2026-02-20,2026-02-20,2026-02-20,置顶刷新,权益,57.1,新一线城市,KA,5000-10000人,客服
USR_000683,USR_000683,,,,USR_000683,2026-02-27,2026-02-27,2026-02-27,简历查看,非权益,82.1,新一线城市,KA,5000-10000人,客服
USR_000683,USR_000683,,,,,2026-01-06,2026-01-06,2026-01-06,企业认证,非权益,29.6,新一线城市,KA,5000-10000人,客服
USR_000683,USR_000683,,USR_000683,,,2026-02-16,2026-02-16,2026-02-16,简历搜索,非权益,9.6,新一线城市,KA,5000-10000人,客服
USR_000683,USR_000683,,,,,2026-01-11,2026-01-11,2026-01-11,急聘推广,权益,12.6,新一线城市,KA,5000-10000人,客服
USR_000683,USR_000683,,,,,2026-03-01,2026-03-01,2026-03-01,权益礼包,权益,55.6,新一线城市,KA,5000-10000人,客服
USR_000683,,,,,,2026-02-13,2026-02-13,2026-02-13,急聘推广,权益,88.7,新一线城市,KA,5000-10000人,客服
USR_000683,,,USR_000683,,,2026-01-29,2026-01-29,2026-01-29,简历搜索,非权益,14.4,新一线城市,KA,5000-10000人,客服
USR_000683,USR_000683,,,,,2026-02-01,2026-02-01,2026-02-01,权益礼包,权益,35.1,新一线城市,KA,5000-10000人,客服
USR_000683,USR_000683,,,USR_000683,,2026-01-10,2026-01-10,2026-01-10,在线沟通,非权益,36.1,新一线城市,KA,5000-10000人,客服
USR_000683,USR_000683,,,,USR_000683,2026-01-26,2026-01-26,2026-01-26,简历查看,非权益,25.1,新一线城市,KA,5000-10000人,客服
USR_000683,USR_000683,,USR_000683,,,2026-01-30,2026-01-30,2026-01-30,简历搜索,非权益,5.1,新一线城市,KA,5000-10000人,客服
USR_000683,USR_000683,,,USR_000683,,2026-02-07,2026-02-07,2026-02-07,在线沟通,非权益,56.8,新一线城市,KA,5000-10000人,客服
USR_000683,USR_000683,,,,,2026-02-28,2026-02-28,2026-02-28,企业认证,非权益,15.8,新一线城市,KA,5000-10000人,客服
USR_000683,USR_000683,,,,,2026-01-28,2026-01-28,2026-01-28,企业认证,非权益,38.2,新一线城市,KA,5000-10000人,客服
USR_000683,USR_000683,,,,,2026-01-03,2026-01-03,2026-01-03,权益礼包,权益,5.4,新一线城市,KA,5000-10000人,客服
USR_000683,USR_000683,,,,,2026-02-14,2026-02-14,2026-02-14,置顶刷新,权益,43.0,新一线城市,KA,5000-10000人,客服
USR_000683,USR_000683,,,,,2026-01-11,2026-01-11,2026-01-11,急聘推广,权益,7.2,新一线城市,KA,5000-10000人,客服
USR_000683,,,,USR_000683,,2026-02-21,2026-02-21,2026-02-21,在线沟通,非权益,66.0,新一线城市,KA,5000-10000人,客服
USR_000684,USR_000684,,,,,2026-01-28,2026-01-28,2026-01-28,企业认证,非权益,29.4,五线城市,SME,1000-2000人,客服
USR_000684,USR_000684,,,,,2026-02-24,2026-02-24,2026-02-24,急聘推广,权益,16.4,五线城市,SME,1000-2000人,客服
USR_000684,,,,,,2026-03-01,2026-03-01,2026-03-01,置顶刷新,权益,27.3,五线城市,SME,1000-2000人,客服
USR_000684,USR_000684,,,,,2026-01-26,2026-01-26,2026-01-26,置顶刷新,权益,26.4,五线城市,SME,1000-2000人,客服
USR_000684,USR_000684,,,,,2026-01-11,2026-01-11,2026-01-11,急聘推广,权益,32.6,五线城市,SME,1000-2000人,客服
USR_000684,,,,,,2026-02-22,2026-02-22,2026-02-22,企业认证,非权益,35.3,五线城市,SME,1000-2000人,客服
USR_000684,,,USR_000684,,,2026-02-20,2026-02-20,2026-02-20,简历搜索,非权益,16.5,五线城市,SME,1000-2000人,客服
USR_000684,USR_000684,,,USR_000684,,2026-01-29,2026-01-29,2026-01-29,在线沟通,非权益,47.5,五线城市,SME,1000-2000人,客服
USR_000684,USR_000684,,,,,2026-02-15,2026-02-15,2026-02-15,企业认证,非权益,8.3,五线城市,SME,1000-2000人,客服
USR_000685,,,,USR_000685,,2026-02-13,2026-02-13,2026-02-13,在线沟通,非权益,19.8,新一线城市,KA,10000人以上,客服
USR_000685,USR_000685,,,,,2026-01-23,2026-01-23,2026-01-23,权益礼包,权益,35.4,新一线城市,KA,10000人以上,客服
USR_000685,USR_000685,,,,,2026-01-20,2026-01-20,2026-01-20,置顶刷新,权益,24.4,新一线城市,KA,10000人以上,客服
USR_000685,USR_000685,,USR_000685,,,2026-01-05,2026-01-05,2026-01-05,简历搜索,非权益,19.0,新一线城市,KA,10000人以上,客服
USR_000685,,USR_000685,,,,2026-02-01,2026-02-01,2026-02-01,职位发布,非权益,5.9,新一线城市,KA,10000人以上,客服
USR_000685,USR_000685,,,,,2026-01-26,2026-01-26,2026-01-26,置顶刷新,权益,5.4,新一线城市,KA,10000人以上,客服
USR_000686,USR_000686,,,,,2026-01-03,2026-01-03,2026-01-03,置顶刷新,权益,53.2,一线城市,SME,1000-2000人,运营
USR_000686,USR_000686,,,,,2026-02-23,2026-02-23,2026-02-23,置顶刷新,权益,20.7,一线城市,SME,1000-2000人,运营
USR_000686,USR_000686,,USR_000686,,,2026-02-08,2026-02-08,2026-02-08,简历搜索,非权益,15.4,一线城市,SME,1000-2000人,运营
USR_000686,USR_000686,,,,,2026-02-25,2026-02-25,2026-02-25,企业认证,非权益,31.3,一线城市,SME,1000-2000人,运营
USR_000686,,,,,,2026-01-11,2026-01-11,2026-01-11,置顶刷新,权益,55.2,一线城市,SME,1000-2000人,运营
USR_000686,USR_000686,,,,,2026-02-18,2026-02-18,2026-02-18,权益礼包,权益,15.0,一线城市,SME,1000-2000人,运营
USR_000686,USR_000686,,,,USR_000686,2026-02-13,2026-02-13,2026-02-13,简历查看,非权益,10.4,一线城市,SME,1000-2000人,运营
USR_000686,USR_000686,,,,,2026-02-17,2026-02-17,2026-02-17,企业认证,非权益,8.3,一线城市,SME,1000-2000人,运营
USR_000686,USR_000686,,,USR_000686,,2026-02-20,2026-02-20,2026-02-20,在线沟通,非权益,13.1,一线城市,SME,1000-2000人,运营
USR_000686,USR_000686,USR_000686,,,,2026-02-10,2026-02-10,2026-02-10,职位发布,非权益,16.4,一线城市,SME,1000-2000人,运营
USR_000686,USR_000686,,,,,2026-01-24,2026-01-24,2026-01-24,企业认证,非权益,12.4,一线城市,SME,1000-2000人,运营
USR_000686,,,,,USR_000686,2026-01-28,2026-01-28,2026-01-28,简历查看,非权益,10.2,一线城市,SME,1000-2000人,运营
USR_000686,USR_000686,,,,,2026-02-27,2026-02-27,2026-02-27,急聘推广,权益,11.9,一线城市,SME,1000-2000人,运营
USR_000686,USR_000686,,,USR_000686,,2026-02-14,2026-02-14,2026-02-14,在线沟通,非权益,20.2,一线城市,SME,1000-2000人,运营
USR_000686,,,,USR_000686,,2026-02-22,2026-02-22,2026-02-22,在线沟通,非权益,24.2,一线城市,SME,1000-2000人,运营
USR_000686,USR_000686,,,,,2026-01-08,2026-01-08,2026-01-08,急聘推广,权益,5.0,一线城市,SME,1000-2000人,运营
USR_000686,,,,,USR_000686,2026-01-23,2026-01-23,2026-01-23,简历查看,非权益,6.8,一线城市,SME,1000-2000人,运营
USR_000686,USR_000686,,,,,2026-02-18,2026-02-18,2026-02-18,置顶刷新,权益,58.5,一线城市,SME,1000-2000人,运营
USR_000686,USR_000686,,,,,2026-01-27,2026-01-27,2026-01-27,企业认证,非权益,8.3,一线城市,SME,1000-2000人,运营
USR_000686,USR_000686,,,,,2026-01-05,2026-01-05,2026-01-05,置顶刷新,权益,16.6,一线城市,SME,1000-2000人,运营
USR_000687,USR_000687,,,,,2026-01-27,2026-01-27,2026-01-27,急聘推广,权益,8.3,五线城市,SME,100-499人,行政
USR_000687,USR_000687,,USR_000687,,,2026-02-06,2026-02-06,2026-02-06,简历搜索,非权益,16.8,五线城市,SME,100-499人,行政
USR_000687,USR_000687,,,,,2026-02-20,2026-02-20,2026-02-20,企业认证,非权益,7.6,五线城市,SME,100-499人,行政
USR_000687,USR_000687,,,,,2026-02-05,2026-02-05,2026-02-05,企业认证,非权益,11.0,五线城市,SME,100-499人,行政
USR_000687,USR_000687,,,,USR_000687,2026-01-07,2026-01-07,2026-01-07,简历查看,非权益,18.9,五线城市,SME,100-499人,行政
USR_000687,USR_000687,,,,USR_000687,2026-02-15,2026-02-15,2026-02-15,简历查看,非权益,10.6,五线城市,SME,100-499人,行政
USR_000687,USR_000687,,,,,2026-01-27,2026-01-27,2026-01-27,置顶刷新,权益,33.0,五线城市,SME,100-499人,行政
USR_000688,USR_000688,,,,,2026-01-17,2026-01-17,2026-01-17,企业认证,非权益,11.7,二线城市,SME,2000-5000人,客服
USR_000688,USR_000688,,,,,2026-02-21,2026-02-21,2026-02-21,企业认证,非权益,43.4,二线城市,SME,2000-5000人,客服
USR_000688,USR_000688,,,,,2026-02-28,2026-02-28,2026-02-28,急聘推广,权益,16.7,二线城市,SME,2000-5000人,客服
USR_000688,,,,USR_000688,,2026-02-24,2026-02-24,2026-02-24,在线沟通,非权益,14.5,二线城市,SME,2000-5000人,客服
USR_000688,,,USR_000688,,,2026-01-06,2026-01-06,2026-01-06,简历搜索,非权益,17.0,二线城市,SME,2000-5000人,客服
USR_000688,,USR_000688,,,,2026-01-11,2026-01-11,2026-01-11,职位发布,非权益,24.6,二线城市,SME,2000-5000人,客服
USR_000688,USR_000688,,,USR_000688,,2026-02-09,2026-02-09,2026-02-09,在线沟通,非权益,35.9,二线城市,SME,2000-5000人,客服
USR_000688,,,,,,2026-02-22,2026-02-22,2026-02-22,置顶刷新,权益,17.3,二线城市,SME,2000-5000人,客服
USR_000688,,,,,,2026-01-05,2026-01-05,2026-01-05,置顶刷新,权益,21.4,二线城市,SME,2000-5000人,客服
USR_000688,USR_000688,,,USR_000688,,2026-02-08,2026-02-08,2026-02-08,在线沟通,非权益,21.4,二线城市,SME,2000-5000人,客服
USR_000688,,,,USR_000688,,2026-02-13,2026-02-13,2026-02-13,在线沟通,非权益,15.9,二线城市,SME,2000-5000人,客服
USR_000689,USR_000689,,,,,2026-01-20,2026-01-20,2026-01-20,权益礼包,权益,25.4,二线城市,SME,1-49人,销售
USR_000689,,,,,,2026-01-28,2026-01-28,2026-01-28,急聘推广,权益,61.6,二线城市,SME,1-49人,销售
USR_000689,USR_000689,,,,,2026-01-18,2026-01-18,2026-01-18,置顶刷新,权益,13.3,二线城市,SME,1-49人,销售
USR_000689,USR_000689,,,USR_000689,,2026-02-23,2026-02-23,2026-02-23,在线沟通,非权益,6.9,二线城市,SME,1-49人,销售
USR_000689,,,,,,2026-01-03,2026-01-03,2026-01-03,置顶刷新,权益,20.1,二线城市,SME,1-49人,销售
USR_000689,USR_000689,,,,,2026-01-14,2026-01-14,2026-01-14,置顶刷新,权益,24.5,二线城市,SME,1-49人,销售
USR_000689,USR_000689,,,,,2026-02-02,2026-02-02,2026-02-02,企业认证,非权益,6.2,二线城市,SME,1-49人,销售
USR_000689,,,,,,2026-02-26,2026-02-26,2026-02-26,权益礼包,权益,13.8,二线城市,SME,1-49人,销售
USR_000689,USR_000689,,,,USR_000689,2026-01-27,2026-01-27,2026-01-27,简历查看,非权益,7.7,二线城市,SME,1-49人,销售
USR_000689,USR_000689,,,,,2026-02-21,2026-02-21,2026-02-21,权益礼包,权益,11.6,二线城市,SME,1-49人,销售
USR_000689,,,,,USR_000689,2026-01-06,2026-01-06,2026-01-06,简历查看,非权益,6.6,二线城市,SME,1-49人,销售
USR_000689,USR_000689,,,,,2026-02-25,2026-02-25,2026-02-25,急聘推广,权益,39.1,二线城市,SME,1-49人,销售
USR_000689,USR_000689,,,,USR_000689,2026-02-10,2026-02-10,2026-02-10,简历查看,非权益,7.5,二线城市,SME,1-49人,销售
USR_000689,,USR_000689,,,,2026-01-29,2026-01-29,2026-01-29,职位发布,非权益,7.8,二线城市,SME,1-49人,销售
USR_000689,USR_000689,USR_000689,,,,2026-02-01,2026-02-01,2026-02-01,职位发布,非权益,12.9,二线城市,SME,1-49人,销售
USR_000689,,,USR_000689,,,2026-01-25,2026-01-25,2026-01-25,简历搜索,非权益,40.4,二线城市,SME,1-49人,销售
USR_000690,USR_000690,,,,,2026-01-02,2026-01-02,2026-01-02,企业认证,非权益,18.8,四线城市,SME,2000-5000人,研发
USR_000690,USR_000690,USR_000690,,,,2026-01-30,2026-01-30,2026-01-30,职位发布,非权益,28.2,四线城市,SME,2000-5000人,研发
USR_000690,USR_000690,,,,,2026-02-05,2026-02-05,2026-02-05,企业认证,非权益,25.2,四线城市,SME,2000-5000人,研发
USR_000690,USR_000690,,,,,2026-02-22,2026-02-22,2026-02-22,企业认证,非权益,42.0,四线城市,SME,2000-5000人,研发
USR_000690,USR_000690,,,,,2026-01-29,2026-01-29,2026-01-29,权益礼包,权益,35.0,四线城市,SME,2000-5000人,研发
USR_000690,USR_000690,,,,,2026-01-14,2026-01-14,2026-01-14,企业认证,非权益,34.0,四线城市,SME,2000-5000人,研发
USR_000690,,,,,,2026-01-22,2026-01-22,2026-01-22,企业认证,非权益,45.8,四线城市,SME,2000-5000人,研发
USR_000690,,,,,,2026-01-09,2026-01-09,2026-01-09,企业认证,非权益,22.1,四线城市,SME,2000-5000人,研发
USR_000690,,,,,,2026-01-13,2026-01-13,2026-01-13,置顶刷新,权益,11.0,四线城市,SME,2000-5000人,研发
USR_000690,USR_000690,,,,,2026-02-08,2026-02-08,2026-02-08,置顶刷新,权益,22.2,四线城市,SME,2000-5000人,研发
USR_000690,,,USR_000690,,,2026-02-09,2026-02-09,2026-02-09,简历搜索,非权益,14.5,四线城市,SME,2000-5000人,研发
USR_000691,USR_000691,,,,,2026-01-28,2026-01-28,2026-01-28,企业认证,非权益,57.6,四线城市,KA,10000人以上,产品
USR_000691,USR_000691,,,,USR_000691,2026-01-15,2026-01-15,2026-01-15,简历查看,非权益,15.0,四线城市,KA,10000人以上,产品
USR_000691,USR_000691,,,,,2026-01-30,2026-01-30,2026-01-30,急聘推广,权益,6.2,四线城市,KA,10000人以上,产品
USR_000691,,,,USR_000691,,2026-02-28,2026-02-28,2026-02-28,在线沟通,非权益,13.6,四线城市,KA,10000人以上,产品
USR_000691,USR_000691,,,,,2026-01-29,2026-01-29,2026-01-29,置顶刷新,权益,26.8,四线城市,KA,10000人以上,产品
USR_000691,,,,,,2026-02-15,2026-02-15,2026-02-15,企业认证,非权益,11.0,四线城市,KA,10000人以上,产品
USR_000691,USR_000691,USR_000691,,,,2026-01-26,2026-01-26,2026-01-26,职位发布,非权益,66.8,四线城市,KA,10000人以上,产品
USR_000691,USR_000691,,,,,2026-02-09,2026-02-09,2026-02-09,企业认证,非权益,32.2,四线城市,KA,10000人以上,产品
USR_000691,USR_000691,USR_000691,,,,2026-02-20,2026-02-20,2026-02-20,职位发布,非权益,36.9,四线城市,KA,10000人以上,产品
USR_000691,USR_000691,,,USR_000691,,2026-02-12,2026-02-12,2026-02-12,在线沟通,非权益,9.0,四线城市,KA,10000人以上,产品
USR_000691,,,,,,2026-02-25,2026-02-25,2026-02-25,急聘推广,权益,18.5,四线城市,KA,10000人以上,产品
USR_000692,USR_000692,,,,,2026-02-07,2026-02-07,2026-02-07,置顶刷新,权益,35.1,二线城市,SME,2000-5000人,行政
USR_000692,USR_000692,,,USR_000692,,2026-01-29,2026-01-29,2026-01-29,在线沟通,非权益,10.5,二线城市,SME,2000-5000人,行政
USR_000692,USR_000692,,,,,2026-01-15,2026-01-15,2026-01-15,权益礼包,权益,7.5,二线城市,SME,2000-5000人,行政
USR_000692,USR_000692,,,,,2026-02-18,2026-02-18,2026-02-18,企业认证,非权益,20.7,二线城市,SME,2000-5000人,行政
USR_000692,USR_000692,USR_000692,,,,2026-02-23,2026-02-23,2026-02-23,职位发布,非权益,45.9,二线城市,SME,2000-5000人,行政
USR_000692,USR_000692,,,,,2026-02-27,2026-02-27,2026-02-27,急聘推广,权益,22.6,二线城市,SME,2000-5000人,行政
USR_000692,,,,,,2026-02-23,2026-02-23,2026-02-23,急聘推广,权益,16.9,二线城市,SME,2000-5000人,行政
USR_000692,USR_000692,,,,,2026-01-27,2026-01-27,2026-01-27,置顶刷新,权益,24.4,二线城市,SME,2000-5000人,行政
USR_000693,,,,,,2026-01-20,2026-01-20,2026-01-20,置顶刷新,权益,21.3,一线城市,KA,2000-5000人,销售
USR_000693,,USR_000693,,,,2026-01-09,2026-01-09,2026-01-09,职位发布,非权益,6.4,一线城市,KA,2000-5000人,销售
USR_000693,USR_000693,,,,USR_000693,2026-01-28,2026-01-28,2026-01-28,简历查看,非权益,18.1,一线城市,KA,2000-5000人,销售
USR_000693,USR_000693,,,,,2026-01-12,2026-01-12,2026-01-12,权益礼包,权益,19.9,一线城市,KA,2000-5000人,销售
USR_000693,,,,,,2026-01-01,2026-01-01,2026-01-01,权益礼包,权益,34.6,一线城市,KA,2000-5000人,销售
USR_000693,USR_000693,,,USR_000693,,2026-03-01,2026-03-01,2026-03-01,在线沟通,非权益,5.9,一线城市,KA,2000-5000人,销售
USR_000693,,,,,,2026-02-24,2026-02-24,2026-02-24,置顶刷新,权益,12.5,一线城市,KA,2000-5000人,销售
USR_000693,USR_000693,,,USR_000693,,2026-02-10,2026-02-10,2026-02-10,在线沟通,非权益,25.2,一线城市,KA,2000-5000人,销售
USR_000693,USR_000693,,USR_000693,,,2026-01-06,2026-01-06,2026-01-06,简历搜索,非权益,16.3,一线城市,KA,2000-5000人,销售
USR_000693,USR_000693,,,USR_000693,,2026-01-08,2026-01-08,2026-01-08,在线沟通,非权益,25.2,一线城市,KA,2000-5000人,销售
USR_000693,USR_000693,,,,USR_000693,2026-01-08,2026-01-08,2026-01-08,简历查看,非权益,22.2,一线城市,KA,2000-5000人,销售
USR_000693,,,,,,2026-02-02,2026-02-02,2026-02-02,急聘推广,权益,13.9,一线城市,KA,2000-5000人,销售
USR_000693,,,,,,2026-01-06,2026-01-06,2026-01-06,置顶刷新,权益,9.3,一线城市,KA,2000-5000人,销售
USR_000693,USR_000693,,,USR_000693,,2026-02-22,2026-02-22,2026-02-22,在线沟通,非权益,50.8,一线城市,KA,2000-5000人,销售
USR_000693,,,,,,2026-01-19,2026-01-19,2026-01-19,权益礼包,权益,14.1,一线城市,KA,2000-5000人,销售
USR_000694,USR_000694,,,,,2026-01-02,2026-01-02,2026-01-02,权益礼包,权益,5.6,四线城市,KA,1000-2000人,客服
USR_000694,USR_000694,,,,,2026-01-06,2026-01-06,2026-01-06,置顶刷新,权益,61.8,四线城市,KA,1000-2000人,客服
USR_000694,USR_000694,,,,,2026-01-16,2026-01-16,2026-01-16,急聘推广,权益,16.5,四线城市,KA,1000-2000人,客服
USR_000694,USR_000694,,,,,2026-01-16,2026-01-16,2026-01-16,置顶刷新,权益,34.7,四线城市,KA,1000-2000人,客服
USR_000694,USR_000694,,,,,2026-01-08,2026-01-08,2026-01-08,置顶刷新,权益,28.9,四线城市,KA,1000-2000人,客服
USR_000694,USR_000694,,,,USR_000694,2026-01-21,2026-01-21,2026-01-21,简历查看,非权益,25.4,四线城市,KA,1000-2000人,客服
USR_000694,USR_000694,,,USR_000694,,2026-01-14,2026-01-14,2026-01-14,在线沟通,非权益,23.4,四线城市,KA,1000-2000人,客服
USR_000694,USR_000694,USR_000694,,,,2026-02-16,2026-02-16,2026-02-16,职位发布,非权益,17.4,四线城市,KA,1000-2000人,客服
USR_000694,USR_000694,,,,,2026-01-18,2026-01-18,2026-01-18,企业认证,非权益,37.4,四线城市,KA,1000-2000人,客服
USR_000694,USR_000694,,,USR_000694,,2026-02-13,2026-02-13,2026-02-13,在线沟通,非权益,16.0,四线城市,KA,1000-2000人,客服
USR_000694,,USR_000694,,,,2026-02-01,2026-02-01,2026-02-01,职位发布,非权益,20.3,四线城市,KA,1000-2000人,客服
USR_000694,,,,,,2026-02-15,2026-02-15,2026-02-15,急聘推广,权益,11.2,四线城市,KA,1000-2000人,客服
USR_000694,,,,,,2026-02-11,2026-02-11,2026-02-11,急聘推广,权益,18.0,四线城市,KA,1000-2000人,客服
USR_000694,,,,,,2026-01-25,2026-01-25,2026-01-25,企业认证,非权益,50.7,四线城市,KA,1000-2000人,客服
USR_000694,USR_000694,,,USR_000694,,2026-02-13,2026-02-13,2026-02-13,在线沟通,非权益,38.0,四线城市,KA,1000-2000人,客服
USR_000694,,,,,,2026-01-27,2026-01-27,2026-01-27,置顶刷新,权益,43.0,四线城市,KA,1000-2000人,客服
USR_000694,USR_000694,,,,,2026-01-21,2026-01-21,2026-01-21,置顶刷新,权益,11.8,四线城市,KA,1000-2000人,客服
USR_000694,USR_000694,,,,,2026-02-20,2026-02-20,2026-02-20,权益礼包,权益,11.2,四线城市,KA,1000-2000人,客服
USR_000694,USR_000694,,USR_000694,,,2026-02-12,2026-02-12,2026-02-12,简历搜索,非权益,61.6,四线城市,KA,1000-2000人,客服
USR_000694,USR_000694,USR_000694,,,,2026-02-19,2026-02-19,2026-02-19,职位发布,非权益,27.8,四线城市,KA,1000-2000人,客服
USR_000694,USR_000694,,,,,2026-01-07,2026-01-07,2026-01-07,置顶刷新,权益,10.9,四线城市,KA,1000-2000人,客服
USR_000694,USR_000694,,USR_000694,,,2026-01-29,2026-01-29,2026-01-29,简历搜索,非权益,6.6,四线城市,KA,1000-2000人,客服
USR_000694,,,,,,2026-01-28,2026-01-28,2026-01-28,置顶刷新,权益,24.6,四线城市,KA,1000-2000人,客服
USR_000695,USR_000695,USR_000695,,,,2026-01-20,2026-01-20,2026-01-20,职位发布,非权益,52.4,四线城市,SME,5000-10000人,行政
USR_000695,,,,,USR_000695,2026-02-04,2026-02-04,2026-02-04,简历查看,非权益,48.4,四线城市,SME,5000-10000人,行政
USR_000695,USR_000695,,,,,2026-02-10,2026-02-10,2026-02-10,权益礼包,权益,11.7,四线城市,SME,5000-10000人,行政
USR_000695,USR_000695,,,,,2026-02-24,2026-02-24,2026-02-24,急聘推广,权益,9.0,四线城市,SME,5000-10000人,行政
USR_000695,USR_000695,USR_000695,,,,2026-01-28,2026-01-28,2026-01-28,职位发布,非权益,17.3,四线城市,SME,5000-10000人,行政
USR_000695,USR_000695,USR_000695,,,,2026-02-08,2026-02-08,2026-02-08,职位发布,非权益,10.5,四线城市,SME,5000-10000人,行政
USR_000695,USR_000695,,,,,2026-01-07,2026-01-07,2026-01-07,企业认证,非权益,7.3,四线城市,SME,5000-10000人,行政
USR_000695,USR_000695,,,USR_000695,,2026-01-18,2026-01-18,2026-01-18,在线沟通,非权益,6.3,四线城市,SME,5000-10000人,行政
USR_000695,USR_000695,,USR_000695,,,2026-02-28,2026-02-28,2026-02-28,简历搜索,非权益,26.9,四线城市,SME,5000-10000人,行政
USR_000695,USR_000695,,,,,2026-02-22,2026-02-22,2026-02-22,权益礼包,权益,7.4,四线城市,SME,5000-10000人,行政
USR_000695,USR_000695,,,,,2026-02-15,2026-02-15,2026-02-15,急聘推广,权益,80.8,四线城市,SME,5000-10000人,行政
USR_000695,USR_000695,,,,,2026-02-05,2026-02-05,2026-02-05,急聘推广,权益,22.3,四线城市,SME,5000-10000人,行政
USR_000695,USR_000695,USR_000695,,,,2026-01-22,2026-01-22,2026-01-22,职位发布,非权益,6.6,四线城市,SME,5000-10000人,行政
USR_000695,USR_000695,,,,,2026-02-17,2026-02-17,2026-02-17,急聘推广,权益,7.8,四线城市,SME,5000-10000人,行政
USR_000696,,,,,,2026-02-21,2026-02-21,2026-02-21,企业认证,非权益,14.2,二线城市,SME,2000-5000人,研发
USR_000696,USR_000696,,,,,2026-02-18,2026-02-18,2026-02-18,急聘推广,权益,37.1,二线城市,SME,2000-5000人,研发
USR_000696,USR_000696,,,USR_000696,,2026-01-14,2026-01-14,2026-01-14,在线沟通,非权益,44.2,二线城市,SME,2000-5000人,研发
USR_000696,,USR_000696,,,,2026-01-13,2026-01-13,2026-01-13,职位发布,非权益,10.3,二线城市,SME,2000-5000人,研发
USR_000696,USR_000696,,,,,2026-01-22,2026-01-22,2026-01-22,急聘推广,权益,13.3,二线城市,SME,2000-5000人,研发
USR_000696,USR_000696,,,,,2026-02-03,2026-02-03,2026-02-03,权益礼包,权益,27.9,二线城市,SME,2000-5000人,研发
USR_000696,USR_000696,,,USR_000696,,2026-01-20,2026-01-20,2026-01-20,在线沟通,非权益,17.3,二线城市,SME,2000-5000人,研发
USR_000696,USR_000696,,,,,2026-01-10,2026-01-10,2026-01-10,急聘推广,权益,8.6,二线城市,SME,2000-5000人,研发
USR_000696,,,,USR_000696,,2026-02-17,2026-02-17,2026-02-17,在线沟通,非权益,6.7,二线城市,SME,2000-5000人,研发
USR_000697,USR_000697,,,,USR_000697,2026-01-22,2026-01-22,2026-01-22,简历查看,非权益,8.6,五线城市,SME,5000-10000人,行政
USR_000697,USR_000697,,,,USR_000697,2026-01-09,2026-01-09,2026-01-09,简历查看,非权益,23.8,五线城市,SME,5000-10000人,行政
USR_000697,,,,,,2026-02-18,2026-02-18,2026-02-18,权益礼包,权益,7.5,五线城市,SME,5000-10000人,行政
USR_000697,USR_000697,USR_000697,,,,2026-01-16,2026-01-16,2026-01-16,职位发布,非权益,7.8,五线城市,SME,5000-10000人,行政
USR_000697,USR_000697,,,,,2026-02-09,2026-02-09,2026-02-09,急聘推广,权益,9.9,五线城市,SME,5000-10000人,行政
USR_000697,USR_000697,,,,,2026-02-16,2026-02-16,2026-02-16,权益礼包,权益,21.7,五线城市,SME,5000-10000人,行政
USR_000697,USR_000697,,,,,2026-01-17,2026-01-17,2026-01-17,急聘推广,权益,8.6,五线城市,SME,5000-10000人,行政
USR_000697,USR_000697,,,,,2026-01-29,2026-01-29,2026-01-29,企业认证,非权益,24.1,五线城市,SME,5000-10000人,行政
USR_000697,USR_000697,,,,,2026-01-22,2026-01-22,2026-01-22,急聘推广,权益,15.9,五线城市,SME,5000-10000人,行政
USR_000697,USR_000697,,,,,2026-01-28,2026-01-28,2026-01-28,企业认证,非权益,32.6,五线城市,SME,5000-10000人,行政
USR_000697,USR_000697,USR_000697,,,,2026-01-14,2026-01-14,2026-01-14,职位发布,非权益,18.4,五线城市,SME,5000-10000人,行政
USR_000698,USR_000698,,,,,2026-01-10,2026-01-10,2026-01-10,置顶刷新,权益,28.3,五线城市,SME,2000-5000人,客服
USR_000698,USR_000698,,,,,2026-01-24,2026-01-24,2026-01-24,置顶刷新,权益,12.0,五线城市,SME,2000-5000人,客服
USR_000698,,,,USR_000698,,2026-01-03,2026-01-03,2026-01-03,在线沟通,非权益,28.9,五线城市,SME,2000-5000人,客服
USR_000698,USR_000698,,,,,2026-02-04,2026-02-04,2026-02-04,置顶刷新,权益,48.5,五线城市,SME,2000-5000人,客服
USR_000698,USR_000698,,,USR_000698,,2026-01-29,2026-01-29,2026-01-29,在线沟通,非权益,17.5,五线城市,SME,2000-5000人,客服
USR_000698,,,,,,2026-01-16,2026-01-16,2026-01-16,权益礼包,权益,24.6,五线城市,SME,2000-5000人,客服
USR_000698,USR_000698,USR_000698,,,,2026-02-11,2026-02-11,2026-02-11,职位发布,非权益,10.2,五线城市,SME,2000-5000人,客服
USR_000698,,,,,,2026-01-14,2026-01-14,2026-01-14,急聘推广,权益,15.2,五线城市,SME,2000-5000人,客服
USR_000699,USR_000699,,USR_000699,,,2026-02-15,2026-02-15,2026-02-15,简历搜索,非权益,7.3,五线城市,SME,1-49人,客服
USR_000699,USR_000699,USR_000699,,,,2026-02-16,2026-02-16,2026-02-16,职位发布,非权益,39.6,五线城市,SME,1-49人,客服
USR_000699,USR_000699,,,,,2026-01-07,2026-01-07,2026-01-07,置顶刷新,权益,36.2,五线城市,SME,1-49人,客服
USR_000699,USR_000699,,,,,2026-02-16,2026-02-16,2026-02-16,急聘推广,权益,22.8,五线城市,SME,1-49人,客服
USR_000699,USR_000699,,,USR_000699,,2026-01-04,2026-01-04,2026-01-04,在线沟通,非权益,10.4,五线城市,SME,1-49人,客服
USR_000699,,USR_000699,,,,2026-02-22,2026-02-22,2026-02-22,职位发布,非权益,8.1,五线城市,SME,1-49人,客服
USR_000699,USR_000699,,,,,2026-02-18,2026-02-18,2026-02-18,权益礼包,权益,59.8,五线城市,SME,1-49人,客服
USR_000699,USR_000699,,,,,2026-02-20,2026-02-20,2026-02-20,置顶刷新,权益,14.2,五线城市,SME,1-49人,客服
USR_000699,USR_000699,,,,,2026-01-19,2026-01-19,2026-01-19,置顶刷新,权益,16.1,五线城市,SME,1-49人,客服
USR_000699,USR_000699,,,,,2026-01-13,2026-01-13,2026-01-13,急聘推广,权益,21.0,五线城市,SME,1-49人,客服
USR_000699,,,,,,2026-02-14,2026-02-14,2026-02-14,权益礼包,权益,14.4,五线城市,SME,1-49人,客服
USR_000699,USR_000699,,,USR_000699,,2026-02-21,2026-02-21,2026-02-21,在线沟通,非权益,15.3,五线城市,SME,1-49人,客服
USR_000699,,,,,,2026-01-01,2026-01-01,2026-01-01,置顶刷新,权益,27.8,五线城市,SME,1-49人,客服
USR_000699,,USR_000699,,,,2026-02-23,2026-02-23,2026-02-23,职位发布,非权益,5.5,五线城市,SME,1-49人,客服
USR_000699,USR_000699,,,,,2026-02-07,2026-02-07,2026-02-07,置顶刷新,权益,11.2,五线城市,SME,1-49人,客服
USR_000699,USR_000699,,,USR_000699,,2026-02-10,2026-02-10,2026-02-10,在线沟通,非权益,15.1,五线城市,SME,1-49人,客服
USR_000699,,,,USR_000699,,2026-02-17,2026-02-17,2026-02-17,在线沟通,非权益,16.6,五线城市,SME,1-49人,客服
USR_000699,,,,,,2026-02-16,2026-02-16,2026-02-16,企业认证,非权益,12.0,五线城市,SME,1-49人,客服
USR_000699,USR_000699,,,,,2026-02-23,2026-02-23,2026-02-23,急聘推广,权益,6.7,五线城市,SME,1-49人,客服
USR_000699,USR_000699,,,,,2026-01-29,2026-01-29,2026-01-29,急聘推广,权益,81.7,五线城市,SME,1-49人,客服
USR_000700,USR_000700,,USR_000700,,,2026-01-10,2026-01-10,2026-01-10,简历搜索,非权益,6.6,五线城市,KA,100-499人,运营
USR_000700,USR_000700,,,,,2026-02-14,2026-02-14,2026-02-14,急聘推广,权益,12.4,五线城市,KA,100-499人,运营
USR_000700,USR_000700,,,USR_000700,,2026-01-04,2026-01-04,2026-01-04,在线沟通,非权益,31.2,五线城市,KA,100-499人,运营
USR_000700,,,,,,2026-02-01,2026-02-01,2026-02-01,权益礼包,权益,13.2,五线城市,KA,100-499人,运营
USR_000700,USR_000700,,,,,2026-02-26,2026-02-26,2026-02-26,置顶刷新,权益,70.3,五线城市,KA,100-499人,运营
USR_000700,,,,USR_000700,,2026-01-13,2026-01-13,2026-01-13,在线沟通,非权益,35.5,五线城市,KA,100-499人,运营
USR_000700,USR_000700,,USR_000700,,,2026-02-21,2026-02-21,2026-02-21,简历搜索,非权益,34.1,五线城市,KA,100-499人,运营
USR_000700,USR_000700,,,,,2026-01-07,2026-01-07,2026-01-07,置顶刷新,权益,26.3,五线城市,KA,100-499人,运营
USR_000700,,,,,,2026-01-06,2026-01-06,2026-01-06,企业认证,非权益,5.8,五线城市,KA,100-499人,运营
USR_000700,USR_000700,,,,,2026-02-28,2026-02-28,2026-02-28,企业认证,非权益,23.1,五线城市,KA,100-499人,运营
USR_000700,USR_000700,,,,,2026-02-24,2026-02-24,2026-02-24,企业认证,非权益,7.8,五线城市,KA,100-499人,运营
USR_000700,,,USR_000700,,,2026-01-06,2026-01-06,2026-01-06,简历搜索,非权益,16.3,五线城市,KA,100-499人,运营
USR_000700,USR_000700,,USR_000700,,,2026-01-18,2026-01-18,2026-01-18,简历搜索,非权益,10.4,五线城市,KA,100-499人,运营
USR_000700,USR_000700,,,,,2026-02-22,2026-02-22,2026-02-22,置顶刷新,权益,34.3,五线城市,KA,100-499人,运营
USR_000701,USR_000701,,,,USR_000701,2026-01-28,2026-01-28,2026-01-28,简历查看,非权益,17.3,四线城市,SME,5000-10000人,市场
USR_000701,,,,,,2026-02-03,2026-02-03,2026-02-03,置顶刷新,权益,84.7,四线城市,SME,5000-10000人,市场
USR_000702,USR_000702,USR_000702,,,,2026-02-09,2026-02-09,2026-02-09,职位发布,非权益,38.0,新一线城市,SME,500-999人,销售
USR_000702,USR_000702,,,,,2026-02-25,2026-02-25,2026-02-25,企业认证,非权益,8.1,新一线城市,SME,500-999人,销售
USR_000702,USR_000702,,,,,2026-01-13,2026-01-13,2026-01-13,企业认证,非权益,16.6,新一线城市,SME,500-999人,销售
USR_000702,USR_000702,,,,USR_000702,2026-01-08,2026-01-08,2026-01-08,简历查看,非权益,16.9,新一线城市,SME,500-999人,销售
USR_000702,USR_000702,,,,,2026-01-16,2026-01-16,2026-01-16,急聘推广,权益,42.3,新一线城市,SME,500-999人,销售
USR_000702,USR_000702,,,,,2026-02-04,2026-02-04,2026-02-04,急聘推广,权益,23.8,新一线城市,SME,500-999人,销售
USR_000702,USR_000702,USR_000702,,,,2026-02-18,2026-02-18,2026-02-18,职位发布,非权益,9.0,新一线城市,SME,500-999人,销售
USR_000702,USR_000702,,,,USR_000702,2026-01-17,2026-01-17,2026-01-17,简历查看,非权益,14.8,新一线城市,SME,500-999人,销售
USR_000702,USR_000702,,,,,2026-01-17,2026-01-17,2026-01-17,权益礼包,权益,38.6,新一线城市,SME,500-999人,销售
USR_000702,USR_000702,,,,,2026-01-04,2026-01-04,2026-01-04,权益礼包,权益,6.7,新一线城市,SME,500-999人,销售
USR_000702,USR_000702,,,,,2026-02-09,2026-02-09,2026-02-09,急聘推广,权益,19.2,新一线城市,SME,500-999人,销售
USR_000702,USR_000702,,,,,2026-02-14,2026-02-14,2026-02-14,企业认证,非权益,44.7,新一线城市,SME,500-999人,销售
USR_000703,USR_000703,,USR_000703,,,2026-02-27,2026-02-27,2026-02-27,简历搜索,非权益,39.0,四线城市,SME,1000-2000人,销售
USR_000703,,,USR_000703,,,2026-02-17,2026-02-17,2026-02-17,简历搜索,非权益,8.3,四线城市,SME,1000-2000人,销售
USR_000703,USR_000703,,,,,2026-02-23,2026-02-23,2026-02-23,权益礼包,权益,15.5,四线城市,SME,1000-2000人,销售
USR_000703,USR_000703,,,,,2026-02-27,2026-02-27,2026-02-27,权益礼包,权益,36.9,四线城市,SME,1000-2000人,销售
USR_000703,,,USR_000703,,,2026-01-01,2026-01-01,2026-01-01,简历搜索,非权益,38.9,四线城市,SME,1000-2000人,销售
USR_000703,USR_000703,,,,,2026-01-12,2026-01-12,2026-01-12,企业认证,非权益,10.4,四线城市,SME,1000-2000人,销售
USR_000704,USR_000704,,USR_000704,,,2026-01-06,2026-01-06,2026-01-06,简历搜索,非权益,16.6,新一线城市,SME,10000人以上,行政
USR_000704,USR_000704,,USR_000704,,,2026-02-22,2026-02-22,2026-02-22,简历搜索,非权益,18.6,新一线城市,SME,10000人以上,行政
USR_000704,USR_000704,USR_000704,,,,2026-01-18,2026-01-18,2026-01-18,职位发布,非权益,20.3,新一线城市,SME,10000人以上,行政
USR_000704,,,,,,2026-01-26,2026-01-26,2026-01-26,急聘推广,权益,39.2,新一线城市,SME,10000人以上,行政
USR_000705,USR_000705,,,,,2026-01-13,2026-01-13,2026-01-13,置顶刷新,权益,13.5,五线城市,SME,100-499人,产品
USR_000705,USR_000705,,,,USR_000705,2026-02-19,2026-02-19,2026-02-19,简历查看,非权益,25.2,五线城市,SME,100-499人,产品
USR_000705,,,,,,2026-02-10,2026-02-10,2026-02-10,置顶刷新,权益,10.0,五线城市,SME,100-499人,产品
USR_000705,USR_000705,,,USR_000705,,2026-02-06,2026-02-06,2026-02-06,在线沟通,非权益,12.6,五线城市,SME,100-499人,产品
USR_000705,USR_000705,,,,USR_000705,2026-02-22,2026-02-22,2026-02-22,简历查看,非权益,15.6,五线城市,SME,100-499人,产品
USR_000706,USR_000706,,,,USR_000706,2026-02-11,2026-02-11,2026-02-11,简历查看,非权益,44.3,三线城市,SME,2000-5000人,客服
USR_000706,,,,,,2026-01-27,2026-01-27,2026-01-27,急聘推广,权益,18.3,三线城市,SME,2000-5000人,客服
USR_000706,USR_000706,,,,,2026-02-28,2026-02-28,2026-02-28,权益礼包,权益,33.9,三线城市,SME,2000-5000人,客服
USR_000706,,,,,,2026-02-16,2026-02-16,2026-02-16,急聘推广,权益,10.3,三线城市,SME,2000-5000人,客服
USR_000706,USR_000706,,,,,2026-01-29,2026-01-29,2026-01-29,企业认证,非权益,15.8,三线城市,SME,2000-5000人,客服
USR_000706,USR_000706,,,,,2026-01-25,2026-01-25,2026-01-25,急聘推广,权益,8.3,三线城市,SME,2000-5000人,客服
USR_000706,USR_000706,,,USR_000706,,2026-02-25,2026-02-25,2026-02-25,在线沟通,非权益,8.4,三线城市,SME,2000-5000人,客服
USR_000706,USR_000706,,,,,2026-01-30,2026-01-30,2026-01-30,企业认证,非权益,24.1,三线城市,SME,2000-5000人,客服
USR_000706,,USR_000706,,,,2026-01-25,2026-01-25,2026-01-25,职位发布,非权益,5.3,三线城市,SME,2000-5000人,客服
USR_000706,USR_000706,,,,,2026-01-04,2026-01-04,2026-01-04,急聘推广,权益,5.4,三线城市,SME,2000-5000人,客服
USR_000706,USR_000706,USR_000706,,,,2026-01-11,2026-01-11,2026-01-11,职位发布,非权益,5.4,三线城市,SME,2000-5000人,客服
USR_000706,USR_000706,,,,,2026-01-05,2026-01-05,2026-01-05,置顶刷新,权益,9.6,三线城市,SME,2000-5000人,客服
USR_000706,,,USR_000706,,,2026-01-17,2026-01-17,2026-01-17,简历搜索,非权益,44.2,三线城市,SME,2000-5000人,客服
USR_000706,USR_000706,,USR_000706,,,2026-01-08,2026-01-08,2026-01-08,简历搜索,非权益,17.3,三线城市,SME,2000-5000人,客服
USR_000706,USR_000706,,USR_000706,,,2026-02-26,2026-02-26,2026-02-26,简历搜索,非权益,10.3,三线城市,SME,2000-5000人,客服
USR_000707,USR_000707,,,,USR_000707,2026-02-19,2026-02-19,2026-02-19,简历查看,非权益,18.2,五线城市,SME,500-999人,财务
USR_000707,,,,,,2026-02-02,2026-02-02,2026-02-02,企业认证,非权益,78.0,五线城市,SME,500-999人,财务
USR_000707,,,,USR_000707,,2026-01-03,2026-01-03,2026-01-03,在线沟通,非权益,6.6,五线城市,SME,500-999人,财务
USR_000707,USR_000707,,,,,2026-01-27,2026-01-27,2026-01-27,急聘推广,权益,20.0,五线城市,SME,500-999人,财务
USR_000707,USR_000707,,,,,2026-01-06,2026-01-06,2026-01-06,权益礼包,权益,13.8,五线城市,SME,500-999人,财务
USR_000707,,,,USR_000707,,2026-01-16,2026-01-16,2026-01-16,在线沟通,非权益,9.9,五线城市,SME,500-999人,财务
USR_000707,USR_000707,,,,,2026-02-07,2026-02-07,2026-02-07,权益礼包,权益,53.1,五线城市,SME,500-999人,财务
USR_000707,USR_000707,,,,,2026-01-28,2026-01-28,2026-01-28,权益礼包,权益,11.4,五线城市,SME,500-999人,财务
USR_000707,,,USR_000707,,,2026-02-23,2026-02-23,2026-02-23,简历搜索,非权益,15.1,五线城市,SME,500-999人,财务
USR_000707,USR_000707,,,,USR_000707,2026-01-11,2026-01-11,2026-01-11,简历查看,非权益,53.9,五线城市,SME,500-999人,财务
USR_000707,USR_000707,,,,,2026-01-16,2026-01-16,2026-01-16,急聘推广,权益,11.8,五线城市,SME,500-999人,财务
USR_000707,USR_000707,,,,,2026-02-20,2026-02-20,2026-02-20,置顶刷新,权益,21.4,五线城市,SME,500-999人,财务
USR_000707,USR_000707,USR_000707,,,,2026-01-22,2026-01-22,2026-01-22,职位发布,非权益,16.0,五线城市,SME,500-999人,财务
USR_000707,USR_000707,,,,USR_000707,2026-01-08,2026-01-08,2026-01-08,简历查看,非权益,27.0,五线城市,SME,500-999人,财务
USR_000707,USR_000707,,USR_000707,,,2026-01-22,2026-01-22,2026-01-22,简历搜索,非权益,25.5,五线城市,SME,500-999人,财务
USR_000707,USR_000707,,,,,2026-02-06,2026-02-06,2026-02-06,权益礼包,权益,8.3,五线城市,SME,500-999人,财务
USR_000707,,,,,USR_000707,2026-01-28,2026-01-28,2026-01-28,简历查看,非权益,10.6,五线城市,SME,500-999人,财务
USR_000707,,,,,,2026-02-15,2026-02-15,2026-02-15,急聘推广,权益,8.6,五线城市,SME,500-999人,财务
USR_000707,,,,,USR_000707,2026-02-22,2026-02-22,2026-02-22,简历查看,非权益,19.5,五线城市,SME,500-999人,财务
USR_000707,USR_000707,,,,,2026-02-07,2026-02-07,2026-02-07,企业认证,非权益,6.7,五线城市,SME,500-999人,财务
USR_000707,,,,USR_000707,,2026-01-22,2026-01-22,2026-01-22,在线沟通,非权益,5.2,五线城市,SME,500-999人,财务
USR_000708,USR_000708,USR_000708,,,,2026-01-24,2026-01-24,2026-01-24,职位发布,非权益,18.2,四线城市,SME,50-99人,财务
USR_000708,,,,,,2026-02-10,2026-02-10,2026-02-10,企业认证,非权益,10.9,四线城市,SME,50-99人,财务
USR_000708,USR_000708,,,USR_000708,,2026-02-02,2026-02-02,2026-02-02,在线沟通,非权益,26.5,四线城市,SME,50-99人,财务
USR_000708,,USR_000708,,,,2026-02-06,2026-02-06,2026-02-06,职位发布,非权益,69.2,四线城市,SME,50-99人,财务
USR_000708,,,,,,2026-01-14,2026-01-14,2026-01-14,急聘推广,权益,10.3,四线城市,SME,50-99人,财务
USR_000708,,,,,,2026-01-06,2026-01-06,2026-01-06,权益礼包,权益,24.7,四线城市,SME,50-99人,财务
USR_000708,USR_000708,,,,,2026-02-13,2026-02-13,2026-02-13,企业认证,非权益,49.6,四线城市,SME,50-99人,财务
USR_000708,USR_000708,,,,,2026-01-02,2026-01-02,2026-01-02,企业认证,非权益,58.4,四线城市,SME,50-99人,财务
USR_000708,USR_000708,,,,,2026-02-01,2026-02-01,2026-02-01,急聘推广,权益,24.0,四线城市,SME,50-99人,财务
USR_000708,,,,,,2026-01-24,2026-01-24,2026-01-24,企业认证,非权益,5.3,四线城市,SME,50-99人,财务
USR_000708,,,USR_000708,,,2026-02-04,2026-02-04,2026-02-04,简历搜索,非权益,9.7,四线城市,SME,50-99人,财务
USR_000708,USR_000708,,,,,2026-02-28,2026-02-28,2026-02-28,企业认证,非权益,9.5,四线城市,SME,50-99人,财务
USR_000708,,,,USR_000708,,2026-02-21,2026-02-21,2026-02-21,在线沟通,非权益,11.8,四线城市,SME,50-99人,财务
USR_000708,USR_000708,,USR_000708,,,2026-01-14,2026-01-14,2026-01-14,简历搜索,非权益,17.7,四线城市,SME,50-99人,财务
USR_000708,USR_000708,,,,,2026-01-26,2026-01-26,2026-01-26,企业认证,非权益,26.2,四线城市,SME,50-99人,财务
USR_000708,USR_000708,USR_000708,,,,2026-02-15,2026-02-15,2026-02-15,职位发布,非权益,21.9,四线城市,SME,50-99人,财务
USR_000708,USR_000708,,USR_000708,,,2026-01-10,2026-01-10,2026-01-10,简历搜索,非权益,7.0,四线城市,SME,50-99人,财务
USR_000708,,,,,,2026-02-07,2026-02-07,2026-02-07,急聘推广,权益,8.5,四线城市,SME,50-99人,财务
USR_000709,USR_000709,,,,USR_000709,2026-01-29,2026-01-29,2026-01-29,简历查看,非权益,31.0,二线城市,KA,500-999人,行政
USR_000709,,,,,USR_000709,2026-02-14,2026-02-14,2026-02-14,简历查看,非权益,38.1,二线城市,KA,500-999人,行政
USR_000709,,,,,,2026-02-03,2026-02-03,2026-02-03,急聘推广,权益,18.4,二线城市,KA,500-999人,行政
USR_000709,,USR_000709,,,,2026-01-10,2026-01-10,2026-01-10,职位发布,非权益,9.3,二线城市,KA,500-999人,行政
USR_000709,USR_000709,,,,,2026-02-02,2026-02-02,2026-02-02,急聘推广,权益,10.2,二线城市,KA,500-999人,行政
USR_000709,USR_000709,USR_000709,,,,2026-01-28,2026-01-28,2026-01-28,职位发布,非权益,5.2,二线城市,KA,500-999人,行政
USR_000709,USR_000709,,,USR_000709,,2026-01-14,2026-01-14,2026-01-14,在线沟通,非权益,6.7,二线城市,KA,500-999人,行政
USR_000709,,USR_000709,,,,2026-02-06,2026-02-06,2026-02-06,职位发布,非权益,68.6,二线城市,KA,500-999人,行政
USR_000709,USR_000709,,USR_000709,,,2026-02-20,2026-02-20,2026-02-20,简历搜索,非权益,51.3,二线城市,KA,500-999人,行政
USR_000710,USR_000710,USR_000710,,,,2026-01-27,2026-01-27,2026-01-27,职位发布,非权益,23.0,五线城市,SME,100-499人,研发
USR_000710,,,USR_000710,,,2026-02-24,2026-02-24,2026-02-24,简历搜索,非权益,24.6,五线城市,SME,100-499人,研发
USR_000710,USR_000710,,,,,2026-02-16,2026-02-16,2026-02-16,急聘推广,权益,40.1,五线城市,SME,100-499人,研发
USR_000710,USR_000710,,,USR_000710,,2026-01-05,2026-01-05,2026-01-05,在线沟通,非权益,9.7,五线城市,SME,100-499人,研发
USR_000710,USR_000710,,,,USR_000710,2026-02-07,2026-02-07,2026-02-07,简历查看,非权益,11.2,五线城市,SME,100-499人,研发
USR_000711,USR_000711,,,,USR_000711,2026-01-07,2026-01-07,2026-01-07,简历查看,非权益,23.5,一线城市,SME,10000人以上,销售
USR_000711,,,,,USR_000711,2026-01-05,2026-01-05,2026-01-05,简历查看,非权益,27.9,一线城市,SME,10000人以上,销售
USR_000711,USR_000711,,,,USR_000711,2026-01-15,2026-01-15,2026-01-15,简历查看,非权益,7.0,一线城市,SME,10000人以上,销售
USR_000711,,,,,,2026-01-15,2026-01-15,2026-01-15,置顶刷新,权益,20.7,一线城市,SME,10000人以上,销售
USR_000711,,,USR_000711,,,2026-01-21,2026-01-21,2026-01-21,简历搜索,非权益,26.7,一线城市,SME,10000人以上,销售
USR_000711,USR_000711,USR_000711,,,,2026-01-21,2026-01-21,2026-01-21,职位发布,非权益,32.7,一线城市,SME,10000人以上,销售
USR_000711,USR_000711,USR_000711,,,,2026-01-11,2026-01-11,2026-01-11,职位发布,非权益,48.5,一线城市,SME,10000人以上,销售
USR_000711,USR_000711,USR_000711,,,,2026-02-01,2026-02-01,2026-02-01,职位发布,非权益,32.3,一线城市,SME,10000人以上,销售
USR_000711,USR_000711,,USR_000711,,,2026-01-05,2026-01-05,2026-01-05,简历搜索,非权益,22.6,一线城市,SME,10000人以上,销售
USR_000711,USR_000711,,,,,2026-02-13,2026-02-13,2026-02-13,急聘推广,权益,52.3,一线城市,SME,10000人以上,销售
USR_000711,,,,,,2026-01-28,2026-01-28,2026-01-28,企业认证,非权益,30.6,一线城市,SME,10000人以上,销售
USR_000711,USR_000711,,,,,2026-01-27,2026-01-27,2026-01-27,企业认证,非权益,32.6,一线城市,SME,10000人以上,销售
USR_000711,,,,USR_000711,,2026-01-27,2026-01-27,2026-01-27,在线沟通,非权益,19.5,一线城市,SME,10000人以上,销售
USR_000711,USR_000711,,,,,2026-02-09,2026-02-09,2026-02-09,权益礼包,权益,13.2,一线城市,SME,10000人以上,销售
USR_000711,USR_000711,,USR_000711,,,2026-02-16,2026-02-16,2026-02-16,简历搜索,非权益,34.2,一线城市,SME,10000人以上,销售
USR_000711,,,,USR_000711,,2026-02-02,2026-02-02,2026-02-02,在线沟通,非权益,13.3,一线城市,SME,10000人以上,销售
USR_000711,,,,,,2026-01-15,2026-01-15,2026-01-15,急聘推广,权益,27.0,一线城市,SME,10000人以上,销售
USR_000711,USR_000711,,USR_000711,,,2026-02-23,2026-02-23,2026-02-23,简历搜索,非权益,8.8,一线城市,SME,10000人以上,销售
USR_000711,USR_000711,USR_000711,,,,2026-01-09,2026-01-09,2026-01-09,职位发布,非权益,20.6,一线城市,SME,10000人以上,销售
USR_000711,USR_000711,,,,,2026-01-15,2026-01-15,2026-01-15,权益礼包,权益,7.1,一线城市,SME,10000人以上,销售
USR_000711,,,,,,2026-01-26,2026-01-26,2026-01-26,置顶刷新,权益,5.2,一线城市,SME,10000人以上,销售
USR_000712,USR_000712,,,USR_000712,,2026-02-15,2026-02-15,2026-02-15,在线沟通,非权益,16.2,五线城市,KA,1-49人,运营
USR_000712,USR_000712,,,,,2026-01-23,2026-01-23,2026-01-23,企业认证,非权益,8.3,五线城市,KA,1-49人,运营
USR_000712,,,,,,2026-02-25,2026-02-25,2026-02-25,企业认证,非权益,14.9,五线城市,KA,1-49人,运营
USR_000712,,,,,,2026-01-06,2026-01-06,2026-01-06,企业认证,非权益,54.4,五线城市,KA,1-49人,运营
USR_000712,USR_000712,,,,,2026-02-16,2026-02-16,2026-02-16,权益礼包,权益,9.8,五线城市,KA,1-49人,运营
USR_000712,,,,,USR_000712,2026-01-17,2026-01-17,2026-01-17,简历查看,非权益,29.0,五线城市,KA,1-49人,运营
USR_000712,,,,,,2026-01-28,2026-01-28,2026-01-28,权益礼包,权益,32.3,五线城市,KA,1-49人,运营
USR_000712,USR_000712,,,,USR_000712,2026-02-27,2026-02-27,2026-02-27,简历查看,非权益,12.8,五线城市,KA,1-49人,运营
USR_000712,USR_000712,,,USR_000712,,2026-02-14,2026-02-14,2026-02-14,在线沟通,非权益,30.1,五线城市,KA,1-49人,运营
USR_000712,,,,USR_000712,,2026-01-23,2026-01-23,2026-01-23,在线沟通,非权益,36.2,五线城市,KA,1-49人,运营
USR_000712,USR_000712,,,,USR_000712,2026-02-28,2026-02-28,2026-02-28,简历查看,非权益,11.1,五线城市,KA,1-49人,运营
USR_000712,USR_000712,USR_000712,,,,2026-02-06,2026-02-06,2026-02-06,职位发布,非权益,25.3,五线城市,KA,1-49人,运营
USR_000712,USR_000712,,,USR_000712,,2026-01-29,2026-01-29,2026-01-29,在线沟通,非权益,17.4,五线城市,KA,1-49人,运营
USR_000712,USR_000712,,USR_000712,,,2026-02-16,2026-02-16,2026-02-16,简历搜索,非权益,9.7,五线城市,KA,1-49人,运营
USR_000712,USR_000712,,,,,2026-02-24,2026-02-24,2026-02-24,置顶刷新,权益,34.1,五线城市,KA,1-49人,运营
USR_000712,USR_000712,,,,,2026-02-19,2026-02-19,2026-02-19,置顶刷新,权益,17.5,五线城市,KA,1-49人,运营
USR_000712,,,,,,2026-01-26,2026-01-26,2026-01-26,置顶刷新,权益,10.2,五线城市,KA,1-49人,运营
USR_000713,USR_000713,,USR_000713,,,2026-02-20,2026-02-20,2026-02-20,简历搜索,非权益,15.7,四线城市,SME,10000人以上,产品
USR_000713,USR_000713,,,,USR_000713,2026-02-27,2026-02-27,2026-02-27,简历查看,非权益,53.2,四线城市,SME,10000人以上,产品
USR_000713,,,USR_000713,,,2026-02-08,2026-02-08,2026-02-08,简历搜索,非权益,12.2,四线城市,SME,10000人以上,产品
USR_000713,USR_000713,,,,USR_000713,2026-02-27,2026-02-27,2026-02-27,简历查看,非权益,10.2,四线城市,SME,10000人以上,产品
USR_000713,USR_000713,,,,,2026-01-03,2026-01-03,2026-01-03,权益礼包,权益,56.5,四线城市,SME,10000人以上,产品
USR_000713,,,,,USR_000713,2026-02-13,2026-02-13,2026-02-13,简历查看,非权益,16.3,四线城市,SME,10000人以上,产品
USR_000713,,,,,,2026-02-19,2026-02-19,2026-02-19,急聘推广,权益,7.9,四线城市,SME,10000人以上,产品
USR_000713,USR_000713,,,,,2026-01-02,2026-01-02,2026-01-02,急聘推广,权益,25.0,四线城市,SME,10000人以上,产品
USR_000713,USR_000713,,,,,2026-01-31,2026-01-31,2026-01-31,企业认证,非权益,38.5,四线城市,SME,10000人以上,产品
USR_000713,USR_000713,,,,,2026-02-07,2026-02-07,2026-02-07,权益礼包,权益,21.2,四线城市,SME,10000人以上,产品
USR_000713,USR_000713,,USR_000713,,,2026-01-04,2026-01-04,2026-01-04,简历搜索,非权益,21.1,四线城市,SME,10000人以上,产品
USR_000714,,,USR_000714,,,2026-02-20,2026-02-20,2026-02-20,简历搜索,非权益,16.2,二线城市,SME,1-49人,产品
USR_000714,USR_000714,,,,,2026-02-26,2026-02-26,2026-02-26,置顶刷新,权益,9.1,二线城市,SME,1-49人,产品
USR_000714,USR_000714,,,,,2026-01-31,2026-01-31,2026-01-31,置顶刷新,权益,29.6,二线城市,SME,1-49人,产品
USR_000714,USR_000714,,USR_000714,,,2026-01-17,2026-01-17,2026-01-17,简历搜索,非权益,21.6,二线城市,SME,1-49人,产品
USR_000715,,,,,,2026-01-27,2026-01-27,2026-01-27,企业认证,非权益,8.0,三线城市,SME,500-999人,市场
USR_000715,USR_000715,,,,USR_000715,2026-01-01,2026-01-01,2026-01-01,简历查看,非权益,35.7,三线城市,SME,500-999人,市场
USR_000715,USR_000715,,USR_000715,,,2026-02-05,2026-02-05,2026-02-05,简历搜索,非权益,20.7,三线城市,SME,500-999人,市场
USR_000715,USR_000715,,,,,2026-01-08,2026-01-08,2026-01-08,企业认证,非权益,5.9,三线城市,SME,500-999人,市场
USR_000715,,,,,USR_000715,2026-01-04,2026-01-04,2026-01-04,简历查看,非权益,33.1,三线城市,SME,500-999人,市场
USR_000715,USR_000715,,,,,2026-02-23,2026-02-23,2026-02-23,置顶刷新,权益,23.2,三线城市,SME,500-999人,市场
USR_000715,USR_000715,,,,,2026-02-02,2026-02-02,2026-02-02,企业认证,非权益,15.0,三线城市,SME,500-999人,市场
USR_000715,,,,,,2026-02-09,2026-02-09,2026-02-09,急聘推广,权益,10.8,三线城市,SME,500-999人,市场
USR_000715,,,,,,2026-02-20,2026-02-20,2026-02-20,权益礼包,权益,76.5,三线城市,SME,500-999人,市场
USR_000715,USR_000715,,,USR_000715,,2026-03-01,2026-03-01,2026-03-01,在线沟通,非权益,11.9,三线城市,SME,500-999人,市场
USR_000715,USR_000715,,,,,2026-02-28,2026-02-28,2026-02-28,急聘推广,权益,20.8,三线城市,SME,500-999人,市场
USR_000715,,,USR_000715,,,2026-01-17,2026-01-17,2026-01-17,简历搜索,非权益,8.8,三线城市,SME,500-999人,市场
USR_000715,USR_000715,USR_000715,,,,2026-03-01,2026-03-01,2026-03-01,职位发布,非权益,21.7,三线城市,SME,500-999人,市场
USR_000715,,,USR_000715,,,2026-02-13,2026-02-13,2026-02-13,简历搜索,非权益,15.6,三线城市,SME,500-999人,市场
USR_000715,USR_000715,,,,,2026-01-26,2026-01-26,2026-01-26,企业认证,非权益,7.2,三线城市,SME,500-999人,市场
USR_000715,USR_000715,,,,,2026-01-08,2026-01-08,2026-01-08,置顶刷新,权益,46.2,三线城市,SME,500-999人,市场
USR_000715,USR_000715,USR_000715,,,,2026-02-20,2026-02-20,2026-02-20,职位发布,非权益,6.5,三线城市,SME,500-999人,市场
USR_000715,,USR_000715,,,,2026-01-07,2026-01-07,2026-01-07,职位发布,非权益,5.4,三线城市,SME,500-999人,市场
USR_000715,USR_000715,,,,,2026-02-23,2026-02-23,2026-02-23,企业认证,非权益,23.7,三线城市,SME,500-999人,市场
USR_000715,USR_000715,,,,,2026-01-10,2026-01-10,2026-01-10,急聘推广,权益,15.1,三线城市,SME,500-999人,市场
USR_000715,USR_000715,,,,,2026-02-15,2026-02-15,2026-02-15,急聘推广,权益,6.7,三线城市,SME,500-999人,市场
USR_000715,USR_000715,,USR_000715,,,2026-01-10,2026-01-10,2026-01-10,简历搜索,非权益,11.3,三线城市,SME,500-999人,市场
USR_000715,USR_000715,,,,,2026-01-11,2026-01-11,2026-01-11,置顶刷新,权益,14.5,三线城市,SME,500-999人,市场
USR_000716,USR_000716,USR_000716,,,,2026-01-27,2026-01-27,2026-01-27,职位发布,非权益,18.5,三线城市,SME,2000-5000人,运营
USR_000716,USR_000716,,,,,2026-01-09,2026-01-09,2026-01-09,权益礼包,权益,16.1,三线城市,SME,2000-5000人,运营
USR_000716,USR_000716,USR_000716,,,,2026-01-17,2026-01-17,2026-01-17,职位发布,非权益,5.3,三线城市,SME,2000-5000人,运营
USR_000716,USR_000716,,,,,2026-01-28,2026-01-28,2026-01-28,置顶刷新,权益,12.3,三线城市,SME,2000-5000人,运营
USR_000716,USR_000716,,USR_000716,,,2026-02-17,2026-02-17,2026-02-17,简历搜索,非权益,6.5,三线城市,SME,2000-5000人,运营
USR_000716,USR_000716,,,,,2026-02-13,2026-02-13,2026-02-13,权益礼包,权益,54.5,三线城市,SME,2000-5000人,运营
USR_000716,,,,,,2026-02-11,2026-02-11,2026-02-11,置顶刷新,权益,6.3,三线城市,SME,2000-5000人,运营
USR_000716,USR_000716,,,,,2026-02-22,2026-02-22,2026-02-22,置顶刷新,权益,11.8,三线城市,SME,2000-5000人,运营
USR_000716,,,,,,2026-01-02,2026-01-02,2026-01-02,权益礼包,权益,23.5,三线城市,SME,2000-5000人,运营
USR_000717,USR_000717,,,USR_000717,,2026-01-30,2026-01-30,2026-01-30,在线沟通,非权益,18.3,一线城市,SME,10000人以上,行政
USR_000717,USR_000717,,,,USR_000717,2026-02-01,2026-02-01,2026-02-01,简历查看,非权益,55.3,一线城市,SME,10000人以上,行政
USR_000717,USR_000717,,,,,2026-02-20,2026-02-20,2026-02-20,急聘推广,权益,23.6,一线城市,SME,10000人以上,行政
USR_000717,,,USR_000717,,,2026-02-08,2026-02-08,2026-02-08,简历搜索,非权益,31.2,一线城市,SME,10000人以上,行政
USR_000717,,,,,USR_000717,2026-02-10,2026-02-10,2026-02-10,简历查看,非权益,50.3,一线城市,SME,10000人以上,行政
USR_000717,USR_000717,,USR_000717,,,2026-02-09,2026-02-09,2026-02-09,简历搜索,非权益,19.6,一线城市,SME,10000人以上,行政
USR_000717,,,,,,2026-02-17,2026-02-17,2026-02-17,权益礼包,权益,6.1,一线城市,SME,10000人以上,行政
USR_000717,USR_000717,,,,,2026-01-16,2026-01-16,2026-01-16,权益礼包,权益,18.5,一线城市,SME,10000人以上,行政
USR_000717,USR_000717,,,,,2026-02-03,2026-02-03,2026-02-03,企业认证,非权益,14.0,一线城市,SME,10000人以上,行政
USR_000717,,,USR_000717,,,2026-02-03,2026-02-03,2026-02-03,简历搜索,非权益,20.3,一线城市,SME,10000人以上,行政
USR_000717,USR_000717,,,,USR_000717,2026-02-21,2026-02-21,2026-02-21,简历查看,非权益,31.8,一线城市,SME,10000人以上,行政
USR_000718,USR_000718,,,,,2026-01-20,2026-01-20,2026-01-20,急聘推广,权益,19.3,五线城市,KA,1-49人,研发
USR_000718,USR_000718,,,,USR_000718,2026-01-18,2026-01-18,2026-01-18,简历查看,非权益,28.6,五线城市,KA,1-49人,研发
USR_000718,,,,USR_000718,,2026-01-15,2026-01-15,2026-01-15,在线沟通,非权益,24.6,五线城市,KA,1-49人,研发
USR_000718,USR_000718,,,USR_000718,,2026-01-19,2026-01-19,2026-01-19,在线沟通,非权益,10.5,五线城市,KA,1-49人,研发
USR_000718,USR_000718,,,,,2026-02-08,2026-02-08,2026-02-08,急聘推广,权益,35.4,五线城市,KA,1-49人,研发
USR_000718,USR_000718,,USR_000718,,,2026-01-24,2026-01-24,2026-01-24,简历搜索,非权益,22.7,五线城市,KA,1-49人,研发
USR_000718,USR_000718,,,USR_000718,,2026-01-01,2026-01-01,2026-01-01,在线沟通,非权益,7.1,五线城市,KA,1-49人,研发
USR_000718,USR_000718,,,,,2026-01-13,2026-01-13,2026-01-13,急聘推广,权益,5.7,五线城市,KA,1-49人,研发
USR_000718,USR_000718,USR_000718,,,,2026-01-27,2026-01-27,2026-01-27,职位发布,非权益,20.2,五线城市,KA,1-49人,研发
USR_000718,,USR_000718,,,,2026-02-23,2026-02-23,2026-02-23,职位发布,非权益,31.4,五线城市,KA,1-49人,研发
USR_000718,USR_000718,,,,,2026-01-16,2026-01-16,2026-01-16,企业认证,非权益,6.6,五线城市,KA,1-49人,研发
USR_000718,USR_000718,,,,,2026-01-31,2026-01-31,2026-01-31,急聘推广,权益,31.9,五线城市,KA,1-49人,研发
USR_000719,USR_000719,,,,,2026-01-01,2026-01-01,2026-01-01,企业认证,非权益,17.2,二线城市,SME,100-499人,研发
USR_000719,USR_000719,,,,,2026-02-01,2026-02-01,2026-02-01,企业认证,非权益,13.3,二线城市,SME,100-499人,研发
USR_000720,,USR_000720,,,,2026-02-20,2026-02-20,2026-02-20,职位发布,非权益,43.6,二线城市,SME,5000-10000人,客服
USR_000720,USR_000720,,,,,2026-02-14,2026-02-14,2026-02-14,权益礼包,权益,30.7,二线城市,SME,5000-10000人,客服
USR_000720,USR_000720,,,USR_000720,,2026-02-02,2026-02-02,2026-02-02,在线沟通,非权益,22.4,二线城市,SME,5000-10000人,客服
USR_000720,USR_000720,,,,,2026-01-20,2026-01-20,2026-01-20,企业认证,非权益,76.9,二线城市,SME,5000-10000人,客服
USR_000720,,,USR_000720,,,2026-02-12,2026-02-12,2026-02-12,简历搜索,非权益,8.5,二线城市,SME,5000-10000人,客服
USR_000720,USR_000720,,,,USR_000720,2026-02-01,2026-02-01,2026-02-01,简历查看,非权益,6.5,二线城市,SME,5000-10000人,客服
USR_000720,USR_000720,,,,USR_000720,2026-02-18,2026-02-18,2026-02-18,简历查看,非权益,6.3,二线城市,SME,5000-10000人,客服
USR_000720,,,USR_000720,,,2026-02-20,2026-02-20,2026-02-20,简历搜索,非权益,15.5,二线城市,SME,5000-10000人,客服
USR_000720,USR_000720,,,USR_000720,,2026-01-01,2026-01-01,2026-01-01,在线沟通,非权益,14.0,二线城市,SME,5000-10000人,客服
USR_000720,USR_000720,,,,,2026-01-12,2026-01-12,2026-01-12,权益礼包,权益,8.5,二线城市,SME,5000-10000人,客服
USR_000720,,,,,,2026-01-25,2026-01-25,2026-01-25,权益礼包,权益,28.5,二线城市,SME,5000-10000人,客服
USR_000720,USR_000720,,,,,2026-02-06,2026-02-06,2026-02-06,权益礼包,权益,6.7,二线城市,SME,5000-10000人,客服
USR_000720,USR_000720,USR_000720,,,,2026-02-27,2026-02-27,2026-02-27,职位发布,非权益,53.6,二线城市,SME,5000-10000人,客服
USR_000720,USR_000720,USR_000720,,,,2026-02-12,2026-02-12,2026-02-12,职位发布,非权益,12.4,二线城市,SME,5000-10000人,客服
USR_000720,USR_000720,,,,,2026-02-26,2026-02-26,2026-02-26,企业认证,非权益,8.6,二线城市,SME,5000-10000人,客服
USR_000720,USR_000720,,USR_000720,,,2026-01-11,2026-01-11,2026-01-11,简历搜索,非权益,11.8,二线城市,SME,5000-10000人,客服
USR_000720,USR_000720,,,USR_000720,,2026-01-17,2026-01-17,2026-01-17,在线沟通,非权益,34.5,二线城市,SME,5000-10000人,客服
USR_000720,USR_000720,,,,,2026-01-30,2026-01-30,2026-01-30,企业认证,非权益,10.0,二线城市,SME,5000-10000人,客服
USR_000720,USR_000720,,,,,2026-01-04,2026-01-04,2026-01-04,急聘推广,权益,28.0,二线城市,SME,5000-10000人,客服
USR_000720,,,,USR_000720,,2026-02-17,2026-02-17,2026-02-17,在线沟通,非权益,11.7,二线城市,SME,5000-10000人,客服
USR_000720,USR_000720,,,,,2026-02-05,2026-02-05,2026-02-05,置顶刷新,权益,10.4,二线城市,SME,5000-10000人,客服
USR_000720,USR_000720,,USR_000720,,,2026-02-02,2026-02-02,2026-02-02,简历搜索,非权益,28.2,二线城市,SME,5000-10000人,客服
USR_000720,USR_000720,,,,USR_000720,2026-02-11,2026-02-11,2026-02-11,简历查看,非权益,29.4,二线城市,SME,5000-10000人,客服
USR_000721,USR_000721,,,USR_000721,,2026-01-08,2026-01-08,2026-01-08,在线沟通,非权益,24.1,二线城市,SME,5000-10000人,市场
USR_000721,USR_000721,,,,,2026-02-20,2026-02-20,2026-02-20,企业认证,非权益,17.5,二线城市,SME,5000-10000人,市场
USR_000721,USR_000721,,USR_000721,,,2026-01-22,2026-01-22,2026-01-22,简历搜索,非权益,25.9,二线城市,SME,5000-10000人,市场
USR_000721,USR_000721,,USR_000721,,,2026-01-15,2026-01-15,2026-01-15,简历搜索,非权益,10.4,二线城市,SME,5000-10000人,市场
USR_000721,USR_000721,,,,,2026-02-20,2026-02-20,2026-02-20,急聘推广,权益,6.5,二线城市,SME,5000-10000人,市场
USR_000721,USR_000721,,,,,2026-01-07,2026-01-07,2026-01-07,企业认证,非权益,5.9,二线城市,SME,5000-10000人,市场
USR_000721,,,,USR_000721,,2026-01-01,2026-01-01,2026-01-01,在线沟通,非权益,5.2,二线城市,SME,5000-10000人,市场
USR_000721,USR_000721,,,,,2026-02-14,2026-02-14,2026-02-14,企业认证,非权益,25.3,二线城市,SME,5000-10000人,市场
USR_000721,USR_000721,,,,,2026-01-22,2026-01-22,2026-01-22,企业认证,非权益,10.8,二线城市,SME,5000-10000人,市场
USR_000721,USR_000721,,,,,2026-02-22,2026-02-22,2026-02-22,企业认证,非权益,47.0,二线城市,SME,5000-10000人,市场
USR_000721,USR_000721,,,,,2026-01-07,2026-01-07,2026-01-07,置顶刷新,权益,65.6,二线城市,SME,5000-10000人,市场
USR_000722,,,USR_000722,,,2026-01-31,2026-01-31,2026-01-31,简历搜索,非权益,41.3,三线城市,SME,100-499人,行政
USR_000722,USR_000722,,,,,2026-02-26,2026-02-26,2026-02-26,急聘推广,权益,23.9,三线城市,SME,100-499人,行政
USR_000722,USR_000722,,,,,2026-01-22,2026-01-22,2026-01-22,置顶刷新,权益,16.6,三线城市,SME,100-499人,行政
USR_000722,,,,USR_000722,,2026-02-06,2026-02-06,2026-02-06,在线沟通,非权益,33.2,三线城市,SME,100-499人,行政
USR_000722,USR_000722,USR_000722,,,,2026-02-07,2026-02-07,2026-02-07,职位发布,非权益,39.5,三线城市,SME,100-499人,行政
USR_000722,USR_000722,USR_000722,,,,2026-01-08,2026-01-08,2026-01-08,职位发布,非权益,20.8,三线城市,SME,100-499人,行政
USR_000722,,,,USR_000722,,2026-01-08,2026-01-08,2026-01-08,在线沟通,非权益,32.5,三线城市,SME,100-499人,行政
USR_000722,,,USR_000722,,,2026-01-20,2026-01-20,2026-01-20,简历搜索,非权益,6.9,三线城市,SME,100-499人,行政
USR_000722,USR_000722,,,,,2026-02-23,2026-02-23,2026-02-23,权益礼包,权益,22.4,三线城市,SME,100-499人,行政
USR_000722,USR_000722,USR_000722,,,,2026-01-27,2026-01-27,2026-01-27,职位发布,非权益,8.6,三线城市,SME,100-499人,行政
USR_000722,USR_000722,,,USR_000722,,2026-01-28,2026-01-28,2026-01-28,在线沟通,非权益,13.0,三线城市,SME,100-499人,行政
USR_000722,,,USR_000722,,,2026-01-20,2026-01-20,2026-01-20,简历搜索,非权益,9.0,三线城市,SME,100-499人,行政
USR_000722,USR_000722,,,,USR_000722,2026-01-24,2026-01-24,2026-01-24,简历查看,非权益,8.2,三线城市,SME,100-499人,行政
USR_000722,USR_000722,,,,,2026-01-28,2026-01-28,2026-01-28,置顶刷新,权益,37.4,三线城市,SME,100-499人,行政
USR_000722,USR_000722,,,,,2026-01-04,2026-01-04,2026-01-04,权益礼包,权益,22.2,三线城市,SME,100-499人,行政
USR_000723,USR_000723,,,,,2026-02-14,2026-02-14,2026-02-14,企业认证,非权益,5.8,四线城市,SME,1-49人,财务
USR_000723,USR_000723,,,,,2026-02-06,2026-02-06,2026-02-06,置顶刷新,权益,6.1,四线城市,SME,1-49人,财务
USR_000723,USR_000723,,,,,2026-02-28,2026-02-28,2026-02-28,急聘推广,权益,15.3,四线城市,SME,1-49人,财务
USR_000723,,,,,,2026-02-11,2026-02-11,2026-02-11,急聘推广,权益,13.8,四线城市,SME,1-49人,财务
USR_000723,USR_000723,,,,,2026-01-27,2026-01-27,2026-01-27,企业认证,非权益,9.4,四线城市,SME,1-49人,财务
USR_000723,USR_000723,,,,,2026-01-17,2026-01-17,2026-01-17,置顶刷新,权益,87.8,四线城市,SME,1-49人,财务
USR_000723,,,,,,2026-01-20,2026-01-20,2026-01-20,企业认证,非权益,23.8,四线城市,SME,1-49人,财务
USR_000723,USR_000723,,,,,2026-01-17,2026-01-17,2026-01-17,急聘推广,权益,20.7,四线城市,SME,1-49人,财务
USR_000723,,USR_000723,,,,2026-02-22,2026-02-22,2026-02-22,职位发布,非权益,46.2,四线城市,SME,1-49人,财务
USR_000724,USR_000724,,,,USR_000724,2026-02-23,2026-02-23,2026-02-23,简历查看,非权益,18.9,新一线城市,KA,10000人以上,财务
USR_000724,,,,,,2026-02-05,2026-02-05,2026-02-05,企业认证,非权益,20.8,新一线城市,KA,10000人以上,财务
USR_000724,,,,,,2026-01-30,2026-01-30,2026-01-30,企业认证,非权益,6.8,新一线城市,KA,10000人以上,财务
USR_000724,USR_000724,,,USR_000724,,2026-02-03,2026-02-03,2026-02-03,在线沟通,非权益,7.8,新一线城市,KA,10000人以上,财务
USR_000724,,,,,USR_000724,2026-02-18,2026-02-18,2026-02-18,简历查看,非权益,13.2,新一线城市,KA,10000人以上,财务
USR_000724,USR_000724,,USR_000724,,,2026-01-26,2026-01-26,2026-01-26,简历搜索,非权益,6.2,新一线城市,KA,10000人以上,财务
USR_000724,,,,USR_000724,,2026-01-12,2026-01-12,2026-01-12,在线沟通,非权益,43.5,新一线城市,KA,10000人以上,财务
USR_000724,USR_000724,,,,,2026-01-07,2026-01-07,2026-01-07,权益礼包,权益,15.4,新一线城市,KA,10000人以上,财务
USR_000724,USR_000724,,USR_000724,,,2026-01-10,2026-01-10,2026-01-10,简历搜索,非权益,48.7,新一线城市,KA,10000人以上,财务
USR_000724,USR_000724,,,,USR_000724,2026-02-23,2026-02-23,2026-02-23,简历查看,非权益,21.8,新一线城市,KA,10000人以上,财务
USR_000724,,,,,,2026-01-14,2026-01-14,2026-01-14,权益礼包,权益,5.9,新一线城市,KA,10000人以上,财务
USR_000724,USR_000724,,,,,2026-02-23,2026-02-23,2026-02-23,企业认证,非权益,5.9,新一线城市,KA,10000人以上,财务
USR_000724,USR_000724,,,,,2026-01-20,2026-01-20,2026-01-20,急聘推广,权益,5.2,新一线城市,KA,10000人以上,财务
USR_000724,USR_000724,,,USR_000724,,2026-02-22,2026-02-22,2026-02-22,在线沟通,非权益,12.0,新一线城市,KA,10000人以上,财务
USR_000724,USR_000724,,,,,2026-01-31,2026-01-31,2026-01-31,权益礼包,权益,14.1,新一线城市,KA,10000人以上,财务
USR_000724,USR_000724,,,,USR_000724,2026-01-24,2026-01-24,2026-01-24,简历查看,非权益,5.6,新一线城市,KA,10000人以上,财务
USR_000724,USR_000724,,,USR_000724,,2026-02-26,2026-02-26,2026-02-26,在线沟通,非权益,10.9,新一线城市,KA,10000人以上,财务
USR_000724,USR_000724,,,,,2026-01-05,2026-01-05,2026-01-05,企业认证,非权益,20.9,新一线城市,KA,10000人以上,财务
USR_000724,USR_000724,,USR_000724,,,2026-01-21,2026-01-21,2026-01-21,简历搜索,非权益,81.4,新一线城市,KA,10000人以上,财务
USR_000724,,,,USR_000724,,2026-01-11,2026-01-11,2026-01-11,在线沟通,非权益,7.2,新一线城市,KA,10000人以上,财务
USR_000724,USR_000724,,,USR_000724,,2026-01-22,2026-01-22,2026-01-22,在线沟通,非权益,20.4,新一线城市,KA,10000人以上,财务
USR_000724,USR_000724,,,,,2026-02-23,2026-02-23,2026-02-23,权益礼包,权益,26.1,新一线城市,KA,10000人以上,财务
USR_000724,USR_000724,,,,,2026-02-05,2026-02-05,2026-02-05,企业认证,非权益,7.2,新一线城市,KA,10000人以上,财务
USR_000725,USR_000725,,,,,2026-02-13,2026-02-13,2026-02-13,急聘推广,权益,26.1,四线城市,SME,10000人以上,市场
USR_000725,,,,,,2026-01-27,2026-01-27,2026-01-27,权益礼包,权益,24.4,四线城市,SME,10000人以上,市场
USR_000725,,,,,,2026-02-28,2026-02-28,2026-02-28,置顶刷新,权益,8.4,四线城市,SME,10000人以上,市场
USR_000725,USR_000725,USR_000725,,,,2026-02-14,2026-02-14,2026-02-14,职位发布,非权益,19.5,四线城市,SME,10000人以上,市场
USR_000725,USR_000725,,,,USR_000725,2026-01-23,2026-01-23,2026-01-23,简历查看,非权益,57.5,四线城市,SME,10000人以上,市场
USR_000725,USR_000725,,,,,2026-01-11,2026-01-11,2026-01-11,权益礼包,权益,93.2,四线城市,SME,10000人以上,市场
USR_000725,USR_000725,,USR_000725,,,2026-01-23,2026-01-23,2026-01-23,简历搜索,非权益,9.7,四线城市,SME,10000人以上,市场
USR_000725,USR_000725,,,USR_000725,,2026-01-04,2026-01-04,2026-01-04,在线沟通,非权益,63.7,四线城市,SME,10000人以上,市场
USR_000725,USR_000725,,,USR_000725,,2026-01-12,2026-01-12,2026-01-12,在线沟通,非权益,57.1,四线城市,SME,10000人以上,市场
USR_000725,USR_000725,,,,,2026-02-21,2026-02-21,2026-02-21,急聘推广,权益,37.4,四线城市,SME,10000人以上,市场
USR_000725,USR_000725,,,,,2026-02-10,2026-02-10,2026-02-10,权益礼包,权益,5.9,四线城市,SME,10000人以上,市场
USR_000725,USR_000725,,,,USR_000725,2026-02-08,2026-02-08,2026-02-08,简历查看,非权益,28.2,四线城市,SME,10000人以上,市场
USR_000725,,,,,,2026-02-03,2026-02-03,2026-02-03,权益礼包,权益,14.6,四线城市,SME,10000人以上,市场
USR_000725,USR_000725,,,,,2026-01-03,2026-01-03,2026-01-03,急聘推广,权益,12.9,四线城市,SME,10000人以上,市场
USR_000726,USR_000726,,,USR_000726,,2026-01-26,2026-01-26,2026-01-26,在线沟通,非权益,25.8,新一线城市,SME,50-99人,行政
USR_000726,USR_000726,,,,,2026-01-09,2026-01-09,2026-01-09,权益礼包,权益,29.0,新一线城市,SME,50-99人,行政
USR_000726,USR_000726,,,USR_000726,,2026-01-13,2026-01-13,2026-01-13,在线沟通,非权益,17.8,新一线城市,SME,50-99人,行政
USR_000726,USR_000726,USR_000726,,,,2026-01-18,2026-01-18,2026-01-18,职位发布,非权益,18.2,新一线城市,SME,50-99人,行政
USR_000726,USR_000726,,,,USR_000726,2026-01-26,2026-01-26,2026-01-26,简历查看,非权益,29.1,新一线城市,SME,50-99人,行政
USR_000726,USR_000726,USR_000726,,,,2026-02-11,2026-02-11,2026-02-11,职位发布,非权益,24.1,新一线城市,SME,50-99人,行政
USR_000726,,,USR_000726,,,2026-01-10,2026-01-10,2026-01-10,简历搜索,非权益,20.4,新一线城市,SME,50-99人,行政
USR_000726,,,USR_000726,,,2026-01-17,2026-01-17,2026-01-17,简历搜索,非权益,15.9,新一线城市,SME,50-99人,行政
USR_000726,,,USR_000726,,,2026-02-03,2026-02-03,2026-02-03,简历搜索,非权益,9.5,新一线城市,SME,50-99人,行政
USR_000726,USR_000726,,,,,2026-01-06,2026-01-06,2026-01-06,企业认证,非权益,28.3,新一线城市,SME,50-99人,行政
USR_000726,,,USR_000726,,,2026-01-22,2026-01-22,2026-01-22,简历搜索,非权益,11.7,新一线城市,SME,50-99人,行政
USR_000726,USR_000726,,,,,2026-02-14,2026-02-14,2026-02-14,企业认证,非权益,10.8,新一线城市,SME,50-99人,行政
USR_000726,,,,,,2026-02-05,2026-02-05,2026-02-05,权益礼包,权益,81.4,新一线城市,SME,50-99人,行政
USR_000726,USR_000726,,,,,2026-01-15,2026-01-15,2026-01-15,企业认证,非权益,22.0,新一线城市,SME,50-99人,行政
USR_000726,USR_000726,,,,,2026-01-18,2026-01-18,2026-01-18,急聘推广,权益,11.2,新一线城市,SME,50-99人,行政
USR_000726,USR_000726,,,USR_000726,,2026-01-03,2026-01-03,2026-01-03,在线沟通,非权益,63.2,新一线城市,SME,50-99人,行政
USR_000727,USR_000727,,,,USR_000727,2026-02-28,2026-02-28,2026-02-28,简历查看,非权益,47.8,新一线城市,SME,1-49人,市场
USR_000727,USR_000727,USR_000727,,,,2026-02-10,2026-02-10,2026-02-10,职位发布,非权益,6.8,新一线城市,SME,1-49人,市场
USR_000727,,,USR_000727,,,2026-01-31,2026-01-31,2026-01-31,简历搜索,非权益,8.5,新一线城市,SME,1-49人,市场
USR_000727,USR_000727,,,,,2026-01-01,2026-01-01,2026-01-01,急聘推广,权益,19.4,新一线城市,SME,1-49人,市场
USR_000727,,,,USR_000727,,2026-02-24,2026-02-24,2026-02-24,在线沟通,非权益,37.7,新一线城市,SME,1-49人,市场
USR_000727,,,,,USR_000727,2026-01-27,2026-01-27,2026-01-27,简历查看,非权益,16.3,新一线城市,SME,1-49人,市场
USR_000728,USR_000728,USR_000728,,,,2026-02-07,2026-02-07,2026-02-07,职位发布,非权益,52.9,新一线城市,SME,50-99人,销售
USR_000728,,,,,,2026-01-19,2026-01-19,2026-01-19,置顶刷新,权益,21.0,新一线城市,SME,50-99人,销售
USR_000728,USR_000728,USR_000728,,,,2026-01-06,2026-01-06,2026-01-06,职位发布,非权益,21.7,新一线城市,SME,50-99人,销售
USR_000728,USR_000728,,,,,2026-02-22,2026-02-22,2026-02-22,权益礼包,权益,25.4,新一线城市,SME,50-99人,销售
USR_000728,,,USR_000728,,,2026-01-04,2026-01-04,2026-01-04,简历搜索,非权益,8.3,新一线城市,SME,50-99人,销售
USR_000728,USR_000728,,,,,2026-01-30,2026-01-30,2026-01-30,置顶刷新,权益,27.7,新一线城市,SME,50-99人,销售
USR_000728,,,,,USR_000728,2026-01-09,2026-01-09,2026-01-09,简历查看,非权益,27.3,新一线城市,SME,50-99人,销售
USR_000728,USR_000728,,,USR_000728,,2026-01-04,2026-01-04,2026-01-04,在线沟通,非权益,35.0,新一线城市,SME,50-99人,销售
USR_000728,,,USR_000728,,,2026-02-11,2026-02-11,2026-02-11,简历搜索,非权益,10.0,新一线城市,SME,50-99人,销售
USR_000728,USR_000728,USR_000728,,,,2026-02-23,2026-02-23,2026-02-23,职位发布,非权益,27.1,新一线城市,SME,50-99人,销售
USR_000728,USR_000728,,,,,2026-01-14,2026-01-14,2026-01-14,急聘推广,权益,7.8,新一线城市,SME,50-99人,销售
USR_000729,USR_000729,,,,,2026-01-12,2026-01-12,2026-01-12,企业认证,非权益,32.8,四线城市,KA,500-999人,销售
USR_000729,,,,,,2026-01-04,2026-01-04,2026-01-04,置顶刷新,权益,10.6,四线城市,KA,500-999人,销售
USR_000729,USR_000729,,,,,2026-02-25,2026-02-25,2026-02-25,权益礼包,权益,11.2,四线城市,KA,500-999人,销售
USR_000729,,,,,USR_000729,2026-02-22,2026-02-22,2026-02-22,简历查看,非权益,20.4,四线城市,KA,500-999人,销售
USR_000729,USR_000729,,,USR_000729,,2026-02-03,2026-02-03,2026-02-03,在线沟通,非权益,14.7,四线城市,KA,500-999人,销售
USR_000729,USR_000729,,,,USR_000729,2026-01-23,2026-01-23,2026-01-23,简历查看,非权益,17.3,四线城市,KA,500-999人,销售
USR_000729,USR_000729,,,USR_000729,,2026-02-21,2026-02-21,2026-02-21,在线沟通,非权益,7.3,四线城市,KA,500-999人,销售
USR_000729,USR_000729,,,,,2026-01-03,2026-01-03,2026-01-03,置顶刷新,权益,19.5,四线城市,KA,500-999人,销售
USR_000729,USR_000729,USR_000729,,,,2026-02-26,2026-02-26,2026-02-26,职位发布,非权益,12.1,四线城市,KA,500-999人,销售
USR_000729,,USR_000729,,,,2026-02-17,2026-02-17,2026-02-17,职位发布,非权益,18.8,四线城市,KA,500-999人,销售
USR_000729,USR_000729,USR_000729,,,,2026-01-30,2026-01-30,2026-01-30,职位发布,非权益,39.3,四线城市,KA,500-999人,销售
USR_000729,USR_000729,,,USR_000729,,2026-02-24,2026-02-24,2026-02-24,在线沟通,非权益,13.8,四线城市,KA,500-999人,销售
USR_000729,USR_000729,USR_000729,,,,2026-01-28,2026-01-28,2026-01-28,职位发布,非权益,14.9,四线城市,KA,500-999人,销售
USR_000729,,,,,,2026-01-16,2026-01-16,2026-01-16,权益礼包,权益,18.9,四线城市,KA,500-999人,销售
USR_000729,,,,,,2026-02-08,2026-02-08,2026-02-08,急聘推广,权益,7.5,四线城市,KA,500-999人,销售
USR_000729,,,,,USR_000729,2026-02-01,2026-02-01,2026-02-01,简历查看,非权益,35.8,四线城市,KA,500-999人,销售
USR_000729,USR_000729,,,,,2026-02-21,2026-02-21,2026-02-21,权益礼包,权益,46.2,四线城市,KA,500-999人,销售
USR_000729,USR_000729,,,,,2026-02-11,2026-02-11,2026-02-11,权益礼包,权益,51.4,四线城市,KA,500-999人,销售
USR_000730,USR_000730,,,,,2026-01-08,2026-01-08,2026-01-08,权益礼包,权益,30.6,三线城市,SME,5000-10000人,销售
USR_000730,,,,USR_000730,,2026-02-21,2026-02-21,2026-02-21,在线沟通,非权益,10.1,三线城市,SME,5000-10000人,销售
USR_000730,USR_000730,,,,,2026-01-21,2026-01-21,2026-01-21,企业认证,非权益,24.5,三线城市,SME,5000-10000人,销售
USR_000730,,,,USR_000730,,2026-02-15,2026-02-15,2026-02-15,在线沟通,非权益,7.1,三线城市,SME,5000-10000人,销售
USR_000730,USR_000730,,USR_000730,,,2026-02-19,2026-02-19,2026-02-19,简历搜索,非权益,22.2,三线城市,SME,5000-10000人,销售
USR_000730,USR_000730,,,,,2026-02-13,2026-02-13,2026-02-13,急聘推广,权益,14.4,三线城市,SME,5000-10000人,销售
USR_000730,USR_000730,USR_000730,,,,2026-02-08,2026-02-08,2026-02-08,职位发布,非权益,15.0,三线城市,SME,5000-10000人,销售
USR_000730,USR_000730,,,,USR_000730,2026-01-15,2026-01-15,2026-01-15,简历查看,非权益,28.9,三线城市,SME,5000-10000人,销售
USR_000730,USR_000730,,,,USR_000730,2026-01-10,2026-01-10,2026-01-10,简历查看,非权益,25.4,三线城市,SME,5000-10000人,销售
USR_000730,,,,,,2026-01-05,2026-01-05,2026-01-05,权益礼包,权益,8.1,三线城市,SME,5000-10000人,销售
USR_000730,USR_000730,,,,USR_000730,2026-01-26,2026-01-26,2026-01-26,简历查看,非权益,30.5,三线城市,SME,5000-10000人,销售
USR_000730,USR_000730,,,,,2026-02-04,2026-02-04,2026-02-04,急聘推广,权益,31.6,三线城市,SME,5000-10000人,销售
USR_000730,USR_000730,,,,,2026-01-18,2026-01-18,2026-01-18,置顶刷新,权益,6.5,三线城市,SME,5000-10000人,销售
USR_000730,USR_000730,,USR_000730,,,2026-01-10,2026-01-10,2026-01-10,简历搜索,非权益,5.5,三线城市,SME,5000-10000人,销售
USR_000730,USR_000730,,,USR_000730,,2026-02-19,2026-02-19,2026-02-19,在线沟通,非权益,6.4,三线城市,SME,5000-10000人,销售
USR_000730,USR_000730,,,,,2026-01-21,2026-01-21,2026-01-21,企业认证,非权益,12.4,三线城市,SME,5000-10000人,销售
USR_000731,,,,,USR_000731,2026-01-06,2026-01-06,2026-01-06,简历查看,非权益,5.9,四线城市,SME,1000-2000人,财务
USR_000731,,,,,USR_000731,2026-02-10,2026-02-10,2026-02-10,简历查看,非权益,13.5,四线城市,SME,1000-2000人,财务
USR_000731,,,,,,2026-01-26,2026-01-26,2026-01-26,企业认证,非权益,6.8,四线城市,SME,1000-2000人,财务
USR_000731,USR_000731,USR_000731,,,,2026-02-10,2026-02-10,2026-02-10,职位发布,非权益,6.2,四线城市,SME,1000-2000人,财务
USR_000731,USR_000731,,,,,2026-02-10,2026-02-10,2026-02-10,置顶刷新,权益,29.7,四线城市,SME,1000-2000人,财务
USR_000731,USR_000731,,,,,2026-01-12,2026-01-12,2026-01-12,企业认证,非权益,6.9,四线城市,SME,1000-2000人,财务
USR_000731,USR_000731,,,,,2026-02-04,2026-02-04,2026-02-04,置顶刷新,权益,11.5,四线城市,SME,1000-2000人,财务
USR_000731,USR_000731,,,,USR_000731,2026-01-28,2026-01-28,2026-01-28,简历查看,非权益,5.7,四线城市,SME,1000-2000人,财务
USR_000731,USR_000731,,USR_000731,,,2026-02-13,2026-02-13,2026-02-13,简历搜索,非权益,29.5,四线城市,SME,1000-2000人,财务
USR_000731,USR_000731,USR_000731,,,,2026-01-20,2026-01-20,2026-01-20,职位发布,非权益,7.9,四线城市,SME,1000-2000人,财务
USR_000731,USR_000731,,USR_000731,,,2026-01-26,2026-01-26,2026-01-26,简历搜索,非权益,9.5,四线城市,SME,1000-2000人,财务
USR_000732,USR_000732,,,,,2026-02-24,2026-02-24,2026-02-24,急聘推广,权益,50.8,二线城市,SME,500-999人,财务
USR_000733,,,,USR_000733,,2026-02-24,2026-02-24,2026-02-24,在线沟通,非权益,8.5,五线城市,SME,2000-5000人,市场
USR_000733,USR_000733,,,,,2026-01-17,2026-01-17,2026-01-17,置顶刷新,权益,5.5,五线城市,SME,2000-5000人,市场
USR_000733,USR_000733,USR_000733,,,,2026-01-16,2026-01-16,2026-01-16,职位发布,非权益,30.6,五线城市,SME,2000-5000人,市场
USR_000733,USR_000733,,USR_000733,,,2026-02-17,2026-02-17,2026-02-17,简历搜索,非权益,6.6,五线城市,SME,2000-5000人,市场
USR_000733,,USR_000733,,,,2026-02-07,2026-02-07,2026-02-07,职位发布,非权益,38.8,五线城市,SME,2000-5000人,市场
USR_000733,,,,,,2026-02-15,2026-02-15,2026-02-15,置顶刷新,权益,10.5,五线城市,SME,2000-5000人,市场
USR_000733,USR_000733,,,,,2026-02-08,2026-02-08,2026-02-08,企业认证,非权益,13.5,五线城市,SME,2000-5000人,市场
USR_000733,USR_000733,,,USR_000733,,2026-01-26,2026-01-26,2026-01-26,在线沟通,非权益,36.6,五线城市,SME,2000-5000人,市场
USR_000733,USR_000733,,,,USR_000733,2026-01-26,2026-01-26,2026-01-26,简历查看,非权益,19.7,五线城市,SME,2000-5000人,市场
USR_000733,USR_000733,,,,USR_000733,2026-01-21,2026-01-21,2026-01-21,简历查看,非权益,13.9,五线城市,SME,2000-5000人,市场
USR_000733,USR_000733,,,USR_000733,,2026-02-26,2026-02-26,2026-02-26,在线沟通,非权益,46.1,五线城市,SME,2000-5000人,市场
USR_000733,,,,,USR_000733,2026-02-20,2026-02-20,2026-02-20,简历查看,非权益,32.7,五线城市,SME,2000-5000人,市场
USR_000733,USR_000733,,,,,2026-02-25,2026-02-25,2026-02-25,权益礼包,权益,80.3,五线城市,SME,2000-5000人,市场
USR_000733,USR_000733,,,,,2026-01-02,2026-01-02,2026-01-02,企业认证,非权益,27.2,五线城市,SME,2000-5000人,市场
USR_000733,USR_000733,USR_000733,,,,2026-01-20,2026-01-20,2026-01-20,职位发布,非权益,7.6,五线城市,SME,2000-5000人,市场
USR_000733,,,USR_000733,,,2026-01-30,2026-01-30,2026-01-30,简历搜索,非权益,26.5,五线城市,SME,2000-5000人,市场
USR_000733,USR_000733,,,,,2026-02-21,2026-02-21,2026-02-21,企业认证,非权益,6.8,五线城市,SME,2000-5000人,市场
USR_000733,,,,USR_000733,,2026-01-24,2026-01-24,2026-01-24,在线沟通,非权益,17.2,五线城市,SME,2000-5000人,市场
USR_000733,,,,,USR_000733,2026-01-16,2026-01-16,2026-01-16,简历查看,非权益,17.4,五线城市,SME,2000-5000人,市场
USR_000733,USR_000733,,,,USR_000733,2026-01-12,2026-01-12,2026-01-12,简历查看,非权益,6.9,五线城市,SME,2000-5000人,市场
USR_000733,,,,,USR_000733,2026-02-16,2026-02-16,2026-02-16,简历查看,非权益,5.6,五线城市,SME,2000-5000人,市场
USR_000733,USR_000733,,,USR_000733,,2026-01-01,2026-01-01,2026-01-01,在线沟通,非权益,14.0,五线城市,SME,2000-5000人,市场
USR_000733,,,,USR_000733,,2026-02-07,2026-02-07,2026-02-07,在线沟通,非权益,17.6,五线城市,SME,2000-5000人,市场
USR_000734,USR_000734,,USR_000734,,,2026-02-12,2026-02-12,2026-02-12,简历搜索,非权益,26.0,四线城市,SME,1000-2000人,研发
USR_000734,,USR_000734,,,,2026-01-26,2026-01-26,2026-01-26,职位发布,非权益,17.4,四线城市,SME,1000-2000人,研发
USR_000734,,,USR_000734,,,2026-02-28,2026-02-28,2026-02-28,简历搜索,非权益,11.3,四线城市,SME,1000-2000人,研发
USR_000734,USR_000734,,,,,2026-02-23,2026-02-23,2026-02-23,急聘推广,权益,8.3,四线城市,SME,1000-2000人,研发
USR_000734,USR_000734,,,,,2026-01-30,2026-01-30,2026-01-30,企业认证,非权益,5.7,四线城市,SME,1000-2000人,研发
USR_000734,USR_000734,,,USR_000734,,2026-01-09,2026-01-09,2026-01-09,在线沟通,非权益,5.2,四线城市,SME,1000-2000人,研发
USR_000734,USR_000734,,,,,2026-02-20,2026-02-20,2026-02-20,企业认证,非权益,14.0,四线城市,SME,1000-2000人,研发
USR_000734,USR_000734,,,,,2026-01-27,2026-01-27,2026-01-27,急聘推广,权益,27.3,四线城市,SME,1000-2000人,研发
USR_000734,USR_000734,,,,,2026-01-01,2026-01-01,2026-01-01,权益礼包,权益,7.7,四线城市,SME,1000-2000人,研发
USR_000734,,,,,,2026-02-19,2026-02-19,2026-02-19,急聘推广,权益,16.4,四线城市,SME,1000-2000人,研发
USR_000734,USR_000734,,,USR_000734,,2026-02-01,2026-02-01,2026-02-01,在线沟通,非权益,56.9,四线城市,SME,1000-2000人,研发
USR_000734,USR_000734,,,,,2026-03-01,2026-03-01,2026-03-01,权益礼包,权益,11.3,四线城市,SME,1000-2000人,研发
USR_000734,USR_000734,,,,,2026-02-24,2026-02-24,2026-02-24,企业认证,非权益,18.8,四线城市,SME,1000-2000人,研发
USR_000734,USR_000734,,,,USR_000734,2026-02-25,2026-02-25,2026-02-25,简历查看,非权益,5.7,四线城市,SME,1000-2000人,研发
USR_000734,,USR_000734,,,,2026-02-14,2026-02-14,2026-02-14,职位发布,非权益,18.3,四线城市,SME,1000-2000人,研发
USR_000734,USR_000734,,,,,2026-02-25,2026-02-25,2026-02-25,企业认证,非权益,56.8,四线城市,SME,1000-2000人,研发
USR_000734,USR_000734,,,,,2026-02-16,2026-02-16,2026-02-16,置顶刷新,权益,11.9,四线城市,SME,1000-2000人,研发
USR_000734,USR_000734,,,USR_000734,,2026-01-30,2026-01-30,2026-01-30,在线沟通,非权益,17.4,四线城市,SME,1000-2000人,研发
USR_000734,USR_000734,,,,,2026-01-04,2026-01-04,2026-01-04,置顶刷新,权益,12.3,四线城市,SME,1000-2000人,研发
USR_000734,USR_000734,USR_000734,,,,2026-01-26,2026-01-26,2026-01-26,职位发布,非权益,15.4,四线城市,SME,1000-2000人,研发
USR_000734,USR_000734,,,,,2026-01-22,2026-01-22,2026-01-22,企业认证,非权益,58.6,四线城市,SME,1000-2000人,研发
USR_000735,USR_000735,,,,,2026-02-07,2026-02-07,2026-02-07,置顶刷新,权益,13.4,新一线城市,SME,1000-2000人,市场
USR_000735,USR_000735,USR_000735,,,,2026-01-25,2026-01-25,2026-01-25,职位发布,非权益,22.6,新一线城市,SME,1000-2000人,市场
USR_000735,USR_000735,,,,,2026-01-04,2026-01-04,2026-01-04,急聘推广,权益,7.5,新一线城市,SME,1000-2000人,市场
USR_000735,USR_000735,,,,,2026-01-17,2026-01-17,2026-01-17,权益礼包,权益,7.8,新一线城市,SME,1000-2000人,市场
USR_000735,,,,,,2026-01-09,2026-01-09,2026-01-09,权益礼包,权益,48.5,新一线城市,SME,1000-2000人,市场
USR_000736,USR_000736,,,,,2026-02-18,2026-02-18,2026-02-18,置顶刷新,权益,14.5,新一线城市,KA,2000-5000人,销售
USR_000736,USR_000736,,,,,2026-01-28,2026-01-28,2026-01-28,急聘推广,权益,20.1,新一线城市,KA,2000-5000人,销售
USR_000736,USR_000736,,,,USR_000736,2026-02-18,2026-02-18,2026-02-18,简历查看,非权益,23.4,新一线城市,KA,2000-5000人,销售
USR_000736,USR_000736,,,,,2026-01-17,2026-01-17,2026-01-17,企业认证,非权益,15.1,新一线城市,KA,2000-5000人,销售
USR_000736,USR_000736,,,USR_000736,,2026-02-01,2026-02-01,2026-02-01,在线沟通,非权益,22.6,新一线城市,KA,2000-5000人,销售
USR_000736,,,,,,2026-02-05,2026-02-05,2026-02-05,急聘推广,权益,7.5,新一线城市,KA,2000-5000人,销售
USR_000736,,,,,,2026-02-03,2026-02-03,2026-02-03,置顶刷新,权益,44.6,新一线城市,KA,2000-5000人,销售
USR_000736,USR_000736,,,,,2026-02-22,2026-02-22,2026-02-22,急聘推广,权益,8.2,新一线城市,KA,2000-5000人,销售
USR_000736,USR_000736,,,,,2026-02-19,2026-02-19,2026-02-19,权益礼包,权益,21.6,新一线城市,KA,2000-5000人,销售
USR_000736,,,,,,2026-01-17,2026-01-17,2026-01-17,置顶刷新,权益,35.5,新一线城市,KA,2000-5000人,销售
USR_000736,USR_000736,USR_000736,,,,2026-01-18,2026-01-18,2026-01-18,职位发布,非权益,12.3,新一线城市,KA,2000-5000人,销售
USR_000736,USR_000736,,,USR_000736,,2026-01-27,2026-01-27,2026-01-27,在线沟通,非权益,5.6,新一线城市,KA,2000-5000人,销售
USR_000736,USR_000736,,,,,2026-01-15,2026-01-15,2026-01-15,急聘推广,权益,7.8,新一线城市,KA,2000-5000人,销售
USR_000736,USR_000736,,,,USR_000736,2026-01-16,2026-01-16,2026-01-16,简历查看,非权益,50.5,新一线城市,KA,2000-5000人,销售
USR_000736,,,,,,2026-02-27,2026-02-27,2026-02-27,权益礼包,权益,9.4,新一线城市,KA,2000-5000人,销售
USR_000736,USR_000736,,,,USR_000736,2026-01-29,2026-01-29,2026-01-29,简历查看,非权益,24.0,新一线城市,KA,2000-5000人,销售
USR_000736,USR_000736,,,,,2026-01-25,2026-01-25,2026-01-25,置顶刷新,权益,27.3,新一线城市,KA,2000-5000人,销售
USR_000736,USR_000736,,,,,2026-02-16,2026-02-16,2026-02-16,权益礼包,权益,82.5,新一线城市,KA,2000-5000人,销售
USR_000737,USR_000737,USR_000737,,,,2026-01-18,2026-01-18,2026-01-18,职位发布,非权益,73.8,四线城市,SME,500-999人,财务
USR_000737,USR_000737,,,,,2026-02-05,2026-02-05,2026-02-05,企业认证,非权益,25.6,四线城市,SME,500-999人,财务
USR_000737,,,USR_000737,,,2026-02-07,2026-02-07,2026-02-07,简历搜索,非权益,6.7,四线城市,SME,500-999人,财务
USR_000737,USR_000737,,,,USR_000737,2026-01-02,2026-01-02,2026-01-02,简历查看,非权益,7.0,四线城市,SME,500-999人,财务
USR_000737,USR_000737,,,,USR_000737,2026-01-31,2026-01-31,2026-01-31,简历查看,非权益,18.6,四线城市,SME,500-999人,财务
USR_000737,,,,,,2026-01-07,2026-01-07,2026-01-07,权益礼包,权益,22.4,四线城市,SME,500-999人,财务
USR_000737,,USR_000737,,,,2026-01-06,2026-01-06,2026-01-06,职位发布,非权益,58.3,四线城市,SME,500-999人,财务
USR_000737,USR_000737,,,,,2026-01-02,2026-01-02,2026-01-02,急聘推广,权益,41.2,四线城市,SME,500-999人,财务
USR_000737,,,,,,2026-01-23,2026-01-23,2026-01-23,急聘推广,权益,45.6,四线城市,SME,500-999人,财务
USR_000737,,USR_000737,,,,2026-02-20,2026-02-20,2026-02-20,职位发布,非权益,65.2,四线城市,SME,500-999人,财务
USR_000737,,,,USR_000737,,2026-02-04,2026-02-04,2026-02-04,在线沟通,非权益,6.6,四线城市,SME,500-999人,财务
USR_000737,USR_000737,,,,USR_000737,2026-01-13,2026-01-13,2026-01-13,简历查看,非权益,27.3,四线城市,SME,500-999人,财务
USR_000737,USR_000737,,,,,2026-02-23,2026-02-23,2026-02-23,企业认证,非权益,31.5,四线城市,SME,500-999人,财务
USR_000737,,,,,,2026-01-26,2026-01-26,2026-01-26,权益礼包,权益,13.6,四线城市,SME,500-999人,财务
USR_000737,USR_000737,,,USR_000737,,2026-02-04,2026-02-04,2026-02-04,在线沟通,非权益,13.5,四线城市,SME,500-999人,财务
USR_000737,USR_000737,USR_000737,,,,2026-01-04,2026-01-04,2026-01-04,职位发布,非权益,5.4,四线城市,SME,500-999人,财务
USR_000737,USR_000737,USR_000737,,,,2026-01-05,2026-01-05,2026-01-05,职位发布,非权益,5.5,四线城市,SME,500-999人,财务
USR_000737,USR_000737,,,,,2026-01-07,2026-01-07,2026-01-07,急聘推广,权益,15.9,四线城市,SME,500-999人,财务
USR_000737,USR_000737,,,,,2026-01-05,2026-01-05,2026-01-05,企业认证,非权益,89.5,四线城市,SME,500-999人,财务
USR_000737,USR_000737,,USR_000737,,,2026-01-27,2026-01-27,2026-01-27,简历搜索,非权益,22.0,四线城市,SME,500-999人,财务
USR_000738,USR_000738,,,,USR_000738,2026-02-11,2026-02-11,2026-02-11,简历查看,非权益,39.6,三线城市,SME,50-99人,研发
USR_000738,,,,,USR_000738,2026-02-24,2026-02-24,2026-02-24,简历查看,非权益,58.7,三线城市,SME,50-99人,研发
USR_000738,,USR_000738,,,,2026-02-07,2026-02-07,2026-02-07,职位发布,非权益,7.8,三线城市,SME,50-99人,研发
USR_000738,USR_000738,,,,,2026-01-01,2026-01-01,2026-01-01,急聘推广,权益,45.9,三线城市,SME,50-99人,研发
USR_000739,USR_000739,,,,,2026-01-18,2026-01-18,2026-01-18,急聘推广,权益,14.9,五线城市,SME,1-49人,客服
USR_000739,USR_000739,,,,USR_000739,2026-02-11,2026-02-11,2026-02-11,简历查看,非权益,24.9,五线城市,SME,1-49人,客服
USR_000739,,,,USR_000739,,2026-01-16,2026-01-16,2026-01-16,在线沟通,非权益,18.0,五线城市,SME,1-49人,客服
USR_000739,USR_000739,,,,,2026-01-24,2026-01-24,2026-01-24,急聘推广,权益,21.9,五线城市,SME,1-49人,客服
USR_000739,,,USR_000739,,,2026-02-08,2026-02-08,2026-02-08,简历搜索,非权益,24.2,五线城市,SME,1-49人,客服
USR_000739,USR_000739,,,,,2026-02-21,2026-02-21,2026-02-21,急聘推广,权益,8.5,五线城市,SME,1-49人,客服
USR_000739,,,,,,2026-01-31,2026-01-31,2026-01-31,急聘推广,权益,13.9,五线城市,SME,1-49人,客服
USR_000739,,,,,,2026-01-29,2026-01-29,2026-01-29,急聘推广,权益,18.8,五线城市,SME,1-49人,客服
USR_000739,USR_000739,,,USR_000739,,2026-01-15,2026-01-15,2026-01-15,在线沟通,非权益,40.7,五线城市,SME,1-49人,客服
USR_000739,USR_000739,,,,,2026-02-05,2026-02-05,2026-02-05,权益礼包,权益,69.5,五线城市,SME,1-49人,客服
USR_000739,USR_000739,,,,,2026-01-02,2026-01-02,2026-01-02,急聘推广,权益,60.5,五线城市,SME,1-49人,客服
USR_000739,USR_000739,,,,,2026-02-13,2026-02-13,2026-02-13,企业认证,非权益,8.8,五线城市,SME,1-49人,客服
USR_000739,,,,,USR_000739,2026-02-11,2026-02-11,2026-02-11,简历查看,非权益,13.5,五线城市,SME,1-49人,客服
USR_000739,USR_000739,,,,,2026-01-25,2026-01-25,2026-01-25,权益礼包,权益,9.7,五线城市,SME,1-49人,客服
USR_000739,USR_000739,,,,,2026-02-15,2026-02-15,2026-02-15,权益礼包,权益,38.2,五线城市,SME,1-49人,客服
USR_000739,USR_000739,USR_000739,,,,2026-01-08,2026-01-08,2026-01-08,职位发布,非权益,11.4,五线城市,SME,1-49人,客服
USR_000739,USR_000739,,USR_000739,,,2026-01-28,2026-01-28,2026-01-28,简历搜索,非权益,16.7,五线城市,SME,1-49人,客服
USR_000739,,,USR_000739,,,2026-02-01,2026-02-01,2026-02-01,简历搜索,非权益,6.4,五线城市,SME,1-49人,客服
USR_000740,USR_000740,USR_000740,,,,2026-01-24,2026-01-24,2026-01-24,职位发布,非权益,18.2,四线城市,KA,50-99人,销售
USR_000740,USR_000740,USR_000740,,,,2026-01-13,2026-01-13,2026-01-13,职位发布,非权益,16.1,四线城市,KA,50-99人,销售
USR_000740,USR_000740,,,,,2026-02-03,2026-02-03,2026-02-03,急聘推广,权益,12.3,四线城市,KA,50-99人,销售
USR_000740,USR_000740,,USR_000740,,,2026-02-02,2026-02-02,2026-02-02,简历搜索,非权益,31.8,四线城市,KA,50-99人,销售
USR_000740,USR_000740,USR_000740,,,,2026-02-20,2026-02-20,2026-02-20,职位发布,非权益,14.8,四线城市,KA,50-99人,销售
USR_000740,USR_000740,,,,,2026-02-18,2026-02-18,2026-02-18,置顶刷新,权益,7.2,四线城市,KA,50-99人,销售
USR_000740,,,,,USR_000740,2026-02-28,2026-02-28,2026-02-28,简历查看,非权益,7.6,四线城市,KA,50-99人,销售
USR_000740,USR_000740,,,,,2026-02-16,2026-02-16,2026-02-16,急聘推广,权益,43.7,四线城市,KA,50-99人,销售
USR_000740,USR_000740,USR_000740,,,,2026-01-18,2026-01-18,2026-01-18,职位发布,非权益,81.6,四线城市,KA,50-99人,销售
USR_000740,USR_000740,,,,,2026-02-01,2026-02-01,2026-02-01,权益礼包,权益,20.2,四线城市,KA,50-99人,销售
USR_000740,,,,USR_000740,,2026-01-14,2026-01-14,2026-01-14,在线沟通,非权益,38.4,四线城市,KA,50-99人,销售
USR_000740,,,,,,2026-01-19,2026-01-19,2026-01-19,急聘推广,权益,16.0,四线城市,KA,50-99人,销售
USR_000740,,,,,,2026-02-08,2026-02-08,2026-02-08,企业认证,非权益,13.6,四线城市,KA,50-99人,销售
USR_000741,,,USR_000741,,,2026-02-09,2026-02-09,2026-02-09,简历搜索,非权益,14.7,二线城市,SME,2000-5000人,销售
USR_000741,,,,USR_000741,,2026-01-30,2026-01-30,2026-01-30,在线沟通,非权益,67.9,二线城市,SME,2000-5000人,销售
USR_000741,USR_000741,,,USR_000741,,2026-01-28,2026-01-28,2026-01-28,在线沟通,非权益,13.9,二线城市,SME,2000-5000人,销售
USR_000741,USR_000741,,,,USR_000741,2026-02-03,2026-02-03,2026-02-03,简历查看,非权益,9.6,二线城市,SME,2000-5000人,销售
USR_000741,USR_000741,,,,,2026-01-15,2026-01-15,2026-01-15,急聘推广,权益,12.2,二线城市,SME,2000-5000人,销售
USR_000741,,,,USR_000741,,2026-02-24,2026-02-24,2026-02-24,在线沟通,非权益,58.2,二线城市,SME,2000-5000人,销售
USR_000741,,USR_000741,,,,2026-01-25,2026-01-25,2026-01-25,职位发布,非权益,8.0,二线城市,SME,2000-5000人,销售
USR_000741,USR_000741,,,,USR_000741,2026-02-04,2026-02-04,2026-02-04,简历查看,非权益,27.2,二线城市,SME,2000-5000人,销售
USR_000741,,,,USR_000741,,2026-01-09,2026-01-09,2026-01-09,在线沟通,非权益,8.4,二线城市,SME,2000-5000人,销售
USR_000741,USR_000741,,,,,2026-01-21,2026-01-21,2026-01-21,急聘推广,权益,57.8,二线城市,SME,2000-5000人,销售
USR_000741,USR_000741,,,,,2026-01-25,2026-01-25,2026-01-25,权益礼包,权益,8.7,二线城市,SME,2000-5000人,销售
USR_000741,USR_000741,,,,USR_000741,2026-02-06,2026-02-06,2026-02-06,简历查看,非权益,29.0,二线城市,SME,2000-5000人,销售
USR_000741,USR_000741,USR_000741,,,,2026-02-02,2026-02-02,2026-02-02,职位发布,非权益,8.5,二线城市,SME,2000-5000人,销售
USR_000741,,,,,,2026-01-27,2026-01-27,2026-01-27,急聘推广,权益,22.8,二线城市,SME,2000-5000人,销售
USR_000741,,,,,,2026-01-19,2026-01-19,2026-01-19,置顶刷新,权益,8.1,二线城市,SME,2000-5000人,销售
USR_000741,USR_000741,,,,,2026-01-12,2026-01-12,2026-01-12,急聘推广,权益,11.3,二线城市,SME,2000-5000人,销售
USR_000741,USR_000741,,,,,2026-02-18,2026-02-18,2026-02-18,置顶刷新,权益,40.2,二线城市,SME,2000-5000人,销售
USR_000741,USR_000741,,,,,2026-02-06,2026-02-06,2026-02-06,企业认证,非权益,7.0,二线城市,SME,2000-5000人,销售
USR_000741,USR_000741,,,,,2026-02-10,2026-02-10,2026-02-10,企业认证,非权益,15.4,二线城市,SME,2000-5000人,销售
USR_000741,USR_000741,,,,,2026-02-27,2026-02-27,2026-02-27,置顶刷新,权益,18.4,二线城市,SME,2000-5000人,销售
USR_000741,USR_000741,,,USR_000741,,2026-02-22,2026-02-22,2026-02-22,在线沟通,非权益,45.9,二线城市,SME,2000-5000人,销售
USR_000741,USR_000741,,USR_000741,,,2026-02-01,2026-02-01,2026-02-01,简历搜索,非权益,11.4,二线城市,SME,2000-5000人,销售
USR_000741,USR_000741,,,,USR_000741,2026-01-29,2026-01-29,2026-01-29,简历查看,非权益,8.8,二线城市,SME,2000-5000人,销售
USR_000742,USR_000742,,,,,2026-01-09,2026-01-09,2026-01-09,企业认证,非权益,8.7,四线城市,KA,2000-5000人,销售
USR_000743,USR_000743,,,,,2026-02-03,2026-02-03,2026-02-03,权益礼包,权益,32.5,新一线城市,SME,1-49人,产品
USR_000743,USR_000743,,,,USR_000743,2026-01-15,2026-01-15,2026-01-15,简历查看,非权益,25.9,新一线城市,SME,1-49人,产品
USR_000743,USR_000743,USR_000743,,,,2026-01-23,2026-01-23,2026-01-23,职位发布,非权益,24.0,新一线城市,SME,1-49人,产品
USR_000743,USR_000743,,,,,2026-02-14,2026-02-14,2026-02-14,置顶刷新,权益,33.6,新一线城市,SME,1-49人,产品
USR_000743,,USR_000743,,,,2026-02-12,2026-02-12,2026-02-12,职位发布,非权益,29.0,新一线城市,SME,1-49人,产品
USR_000743,USR_000743,,,,,2026-02-26,2026-02-26,2026-02-26,急聘推广,权益,24.8,新一线城市,SME,1-49人,产品
USR_000743,USR_000743,USR_000743,,,,2026-02-03,2026-02-03,2026-02-03,职位发布,非权益,18.0,新一线城市,SME,1-49人,产品
USR_000743,USR_000743,,,,,2026-03-01,2026-03-01,2026-03-01,企业认证,非权益,25.8,新一线城市,SME,1-49人,产品
USR_000744,USR_000744,,,,USR_000744,2026-02-26,2026-02-26,2026-02-26,简历查看,非权益,29.9,四线城市,SME,1000-2000人,客服
USR_000744,USR_000744,,,,,2026-02-06,2026-02-06,2026-02-06,置顶刷新,权益,14.6,四线城市,SME,1000-2000人,客服
USR_000744,USR_000744,,,,,2026-02-11,2026-02-11,2026-02-11,急聘推广,权益,53.9,四线城市,SME,1000-2000人,客服
USR_000744,USR_000744,,USR_000744,,,2026-01-31,2026-01-31,2026-01-31,简历搜索,非权益,15.8,四线城市,SME,1000-2000人,客服
USR_000744,USR_000744,,,,,2026-01-29,2026-01-29,2026-01-29,置顶刷新,权益,19.0,四线城市,SME,1000-2000人,客服
USR_000744,USR_000744,,USR_000744,,,2026-02-07,2026-02-07,2026-02-07,简历搜索,非权益,6.7,四线城市,SME,1000-2000人,客服
USR_000744,USR_000744,,,,,2026-02-01,2026-02-01,2026-02-01,权益礼包,权益,36.0,四线城市,SME,1000-2000人,客服
USR_000744,USR_000744,,,USR_000744,,2026-01-05,2026-01-05,2026-01-05,在线沟通,非权益,5.1,四线城市,SME,1000-2000人,客服
USR_000744,,,USR_000744,,,2026-02-10,2026-02-10,2026-02-10,简历搜索,非权益,7.0,四线城市,SME,1000-2000人,客服
USR_000744,USR_000744,USR_000744,,,,2026-02-28,2026-02-28,2026-02-28,职位发布,非权益,5.5,四线城市,SME,1000-2000人,客服
USR_000744,USR_000744,,,USR_000744,,2026-01-20,2026-01-20,2026-01-20,在线沟通,非权益,65.0,四线城市,SME,1000-2000人,客服
USR_000744,USR_000744,,,,USR_000744,2026-03-01,2026-03-01,2026-03-01,简历查看,非权益,6.2,四线城市,SME,1000-2000人,客服
USR_000744,USR_000744,USR_000744,,,,2026-02-10,2026-02-10,2026-02-10,职位发布,非权益,16.8,四线城市,SME,1000-2000人,客服
USR_000744,USR_000744,,,,,2026-02-16,2026-02-16,2026-02-16,急聘推广,权益,15.3,四线城市,SME,1000-2000人,客服
USR_000744,,USR_000744,,,,2026-02-28,2026-02-28,2026-02-28,职位发布,非权益,20.0,四线城市,SME,1000-2000人,客服
USR_000744,,,,,,2026-01-09,2026-01-09,2026-01-09,置顶刷新,权益,28.4,四线城市,SME,1000-2000人,客服
USR_000744,USR_000744,,,,,2026-02-22,2026-02-22,2026-02-22,企业认证,非权益,26.3,四线城市,SME,1000-2000人,客服
USR_000744,USR_000744,,USR_000744,,,2026-02-15,2026-02-15,2026-02-15,简历搜索,非权益,23.4,四线城市,SME,1000-2000人,客服
USR_000744,USR_000744,,,,,2026-01-14,2026-01-14,2026-01-14,企业认证,非权益,24.6,四线城市,SME,1000-2000人,客服
USR_000744,USR_000744,,,,,2026-02-09,2026-02-09,2026-02-09,企业认证,非权益,21.8,四线城市,SME,1000-2000人,客服
USR_000745,USR_000745,,,,USR_000745,2026-01-19,2026-01-19,2026-01-19,简历查看,非权益,21.7,五线城市,SME,10000人以上,行政
USR_000745,USR_000745,,,,,2026-02-16,2026-02-16,2026-02-16,置顶刷新,权益,30.8,五线城市,SME,10000人以上,行政
USR_000745,USR_000745,USR_000745,,,,2026-02-06,2026-02-06,2026-02-06,职位发布,非权益,5.1,五线城市,SME,10000人以上,行政
USR_000746,USR_000746,,,,,2026-01-30,2026-01-30,2026-01-30,急聘推广,权益,6.7,四线城市,SME,500-999人,产品
USR_000746,USR_000746,USR_000746,,,,2026-02-05,2026-02-05,2026-02-05,职位发布,非权益,15.7,四线城市,SME,500-999人,产品
USR_000746,,,,,,2026-01-14,2026-01-14,2026-01-14,权益礼包,权益,38.7,四线城市,SME,500-999人,产品
USR_000746,USR_000746,,,,,2026-02-19,2026-02-19,2026-02-19,企业认证,非权益,29.5,四线城市,SME,500-999人,产品
USR_000746,,USR_000746,,,,2026-02-28,2026-02-28,2026-02-28,职位发布,非权益,10.9,四线城市,SME,500-999人,产品
USR_000746,USR_000746,USR_000746,,,,2026-02-24,2026-02-24,2026-02-24,职位发布,非权益,7.1,四线城市,SME,500-999人,产品
USR_000746,USR_000746,USR_000746,,,,2026-02-24,2026-02-24,2026-02-24,职位发布,非权益,20.8,四线城市,SME,500-999人,产品
USR_000746,USR_000746,,,,USR_000746,2026-02-02,2026-02-02,2026-02-02,简历查看,非权益,7.4,四线城市,SME,500-999人,产品
USR_000746,,,,USR_000746,,2026-02-06,2026-02-06,2026-02-06,在线沟通,非权益,11.8,四线城市,SME,500-999人,产品
USR_000746,USR_000746,,,,,2026-01-19,2026-01-19,2026-01-19,急聘推广,权益,40.7,四线城市,SME,500-999人,产品
USR_000746,USR_000746,,,,USR_000746,2026-01-14,2026-01-14,2026-01-14,简历查看,非权益,5.9,四线城市,SME,500-999人,产品
USR_000746,USR_000746,USR_000746,,,,2026-02-18,2026-02-18,2026-02-18,职位发布,非权益,12.3,四线城市,SME,500-999人,产品
USR_000746,,,USR_000746,,,2026-02-21,2026-02-21,2026-02-21,简历搜索,非权益,8.3,四线城市,SME,500-999人,产品
USR_000746,USR_000746,,,,,2026-01-28,2026-01-28,2026-01-28,置顶刷新,权益,15.0,四线城市,SME,500-999人,产品
USR_000746,USR_000746,,,USR_000746,,2026-02-14,2026-02-14,2026-02-14,在线沟通,非权益,43.4,四线城市,SME,500-999人,产品
USR_000746,USR_000746,,USR_000746,,,2026-02-05,2026-02-05,2026-02-05,简历搜索,非权益,16.5,四线城市,SME,500-999人,产品
USR_000746,USR_000746,,,,,2026-02-08,2026-02-08,2026-02-08,急聘推广,权益,39.8,四线城市,SME,500-999人,产品
USR_000746,USR_000746,USR_000746,,,,2026-01-29,2026-01-29,2026-01-29,职位发布,非权益,96.5,四线城市,SME,500-999人,产品
USR_000746,,,USR_000746,,,2026-01-07,2026-01-07,2026-01-07,简历搜索,非权益,24.9,四线城市,SME,500-999人,产品
USR_000746,,,,,,2026-01-20,2026-01-20,2026-01-20,企业认证,非权益,18.2,四线城市,SME,500-999人,产品
USR_000747,USR_000747,,,,,2026-02-07,2026-02-07,2026-02-07,企业认证,非权益,15.1,新一线城市,SME,100-499人,市场
USR_000747,,,,USR_000747,,2026-02-11,2026-02-11,2026-02-11,在线沟通,非权益,30.9,新一线城市,SME,100-499人,市场
USR_000747,USR_000747,USR_000747,,,,2026-01-15,2026-01-15,2026-01-15,职位发布,非权益,5.5,新一线城市,SME,100-499人,市场
USR_000747,,USR_000747,,,,2026-03-01,2026-03-01,2026-03-01,职位发布,非权益,47.3,新一线城市,SME,100-499人,市场
USR_000747,USR_000747,,,,USR_000747,2026-01-18,2026-01-18,2026-01-18,简历查看,非权益,27.0,新一线城市,SME,100-499人,市场
USR_000747,,USR_000747,,,,2026-02-08,2026-02-08,2026-02-08,职位发布,非权益,6.1,新一线城市,SME,100-499人,市场
USR_000747,USR_000747,,,,,2026-01-28,2026-01-28,2026-01-28,急聘推广,权益,22.3,新一线城市,SME,100-499人,市场
USR_000747,USR_000747,,,USR_000747,,2026-02-23,2026-02-23,2026-02-23,在线沟通,非权益,39.6,新一线城市,SME,100-499人,市场
USR_000747,,,,USR_000747,,2026-02-12,2026-02-12,2026-02-12,在线沟通,非权益,5.0,新一线城市,SME,100-499人,市场
USR_000748,USR_000748,,,,USR_000748,2026-02-05,2026-02-05,2026-02-05,简历查看,非权益,26.6,二线城市,SME,100-499人,研发
USR_000748,USR_000748,,,,,2026-02-06,2026-02-06,2026-02-06,置顶刷新,权益,35.5,二线城市,SME,100-499人,研发
USR_000748,,,,,,2026-01-30,2026-01-30,2026-01-30,急聘推广,权益,22.7,二线城市,SME,100-499人,研发
USR_000748,,USR_000748,,,,2026-01-14,2026-01-14,2026-01-14,职位发布,非权益,11.3,二线城市,SME,100-499人,研发
USR_000748,USR_000748,,,,,2026-02-13,2026-02-13,2026-02-13,置顶刷新,权益,13.9,二线城市,SME,100-499人,研发
USR_000748,USR_000748,,USR_000748,,,2026-01-13,2026-01-13,2026-01-13,简历搜索,非权益,32.9,二线城市,SME,100-499人,研发
USR_000748,USR_000748,,,,,2026-01-09,2026-01-09,2026-01-09,急聘推广,权益,64.6,二线城市,SME,100-499人,研发
USR_000748,USR_000748,,,,,2026-01-07,2026-01-07,2026-01-07,急聘推广,权益,28.5,二线城市,SME,100-499人,研发
USR_000748,,USR_000748,,,,2026-02-17,2026-02-17,2026-02-17,职位发布,非权益,8.8,二线城市,SME,100-499人,研发
USR_000748,USR_000748,,,USR_000748,,2026-01-11,2026-01-11,2026-01-11,在线沟通,非权益,7.2,二线城市,SME,100-499人,研发
USR_000748,,,,,USR_000748,2026-01-23,2026-01-23,2026-01-23,简历查看,非权益,21.2,二线城市,SME,100-499人,研发
USR_000748,,USR_000748,,,,2026-01-22,2026-01-22,2026-01-22,职位发布,非权益,47.6,二线城市,SME,100-499人,研发
USR_000748,USR_000748,,USR_000748,,,2026-02-28,2026-02-28,2026-02-28,简历搜索,非权益,37.9,二线城市,SME,100-499人,研发
USR_000748,USR_000748,USR_000748,,,,2026-02-21,2026-02-21,2026-02-21,职位发布,非权益,22.2,二线城市,SME,100-499人,研发
USR_000748,USR_000748,USR_000748,,,,2026-02-13,2026-02-13,2026-02-13,职位发布,非权益,40.4,二线城市,SME,100-499人,研发
USR_000748,USR_000748,,,,,2026-02-09,2026-02-09,2026-02-09,急聘推广,权益,12.0,二线城市,SME,100-499人,研发
USR_000748,USR_000748,,,,,2026-01-09,2026-01-09,2026-01-09,急聘推广,权益,13.6,二线城市,SME,100-499人,研发
USR_000748,,,,USR_000748,,2026-02-04,2026-02-04,2026-02-04,在线沟通,非权益,6.3,二线城市,SME,100-499人,研发
USR_000748,,,,USR_000748,,2026-01-08,2026-01-08,2026-01-08,在线沟通,非权益,84.8,二线城市,SME,100-499人,研发
USR_000748,USR_000748,,,,,2026-01-14,2026-01-14,2026-01-14,急聘推广,权益,14.6,二线城市,SME,100-499人,研发
USR_000749,USR_000749,,,USR_000749,,2026-02-26,2026-02-26,2026-02-26,在线沟通,非权益,27.7,二线城市,SME,1-49人,销售
USR_000749,,,,,,2026-01-24,2026-01-24,2026-01-24,企业认证,非权益,26.9,二线城市,SME,1-49人,销售
USR_000749,USR_000749,,,,USR_000749,2026-02-22,2026-02-22,2026-02-22,简历查看,非权益,8.6,二线城市,SME,1-49人,销售
USR_000749,USR_000749,USR_000749,,,,2026-02-19,2026-02-19,2026-02-19,职位发布,非权益,8.1,二线城市,SME,1-49人,销售
USR_000749,USR_000749,USR_000749,,,,2026-01-18,2026-01-18,2026-01-18,职位发布,非权益,18.4,二线城市,SME,1-49人,销售
USR_000749,USR_000749,USR_000749,,,,2026-02-18,2026-02-18,2026-02-18,职位发布,非权益,7.2,二线城市,SME,1-49人,销售
USR_000749,,,,USR_000749,,2026-02-25,2026-02-25,2026-02-25,在线沟通,非权益,12.6,二线城市,SME,1-49人,销售
USR_000749,USR_000749,,,,,2026-02-17,2026-02-17,2026-02-17,企业认证,非权益,23.2,二线城市,SME,1-49人,销售
USR_000749,USR_000749,,USR_000749,,,2026-02-08,2026-02-08,2026-02-08,简历搜索,非权益,50.3,二线城市,SME,1-49人,销售
USR_000749,USR_000749,,,,,2026-01-06,2026-01-06,2026-01-06,权益礼包,权益,17.0,二线城市,SME,1-49人,销售
USR_000749,USR_000749,USR_000749,,,,2026-02-09,2026-02-09,2026-02-09,职位发布,非权益,35.6,二线城市,SME,1-49人,销售
USR_000749,USR_000749,,,,USR_000749,2026-01-16,2026-01-16,2026-01-16,简历查看,非权益,15.1,二线城市,SME,1-49人,销售
USR_000749,,,USR_000749,,,2026-01-20,2026-01-20,2026-01-20,简历搜索,非权益,9.4,二线城市,SME,1-49人,销售
USR_000749,USR_000749,,,,,2026-01-03,2026-01-03,2026-01-03,急聘推广,权益,8.4,二线城市,SME,1-49人,销售
USR_000749,USR_000749,,,,,2026-01-05,2026-01-05,2026-01-05,权益礼包,权益,9.5,二线城市,SME,1-49人,销售
USR_000750,USR_000750,,,,,2026-01-27,2026-01-27,2026-01-27,企业认证,非权益,21.6,三线城市,KA,500-999人,运营
USR_000750,,,,USR_000750,,2026-02-02,2026-02-02,2026-02-02,在线沟通,非权益,10.9,三线城市,KA,500-999人,运营
USR_000750,,,,USR_000750,,2026-01-17,2026-01-17,2026-01-17,在线沟通,非权益,10.0,三线城市,KA,500-999人,运营
USR_000750,USR_000750,,,USR_000750,,2026-01-28,2026-01-28,2026-01-28,在线沟通,非权益,9.4,三线城市,KA,500-999人,运营
USR_000750,USR_000750,,,,,2026-02-17,2026-02-17,2026-02-17,置顶刷新,权益,26.6,三线城市,KA,500-999人,运营
USR_000750,USR_000750,,,,,2026-01-09,2026-01-09,2026-01-09,置顶刷新,权益,5.5,三线城市,KA,500-999人,运营
USR_000750,USR_000750,,,,,2026-03-01,2026-03-01,2026-03-01,置顶刷新,权益,46.1,三线城市,KA,500-999人,运营
USR_000751,USR_000751,,,,,2026-02-18,2026-02-18,2026-02-18,置顶刷新,权益,9.2,三线城市,SME,50-99人,行政
USR_000751,USR_000751,,,,,2026-02-03,2026-02-03,2026-02-03,急聘推广,权益,6.7,三线城市,SME,50-99人,行政
USR_000751,,USR_000751,,,,2026-01-29,2026-01-29,2026-01-29,职位发布,非权益,5.8,三线城市,SME,50-99人,行政
USR_000751,USR_000751,,,,,2026-02-02,2026-02-02,2026-02-02,置顶刷新,权益,17.5,三线城市,SME,50-99人,行政
USR_000751,,,,,,2026-01-03,2026-01-03,2026-01-03,权益礼包,权益,19.7,三线城市,SME,50-99人,行政
USR_000751,USR_000751,,,,,2026-01-23,2026-01-23,2026-01-23,企业认证,非权益,7.4,三线城市,SME,50-99人,行政
USR_000751,USR_000751,,,,,2026-01-14,2026-01-14,2026-01-14,急聘推广,权益,12.2,三线城市,SME,50-99人,行政
USR_000751,USR_000751,,,,USR_000751,2026-02-16,2026-02-16,2026-02-16,简历查看,非权益,11.7,三线城市,SME,50-99人,行政
USR_000751,USR_000751,,,,USR_000751,2026-02-21,2026-02-21,2026-02-21,简历查看,非权益,19.8,三线城市,SME,50-99人,行政
USR_000751,USR_000751,,,,,2026-01-20,2026-01-20,2026-01-20,权益礼包,权益,6.8,三线城市,SME,50-99人,行政
USR_000751,USR_000751,,,,USR_000751,2026-01-05,2026-01-05,2026-01-05,简历查看,非权益,14.4,三线城市,SME,50-99人,行政
USR_000751,,,,,,2026-01-10,2026-01-10,2026-01-10,急聘推广,权益,5.5,三线城市,SME,50-99人,行政
USR_000751,,USR_000751,,,,2026-01-31,2026-01-31,2026-01-31,职位发布,非权益,50.6,三线城市,SME,50-99人,行政
USR_000751,,,USR_000751,,,2026-02-20,2026-02-20,2026-02-20,简历搜索,非权益,9.0,三线城市,SME,50-99人,行政
USR_000751,,,USR_000751,,,2026-01-30,2026-01-30,2026-01-30,简历搜索,非权益,47.0,三线城市,SME,50-99人,行政
USR_000751,USR_000751,,,,USR_000751,2026-01-25,2026-01-25,2026-01-25,简历查看,非权益,6.7,三线城市,SME,50-99人,行政
USR_000751,,,,,,2026-01-22,2026-01-22,2026-01-22,置顶刷新,权益,17.8,三线城市,SME,50-99人,行政
USR_000752,,,,,,2026-02-20,2026-02-20,2026-02-20,企业认证,非权益,23.1,四线城市,SME,10000人以上,行政
USR_000752,,,,,,2026-01-31,2026-01-31,2026-01-31,急聘推广,权益,31.1,四线城市,SME,10000人以上,行政
USR_000752,USR_000752,USR_000752,,,,2026-02-25,2026-02-25,2026-02-25,职位发布,非权益,12.2,四线城市,SME,10000人以上,行政
USR_000752,USR_000752,,,,,2026-01-11,2026-01-11,2026-01-11,企业认证,非权益,23.6,四线城市,SME,10000人以上,行政
USR_000752,USR_000752,USR_000752,,,,2026-01-10,2026-01-10,2026-01-10,职位发布,非权益,14.3,四线城市,SME,10000人以上,行政
USR_000752,USR_000752,,,,,2026-02-20,2026-02-20,2026-02-20,置顶刷新,权益,22.4,四线城市,SME,10000人以上,行政
USR_000752,USR_000752,,,,,2026-02-18,2026-02-18,2026-02-18,企业认证,非权益,9.2,四线城市,SME,10000人以上,行政
USR_000752,,USR_000752,,,,2026-01-31,2026-01-31,2026-01-31,职位发布,非权益,24.4,四线城市,SME,10000人以上,行政
USR_000752,USR_000752,USR_000752,,,,2026-01-06,2026-01-06,2026-01-06,职位发布,非权益,62.5,四线城市,SME,10000人以上,行政
USR_000752,USR_000752,,,,,2026-01-17,2026-01-17,2026-01-17,急聘推广,权益,48.9,四线城市,SME,10000人以上,行政
USR_000752,USR_000752,,,,USR_000752,2026-02-14,2026-02-14,2026-02-14,简历查看,非权益,11.8,四线城市,SME,10000人以上,行政
USR_000752,USR_000752,,,USR_000752,,2026-01-24,2026-01-24,2026-01-24,在线沟通,非权益,22.1,四线城市,SME,10000人以上,行政
USR_000752,USR_000752,,,,,2026-01-09,2026-01-09,2026-01-09,权益礼包,权益,35.7,四线城市,SME,10000人以上,行政
USR_000752,USR_000752,,,USR_000752,,2026-01-16,2026-01-16,2026-01-16,在线沟通,非权益,12.7,四线城市,SME,10000人以上,行政
USR_000752,USR_000752,,,,,2026-01-03,2026-01-03,2026-01-03,置顶刷新,权益,7.2,四线城市,SME,10000人以上,行政
USR_000752,,,,,,2026-02-05,2026-02-05,2026-02-05,置顶刷新,权益,8.1,四线城市,SME,10000人以上,行政
USR_000752,,,,,,2026-01-21,2026-01-21,2026-01-21,置顶刷新,权益,22.0,四线城市,SME,10000人以上,行政
USR_000752,USR_000752,,,,,2026-02-26,2026-02-26,2026-02-26,置顶刷新,权益,20.1,四线城市,SME,10000人以上,行政
USR_000753,USR_000753,,,,,2026-02-20,2026-02-20,2026-02-20,急聘推广,权益,12.7,四线城市,SME,50-99人,销售
USR_000754,USR_000754,,,,,2026-01-02,2026-01-02,2026-01-02,置顶刷新,权益,19.1,二线城市,KA,100-499人,行政
USR_000754,USR_000754,,USR_000754,,,2026-01-30,2026-01-30,2026-01-30,简历搜索,非权益,5.2,二线城市,KA,100-499人,行政
USR_000754,USR_000754,,,USR_000754,,2026-02-26,2026-02-26,2026-02-26,在线沟通,非权益,97.1,二线城市,KA,100-499人,行政
USR_000754,USR_000754,,,,,2026-01-21,2026-01-21,2026-01-21,企业认证,非权益,34.4,二线城市,KA,100-499人,行政
USR_000754,USR_000754,,,,,2026-02-24,2026-02-24,2026-02-24,企业认证,非权益,18.6,二线城市,KA,100-499人,行政
USR_000754,USR_000754,,USR_000754,,,2026-02-14,2026-02-14,2026-02-14,简历搜索,非权益,8.6,二线城市,KA,100-499人,行政
USR_000754,USR_000754,,USR_000754,,,2026-01-21,2026-01-21,2026-01-21,简历搜索,非权益,5.2,二线城市,KA,100-499人,行政
USR_000754,USR_000754,,,USR_000754,,2026-01-17,2026-01-17,2026-01-17,在线沟通,非权益,26.1,二线城市,KA,100-499人,行政
USR_000754,USR_000754,,,USR_000754,,2026-02-14,2026-02-14,2026-02-14,在线沟通,非权益,77.2,二线城市,KA,100-499人,行政
USR_000754,,,,USR_000754,,2026-02-24,2026-02-24,2026-02-24,在线沟通,非权益,13.0,二线城市,KA,100-499人,行政
USR_000755,USR_000755,,,,,2026-02-05,2026-02-05,2026-02-05,企业认证,非权益,7.6,三线城市,SME,50-99人,产品
USR_000755,USR_000755,,,,,2026-02-01,2026-02-01,2026-02-01,急聘推广,权益,10.3,三线城市,SME,50-99人,产品
USR_000755,USR_000755,,,,,2026-01-14,2026-01-14,2026-01-14,急聘推广,权益,39.6,三线城市,SME,50-99人,产品
USR_000755,,USR_000755,,,,2026-01-10,2026-01-10,2026-01-10,职位发布,非权益,9.3,三线城市,SME,50-99人,产品
USR_000755,USR_000755,,,,USR_000755,2026-01-06,2026-01-06,2026-01-06,简历查看,非权益,9.7,三线城市,SME,50-99人,产品
USR_000755,USR_000755,,,,USR_000755,2026-01-23,2026-01-23,2026-01-23,简历查看,非权益,5.8,三线城市,SME,50-99人,产品
USR_000755,,,,USR_000755,,2026-02-21,2026-02-21,2026-02-21,在线沟通,非权益,8.4,三线城市,SME,50-99人,产品
USR_000755,,,,,,2026-01-24,2026-01-24,2026-01-24,置顶刷新,权益,7.0,三线城市,SME,50-99人,产品
USR_000755,,,,,,2026-01-30,2026-01-30,2026-01-30,置顶刷新,权益,28.1,三线城市,SME,50-99人,产品
USR_000755,USR_000755,,,USR_000755,,2026-02-12,2026-02-12,2026-02-12,在线沟通,非权益,25.9,三线城市,SME,50-99人,产品
USR_000756,USR_000756,,,USR_000756,,2026-01-15,2026-01-15,2026-01-15,在线沟通,非权益,17.8,三线城市,KA,50-99人,市场
USR_000756,,,,,,2026-02-07,2026-02-07,2026-02-07,企业认证,非权益,8.3,三线城市,KA,50-99人,市场
USR_000756,USR_000756,,,,USR_000756,2026-01-18,2026-01-18,2026-01-18,简历查看,非权益,29.4,三线城市,KA,50-99人,市场
USR_000756,USR_000756,,,USR_000756,,2026-02-07,2026-02-07,2026-02-07,在线沟通,非权益,41.8,三线城市,KA,50-99人,市场
USR_000756,USR_000756,,,,,2026-02-28,2026-02-28,2026-02-28,权益礼包,权益,5.1,三线城市,KA,50-99人,市场
USR_000756,USR_000756,,,,USR_000756,2026-02-09,2026-02-09,2026-02-09,简历查看,非权益,23.7,三线城市,KA,50-99人,市场
USR_000756,,USR_000756,,,,2026-02-05,2026-02-05,2026-02-05,职位发布,非权益,23.9,三线城市,KA,50-99人,市场
USR_000757,USR_000757,,,,USR_000757,2026-02-16,2026-02-16,2026-02-16,简历查看,非权益,14.9,一线城市,SME,500-999人,行政
USR_000757,USR_000757,,,USR_000757,,2026-01-03,2026-01-03,2026-01-03,在线沟通,非权益,22.2,一线城市,SME,500-999人,行政
USR_000757,,,,,USR_000757,2026-01-30,2026-01-30,2026-01-30,简历查看,非权益,24.0,一线城市,SME,500-999人,行政
USR_000757,,,,,,2026-01-23,2026-01-23,2026-01-23,权益礼包,权益,8.3,一线城市,SME,500-999人,行政
USR_000757,USR_000757,USR_000757,,,,2026-01-28,2026-01-28,2026-01-28,职位发布,非权益,37.6,一线城市,SME,500-999人,行政
USR_000757,USR_000757,,,,,2026-02-04,2026-02-04,2026-02-04,企业认证,非权益,55.3,一线城市,SME,500-999人,行政
USR_000757,USR_000757,,,,,2026-01-07,2026-01-07,2026-01-07,急聘推广,权益,41.7,一线城市,SME,500-999人,行政
USR_000757,USR_000757,,,,,2026-02-08,2026-02-08,2026-02-08,权益礼包,权益,35.9,一线城市,SME,500-999人,行政
USR_000757,USR_000757,,,,,2026-01-08,2026-01-08,2026-01-08,急聘推广,权益,10.3,一线城市,SME,500-999人,行政
USR_000757,USR_000757,,,,USR_000757,2026-01-17,2026-01-17,2026-01-17,简历查看,非权益,38.5,一线城市,SME,500-999人,行政
USR_000757,USR_000757,,,,,2026-02-09,2026-02-09,2026-02-09,置顶刷新,权益,5.4,一线城市,SME,500-999人,行政
USR_000758,USR_000758,,,USR_000758,,2026-01-15,2026-01-15,2026-01-15,在线沟通,非权益,48.1,五线城市,SME,50-99人,市场
USR_000758,,,,,,2026-01-29,2026-01-29,2026-01-29,急聘推广,权益,6.4,五线城市,SME,50-99人,市场
USR_000758,USR_000758,USR_000758,,,,2026-03-01,2026-03-01,2026-03-01,职位发布,非权益,28.6,五线城市,SME,50-99人,市场
USR_000758,USR_000758,,,,,2026-02-21,2026-02-21,2026-02-21,急聘推广,权益,48.5,五线城市,SME,50-99人,市场
USR_000758,,,USR_000758,,,2026-02-20,2026-02-20,2026-02-20,简历搜索,非权益,26.8,五线城市,SME,50-99人,市场
USR_000758,USR_000758,,,,,2026-01-29,2026-01-29,2026-01-29,急聘推广,权益,20.2,五线城市,SME,50-99人,市场
USR_000758,USR_000758,,,,,2026-02-08,2026-02-08,2026-02-08,权益礼包,权益,37.2,五线城市,SME,50-99人,市场
USR_000758,USR_000758,,,,,2026-01-12,2026-01-12,2026-01-12,置顶刷新,权益,25.6,五线城市,SME,50-99人,市场
USR_000758,,,,,,2026-01-19,2026-01-19,2026-01-19,急聘推广,权益,10.4,五线城市,SME,50-99人,市场
USR_000758,USR_000758,,,,,2026-01-07,2026-01-07,2026-01-07,置顶刷新,权益,6.5,五线城市,SME,50-99人,市场
USR_000758,,,USR_000758,,,2026-02-16,2026-02-16,2026-02-16,简历搜索,非权益,10.2,五线城市,SME,50-99人,市场
USR_000758,USR_000758,,,,,2026-01-08,2026-01-08,2026-01-08,置顶刷新,权益,35.7,五线城市,SME,50-99人,市场
USR_000758,USR_000758,,,,,2026-01-28,2026-01-28,2026-01-28,急聘推广,权益,21.5,五线城市,SME,50-99人,市场
USR_000759,USR_000759,,,USR_000759,,2026-01-06,2026-01-06,2026-01-06,在线沟通,非权益,8.3,二线城市,KA,500-999人,行政
USR_000759,USR_000759,,,,,2026-01-14,2026-01-14,2026-01-14,急聘推广,权益,5.4,二线城市,KA,500-999人,行政
USR_000759,,,,,,2026-01-27,2026-01-27,2026-01-27,置顶刷新,权益,7.9,二线城市,KA,500-999人,行政
USR_000759,USR_000759,,,,,2026-02-11,2026-02-11,2026-02-11,权益礼包,权益,13.4,二线城市,KA,500-999人,行政
USR_000759,,,USR_000759,,,2026-02-21,2026-02-21,2026-02-21,简历搜索,非权益,8.7,二线城市,KA,500-999人,行政
USR_000759,USR_000759,,,,USR_000759,2026-01-11,2026-01-11,2026-01-11,简历查看,非权益,15.4,二线城市,KA,500-999人,行政
USR_000759,USR_000759,,,,USR_000759,2026-01-06,2026-01-06,2026-01-06,简历查看,非权益,7.3,二线城市,KA,500-999人,行政
USR_000759,,,,,,2026-01-30,2026-01-30,2026-01-30,企业认证,非权益,44.9,二线城市,KA,500-999人,行政
USR_000759,USR_000759,,,,,2026-01-05,2026-01-05,2026-01-05,置顶刷新,权益,74.2,二线城市,KA,500-999人,行政
USR_000759,USR_000759,USR_000759,,,,2026-01-08,2026-01-08,2026-01-08,职位发布,非权益,29.4,二线城市,KA,500-999人,行政
USR_000759,USR_000759,,,,,2026-02-10,2026-02-10,2026-02-10,急聘推广,权益,44.8,二线城市,KA,500-999人,行政
USR_000759,USR_000759,USR_000759,,,,2026-01-24,2026-01-24,2026-01-24,职位发布,非权益,19.4,二线城市,KA,500-999人,行政
USR_000759,USR_000759,USR_000759,,,,2026-02-04,2026-02-04,2026-02-04,职位发布,非权益,40.2,二线城市,KA,500-999人,行政
USR_000759,USR_000759,,,,,2026-02-21,2026-02-21,2026-02-21,权益礼包,权益,9.3,二线城市,KA,500-999人,行政
USR_000760,,,,,,2026-02-11,2026-02-11,2026-02-11,急聘推广,权益,10.5,二线城市,KA,500-999人,研发
USR_000760,USR_000760,,,,,2026-01-26,2026-01-26,2026-01-26,置顶刷新,权益,17.8,二线城市,KA,500-999人,研发
USR_000760,USR_000760,USR_000760,,,,2026-02-09,2026-02-09,2026-02-09,职位发布,非权益,6.8,二线城市,KA,500-999人,研发
USR_000760,USR_000760,,,,,2026-01-10,2026-01-10,2026-01-10,急聘推广,权益,7.5,二线城市,KA,500-999人,研发
USR_000760,USR_000760,,,,,2026-01-27,2026-01-27,2026-01-27,权益礼包,权益,30.9,二线城市,KA,500-999人,研发
USR_000760,USR_000760,,,,,2026-01-09,2026-01-09,2026-01-09,急聘推广,权益,17.3,二线城市,KA,500-999人,研发
USR_000760,USR_000760,,,,,2026-01-19,2026-01-19,2026-01-19,置顶刷新,权益,8.6,二线城市,KA,500-999人,研发
USR_000760,USR_000760,,,,,2026-02-28,2026-02-28,2026-02-28,急聘推广,权益,42.8,二线城市,KA,500-999人,研发
USR_000760,USR_000760,,,,,2026-01-06,2026-01-06,2026-01-06,急聘推广,权益,5.3,二线城市,KA,500-999人,研发
USR_000760,USR_000760,,,,,2026-02-26,2026-02-26,2026-02-26,企业认证,非权益,11.7,二线城市,KA,500-999人,研发
USR_000760,USR_000760,,,,USR_000760,2026-01-13,2026-01-13,2026-01-13,简历查看,非权益,39.5,二线城市,KA,500-999人,研发
USR_000760,,,,,,2026-01-19,2026-01-19,2026-01-19,权益礼包,权益,41.4,二线城市,KA,500-999人,研发
USR_000760,USR_000760,,,,,2026-01-01,2026-01-01,2026-01-01,企业认证,非权益,48.4,二线城市,KA,500-999人,研发
USR_000760,,,,,,2026-01-20,2026-01-20,2026-01-20,急聘推广,权益,47.6,二线城市,KA,500-999人,研发
USR_000761,USR_000761,USR_000761,,,,2026-02-14,2026-02-14,2026-02-14,职位发布,非权益,6.2,四线城市,SME,1000-2000人,运营
USR_000761,,,,USR_000761,,2026-02-09,2026-02-09,2026-02-09,在线沟通,非权益,17.9,四线城市,SME,1000-2000人,运营
USR_000761,USR_000761,,,,USR_000761,2026-01-15,2026-01-15,2026-01-15,简历查看,非权益,40.0,四线城市,SME,1000-2000人,运营
USR_000761,USR_000761,,,,,2026-01-21,2026-01-21,2026-01-21,权益礼包,权益,47.8,四线城市,SME,1000-2000人,运营
USR_000761,,,,,,2026-03-01,2026-03-01,2026-03-01,急聘推广,权益,66.8,四线城市,SME,1000-2000人,运营
USR_000761,USR_000761,,,,USR_000761,2026-01-27,2026-01-27,2026-01-27,简历查看,非权益,13.7,四线城市,SME,1000-2000人,运营
USR_000761,USR_000761,,USR_000761,,,2026-02-03,2026-02-03,2026-02-03,简历搜索,非权益,6.3,四线城市,SME,1000-2000人,运营
USR_000761,USR_000761,,,USR_000761,,2026-02-21,2026-02-21,2026-02-21,在线沟通,非权益,9.2,四线城市,SME,1000-2000人,运营
USR_000761,,,USR_000761,,,2026-01-29,2026-01-29,2026-01-29,简历搜索,非权益,14.4,四线城市,SME,1000-2000人,运营
USR_000761,USR_000761,,,,,2026-02-06,2026-02-06,2026-02-06,企业认证,非权益,11.3,四线城市,SME,1000-2000人,运营
USR_000761,USR_000761,,,USR_000761,,2026-01-07,2026-01-07,2026-01-07,在线沟通,非权益,16.8,四线城市,SME,1000-2000人,运营
USR_000761,USR_000761,,,,USR_000761,2026-01-16,2026-01-16,2026-01-16,简历查看,非权益,16.0,四线城市,SME,1000-2000人,运营
USR_000761,,,,,,2026-01-12,2026-01-12,2026-01-12,急聘推广,权益,13.5,四线城市,SME,1000-2000人,运营
USR_000761,,USR_000761,,,,2026-01-18,2026-01-18,2026-01-18,职位发布,非权益,12.3,四线城市,SME,1000-2000人,运营
USR_000761,,,,,,2026-02-03,2026-02-03,2026-02-03,权益礼包,权益,54.0,四线城市,SME,1000-2000人,运营
USR_000762,,,,,,2026-01-16,2026-01-16,2026-01-16,置顶刷新,权益,9.4,四线城市,KA,50-99人,市场
USR_000762,,,,,,2026-01-06,2026-01-06,2026-01-06,企业认证,非权益,66.9,四线城市,KA,50-99人,市场
USR_000762,USR_000762,,,,,2026-02-28,2026-02-28,2026-02-28,权益礼包,权益,17.0,四线城市,KA,50-99人,市场
USR_000762,USR_000762,,,USR_000762,,2026-01-06,2026-01-06,2026-01-06,在线沟通,非权益,7.6,四线城市,KA,50-99人,市场
USR_000762,,,,,,2026-01-10,2026-01-10,2026-01-10,急聘推广,权益,18.5,四线城市,KA,50-99人,市场
USR_000762,USR_000762,,,USR_000762,,2026-01-16,2026-01-16,2026-01-16,在线沟通,非权益,18.7,四线城市,KA,50-99人,市场
USR_000762,USR_000762,,,USR_000762,,2026-02-09,2026-02-09,2026-02-09,在线沟通,非权益,25.2,四线城市,KA,50-99人,市场
USR_000762,USR_000762,,,,,2026-01-08,2026-01-08,2026-01-08,急聘推广,权益,32.6,四线城市,KA,50-99人,市场
USR_000762,USR_000762,,USR_000762,,,2026-03-01,2026-03-01,2026-03-01,简历搜索,非权益,8.1,四线城市,KA,50-99人,市场
USR_000762,,,,,USR_000762,2026-01-19,2026-01-19,2026-01-19,简历查看,非权益,11.1,四线城市,KA,50-99人,市场
USR_000762,USR_000762,,,,,2026-01-17,2026-01-17,2026-01-17,权益礼包,权益,55.5,四线城市,KA,50-99人,市场
USR_000762,USR_000762,,,,USR_000762,2026-01-05,2026-01-05,2026-01-05,简历查看,非权益,31.5,四线城市,KA,50-99人,市场
USR_000763,USR_000763,,,,,2026-02-07,2026-02-07,2026-02-07,权益礼包,权益,20.4,五线城市,KA,5000-10000人,销售
USR_000763,USR_000763,,,,,2026-02-26,2026-02-26,2026-02-26,企业认证,非权益,20.2,五线城市,KA,5000-10000人,销售
USR_000763,USR_000763,,USR_000763,,,2026-02-13,2026-02-13,2026-02-13,简历搜索,非权益,23.9,五线城市,KA,5000-10000人,销售
USR_000763,USR_000763,USR_000763,,,,2026-02-04,2026-02-04,2026-02-04,职位发布,非权益,5.2,五线城市,KA,5000-10000人,销售
USR_000763,USR_000763,,,,,2026-01-06,2026-01-06,2026-01-06,企业认证,非权益,18.3,五线城市,KA,5000-10000人,销售
USR_000763,USR_000763,,,,,2026-02-27,2026-02-27,2026-02-27,置顶刷新,权益,7.9,五线城市,KA,5000-10000人,销售
USR_000763,USR_000763,,,,,2026-01-15,2026-01-15,2026-01-15,权益礼包,权益,16.0,五线城市,KA,5000-10000人,销售
USR_000763,USR_000763,,,,USR_000763,2026-01-20,2026-01-20,2026-01-20,简历查看,非权益,21.4,五线城市,KA,5000-10000人,销售
USR_000763,,,USR_000763,,,2026-02-20,2026-02-20,2026-02-20,简历搜索,非权益,27.7,五线城市,KA,5000-10000人,销售
USR_000763,USR_000763,,,USR_000763,,2026-01-26,2026-01-26,2026-01-26,在线沟通,非权益,6.5,五线城市,KA,5000-10000人,销售
USR_000763,USR_000763,,,,,2026-01-04,2026-01-04,2026-01-04,置顶刷新,权益,9.7,五线城市,KA,5000-10000人,销售
USR_000763,USR_000763,USR_000763,,,,2026-02-06,2026-02-06,2026-02-06,职位发布,非权益,25.0,五线城市,KA,5000-10000人,销售
USR_000763,,,,,,2026-02-24,2026-02-24,2026-02-24,权益礼包,权益,9.4,五线城市,KA,5000-10000人,销售
USR_000764,USR_000764,,,,,2026-01-15,2026-01-15,2026-01-15,置顶刷新,权益,36.6,三线城市,SME,100-499人,行政
USR_000764,USR_000764,USR_000764,,,,2026-03-01,2026-03-01,2026-03-01,职位发布,非权益,53.6,三线城市,SME,100-499人,行政
USR_000764,,,,,,2026-02-19,2026-02-19,2026-02-19,权益礼包,权益,36.6,三线城市,SME,100-499人,行政
USR_000764,USR_000764,,,,USR_000764,2026-01-16,2026-01-16,2026-01-16,简历查看,非权益,30.6,三线城市,SME,100-499人,行政
USR_000764,USR_000764,,,,,2026-02-17,2026-02-17,2026-02-17,企业认证,非权益,12.0,三线城市,SME,100-499人,行政
USR_000764,,,,,,2026-02-20,2026-02-20,2026-02-20,权益礼包,权益,14.9,三线城市,SME,100-499人,行政
USR_000764,,,USR_000764,,,2026-01-29,2026-01-29,2026-01-29,简历搜索,非权益,32.3,三线城市,SME,100-499人,行政
USR_000764,USR_000764,USR_000764,,,,2026-02-22,2026-02-22,2026-02-22,职位发布,非权益,6.2,三线城市,SME,100-499人,行政
USR_000764,USR_000764,,,,,2026-01-29,2026-01-29,2026-01-29,急聘推广,权益,12.8,三线城市,SME,100-499人,行政
USR_000764,USR_000764,,,,,2026-01-28,2026-01-28,2026-01-28,急聘推广,权益,30.1,三线城市,SME,100-499人,行政
USR_000764,USR_000764,,,USR_000764,,2026-01-10,2026-01-10,2026-01-10,在线沟通,非权益,16.1,三线城市,SME,100-499人,行政
USR_000764,,,,,,2026-02-02,2026-02-02,2026-02-02,急聘推广,权益,9.1,三线城市,SME,100-499人,行政
USR_000765,USR_000765,,,,,2026-01-05,2026-01-05,2026-01-05,权益礼包,权益,14.5,五线城市,KA,1-49人,研发
USR_000765,USR_000765,,,,USR_000765,2026-01-30,2026-01-30,2026-01-30,简历查看,非权益,6.9,五线城市,KA,1-49人,研发
USR_000765,USR_000765,,,,,2026-02-06,2026-02-06,2026-02-06,权益礼包,权益,17.3,五线城市,KA,1-49人,研发
USR_000765,USR_000765,,,USR_000765,,2026-01-20,2026-01-20,2026-01-20,在线沟通,非权益,15.2,五线城市,KA,1-49人,研发
USR_000765,USR_000765,,,,,2026-02-01,2026-02-01,2026-02-01,权益礼包,权益,21.8,五线城市,KA,1-49人,研发
USR_000765,USR_000765,,,,,2026-02-12,2026-02-12,2026-02-12,置顶刷新,权益,9.9,五线城市,KA,1-49人,研发
USR_000765,USR_000765,,,,USR_000765,2026-02-01,2026-02-01,2026-02-01,简历查看,非权益,30.5,五线城市,KA,1-49人,研发
USR_000765,,USR_000765,,,,2026-02-19,2026-02-19,2026-02-19,职位发布,非权益,13.5,五线城市,KA,1-49人,研发
USR_000765,USR_000765,,,USR_000765,,2026-03-01,2026-03-01,2026-03-01,在线沟通,非权益,5.8,五线城市,KA,1-49人,研发
USR_000765,USR_000765,,,,,2026-02-13,2026-02-13,2026-02-13,置顶刷新,权益,8.2,五线城市,KA,1-49人,研发
USR_000766,USR_000766,USR_000766,,,,2026-01-20,2026-01-20,2026-01-20,职位发布,非权益,11.8,五线城市,KA,5000-10000人,财务
USR_000766,USR_000766,,,,USR_000766,2026-01-26,2026-01-26,2026-01-26,简历查看,非权益,17.2,五线城市,KA,5000-10000人,财务
USR_000766,USR_000766,,,,,2026-01-20,2026-01-20,2026-01-20,企业认证,非权益,10.2,五线城市,KA,5000-10000人,财务
USR_000766,USR_000766,,,,,2026-03-01,2026-03-01,2026-03-01,企业认证,非权益,11.6,五线城市,KA,5000-10000人,财务
USR_000766,USR_000766,,,,,2026-02-09,2026-02-09,2026-02-09,企业认证,非权益,37.3,五线城市,KA,5000-10000人,财务
USR_000766,USR_000766,USR_000766,,,,2026-01-25,2026-01-25,2026-01-25,职位发布,非权益,47.4,五线城市,KA,5000-10000人,财务
USR_000766,USR_000766,USR_000766,,,,2026-02-10,2026-02-10,2026-02-10,职位发布,非权益,8.0,五线城市,KA,5000-10000人,财务
USR_000766,USR_000766,,,,,2026-02-26,2026-02-26,2026-02-26,置顶刷新,权益,15.3,五线城市,KA,5000-10000人,财务
USR_000766,,,,,,2026-01-22,2026-01-22,2026-01-22,权益礼包,权益,43.3,五线城市,KA,5000-10000人,财务
USR_000766,,,,,,2026-02-02,2026-02-02,2026-02-02,权益礼包,权益,19.5,五线城市,KA,5000-10000人,财务
USR_000766,,,,,,2026-02-15,2026-02-15,2026-02-15,权益礼包,权益,16.2,五线城市,KA,5000-10000人,财务
USR_000766,USR_000766,,,,,2026-01-06,2026-01-06,2026-01-06,急聘推广,权益,23.2,五线城市,KA,5000-10000人,财务
USR_000766,USR_000766,,USR_000766,,,2026-02-03,2026-02-03,2026-02-03,简历搜索,非权益,18.0,五线城市,KA,5000-10000人,财务
USR_000766,USR_000766,,,,,2026-01-21,2026-01-21,2026-01-21,置顶刷新,权益,48.0,五线城市,KA,5000-10000人,财务
USR_000766,USR_000766,USR_000766,,,,2026-03-01,2026-03-01,2026-03-01,职位发布,非权益,7.3,五线城市,KA,5000-10000人,财务
USR_000766,USR_000766,,,USR_000766,,2026-01-25,2026-01-25,2026-01-25,在线沟通,非权益,59.6,五线城市,KA,5000-10000人,财务
USR_000766,USR_000766,,,,,2026-02-13,2026-02-13,2026-02-13,权益礼包,权益,33.3,五线城市,KA,5000-10000人,财务
USR_000766,USR_000766,,,,USR_000766,2026-02-05,2026-02-05,2026-02-05,简历查看,非权益,16.3,五线城市,KA,5000-10000人,财务
USR_000766,USR_000766,USR_000766,,,,2026-02-11,2026-02-11,2026-02-11,职位发布,非权益,6.5,五线城市,KA,5000-10000人,财务
USR_000766,USR_000766,,,USR_000766,,2026-02-06,2026-02-06,2026-02-06,在线沟通,非权益,33.6,五线城市,KA,5000-10000人,财务
USR_000766,USR_000766,,,,,2026-01-30,2026-01-30,2026-01-30,权益礼包,权益,6.2,五线城市,KA,5000-10000人,财务
USR_000766,USR_000766,,,,,2026-02-27,2026-02-27,2026-02-27,企业认证,非权益,41.1,五线城市,KA,5000-10000人,财务
USR_000767,,,,USR_000767,,2026-02-02,2026-02-02,2026-02-02,在线沟通,非权益,25.1,五线城市,SME,1000-2000人,运营
USR_000767,USR_000767,,,USR_000767,,2026-01-11,2026-01-11,2026-01-11,在线沟通,非权益,17.0,五线城市,SME,1000-2000人,运营
USR_000767,,USR_000767,,,,2026-01-01,2026-01-01,2026-01-01,职位发布,非权益,20.3,五线城市,SME,1000-2000人,运营
USR_000767,USR_000767,,,,,2026-02-03,2026-02-03,2026-02-03,权益礼包,权益,10.3,五线城市,SME,1000-2000人,运营
USR_000767,,,,USR_000767,,2026-02-05,2026-02-05,2026-02-05,在线沟通,非权益,13.3,五线城市,SME,1000-2000人,运营
USR_000767,,,,,,2026-01-21,2026-01-21,2026-01-21,企业认证,非权益,7.9,五线城市,SME,1000-2000人,运营
USR_000767,USR_000767,,,,,2026-01-02,2026-01-02,2026-01-02,急聘推广,权益,26.8,五线城市,SME,1000-2000人,运营
USR_000767,USR_000767,,,,,2026-01-25,2026-01-25,2026-01-25,置顶刷新,权益,7.0,五线城市,SME,1000-2000人,运营
USR_000767,,,,,USR_000767,2026-02-12,2026-02-12,2026-02-12,简历查看,非权益,23.4,五线城市,SME,1000-2000人,运营
USR_000767,USR_000767,,,,,2026-02-22,2026-02-22,2026-02-22,企业认证,非权益,18.6,五线城市,SME,1000-2000人,运营
USR_000767,USR_000767,USR_000767,,,,2026-02-05,2026-02-05,2026-02-05,职位发布,非权益,5.7,五线城市,SME,1000-2000人,运营
USR_000767,USR_000767,,,,,2026-02-12,2026-02-12,2026-02-12,急聘推广,权益,10.6,五线城市,SME,1000-2000人,运营
USR_000767,,,,,,2026-02-24,2026-02-24,2026-02-24,急聘推广,权益,29.2,五线城市,SME,1000-2000人,运营
USR_000767,USR_000767,,,,,2026-01-10,2026-01-10,2026-01-10,权益礼包,权益,24.1,五线城市,SME,1000-2000人,运营
USR_000768,USR_000768,,USR_000768,,,2026-02-04,2026-02-04,2026-02-04,简历搜索,非权益,13.8,二线城市,KA,500-999人,产品
USR_000768,,,,,USR_000768,2026-01-09,2026-01-09,2026-01-09,简历查看,非权益,6.1,二线城市,KA,500-999人,产品
USR_000768,USR_000768,,,USR_000768,,2026-02-08,2026-02-08,2026-02-08,在线沟通,非权益,57.4,二线城市,KA,500-999人,产品
USR_000768,,,,,USR_000768,2026-02-14,2026-02-14,2026-02-14,简历查看,非权益,8.7,二线城市,KA,500-999人,产品
USR_000768,,USR_000768,,,,2026-01-26,2026-01-26,2026-01-26,职位发布,非权益,7.7,二线城市,KA,500-999人,产品
USR_000768,USR_000768,,,USR_000768,,2026-02-22,2026-02-22,2026-02-22,在线沟通,非权益,8.2,二线城市,KA,500-999人,产品
USR_000768,USR_000768,,USR_000768,,,2026-01-03,2026-01-03,2026-01-03,简历搜索,非权益,9.3,二线城市,KA,500-999人,产品
USR_000768,,,,,,2026-02-12,2026-02-12,2026-02-12,企业认证,非权益,24.0,二线城市,KA,500-999人,产品
USR_000768,USR_000768,,,,,2026-01-16,2026-01-16,2026-01-16,急聘推广,权益,14.0,二线城市,KA,500-999人,产品
USR_000768,USR_000768,,,,,2026-01-07,2026-01-07,2026-01-07,急聘推广,权益,52.7,二线城市,KA,500-999人,产品
USR_000768,USR_000768,,,,,2026-02-04,2026-02-04,2026-02-04,置顶刷新,权益,16.6,二线城市,KA,500-999人,产品
USR_000768,,,,,,2026-02-01,2026-02-01,2026-02-01,急聘推广,权益,73.7,二线城市,KA,500-999人,产品
USR_000768,USR_000768,,,,,2026-01-03,2026-01-03,2026-01-03,置顶刷新,权益,21.5,二线城市,KA,500-999人,产品
USR_000768,USR_000768,,,,USR_000768,2026-02-18,2026-02-18,2026-02-18,简历查看,非权益,24.4,二线城市,KA,500-999人,产品
USR_000768,USR_000768,,,,,2026-03-01,2026-03-01,2026-03-01,置顶刷新,权益,13.7,二线城市,KA,500-999人,产品
USR_000768,USR_000768,,,,,2026-02-04,2026-02-04,2026-02-04,急聘推广,权益,17.8,二线城市,KA,500-999人,产品
USR_000768,USR_000768,,,,,2026-02-11,2026-02-11,2026-02-11,置顶刷新,权益,7.2,二线城市,KA,500-999人,产品
USR_000768,USR_000768,,,,,2026-02-07,2026-02-07,2026-02-07,企业认证,非权益,6.2,二线城市,KA,500-999人,产品
USR_000768,USR_000768,,,,,2026-01-21,2026-01-21,2026-01-21,企业认证,非权益,6.8,二线城市,KA,500-999人,产品
USR_000768,USR_000768,,USR_000768,,,2026-01-07,2026-01-07,2026-01-07,简历搜索,非权益,15.8,二线城市,KA,500-999人,产品
USR_000769,,,USR_000769,,,2026-02-12,2026-02-12,2026-02-12,简历搜索,非权益,12.2,五线城市,SME,50-99人,研发
USR_000769,USR_000769,,,,,2026-01-03,2026-01-03,2026-01-03,置顶刷新,权益,36.7,五线城市,SME,50-99人,研发
USR_000769,,USR_000769,,,,2026-02-02,2026-02-02,2026-02-02,职位发布,非权益,14.8,五线城市,SME,50-99人,研发
USR_000769,,,,,,2026-01-31,2026-01-31,2026-01-31,权益礼包,权益,16.1,五线城市,SME,50-99人,研发
USR_000769,,,,,USR_000769,2026-02-25,2026-02-25,2026-02-25,简历查看,非权益,47.3,五线城市,SME,50-99人,研发
USR_000769,USR_000769,,USR_000769,,,2026-02-09,2026-02-09,2026-02-09,简历搜索,非权益,61.3,五线城市,SME,50-99人,研发
USR_000769,USR_000769,,USR_000769,,,2026-03-01,2026-03-01,2026-03-01,简历搜索,非权益,85.2,五线城市,SME,50-99人,研发
USR_000769,USR_000769,,,,,2026-02-27,2026-02-27,2026-02-27,权益礼包,权益,45.6,五线城市,SME,50-99人,研发
USR_000769,USR_000769,,USR_000769,,,2026-01-30,2026-01-30,2026-01-30,简历搜索,非权益,58.2,五线城市,SME,50-99人,研发
USR_000770,,,,,,2026-01-25,2026-01-25,2026-01-25,企业认证,非权益,33.2,新一线城市,SME,1-49人,销售
USR_000770,USR_000770,USR_000770,,,,2026-01-29,2026-01-29,2026-01-29,职位发布,非权益,29.0,新一线城市,SME,1-49人,销售
USR_000770,USR_000770,,,,USR_000770,2026-02-24,2026-02-24,2026-02-24,简历查看,非权益,22.4,新一线城市,SME,1-49人,销售
USR_000770,,,,USR_000770,,2026-02-20,2026-02-20,2026-02-20,在线沟通,非权益,26.4,新一线城市,SME,1-49人,销售
USR_000770,USR_000770,USR_000770,,,,2026-02-23,2026-02-23,2026-02-23,职位发布,非权益,9.4,新一线城市,SME,1-49人,销售
USR_000770,USR_000770,,,,,2026-02-01,2026-02-01,2026-02-01,置顶刷新,权益,11.1,新一线城市,SME,1-49人,销售
USR_000770,USR_000770,,,,,2026-01-03,2026-01-03,2026-01-03,置顶刷新,权益,31.7,新一线城市,SME,1-49人,销售
USR_000770,USR_000770,,,USR_000770,,2026-01-31,2026-01-31,2026-01-31,在线沟通,非权益,27.7,新一线城市,SME,1-49人,销售
USR_000770,USR_000770,,,,,2026-01-25,2026-01-25,2026-01-25,急聘推广,权益,40.7,新一线城市,SME,1-49人,销售
USR_000770,USR_000770,,,,,2026-01-09,2026-01-09,2026-01-09,置顶刷新,权益,29.9,新一线城市,SME,1-49人,销售
USR_000770,USR_000770,,,,,2026-01-23,2026-01-23,2026-01-23,置顶刷新,权益,5.5,新一线城市,SME,1-49人,销售
USR_000770,USR_000770,USR_000770,,,,2026-01-11,2026-01-11,2026-01-11,职位发布,非权益,8.2,新一线城市,SME,1-49人,销售
USR_000770,,,,,,2026-01-05,2026-01-05,2026-01-05,急聘推广,权益,18.5,新一线城市,SME,1-49人,销售
USR_000770,USR_000770,,,,,2026-01-27,2026-01-27,2026-01-27,权益礼包,权益,10.0,新一线城市,SME,1-49人,销售
USR_000770,USR_000770,,USR_000770,,,2026-02-22,2026-02-22,2026-02-22,简历搜索,非权益,53.3,新一线城市,SME,1-49人,销售
USR_000770,USR_000770,,,,USR_000770,2026-01-22,2026-01-22,2026-01-22,简历查看,非权益,62.7,新一线城市,SME,1-49人,销售
USR_000770,USR_000770,,,,,2026-02-18,2026-02-18,2026-02-18,置顶刷新,权益,11.9,新一线城市,SME,1-49人,销售
USR_000770,USR_000770,,,,,2026-02-03,2026-02-03,2026-02-03,急聘推广,权益,49.6,新一线城市,SME,1-49人,销售
USR_000770,USR_000770,,,,,2026-02-02,2026-02-02,2026-02-02,企业认证,非权益,21.9,新一线城市,SME,1-49人,销售
USR_000770,USR_000770,,,,,2026-01-18,2026-01-18,2026-01-18,急聘推广,权益,10.4,新一线城市,SME,1-49人,销售
USR_000770,USR_000770,,,,,2026-01-04,2026-01-04,2026-01-04,置顶刷新,权益,40.9,新一线城市,SME,1-49人,销售
USR_000771,USR_000771,,,,USR_000771,2026-02-02,2026-02-02,2026-02-02,简历查看,非权益,30.9,二线城市,SME,5000-10000人,市场
USR_000771,USR_000771,USR_000771,,,,2026-02-11,2026-02-11,2026-02-11,职位发布,非权益,48.4,二线城市,SME,5000-10000人,市场
USR_000771,,,,,,2026-02-17,2026-02-17,2026-02-17,置顶刷新,权益,26.1,二线城市,SME,5000-10000人,市场
USR_000771,,USR_000771,,,,2026-01-30,2026-01-30,2026-01-30,职位发布,非权益,28.4,二线城市,SME,5000-10000人,市场
USR_000771,USR_000771,,,,,2026-02-26,2026-02-26,2026-02-26,企业认证,非权益,13.9,二线城市,SME,5000-10000人,市场
USR_000771,,,,,USR_000771,2026-02-20,2026-02-20,2026-02-20,简历查看,非权益,6.4,二线城市,SME,5000-10000人,市场
USR_000771,,,,,,2026-01-25,2026-01-25,2026-01-25,急聘推广,权益,38.4,二线城市,SME,5000-10000人,市场
USR_000771,,USR_000771,,,,2026-01-16,2026-01-16,2026-01-16,职位发布,非权益,11.5,二线城市,SME,5000-10000人,市场
USR_000771,USR_000771,,,,,2026-01-15,2026-01-15,2026-01-15,急聘推广,权益,47.0,二线城市,SME,5000-10000人,市场
USR_000771,USR_000771,,,,,2026-02-08,2026-02-08,2026-02-08,企业认证,非权益,17.4,二线城市,SME,5000-10000人,市场
USR_000771,,,,,,2026-01-07,2026-01-07,2026-01-07,置顶刷新,权益,9.3,二线城市,SME,5000-10000人,市场
USR_000771,USR_000771,,USR_000771,,,2026-01-18,2026-01-18,2026-01-18,简历搜索,非权益,16.9,二线城市,SME,5000-10000人,市场
USR_000771,USR_000771,,,,,2026-01-14,2026-01-14,2026-01-14,置顶刷新,权益,24.6,二线城市,SME,5000-10000人,市场
USR_000771,,,USR_000771,,,2026-01-09,2026-01-09,2026-01-09,简历搜索,非权益,10.4,二线城市,SME,5000-10000人,市场
USR_000771,USR_000771,,,,USR_000771,2026-01-19,2026-01-19,2026-01-19,简历查看,非权益,11.0,二线城市,SME,5000-10000人,市场
USR_000771,USR_000771,,,USR_000771,,2026-02-10,2026-02-10,2026-02-10,在线沟通,非权益,8.4,二线城市,SME,5000-10000人,市场
USR_000772,USR_000772,,,USR_000772,,2026-02-21,2026-02-21,2026-02-21,在线沟通,非权益,7.5,四线城市,SME,1-49人,研发
USR_000772,USR_000772,,,,USR_000772,2026-01-13,2026-01-13,2026-01-13,简历查看,非权益,27.1,四线城市,SME,1-49人,研发
USR_000772,USR_000772,,,,,2026-02-05,2026-02-05,2026-02-05,急聘推广,权益,7.3,四线城市,SME,1-49人,研发
USR_000772,USR_000772,,,USR_000772,,2026-01-10,2026-01-10,2026-01-10,在线沟通,非权益,22.5,四线城市,SME,1-49人,研发
USR_000772,USR_000772,,,,,2026-02-18,2026-02-18,2026-02-18,企业认证,非权益,7.3,四线城市,SME,1-49人,研发
USR_000772,USR_000772,USR_000772,,,,2026-02-18,2026-02-18,2026-02-18,职位发布,非权益,71.3,四线城市,SME,1-49人,研发
USR_000772,,,,,,2026-02-21,2026-02-21,2026-02-21,企业认证,非权益,60.9,四线城市,SME,1-49人,研发
USR_000772,,,,,,2026-02-07,2026-02-07,2026-02-07,置顶刷新,权益,16.5,四线城市,SME,1-49人,研发
USR_000772,USR_000772,,,,,2026-02-27,2026-02-27,2026-02-27,急聘推广,权益,60.9,四线城市,SME,1-49人,研发
USR_000772,,,USR_000772,,,2026-02-24,2026-02-24,2026-02-24,简历搜索,非权益,25.1,四线城市,SME,1-49人,研发
USR_000772,USR_000772,,,,,2026-01-30,2026-01-30,2026-01-30,置顶刷新,权益,8.5,四线城市,SME,1-49人,研发
USR_000773,,,,,,2026-01-11,2026-01-11,2026-01-11,急聘推广,权益,11.6,三线城市,SME,50-99人,行政
USR_000773,USR_000773,,,USR_000773,,2026-02-15,2026-02-15,2026-02-15,在线沟通,非权益,21.4,三线城市,SME,50-99人,行政
USR_000773,,USR_000773,,,,2026-01-06,2026-01-06,2026-01-06,职位发布,非权益,50.3,三线城市,SME,50-99人,行政
USR_000773,USR_000773,,,USR_000773,,2026-01-13,2026-01-13,2026-01-13,在线沟通,非权益,19.7,三线城市,SME,50-99人,行政
USR_000773,,,,,,2026-01-28,2026-01-28,2026-01-28,急聘推广,权益,17.9,三线城市,SME,50-99人,行政
USR_000773,USR_000773,,,,,2026-02-16,2026-02-16,2026-02-16,置顶刷新,权益,17.6,三线城市,SME,50-99人,行政
USR_000773,,,,,,2026-01-02,2026-01-02,2026-01-02,权益礼包,权益,31.9,三线城市,SME,50-99人,行政
USR_000773,,,,USR_000773,,2026-01-28,2026-01-28,2026-01-28,在线沟通,非权益,14.4,三线城市,SME,50-99人,行政
USR_000773,,USR_000773,,,,2026-02-16,2026-02-16,2026-02-16,职位发布,非权益,31.7,三线城市,SME,50-99人,行政
USR_000773,USR_000773,,,,,2026-02-13,2026-02-13,2026-02-13,置顶刷新,权益,25.9,三线城市,SME,50-99人,行政
USR_000773,USR_000773,,,,USR_000773,2026-02-06,2026-02-06,2026-02-06,简历查看,非权益,5.0,三线城市,SME,50-99人,行政
USR_000773,,,,,USR_000773,2026-01-04,2026-01-04,2026-01-04,简历查看,非权益,11.2,三线城市,SME,50-99人,行政
USR_000773,USR_000773,,,,,2026-02-18,2026-02-18,2026-02-18,权益礼包,权益,7.7,三线城市,SME,50-99人,行政
USR_000773,USR_000773,,,USR_000773,,2026-01-21,2026-01-21,2026-01-21,在线沟通,非权益,50.2,三线城市,SME,50-99人,行政
USR_000773,USR_000773,,USR_000773,,,2026-01-06,2026-01-06,2026-01-06,简历搜索,非权益,19.9,三线城市,SME,50-99人,行政
USR_000773,,USR_000773,,,,2026-02-26,2026-02-26,2026-02-26,职位发布,非权益,13.5,三线城市,SME,50-99人,行政
USR_000773,USR_000773,,,,,2026-01-23,2026-01-23,2026-01-23,急聘推广,权益,32.4,三线城市,SME,50-99人,行政
USR_000773,USR_000773,,,,,2026-02-18,2026-02-18,2026-02-18,企业认证,非权益,7.4,三线城市,SME,50-99人,行政
USR_000773,,,,,,2026-01-07,2026-01-07,2026-01-07,权益礼包,权益,5.4,三线城市,SME,50-99人,行政
USR_000773,USR_000773,,,,,2026-01-21,2026-01-21,2026-01-21,权益礼包,权益,18.2,三线城市,SME,50-99人,行政
USR_000774,USR_000774,,,,,2026-02-25,2026-02-25,2026-02-25,急聘推广,权益,6.8,四线城市,KA,50-99人,财务
USR_000774,USR_000774,,USR_000774,,,2026-01-07,2026-01-07,2026-01-07,简历搜索,非权益,19.3,四线城市,KA,50-99人,财务
USR_000774,USR_000774,,USR_000774,,,2026-02-03,2026-02-03,2026-02-03,简历搜索,非权益,12.8,四线城市,KA,50-99人,财务
USR_000774,USR_000774,,,,USR_000774,2026-01-05,2026-01-05,2026-01-05,简历查看,非权益,54.8,四线城市,KA,50-99人,财务
USR_000774,,,,,,2026-01-10,2026-01-10,2026-01-10,急聘推广,权益,31.5,四线城市,KA,50-99人,财务
USR_000774,USR_000774,,,,,2026-02-07,2026-02-07,2026-02-07,置顶刷新,权益,22.3,四线城市,KA,50-99人,财务
USR_000774,USR_000774,USR_000774,,,,2026-02-05,2026-02-05,2026-02-05,职位发布,非权益,20.4,四线城市,KA,50-99人,财务
USR_000774,USR_000774,,USR_000774,,,2026-02-19,2026-02-19,2026-02-19,简历搜索,非权益,7.8,四线城市,KA,50-99人,财务
USR_000774,,,,,,2026-01-05,2026-01-05,2026-01-05,权益礼包,权益,9.3,四线城市,KA,50-99人,财务
USR_000774,,USR_000774,,,,2026-02-02,2026-02-02,2026-02-02,职位发布,非权益,13.5,四线城市,KA,50-99人,财务
USR_000774,,,USR_000774,,,2026-02-20,2026-02-20,2026-02-20,简历搜索,非权益,12.5,四线城市,KA,50-99人,财务
USR_000775,USR_000775,,,,,2026-01-29,2026-01-29,2026-01-29,急聘推广,权益,5.8,五线城市,SME,50-99人,产品
USR_000775,USR_000775,,,,,2026-02-25,2026-02-25,2026-02-25,急聘推广,权益,9.3,五线城市,SME,50-99人,产品
USR_000775,USR_000775,,USR_000775,,,2026-01-31,2026-01-31,2026-01-31,简历搜索,非权益,5.2,五线城市,SME,50-99人,产品
USR_000775,,,,USR_000775,,2026-01-03,2026-01-03,2026-01-03,在线沟通,非权益,12.7,五线城市,SME,50-99人,产品
USR_000775,USR_000775,,,USR_000775,,2026-03-01,2026-03-01,2026-03-01,在线沟通,非权益,8.4,五线城市,SME,50-99人,产品
USR_000775,,,,,,2026-01-26,2026-01-26,2026-01-26,置顶刷新,权益,13.8,五线城市,SME,50-99人,产品
USR_000775,USR_000775,,,,,2026-01-14,2026-01-14,2026-01-14,权益礼包,权益,12.7,五线城市,SME,50-99人,产品
USR_000775,USR_000775,,,,,2026-01-18,2026-01-18,2026-01-18,企业认证,非权益,21.2,五线城市,SME,50-99人,产品
USR_000775,,,,USR_000775,,2026-01-24,2026-01-24,2026-01-24,在线沟通,非权益,9.0,五线城市,SME,50-99人,产品
USR_000775,USR_000775,,,USR_000775,,2026-02-01,2026-02-01,2026-02-01,在线沟通,非权益,11.3,五线城市,SME,50-99人,产品
USR_000775,,,,,,2026-02-04,2026-02-04,2026-02-04,权益礼包,权益,24.1,五线城市,SME,50-99人,产品
USR_000775,USR_000775,,USR_000775,,,2026-01-01,2026-01-01,2026-01-01,简历搜索,非权益,7.8,五线城市,SME,50-99人,产品
USR_000775,USR_000775,,,,,2026-01-25,2026-01-25,2026-01-25,权益礼包,权益,20.7,五线城市,SME,50-99人,产品
USR_000775,,,,,,2026-02-14,2026-02-14,2026-02-14,企业认证,非权益,85.4,五线城市,SME,50-99人,产品
USR_000775,,,,,,2026-01-05,2026-01-05,2026-01-05,企业认证,非权益,24.3,五线城市,SME,50-99人,产品
USR_000775,,,,,USR_000775,2026-01-01,2026-01-01,2026-01-01,简历查看,非权益,9.0,五线城市,SME,50-99人,产品
USR_000775,USR_000775,,,,USR_000775,2026-01-01,2026-01-01,2026-01-01,简历查看,非权益,13.2,五线城市,SME,50-99人,产品
USR_000775,,,,,,2026-01-14,2026-01-14,2026-01-14,企业认证,非权益,7.7,五线城市,SME,50-99人,产品
USR_000775,USR_000775,,,USR_000775,,2026-02-17,2026-02-17,2026-02-17,在线沟通,非权益,6.0,五线城市,SME,50-99人,产品
USR_000775,,USR_000775,,,,2026-02-16,2026-02-16,2026-02-16,职位发布,非权益,39.7,五线城市,SME,50-99人,产品
USR_000775,,,USR_000775,,,2026-01-10,2026-01-10,2026-01-10,简历搜索,非权益,29.8,五线城市,SME,50-99人,产品
USR_000775,USR_000775,,,,,2026-01-11,2026-01-11,2026-01-11,置顶刷新,权益,17.5,五线城市,SME,50-99人,产品
USR_000775,USR_000775,,,,,2026-02-07,2026-02-07,2026-02-07,权益礼包,权益,43.0,五线城市,SME,50-99人,产品
USR_000775,,,,,,2026-01-28,2026-01-28,2026-01-28,置顶刷新,权益,26.5,五线城市,SME,50-99人,产品
USR_000776,USR_000776,,USR_000776,,,2026-01-04,2026-01-04,2026-01-04,简历搜索,非权益,50.3,二线城市,KA,500-999人,运营
USR_000776,,,USR_000776,,,2026-02-04,2026-02-04,2026-02-04,简历搜索,非权益,16.2,二线城市,KA,500-999人,运营
USR_000776,,USR_000776,,,,2026-01-08,2026-01-08,2026-01-08,职位发布,非权益,21.7,二线城市,KA,500-999人,运营
USR_000776,USR_000776,,,,USR_000776,2026-02-12,2026-02-12,2026-02-12,简历查看,非权益,17.1,二线城市,KA,500-999人,运营
USR_000776,,,,,,2026-01-22,2026-01-22,2026-01-22,置顶刷新,权益,30.1,二线城市,KA,500-999人,运营
USR_000776,USR_000776,,,,,2026-01-24,2026-01-24,2026-01-24,企业认证,非权益,23.2,二线城市,KA,500-999人,运营
USR_000776,,,,,,2026-01-07,2026-01-07,2026-01-07,置顶刷新,权益,6.0,二线城市,KA,500-999人,运营
USR_000776,USR_000776,,,,,2026-01-06,2026-01-06,2026-01-06,置顶刷新,权益,9.1,二线城市,KA,500-999人,运营
USR_000776,USR_000776,,,,,2026-01-10,2026-01-10,2026-01-10,企业认证,非权益,11.6,二线城市,KA,500-999人,运营
USR_000776,,USR_000776,,,,2026-02-18,2026-02-18,2026-02-18,职位发布,非权益,6.0,二线城市,KA,500-999人,运营
USR_000776,USR_000776,,,,,2026-02-05,2026-02-05,2026-02-05,急聘推广,权益,7.7,二线城市,KA,500-999人,运营
USR_000776,USR_000776,USR_000776,,,,2026-01-12,2026-01-12,2026-01-12,职位发布,非权益,21.5,二线城市,KA,500-999人,运营
USR_000776,USR_000776,USR_000776,,,,2026-02-27,2026-02-27,2026-02-27,职位发布,非权益,18.6,二线城市,KA,500-999人,运营
USR_000776,,,,,,2026-01-03,2026-01-03,2026-01-03,置顶刷新,权益,13.7,二线城市,KA,500-999人,运营
USR_000776,USR_000776,,,,,2026-02-07,2026-02-07,2026-02-07,企业认证,非权益,23.0,二线城市,KA,500-999人,运营
USR_000776,USR_000776,,,,USR_000776,2026-02-23,2026-02-23,2026-02-23,简历查看,非权益,10.8,二线城市,KA,500-999人,运营
USR_000776,USR_000776,,,,,2026-01-23,2026-01-23,2026-01-23,置顶刷新,权益,8.5,二线城市,KA,500-999人,运营
USR_000776,USR_000776,USR_000776,,,,2026-02-11,2026-02-11,2026-02-11,职位发布,非权益,17.1,二线城市,KA,500-999人,运营
USR_000776,USR_000776,,,USR_000776,,2026-01-14,2026-01-14,2026-01-14,在线沟通,非权益,24.5,二线城市,KA,500-999人,运营
USR_000777,USR_000777,,,,,2026-02-21,2026-02-21,2026-02-21,企业认证,非权益,5.8,二线城市,SME,50-99人,客服
USR_000777,USR_000777,,,,,2026-01-19,2026-01-19,2026-01-19,急聘推广,权益,62.5,二线城市,SME,50-99人,客服
USR_000777,USR_000777,,USR_000777,,,2026-02-10,2026-02-10,2026-02-10,简历搜索,非权益,28.9,二线城市,SME,50-99人,客服
USR_000777,USR_000777,,,,,2026-02-28,2026-02-28,2026-02-28,企业认证,非权益,81.1,二线城市,SME,50-99人,客服
USR_000778,USR_000778,,USR_000778,,,2026-01-24,2026-01-24,2026-01-24,简历搜索,非权益,38.6,四线城市,SME,100-499人,产品
USR_000778,USR_000778,,,,,2026-02-12,2026-02-12,2026-02-12,权益礼包,权益,19.9,四线城市,SME,100-499人,产品
USR_000778,USR_000778,,,,,2026-01-02,2026-01-02,2026-01-02,权益礼包,权益,34.5,四线城市,SME,100-499人,产品
USR_000778,USR_000778,,USR_000778,,,2026-01-26,2026-01-26,2026-01-26,简历搜索,非权益,6.5,四线城市,SME,100-499人,产品
USR_000778,,,USR_000778,,,2026-02-14,2026-02-14,2026-02-14,简历搜索,非权益,14.1,四线城市,SME,100-499人,产品
USR_000778,USR_000778,,,,,2026-02-15,2026-02-15,2026-02-15,企业认证,非权益,51.0,四线城市,SME,100-499人,产品
USR_000778,USR_000778,,,USR_000778,,2026-01-23,2026-01-23,2026-01-23,在线沟通,非权益,12.7,四线城市,SME,100-499人,产品
USR_000778,USR_000778,USR_000778,,,,2026-02-07,2026-02-07,2026-02-07,职位发布,非权益,10.4,四线城市,SME,100-499人,产品
USR_000778,,,,,,2026-01-02,2026-01-02,2026-01-02,企业认证,非权益,10.6,四线城市,SME,100-499人,产品
USR_000778,USR_000778,,,,,2026-01-15,2026-01-15,2026-01-15,企业认证,非权益,15.4,四线城市,SME,100-499人,产品
USR_000778,USR_000778,,,,,2026-01-08,2026-01-08,2026-01-08,企业认证,非权益,8.2,四线城市,SME,100-499人,产品
USR_000778,,,,,,2026-02-07,2026-02-07,2026-02-07,置顶刷新,权益,55.6,四线城市,SME,100-499人,产品
USR_000778,USR_000778,,USR_000778,,,2026-02-09,2026-02-09,2026-02-09,简历搜索,非权益,18.9,四线城市,SME,100-499人,产品
USR_000778,,,,,,2026-01-14,2026-01-14,2026-01-14,企业认证,非权益,19.0,四线城市,SME,100-499人,产品
USR_000778,USR_000778,USR_000778,,,,2026-02-25,2026-02-25,2026-02-25,职位发布,非权益,81.2,四线城市,SME,100-499人,产品
USR_000778,,,,,,2026-01-22,2026-01-22,2026-01-22,企业认证,非权益,9.4,四线城市,SME,100-499人,产品
USR_000778,USR_000778,,,USR_000778,,2026-02-21,2026-02-21,2026-02-21,在线沟通,非权益,40.4,四线城市,SME,100-499人,产品
USR_000778,USR_000778,,,,,2026-01-31,2026-01-31,2026-01-31,企业认证,非权益,10.7,四线城市,SME,100-499人,产品
USR_000778,,,,,,2026-01-07,2026-01-07,2026-01-07,急聘推广,权益,31.2,四线城市,SME,100-499人,产品
USR_000778,USR_000778,,,USR_000778,,2026-02-26,2026-02-26,2026-02-26,在线沟通,非权益,20.6,四线城市,SME,100-499人,产品
USR_000778,,,,,,2026-01-21,2026-01-21,2026-01-21,权益礼包,权益,7.3,四线城市,SME,100-499人,产品
USR_000779,USR_000779,,,,,2026-02-21,2026-02-21,2026-02-21,企业认证,非权益,40.4,四线城市,SME,50-99人,销售
USR_000779,,,USR_000779,,,2026-01-05,2026-01-05,2026-01-05,简历搜索,非权益,25.5,四线城市,SME,50-99人,销售
USR_000779,USR_000779,,,,,2026-02-20,2026-02-20,2026-02-20,急聘推广,权益,18.3,四线城市,SME,50-99人,销售
USR_000779,,,,,,2026-02-13,2026-02-13,2026-02-13,权益礼包,权益,20.0,四线城市,SME,50-99人,销售
USR_000779,USR_000779,,USR_000779,,,2026-01-16,2026-01-16,2026-01-16,简历搜索,非权益,18.9,四线城市,SME,50-99人,销售
USR_000779,,USR_000779,,,,2026-02-15,2026-02-15,2026-02-15,职位发布,非权益,43.8,四线城市,SME,50-99人,销售
USR_000779,USR_000779,USR_000779,,,,2026-01-19,2026-01-19,2026-01-19,职位发布,非权益,37.8,四线城市,SME,50-99人,销售
USR_000780,USR_000780,USR_000780,,,,2026-02-07,2026-02-07,2026-02-07,职位发布,非权益,7.7,四线城市,KA,500-999人,财务
USR_000780,USR_000780,,,,,2026-01-20,2026-01-20,2026-01-20,置顶刷新,权益,43.2,四线城市,KA,500-999人,财务
USR_000780,USR_000780,,,,,2026-02-16,2026-02-16,2026-02-16,企业认证,非权益,8.3,四线城市,KA,500-999人,财务
USR_000780,USR_000780,,,USR_000780,,2026-01-25,2026-01-25,2026-01-25,在线沟通,非权益,14.5,四线城市,KA,500-999人,财务
USR_000780,USR_000780,,,,,2026-02-18,2026-02-18,2026-02-18,置顶刷新,权益,38.7,四线城市,KA,500-999人,财务
USR_000780,USR_000780,,,,,2026-01-27,2026-01-27,2026-01-27,企业认证,非权益,5.3,四线城市,KA,500-999人,财务
USR_000781,USR_000781,,USR_000781,,,2026-01-06,2026-01-06,2026-01-06,简历搜索,非权益,5.7,二线城市,KA,5000-10000人,运营
USR_000781,USR_000781,USR_000781,,,,2026-01-09,2026-01-09,2026-01-09,职位发布,非权益,11.9,二线城市,KA,5000-10000人,运营
USR_000781,USR_000781,,,USR_000781,,2026-01-09,2026-01-09,2026-01-09,在线沟通,非权益,58.6,二线城市,KA,5000-10000人,运营
USR_000781,,,,,,2026-01-31,2026-01-31,2026-01-31,急聘推广,权益,5.6,二线城市,KA,5000-10000人,运营
USR_000781,,,,,,2026-02-10,2026-02-10,2026-02-10,急聘推广,权益,12.6,二线城市,KA,5000-10000人,运营
USR_000781,,,,,USR_000781,2026-02-04,2026-02-04,2026-02-04,简历查看,非权益,6.2,二线城市,KA,5000-10000人,运营
USR_000781,USR_000781,,,,,2026-02-22,2026-02-22,2026-02-22,置顶刷新,权益,64.7,二线城市,KA,5000-10000人,运营
USR_000781,USR_000781,,USR_000781,,,2026-01-30,2026-01-30,2026-01-30,简历搜索,非权益,52.2,二线城市,KA,5000-10000人,运营
USR_000781,USR_000781,,USR_000781,,,2026-02-20,2026-02-20,2026-02-20,简历搜索,非权益,19.0,二线城市,KA,5000-10000人,运营
USR_000781,,,,,,2026-02-06,2026-02-06,2026-02-06,置顶刷新,权益,18.7,二线城市,KA,5000-10000人,运营
USR_000781,,,,,,2026-02-23,2026-02-23,2026-02-23,急聘推广,权益,35.9,二线城市,KA,5000-10000人,运营
USR_000781,USR_000781,,,,USR_000781,2026-01-08,2026-01-08,2026-01-08,简历查看,非权益,35.8,二线城市,KA,5000-10000人,运营
USR_000781,,,,,,2026-02-26,2026-02-26,2026-02-26,权益礼包,权益,7.6,二线城市,KA,5000-10000人,运营
USR_000781,,,,,,2026-01-18,2026-01-18,2026-01-18,权益礼包,权益,16.2,二线城市,KA,5000-10000人,运营
USR_000781,,,USR_000781,,,2026-01-17,2026-01-17,2026-01-17,简历搜索,非权益,19.3,二线城市,KA,5000-10000人,运营
USR_000781,USR_000781,,,,,2026-02-11,2026-02-11,2026-02-11,急聘推广,权益,18.2,二线城市,KA,5000-10000人,运营
USR_000782,,,,,,2026-01-03,2026-01-03,2026-01-03,权益礼包,权益,10.1,四线城市,SME,2000-5000人,行政
USR_000782,,,,,,2026-01-03,2026-01-03,2026-01-03,急聘推广,权益,5.5,四线城市,SME,2000-5000人,行政
USR_000782,USR_000782,,,,USR_000782,2026-02-06,2026-02-06,2026-02-06,简历查看,非权益,14.3,四线城市,SME,2000-5000人,行政
USR_000782,USR_000782,,,,,2026-01-29,2026-01-29,2026-01-29,急聘推广,权益,6.3,四线城市,SME,2000-5000人,行政
USR_000782,USR_000782,USR_000782,,,,2026-02-26,2026-02-26,2026-02-26,职位发布,非权益,19.9,四线城市,SME,2000-5000人,行政
USR_000782,USR_000782,,,,,2026-01-18,2026-01-18,2026-01-18,置顶刷新,权益,10.1,四线城市,SME,2000-5000人,行政
USR_000782,USR_000782,,,USR_000782,,2026-03-01,2026-03-01,2026-03-01,在线沟通,非权益,9.0,四线城市,SME,2000-5000人,行政
USR_000782,USR_000782,,,,,2026-02-02,2026-02-02,2026-02-02,企业认证,非权益,17.2,四线城市,SME,2000-5000人,行政
USR_000782,USR_000782,,,,,2026-02-05,2026-02-05,2026-02-05,置顶刷新,权益,12.7,四线城市,SME,2000-5000人,行政
USR_000782,USR_000782,,USR_000782,,,2026-02-01,2026-02-01,2026-02-01,简历搜索,非权益,22.8,四线城市,SME,2000-5000人,行政
USR_000782,USR_000782,USR_000782,,,,2026-01-13,2026-01-13,2026-01-13,职位发布,非权益,20.0,四线城市,SME,2000-5000人,行政
USR_000782,USR_000782,,,,,2026-01-31,2026-01-31,2026-01-31,权益礼包,权益,34.7,四线城市,SME,2000-5000人,行政
USR_000782,,USR_000782,,,,2026-02-20,2026-02-20,2026-02-20,职位发布,非权益,20.9,四线城市,SME,2000-5000人,行政
USR_000782,USR_000782,,,USR_000782,,2026-01-22,2026-01-22,2026-01-22,在线沟通,非权益,41.6,四线城市,SME,2000-5000人,行政
USR_000782,,USR_000782,,,,2026-01-29,2026-01-29,2026-01-29,职位发布,非权益,14.7,四线城市,SME,2000-5000人,行政
USR_000782,USR_000782,,,USR_000782,,2026-01-08,2026-01-08,2026-01-08,在线沟通,非权益,8.2,四线城市,SME,2000-5000人,行政
USR_000782,USR_000782,,,USR_000782,,2026-01-10,2026-01-10,2026-01-10,在线沟通,非权益,19.8,四线城市,SME,2000-5000人,行政
USR_000782,USR_000782,,,,,2026-01-31,2026-01-31,2026-01-31,企业认证,非权益,18.1,四线城市,SME,2000-5000人,行政
USR_000782,USR_000782,,,,,2026-01-31,2026-01-31,2026-01-31,权益礼包,权益,60.0,四线城市,SME,2000-5000人,行政
USR_000783,USR_000783,USR_000783,,,,2026-01-31,2026-01-31,2026-01-31,职位发布,非权益,8.8,新一线城市,KA,10000人以上,客服
USR_000783,USR_000783,,,,USR_000783,2026-01-22,2026-01-22,2026-01-22,简历查看,非权益,21.4,新一线城市,KA,10000人以上,客服
USR_000783,USR_000783,,,,USR_000783,2026-02-24,2026-02-24,2026-02-24,简历查看,非权益,59.6,新一线城市,KA,10000人以上,客服
USR_000783,,,,,,2026-01-17,2026-01-17,2026-01-17,权益礼包,权益,34.6,新一线城市,KA,10000人以上,客服
USR_000783,USR_000783,,,USR_000783,,2026-02-13,2026-02-13,2026-02-13,在线沟通,非权益,15.6,新一线城市,KA,10000人以上,客服
USR_000783,,,USR_000783,,,2026-01-07,2026-01-07,2026-01-07,简历搜索,非权益,9.8,新一线城市,KA,10000人以上,客服
USR_000783,USR_000783,,,,,2026-03-01,2026-03-01,2026-03-01,急聘推广,权益,15.6,新一线城市,KA,10000人以上,客服
USR_000783,USR_000783,,,USR_000783,,2026-01-11,2026-01-11,2026-01-11,在线沟通,非权益,82.7,新一线城市,KA,10000人以上,客服
USR_000783,USR_000783,,,,,2026-01-06,2026-01-06,2026-01-06,权益礼包,权益,9.4,新一线城市,KA,10000人以上,客服
USR_000783,USR_000783,,,,,2026-01-11,2026-01-11,2026-01-11,急聘推广,权益,9.1,新一线城市,KA,10000人以上,客服
USR_000783,USR_000783,,,,,2026-02-18,2026-02-18,2026-02-18,急聘推广,权益,20.2,新一线城市,KA,10000人以上,客服
USR_000783,,USR_000783,,,,2026-02-14,2026-02-14,2026-02-14,职位发布,非权益,5.7,新一线城市,KA,10000人以上,客服
USR_000783,,,,,USR_000783,2026-01-26,2026-01-26,2026-01-26,简历查看,非权益,7.4,新一线城市,KA,10000人以上,客服
USR_000783,USR_000783,,,,USR_000783,2026-02-24,2026-02-24,2026-02-24,简历查看,非权益,36.3,新一线城市,KA,10000人以上,客服
USR_000783,USR_000783,,,,USR_000783,2026-01-25,2026-01-25,2026-01-25,简历查看,非权益,58.3,新一线城市,KA,10000人以上,客服
USR_000783,,,,USR_000783,,2026-01-05,2026-01-05,2026-01-05,在线沟通,非权益,25.3,新一线城市,KA,10000人以上,客服
USR_000784,USR_000784,,,,,2026-01-22,2026-01-22,2026-01-22,企业认证,非权益,19.3,三线城市,SME,100-499人,产品
USR_000784,USR_000784,,USR_000784,,,2026-01-25,2026-01-25,2026-01-25,简历搜索,非权益,32.0,三线城市,SME,100-499人,产品
USR_000784,USR_000784,,,USR_000784,,2026-01-17,2026-01-17,2026-01-17,在线沟通,非权益,8.0,三线城市,SME,100-499人,产品
USR_000784,,,,,,2026-02-17,2026-02-17,2026-02-17,置顶刷新,权益,26.2,三线城市,SME,100-499人,产品
USR_000784,USR_000784,,,,USR_000784,2026-02-15,2026-02-15,2026-02-15,简历查看,非权益,24.5,三线城市,SME,100-499人,产品
USR_000784,,,,,,2026-01-28,2026-01-28,2026-01-28,企业认证,非权益,12.6,三线城市,SME,100-499人,产品
USR_000784,,,,,,2026-01-13,2026-01-13,2026-01-13,权益礼包,权益,47.6,三线城市,SME,100-499人,产品
USR_000784,USR_000784,,USR_000784,,,2026-01-05,2026-01-05,2026-01-05,简历搜索,非权益,15.1,三线城市,SME,100-499人,产品
USR_000784,USR_000784,,,,,2026-02-28,2026-02-28,2026-02-28,急聘推广,权益,53.6,三线城市,SME,100-499人,产品
USR_000785,USR_000785,,,,,2026-02-24,2026-02-24,2026-02-24,企业认证,非权益,41.1,三线城市,SME,100-499人,运营
USR_000785,USR_000785,,,,,2026-01-19,2026-01-19,2026-01-19,急聘推广,权益,5.5,三线城市,SME,100-499人,运营
USR_000785,USR_000785,,,,,2026-01-10,2026-01-10,2026-01-10,急聘推广,权益,7.4,三线城市,SME,100-499人,运营
USR_000785,,,,,,2026-01-29,2026-01-29,2026-01-29,置顶刷新,权益,30.0,三线城市,SME,100-499人,运营
USR_000785,USR_000785,,,,,2026-02-08,2026-02-08,2026-02-08,企业认证,非权益,9.0,三线城市,SME,100-499人,运营
USR_000785,,,,,,2026-02-28,2026-02-28,2026-02-28,置顶刷新,权益,34.5,三线城市,SME,100-499人,运营
USR_000785,,,,,USR_000785,2026-02-27,2026-02-27,2026-02-27,简历查看,非权益,18.2,三线城市,SME,100-499人,运营
USR_000785,USR_000785,,,,,2026-02-21,2026-02-21,2026-02-21,置顶刷新,权益,12.4,三线城市,SME,100-499人,运营
USR_000785,USR_000785,,,USR_000785,,2026-01-11,2026-01-11,2026-01-11,在线沟通,非权益,32.2,三线城市,SME,100-499人,运营
USR_000785,USR_000785,USR_000785,,,,2026-02-15,2026-02-15,2026-02-15,职位发布,非权益,40.6,三线城市,SME,100-499人,运营
USR_000786,,,,,USR_000786,2026-01-31,2026-01-31,2026-01-31,简历查看,非权益,42.4,一线城市,KA,5000-10000人,财务
USR_000786,USR_000786,,,USR_000786,,2026-02-15,2026-02-15,2026-02-15,在线沟通,非权益,11.5,一线城市,KA,5000-10000人,财务
USR_000786,USR_000786,,,,,2026-03-01,2026-03-01,2026-03-01,企业认证,非权益,32.4,一线城市,KA,5000-10000人,财务
USR_000786,USR_000786,,,,USR_000786,2026-02-15,2026-02-15,2026-02-15,简历查看,非权益,16.9,一线城市,KA,5000-10000人,财务
USR_000786,USR_000786,,,,,2026-01-26,2026-01-26,2026-01-26,企业认证,非权益,20.4,一线城市,KA,5000-10000人,财务
USR_000786,USR_000786,,,,,2026-02-28,2026-02-28,2026-02-28,急聘推广,权益,65.2,一线城市,KA,5000-10000人,财务
USR_000786,USR_000786,,,USR_000786,,2026-02-05,2026-02-05,2026-02-05,在线沟通,非权益,25.5,一线城市,KA,5000-10000人,财务
USR_000786,USR_000786,USR_000786,,,,2026-01-28,2026-01-28,2026-01-28,职位发布,非权益,6.4,一线城市,KA,5000-10000人,财务
USR_000786,,,,,,2026-02-23,2026-02-23,2026-02-23,置顶刷新,权益,19.6,一线城市,KA,5000-10000人,财务
USR_000786,USR_000786,,,,,2026-01-12,2026-01-12,2026-01-12,企业认证,非权益,5.3,一线城市,KA,5000-10000人,财务
USR_000786,,,,,USR_000786,2026-01-24,2026-01-24,2026-01-24,简历查看,非权益,6.9,一线城市,KA,5000-10000人,财务
USR_000786,USR_000786,,,,,2026-01-02,2026-01-02,2026-01-02,置顶刷新,权益,25.2,一线城市,KA,5000-10000人,财务
USR_000786,USR_000786,,,,USR_000786,2026-01-09,2026-01-09,2026-01-09,简历查看,非权益,28.9,一线城市,KA,5000-10000人,财务
USR_000786,USR_000786,,,,,2026-01-13,2026-01-13,2026-01-13,权益礼包,权益,9.1,一线城市,KA,5000-10000人,财务
USR_000786,USR_000786,,USR_000786,,,2026-02-03,2026-02-03,2026-02-03,简历搜索,非权益,11.0,一线城市,KA,5000-10000人,财务
USR_000786,USR_000786,,USR_000786,,,2026-02-05,2026-02-05,2026-02-05,简历搜索,非权益,14.9,一线城市,KA,5000-10000人,财务
USR_000787,USR_000787,,,USR_000787,,2026-02-21,2026-02-21,2026-02-21,在线沟通,非权益,24.9,三线城市,SME,50-99人,客服
USR_000787,USR_000787,,,,,2026-01-24,2026-01-24,2026-01-24,置顶刷新,权益,20.0,三线城市,SME,50-99人,客服
USR_000787,USR_000787,,,,,2026-01-30,2026-01-30,2026-01-30,急聘推广,权益,12.5,三线城市,SME,50-99人,客服
USR_000787,USR_000787,,,USR_000787,,2026-02-20,2026-02-20,2026-02-20,在线沟通,非权益,17.6,三线城市,SME,50-99人,客服
USR_000787,USR_000787,USR_000787,,,,2026-02-11,2026-02-11,2026-02-11,职位发布,非权益,8.4,三线城市,SME,50-99人,客服
USR_000787,USR_000787,,,,USR_000787,2026-03-01,2026-03-01,2026-03-01,简历查看,非权益,25.1,三线城市,SME,50-99人,客服
USR_000787,USR_000787,,,,USR_000787,2026-02-16,2026-02-16,2026-02-16,简历查看,非权益,77.4,三线城市,SME,50-99人,客服
USR_000787,USR_000787,,,,,2026-02-10,2026-02-10,2026-02-10,权益礼包,权益,28.8,三线城市,SME,50-99人,客服
USR_000787,,,USR_000787,,,2026-01-19,2026-01-19,2026-01-19,简历搜索,非权益,75.0,三线城市,SME,50-99人,客服
USR_000787,,USR_000787,,,,2026-02-13,2026-02-13,2026-02-13,职位发布,非权益,13.6,三线城市,SME,50-99人,客服
USR_000787,USR_000787,,,,,2026-01-01,2026-01-01,2026-01-01,权益礼包,权益,6.3,三线城市,SME,50-99人,客服
USR_000787,USR_000787,USR_000787,,,,2026-02-17,2026-02-17,2026-02-17,职位发布,非权益,28.5,三线城市,SME,50-99人,客服
USR_000787,USR_000787,,,,,2026-02-20,2026-02-20,2026-02-20,权益礼包,权益,8.9,三线城市,SME,50-99人,客服
USR_000787,USR_000787,,USR_000787,,,2026-01-26,2026-01-26,2026-01-26,简历搜索,非权益,28.9,三线城市,SME,50-99人,客服
USR_000787,USR_000787,,,,,2026-02-03,2026-02-03,2026-02-03,权益礼包,权益,10.9,三线城市,SME,50-99人,客服
USR_000787,USR_000787,,,,,2026-01-30,2026-01-30,2026-01-30,置顶刷新,权益,14.9,三线城市,SME,50-99人,客服
USR_000788,USR_000788,,,USR_000788,,2026-02-03,2026-02-03,2026-02-03,在线沟通,非权益,7.6,新一线城市,SME,100-499人,运营
USR_000788,USR_000788,,USR_000788,,,2026-02-13,2026-02-13,2026-02-13,简历搜索,非权益,54.3,新一线城市,SME,100-499人,运营
USR_000789,,,,,,2026-01-31,2026-01-31,2026-01-31,权益礼包,权益,19.6,五线城市,KA,2000-5000人,运营
USR_000789,USR_000789,,,,,2026-02-05,2026-02-05,2026-02-05,急聘推广,权益,5.7,五线城市,KA,2000-5000人,运营
USR_000789,USR_000789,USR_000789,,,,2026-01-14,2026-01-14,2026-01-14,职位发布,非权益,6.3,五线城市,KA,2000-5000人,运营
USR_000789,USR_000789,USR_000789,,,,2026-02-28,2026-02-28,2026-02-28,职位发布,非权益,15.7,五线城市,KA,2000-5000人,运营
USR_000789,USR_000789,,,,,2026-01-07,2026-01-07,2026-01-07,急聘推广,权益,24.6,五线城市,KA,2000-5000人,运营
USR_000789,USR_000789,USR_000789,,,,2026-01-29,2026-01-29,2026-01-29,职位发布,非权益,21.3,五线城市,KA,2000-5000人,运营
USR_000789,USR_000789,USR_000789,,,,2026-01-11,2026-01-11,2026-01-11,职位发布,非权益,37.3,五线城市,KA,2000-5000人,运营
USR_000789,USR_000789,,,,,2026-01-03,2026-01-03,2026-01-03,急聘推广,权益,11.7,五线城市,KA,2000-5000人,运营
USR_000789,USR_000789,,,,,2026-01-06,2026-01-06,2026-01-06,企业认证,非权益,26.2,五线城市,KA,2000-5000人,运营
USR_000789,USR_000789,,USR_000789,,,2026-02-22,2026-02-22,2026-02-22,简历搜索,非权益,16.7,五线城市,KA,2000-5000人,运营
USR_000789,USR_000789,,,,,2026-02-03,2026-02-03,2026-02-03,企业认证,非权益,6.8,五线城市,KA,2000-5000人,运营
USR_000789,USR_000789,,,,USR_000789,2026-01-31,2026-01-31,2026-01-31,简历查看,非权益,7.1,五线城市,KA,2000-5000人,运营
USR_000789,USR_000789,,,,,2026-01-03,2026-01-03,2026-01-03,急聘推广,权益,5.5,五线城市,KA,2000-5000人,运营
USR_000790,USR_000790,,,,,2026-01-17,2026-01-17,2026-01-17,置顶刷新,权益,5.4,四线城市,KA,5000-10000人,研发
USR_000790,USR_000790,,,,USR_000790,2026-02-13,2026-02-13,2026-02-13,简历查看,非权益,8.8,四线城市,KA,5000-10000人,研发
USR_000790,USR_000790,,,,,2026-01-28,2026-01-28,2026-01-28,急聘推广,权益,20.5,四线城市,KA,5000-10000人,研发
USR_000790,USR_000790,,,,,2026-01-06,2026-01-06,2026-01-06,急聘推广,权益,26.3,四线城市,KA,5000-10000人,研发
USR_000790,USR_000790,,USR_000790,,,2026-01-28,2026-01-28,2026-01-28,简历搜索,非权益,14.7,四线城市,KA,5000-10000人,研发
USR_000790,USR_000790,,,USR_000790,,2026-02-09,2026-02-09,2026-02-09,在线沟通,非权益,5.4,四线城市,KA,5000-10000人,研发
USR_000790,USR_000790,,,,,2026-01-02,2026-01-02,2026-01-02,权益礼包,权益,20.1,四线城市,KA,5000-10000人,研发
USR_000790,USR_000790,USR_000790,,,,2026-01-21,2026-01-21,2026-01-21,职位发布,非权益,12.3,四线城市,KA,5000-10000人,研发
USR_000790,,,,,,2026-03-01,2026-03-01,2026-03-01,置顶刷新,权益,8.9,四线城市,KA,5000-10000人,研发
USR_000790,,,USR_000790,,,2026-02-08,2026-02-08,2026-02-08,简历搜索,非权益,36.9,四线城市,KA,5000-10000人,研发
USR_000790,USR_000790,,,,,2026-02-01,2026-02-01,2026-02-01,置顶刷新,权益,36.2,四线城市,KA,5000-10000人,研发
USR_000790,,,USR_000790,,,2026-01-08,2026-01-08,2026-01-08,简历搜索,非权益,6.3,四线城市,KA,5000-10000人,研发
USR_000790,USR_000790,,,,,2026-02-03,2026-02-03,2026-02-03,急聘推广,权益,57.1,四线城市,KA,5000-10000人,研发
USR_000790,,,,,,2026-02-22,2026-02-22,2026-02-22,权益礼包,权益,19.2,四线城市,KA,5000-10000人,研发
USR_000790,USR_000790,,,,USR_000790,2026-02-25,2026-02-25,2026-02-25,简历查看,非权益,27.4,四线城市,KA,5000-10000人,研发
USR_000790,,,,,,2026-02-20,2026-02-20,2026-02-20,企业认证,非权益,13.2,四线城市,KA,5000-10000人,研发
USR_000790,,,,,,2026-01-29,2026-01-29,2026-01-29,企业认证,非权益,8.1,四线城市,KA,5000-10000人,研发
USR_000790,,,,,,2026-01-27,2026-01-27,2026-01-27,急聘推广,权益,11.7,四线城市,KA,5000-10000人,研发
USR_000790,USR_000790,USR_000790,,,,2026-02-15,2026-02-15,2026-02-15,职位发布,非权益,33.5,四线城市,KA,5000-10000人,研发
USR_000790,USR_000790,USR_000790,,,,2026-01-01,2026-01-01,2026-01-01,职位发布,非权益,25.3,四线城市,KA,5000-10000人,研发
USR_000790,USR_000790,,,,,2026-01-10,2026-01-10,2026-01-10,置顶刷新,权益,51.2,四线城市,KA,5000-10000人,研发
USR_000791,,,,,,2026-01-18,2026-01-18,2026-01-18,急聘推广,权益,20.0,二线城市,SME,2000-5000人,客服
USR_000791,USR_000791,,,,,2026-02-24,2026-02-24,2026-02-24,急聘推广,权益,6.6,二线城市,SME,2000-5000人,客服
USR_000791,USR_000791,,,,,2026-01-31,2026-01-31,2026-01-31,权益礼包,权益,10.8,二线城市,SME,2000-5000人,客服
USR_000791,USR_000791,,,USR_000791,,2026-01-29,2026-01-29,2026-01-29,在线沟通,非权益,8.4,二线城市,SME,2000-5000人,客服
USR_000791,USR_000791,,USR_000791,,,2026-02-24,2026-02-24,2026-02-24,简历搜索,非权益,6.8,二线城市,SME,2000-5000人,客服
USR_000791,,,,,,2026-01-31,2026-01-31,2026-01-31,急聘推广,权益,10.9,二线城市,SME,2000-5000人,客服
USR_000791,USR_000791,,,USR_000791,,2026-02-15,2026-02-15,2026-02-15,在线沟通,非权益,10.5,二线城市,SME,2000-5000人,客服
USR_000792,USR_000792,,,,,2026-01-05,2026-01-05,2026-01-05,权益礼包,权益,14.0,二线城市,SME,100-499人,市场
USR_000792,USR_000792,,,,USR_000792,2026-02-16,2026-02-16,2026-02-16,简历查看,非权益,8.6,二线城市,SME,100-499人,市场
USR_000792,,,,,,2026-02-28,2026-02-28,2026-02-28,急聘推广,权益,22.6,二线城市,SME,100-499人,市场
USR_000792,,,,,,2026-02-06,2026-02-06,2026-02-06,企业认证,非权益,7.9,二线城市,SME,100-499人,市场
USR_000792,USR_000792,,USR_000792,,,2026-01-03,2026-01-03,2026-01-03,简历搜索,非权益,18.3,二线城市,SME,100-499人,市场
USR_000792,USR_000792,,,,USR_000792,2026-02-14,2026-02-14,2026-02-14,简历查看,非权益,7.4,二线城市,SME,100-499人,市场
USR_000792,,,,,,2026-01-29,2026-01-29,2026-01-29,权益礼包,权益,58.1,二线城市,SME,100-499人,市场
USR_000792,USR_000792,,,,,2026-01-30,2026-01-30,2026-01-30,权益礼包,权益,6.7,二线城市,SME,100-499人,市场
USR_000792,,,,,USR_000792,2026-02-20,2026-02-20,2026-02-20,简历查看,非权益,10.5,二线城市,SME,100-499人,市场
USR_000792,USR_000792,,,,,2026-02-06,2026-02-06,2026-02-06,企业认证,非权益,17.6,二线城市,SME,100-499人,市场
USR_000792,USR_000792,,,,USR_000792,2026-01-29,2026-01-29,2026-01-29,简历查看,非权益,59.3,二线城市,SME,100-499人,市场
USR_000792,,USR_000792,,,,2026-01-25,2026-01-25,2026-01-25,职位发布,非权益,12.3,二线城市,SME,100-499人,市场
USR_000792,,,USR_000792,,,2026-02-21,2026-02-21,2026-02-21,简历搜索,非权益,52.7,二线城市,SME,100-499人,市场
USR_000792,,USR_000792,,,,2026-02-12,2026-02-12,2026-02-12,职位发布,非权益,30.0,二线城市,SME,100-499人,市场
USR_000792,,,,,,2026-02-05,2026-02-05,2026-02-05,权益礼包,权益,32.6,二线城市,SME,100-499人,市场
USR_000792,USR_000792,,USR_000792,,,2026-01-04,2026-01-04,2026-01-04,简历搜索,非权益,30.7,二线城市,SME,100-499人,市场
USR_000793,USR_000793,,,,,2026-02-12,2026-02-12,2026-02-12,企业认证,非权益,27.7,新一线城市,SME,1-49人,产品
USR_000793,USR_000793,,,,,2026-02-12,2026-02-12,2026-02-12,急聘推广,权益,20.4,新一线城市,SME,1-49人,产品
USR_000793,USR_000793,,USR_000793,,,2026-02-02,2026-02-02,2026-02-02,简历搜索,非权益,36.5,新一线城市,SME,1-49人,产品
USR_000793,,,,,,2026-01-25,2026-01-25,2026-01-25,急聘推广,权益,38.4,新一线城市,SME,1-49人,产品
USR_000793,,,,,,2026-02-08,2026-02-08,2026-02-08,企业认证,非权益,38.3,新一线城市,SME,1-49人,产品
USR_000793,USR_000793,,,,,2026-02-22,2026-02-22,2026-02-22,企业认证,非权益,10.0,新一线城市,SME,1-49人,产品
USR_000793,USR_000793,,,,,2026-02-12,2026-02-12,2026-02-12,企业认证,非权益,8.6,新一线城市,SME,1-49人,产品
USR_000793,USR_000793,,,,USR_000793,2026-01-31,2026-01-31,2026-01-31,简历查看,非权益,31.7,新一线城市,SME,1-49人,产品
USR_000793,USR_000793,,,USR_000793,,2026-02-11,2026-02-11,2026-02-11,在线沟通,非权益,28.4,新一线城市,SME,1-49人,产品
USR_000793,USR_000793,,,USR_000793,,2026-02-16,2026-02-16,2026-02-16,在线沟通,非权益,24.8,新一线城市,SME,1-49人,产品
USR_000793,,,USR_000793,,,2026-01-25,2026-01-25,2026-01-25,简历搜索,非权益,8.8,新一线城市,SME,1-49人,产品
USR_000793,,,,,USR_000793,2026-02-15,2026-02-15,2026-02-15,简历查看,非权益,13.4,新一线城市,SME,1-49人,产品
USR_000793,USR_000793,USR_000793,,,,2026-01-03,2026-01-03,2026-01-03,职位发布,非权益,81.1,新一线城市,SME,1-49人,产品
USR_000793,USR_000793,,,,,2026-01-23,2026-01-23,2026-01-23,急聘推广,权益,10.4,新一线城市,SME,1-49人,产品
USR_000793,USR_000793,,,,,2026-01-05,2026-01-05,2026-01-05,权益礼包,权益,61.6,新一线城市,SME,1-49人,产品
USR_000793,,,,USR_000793,,2026-02-03,2026-02-03,2026-02-03,在线沟通,非权益,8.0,新一线城市,SME,1-49人,产品
USR_000793,USR_000793,,,,USR_000793,2026-01-10,2026-01-10,2026-01-10,简历查看,非权益,27.4,新一线城市,SME,1-49人,产品
USR_000793,USR_000793,,,,,2026-01-27,2026-01-27,2026-01-27,置顶刷新,权益,50.6,新一线城市,SME,1-49人,产品
USR_000794,USR_000794,,,,,2026-01-13,2026-01-13,2026-01-13,企业认证,非权益,52.1,五线城市,SME,10000人以上,运营
USR_000795,,,,,USR_000795,2026-01-16,2026-01-16,2026-01-16,简历查看,非权益,13.1,三线城市,SME,50-99人,客服
USR_000795,USR_000795,,USR_000795,,,2026-02-02,2026-02-02,2026-02-02,简历搜索,非权益,19.1,三线城市,SME,50-99人,客服
USR_000795,USR_000795,,,,,2026-02-11,2026-02-11,2026-02-11,置顶刷新,权益,14.9,三线城市,SME,50-99人,客服
USR_000795,,,,USR_000795,,2026-01-04,2026-01-04,2026-01-04,在线沟通,非权益,54.9,三线城市,SME,50-99人,客服
USR_000796,,,,,,2026-01-16,2026-01-16,2026-01-16,企业认证,非权益,6.4,新一线城市,SME,50-99人,研发
USR_000796,USR_000796,,,,,2026-01-06,2026-01-06,2026-01-06,企业认证,非权益,7.0,新一线城市,SME,50-99人,研发
USR_000797,USR_000797,,,USR_000797,,2026-01-31,2026-01-31,2026-01-31,在线沟通,非权益,6.5,三线城市,KA,5000-10000人,财务
USR_000797,USR_000797,,,USR_000797,,2026-01-23,2026-01-23,2026-01-23,在线沟通,非权益,39.8,三线城市,KA,5000-10000人,财务
USR_000797,,USR_000797,,,,2026-02-23,2026-02-23,2026-02-23,职位发布,非权益,18.3,三线城市,KA,5000-10000人,财务
USR_000797,USR_000797,,USR_000797,,,2026-01-02,2026-01-02,2026-01-02,简历搜索,非权益,6.9,三线城市,KA,5000-10000人,财务
USR_000797,,,,,,2026-01-04,2026-01-04,2026-01-04,企业认证,非权益,13.4,三线城市,KA,5000-10000人,财务
USR_000797,USR_000797,,,,,2026-02-27,2026-02-27,2026-02-27,置顶刷新,权益,9.8,三线城市,KA,5000-10000人,财务
USR_000797,USR_000797,,,,,2026-02-18,2026-02-18,2026-02-18,权益礼包,权益,26.8,三线城市,KA,5000-10000人,财务
USR_000797,USR_000797,,USR_000797,,,2026-01-26,2026-01-26,2026-01-26,简历搜索,非权益,25.5,三线城市,KA,5000-10000人,财务
USR_000797,USR_000797,,,USR_000797,,2026-01-29,2026-01-29,2026-01-29,在线沟通,非权益,23.1,三线城市,KA,5000-10000人,财务
USR_000797,USR_000797,,,,,2026-02-26,2026-02-26,2026-02-26,置顶刷新,权益,20.1,三线城市,KA,5000-10000人,财务
USR_000797,USR_000797,,,,USR_000797,2026-01-28,2026-01-28,2026-01-28,简历查看,非权益,71.4,三线城市,KA,5000-10000人,财务
USR_000797,USR_000797,,,,,2026-01-05,2026-01-05,2026-01-05,置顶刷新,权益,15.1,三线城市,KA,5000-10000人,财务
USR_000797,USR_000797,,,,,2026-01-18,2026-01-18,2026-01-18,急聘推广,权益,6.8,三线城市,KA,5000-10000人,财务
USR_000797,USR_000797,,USR_000797,,,2026-01-01,2026-01-01,2026-01-01,简历搜索,非权益,12.6,三线城市,KA,5000-10000人,财务
USR_000797,USR_000797,,,,,2026-01-02,2026-01-02,2026-01-02,权益礼包,权益,6.9,三线城市,KA,5000-10000人,财务
USR_000797,USR_000797,,,USR_000797,,2026-02-10,2026-02-10,2026-02-10,在线沟通,非权益,9.0,三线城市,KA,5000-10000人,财务
USR_000797,USR_000797,,,,,2026-01-22,2026-01-22,2026-01-22,急聘推广,权益,22.8,三线城市,KA,5000-10000人,财务
USR_000797,,,,,,2026-01-24,2026-01-24,2026-01-24,企业认证,非权益,36.2,三线城市,KA,5000-10000人,财务
USR_000797,USR_000797,,,,USR_000797,2026-02-16,2026-02-16,2026-02-16,简历查看,非权益,24.7,三线城市,KA,5000-10000人,财务
USR_000797,,,,,,2026-01-20,2026-01-20,2026-01-20,急聘推广,权益,8.2,三线城市,KA,5000-10000人,财务
USR_000797,USR_000797,,,,,2026-01-10,2026-01-10,2026-01-10,权益礼包,权益,21.2,三线城市,KA,5000-10000人,财务
USR_000797,USR_000797,,,USR_000797,,2026-02-28,2026-02-28,2026-02-28,在线沟通,非权益,14.9,三线城市,KA,5000-10000人,财务
USR_000798,USR_000798,,,,,2026-02-11,2026-02-11,2026-02-11,企业认证,非权益,26.6,一线城市,SME,50-99人,运营
USR_000798,USR_000798,USR_000798,,,,2026-02-19,2026-02-19,2026-02-19,职位发布,非权益,7.6,一线城市,SME,50-99人,运营
USR_000798,USR_000798,,,,,2026-01-18,2026-01-18,2026-01-18,企业认证,非权益,6.3,一线城市,SME,50-99人,运营
USR_000798,,,,USR_000798,,2026-01-17,2026-01-17,2026-01-17,在线沟通,非权益,8.9,一线城市,SME,50-99人,运营
USR_000798,USR_000798,,,,,2026-01-07,2026-01-07,2026-01-07,权益礼包,权益,25.3,一线城市,SME,50-99人,运营
USR_000798,,USR_000798,,,,2026-02-25,2026-02-25,2026-02-25,职位发布,非权益,12.7,一线城市,SME,50-99人,运营
USR_000798,,,,,USR_000798,2026-02-24,2026-02-24,2026-02-24,简历查看,非权益,8.9,一线城市,SME,50-99人,运营
USR_000798,,,,,,2026-02-27,2026-02-27,2026-02-27,权益礼包,权益,13.9,一线城市,SME,50-99人,运营
USR_000798,,,,USR_000798,,2026-01-02,2026-01-02,2026-01-02,在线沟通,非权益,26.3,一线城市,SME,50-99人,运营
USR_000798,USR_000798,,,USR_000798,,2026-01-31,2026-01-31,2026-01-31,在线沟通,非权益,43.5,一线城市,SME,50-99人,运营
USR_000798,USR_000798,,,,,2026-02-05,2026-02-05,2026-02-05,急聘推广,权益,11.9,一线城市,SME,50-99人,运营
USR_000798,USR_000798,,,,,2026-01-31,2026-01-31,2026-01-31,置顶刷新,权益,44.8,一线城市,SME,50-99人,运营
USR_000798,USR_000798,,,,,2026-02-12,2026-02-12,2026-02-12,置顶刷新,权益,28.5,一线城市,SME,50-99人,运营
USR_000798,USR_000798,,,,,2026-02-13,2026-02-13,2026-02-13,企业认证,非权益,33.9,一线城市,SME,50-99人,运营
USR_000799,USR_000799,,,USR_000799,,2026-01-14,2026-01-14,2026-01-14,在线沟通,非权益,5.8,二线城市,SME,1-49人,市场
USR_000799,,,,,,2026-02-14,2026-02-14,2026-02-14,急聘推广,权益,28.9,二线城市,SME,1-49人,市场
